name,clf_predicted_religion,clf_max_prob
aabdul,Muslim,0.9843655977356427
aabhaa,Hindu,0.6721434434794386
aabid,Muslim,0.8108230697749801
aade,Hindu,0.6646185679110448
aades,Christian,0.5254598635726798
aadhaav,Hindu,0.8036612059949308
aadhimoolam,Hindu,0.9290226485104677
aadilakshmi,Hindu,0.8726909555242358
aadithy,Hindu,0.8153878524001766
aaher,Hindu,0.4749666403744905
aahir,Hindu,0.567134907530011
aahire,Hindu,0.7518466708586975
aajaad,Christian,0.8304065112704866
aakaamkshaa,Christian,0.743236727641084
aakaas,Christian,0.9577085265162667
aalam,Hindu,0.5849902568358184
aalook,Christian,0.5187041655055452
aamanaa,Christian,0.6457871998400312
aambhoore,Hindu,0.9447532459252472
aamgad,Hindu,0.8378866927624881
aamgooree,Hindu,0.5055376152316612
aamguree,Hindu,0.6819351362185936
aamir,Hindu,0.6384912614815552
aamjalee,Muslim,0.9088493571177948
aamjanaa,Muslim,0.6133823196369763
aamjanee,Muslim,0.9646146660375378
aamjoo,Christian,0.428954967058317
aamju,Muslim,0.6585828716795089
aamjum,Muslim,0.8826165060168729
aamkith,Hindu,0.744884569546424
aamkithaa,Christian,0.47621918859526624
aamkur,Hindu,0.6307060991776093
aamkus,Hindu,0.5680714509840844
aamsaaree,Christian,0.7796621572583651
aamsu,Muslim,0.43757843488217374
aanamd,Hindu,0.8628301186436602
aanand,Hindu,0.9342409196398119
aanandee,Hindu,0.8865592441828137
aaphareen,Hindu,0.6640953038101151
aaphathaab,Christian,0.5122054565991461
aar,Christian,0.7443967656511906
aaraadhanaa,Hindu,0.7231830682990862
aarathee,Hindu,0.6227685251995803
aariph,Christian,0.65858080934027
aarokkiyasaami,Christian,0.722815518674929
aarti,Hindu,0.5053737108416715
aas,Christian,0.9978159713804774
aasaa,Christian,0.98273354738855
aasaadevee,Christian,0.8268073341136821
aasaamani,Christian,0.9764517859720921
aasaaraam,Christian,0.8621677743012757
aasamaa,Christian,0.92742356942884
aaseesh,Christian,0.9933711418846992
aasif,Muslim,0.8825637922054255
aasik,Christian,0.7321473455900065
aasiph,Christian,0.9781325990362901
aasish,Christian,0.8955646939921876
aasiyaa,Christian,0.884549106487681
aasre,Christian,0.6183826879771492
aasuthoosh,Christian,0.9396183938628129
aathraam,Hindu,0.7439154754424895
aatram,Hindu,0.9897415669445189
aavhaad,Hindu,0.7764171338815206
aayasaa,Christian,0.9108361235713548
abaraar,Hindu,0.8711798642000682
abbaas,Muslim,0.5348541953894103
abbas,Muslim,0.9367416721786002
abdul,Muslim,0.984624122641461
abdulkadar,Muslim,0.8700799122307256
abdulla,Muslim,0.5212269192405063
abdullah,Sikh,0.7928216592308885
abhay,Hindu,0.9918201929117234
abhilaashaa,Hindu,0.67490171664168
abhiman,Hindu,0.9921513203908349
abhimanyu,Hindu,0.9780210461710084
abhinav,Hindu,0.9820166475550384
abhishek,Hindu,0.6288834392150802
aboobacker,Muslim,0.988944161413263
aboobakkar,Muslim,0.9879092673381187
abraham,Christian,0.9972659364815554
achari,Hindu,0.9911797716391858
acharya,Hindu,0.9709567217848832
achchhelaal,Hindu,0.5643782881903389
achhelal,Hindu,0.9269803880185169
achuthan,Hindu,0.9934604199167065
adak,Hindu,0.9922457357315692
ade,Hindu,0.7656049732724539
adhar,Hindu,0.9999520172900549
adhav,Hindu,0.9997518237948453
adhikari,Hindu,0.996014610637273
afsar,Muslim,0.9843099147261455
afzal,Muslim,0.9932330281045012
agarwal,Hindu,0.9951683161690884
aggarwal,Hindu,0.976855596084901
agravaal,Hindu,0.9469550502959713
agrawal,Hindu,0.998216205702484
aha,Hindu,0.9944483709662202
ahalaa,Hindu,0.9811876068002824
ahalyaa,Hindu,0.9308036411232147
ahamad,Muslim,0.9928429138875579
ahammad,Sikh,0.7653844160816636
ahemad,Hindu,0.7961123672147702
aher,Hindu,0.7965501179907404
ahilyaa,Hindu,0.49676754412365626
ahir,Hindu,0.7585179099542172
ahire,Hindu,0.9123098746594365
ahirwar,Hindu,0.998156717849931
ahmad,Muslim,0.996208946383144
ahmed,Muslim,0.6147604924542135
ahuja,Hindu,0.9439127523856332
aisha,Hindu,0.9405799142625589
ajam,Hindu,0.6695908267852225
ajamer,Hindu,0.5836947183581113
ajameree,Hindu,0.4827485095505753
ajay,Hindu,0.6395952548696557
ajayakumaar,Hindu,0.5705082939513458
ajeej,Muslim,0.8179240435835331
ajeem,Muslim,0.85374227022684
ajeet,Hindu,0.7718873489197297
ajeeth,Hindu,0.7501768881247548
ajez,Muslim,0.8042069058533341
ajij,Muslim,0.6884379181665505
ajit,Hindu,0.7433316219326539
ajith,Hindu,0.7728241159931455
akabar,Muslim,0.7378583682976234
akabaree,Muslim,0.5965301337010008
akaram,Hindu,0.9267054690595672
akash,Hindu,0.8833610380687494
akbar,Muslim,0.8454257914796847
akeel,Muslim,0.7213202432562128
akhales,Hindu,0.9396800146585399
akhatharee,Hindu,0.9042937275949159
akhil,Hindu,0.8949434507409681
akhiles,Hindu,0.8391240346332177
akhilesh,Hindu,0.9220173401204258
akhtar,Muslim,0.5547408928695683
akhthar,Hindu,0.6932856064633354
akhtharee,Hindu,0.760128382793176
akram,Hindu,0.9893673315233222
akshay,Hindu,0.875959806281196
aktar,Hindu,0.9134382840067119
akula,Hindu,0.9974948346040328
alagar,Hindu,0.9988712657678934
alagarsami,Hindu,0.9941008117927225
alagu,Hindu,0.9991906894587265
alakaa,Hindu,0.7840087814185457
alam,Hindu,0.9731243400558977
alauddin,Muslim,0.9966006063087082
alavi,Hindu,0.7882922452446699
alee,Muslim,0.7274902707206794
aleem,Muslim,0.9334131615995074
aleyamma,Christian,0.887600510263629
ali,Muslim,0.5949491030484959
alim,Christian,0.5455511427863147
alkaa,Hindu,0.7037390848897467
altaf,Muslim,0.9896141368625332
amajad,Hindu,0.8123437404735212
amal,Hindu,0.9861904088151572
aman,Hindu,0.9416373467710101
amanadeep,Hindu,0.9594603407616802
amar,Hindu,0.9895278537534515
amara,Hindu,0.9334861436724968
amaraavathee,Christian,0.5177157810289079
amarajeeth,Hindu,0.7940069549827561
amaranaath,Hindu,0.7679089171650791
amarasimh,Hindu,0.8921213366053251
amarat,Hindu,0.9710959690814652
amareek,Hindu,0.784396599161426
amarendr,Hindu,0.9820989779120963
amares,Hindu,0.9496306255724606
amarjeet,Hindu,0.9530197114149315
amarnath,Hindu,0.969860866013833
amarsingh,Sikh,0.865470938122695
amba,Hindu,0.9935269251072656
ambalal,Hindu,0.977645387263511
ambaram,Hindu,0.9940595161894717
ambekar,Hindu,0.8776860027306217
ambhore,Hindu,0.9895782039598426
ambika,Hindu,0.8427062886761835
ambikaa,Hindu,0.805902001546991
ameen,Muslim,0.9377388556540817
ameenaa,Muslim,0.4985901303755382
ameer,Muslim,0.9888374088481945
ameeth,Muslim,0.49954736684894924
amin,Hindu,0.7368326211405268
amina,Hindu,0.7984673071242376
amir,Hindu,0.8856188550787134
amit,Hindu,0.9203524606840118
amith,Hindu,0.7789390165375166
amithaa,Hindu,0.5801324341504686
amma,Hindu,0.9120063744087081
ammal,Hindu,0.9502845665912344
ammasi,Hindu,0.7751361578143189
ammini,Christian,0.6084685240324618
amrith,Hindu,0.9659440202756975
amrithaa,Hindu,0.8864336822376612
amrithalaal,Hindu,0.928333086905463
amrithapaal,Hindu,0.9151821921641498
amritlal,Hindu,0.9296737528197765
amrut,Hindu,0.9363716464700318
anaamikaa,Hindu,0.8895882871664916
anaar,Hindu,0.8420932312528193
anaarakalee,Hindu,0.8754547157263253
anand,Hindu,0.9995694032925746
anandhan,Hindu,0.9574138724004198
anantha,Hindu,0.9848196109750472
anavar,Hindu,0.9399815378804613
anavaree,Hindu,0.8935210972199099
anbazhagan,Hindu,0.9685792167683147
andi,Hindu,0.9999700346024247
aneel,Hindu,0.44087020393812304
anees,Christian,0.636052978647594
aneesaa,Christian,0.6365349728683349
aneesh,Hindu,0.48238338932287994
aneethaa,Christian,0.5887467930300512
angamuthu,Hindu,0.9913386355039476
anil,Hindu,0.8613028596944624
anilakumaar,Hindu,0.6737064921884011
anilkumar,Hindu,0.6904596110626559
animaa,Christian,0.4883281118784112
anis,Hindu,0.7113914215574839
anish,Hindu,0.8210413556170116
anita,Hindu,0.9950474259563781
anitha,Hindu,0.8093042332304209
anithaa,Christian,0.4886433105987723
anjali,Muslim,0.5097075073739546
anjamma,Hindu,0.8622958850517672
anjana,Hindu,0.9955175232747576
anjaneyulu,Hindu,0.9214074058276069
anjjalee,Muslim,0.557601857405369
anjjanaa,Hindu,0.9154986646746095
anjoo,Hindu,0.7106335367410119
anju,Hindu,0.896475594277545
anjum,Hindu,0.49531805406068996
ankit,Hindu,0.9887917818220634
ankita,Hindu,0.9953621870228888
annadurai,Hindu,0.9870431281257015
annamalai,Hindu,0.9745813098805607
annamma,Christian,0.92252102245072
annoo,Hindu,0.6412302871942744
anoop,Hindu,0.4673440247476142
ansaaree,Hindu,0.4350384847298814
ansar,Muslim,0.9698036895027597
ansari,Muslim,0.998300464187554
anthoni,Christian,0.8328419539462858
anthony,Christian,0.9997320441702624
anthonysamy,Christian,0.9513820997237614
antony,Christian,0.9886614455985043
anu,Hindu,0.9697850808753053
anuj,Hindu,0.8769330458670965
anup,Hindu,0.9815581536143613
anupam,Hindu,0.9707150438947936
anupamaa,Hindu,0.8852141314669454
anuraadhaa,Hindu,0.9088393498470498
anuraag,Hindu,0.8289245028415004
anuradha,Hindu,0.9825605246407598
anusha,Hindu,0.7290745564756443
anvar,Hindu,0.8459731910556539
anwar,Hindu,0.9507886721489325
aphajal,Muslim,0.35510611124575703
apharooj,Hindu,0.8379503056831265
aphasaanaa,Christian,0.9882592567447274
aphasar,Christian,0.9203342877089655
aphasaree,Christian,0.8627617520364653
appalanaidu,Hindu,0.994844122567126
apparao,Hindu,0.9847320480455358
appu,Hindu,0.9979373123651778
ara,Hindu,0.999535670115365
arabind,Hindu,0.9882798530580837
aramaan,Hindu,0.9669734650900018
arasad,Hindu,0.9654337152890371
aravimd,Hindu,0.941796045664385
aravind,Hindu,0.9638670060846734
archana,Hindu,0.937911095664218
archanaa,Hindu,0.742673159981372
ari,Hindu,0.997498106273344
arif,Muslim,0.9957601847910501
arjan,Hindu,0.9859379864846196
arjun,Hindu,0.9552976385129514
arjunan,Hindu,0.9662490003582626
aroda,Hindu,0.9972868168518527
aroon,Hindu,0.691696482763154
aroonaa,Hindu,0.5146342221820323
arora,Hindu,0.9667148665502913
arul,Christian,0.8334210737180506
arumugam,Hindu,0.8928655163896885
arun,Hindu,0.7289664990402576
arunaa,Christian,0.7074407046264868
arunachalam,Hindu,0.6812778207744276
arunkumar,Hindu,0.8396133888642849
arvind,Hindu,0.9826553506801969
arya,Hindu,0.8758727491552695
asagar,Hindu,0.5359957933336332
asagaree,Christian,0.5486831423271264
asalam,Hindu,0.7392483363250877
asamaa,Christian,0.7295511214122204
asaphaak,Christian,0.7833298183154422
asaraph,Christian,0.8358851015603114
asaraphee,Christian,0.9532876066285654
asarphee,Christian,0.6677280856536028
asavanee,Hindu,0.9240212418646702
asgar,Hindu,0.43472812998374416
asha,Hindu,0.887852218859714
asharaf,Muslim,0.6624802398273462
asharam,Hindu,0.9965148261277653
ashish,Hindu,0.9188132299518245
ashok,Hindu,0.9983322561324464
ashokan,Hindu,0.9963189812996464
ashokkumar,Hindu,0.9653052318015665
ashraf,Muslim,0.6782724279531253
ashvin,Hindu,0.6573579919017355
asif,Muslim,0.992993893556005
aslam,Muslim,0.8992021445130217
asokan,Hindu,0.9692648189149267
asook,Hindu,0.761458013635972
asookakumaar,Hindu,0.7754256678992241
asvanee,Hindu,0.7164975797469042
asvinee,Hindu,0.5724982145057035
aswathy,Hindu,0.9717125630303012
atar,Hindu,0.9999434245466488
athar,Hindu,0.9572517015630218
athira,Hindu,0.9806709666490735
athul,Hindu,0.7908185579874076
atmaram,Buddhist,0.9206662208968465
attar,Hindu,0.9849007404821767
atul,Hindu,0.9745578871191902
aum,Hindu,0.7300943139249081
avadh,Hindu,0.9966071800426898
avadhes,Hindu,0.9559118978086756
avadhesh,Hindu,0.979980423475264
avalle,Hindu,0.9757624311295695
avanees,Hindu,0.7627725495355875
avasthi,Hindu,0.7189025535778877
avatar,Hindu,0.997356279943227
avathaar,Christian,0.5777104859113097
avhad,Hindu,0.9974608900649765
avinaas,Christian,0.850018836825179
avinash,Hindu,0.7586632092417487
ayisha,Hindu,0.5591481834001819
ayodhya,Hindu,0.9848920072035139
ayoodhyaa,Hindu,0.7862165091407874
ayub,Hindu,0.8194463723187215
ayyanar,Hindu,0.9785524876069025
ayyappan,Hindu,0.999984830805297
ayyasami,Hindu,0.9550354706546121
ayyavu,Hindu,0.7405791478788281
ayyub,Hindu,0.8605380450650232
azad,Muslim,0.7262770521529529
aziz,Muslim,0.9944192843007488
baabar,Muslim,0.48760388520229964
baaboo,Muslim,0.9587832172138732
baaboolaal,Muslim,0.8781522350454197
baabooraam,Muslim,0.5349282363724078
baabu,Muslim,0.8936699549639759
baabul,Muslim,0.9267807538107388
baabulaal,Muslim,0.6595487419250835
baadal,Hindu,0.9077962431734277
baagade,Christian,0.33966037827172835
baagal,Christian,0.8289076314918987
baagavaan,Christian,0.941290425109426
baagh,Hindu,0.5879915755713583
baagul,Christian,0.40616845583806904
baal,Muslim,0.3844081341826616
baalaa,Christian,0.8129806432838156
baalee,Muslim,0.6338954048626784
baalesvar,Christian,0.5302845964407553
baaloo,Christian,0.6321881780158426
baambhaneeyaa,Hindu,0.5278187347841883
baamgar,Hindu,0.5565927287149308
baanoo,Muslim,0.4494917408978022
baarad,Hindu,0.879665245691058
baaraiyaa,Hindu,0.8185299647799025
baaree,Christian,0.5132154229974144
baareeaa,Christian,0.8448097381475258
baareeyaa,Christian,0.8864801604017978
baaroot,Hindu,0.6766330523974214
baasamathee,Christian,0.9699090094608424
baasanthi,Hindu,0.7964841490769058
baaski,Christian,0.9016275938160914
baasudeba,Hindu,0.5879672234118569
baavane,Hindu,0.8773552984879779
baba,Muslim,0.8913656425965858
babalee,Muslim,0.9228536766792622
babaloo,Muslim,0.5781984264087463
babalu,Muslim,0.8349613050542873
baban,Hindu,0.8163809415684883
babar,Muslim,0.6531724527476399
babeethaa,Muslim,0.5724315853557993
babithaa,Hindu,0.5062004023747311
babloo,Muslim,0.551896092284438
bablu,Hindu,0.6047523660144463
baboolal,Muslim,0.8881707484045352
babu,Muslim,0.9403429366882137
babulal,Hindu,0.6217480007577485
baburam,Hindu,0.9657499312532423
baby,Christian,0.5606159251500735
bachan,Hindu,0.9686770029971071
bachchaa,Christian,0.5434103795495331
bachchee,Christian,0.6412052237841646
bachchoo,Hindu,0.8395490263347211
bachu,Hindu,0.971278254537684
bada,Hindu,0.9964791671180759
badaamee,Hindu,0.5097677165754012
badagujar,Hindu,0.9606251170197387
badakee,Hindu,0.39289262913231576
badal,Hindu,0.9895681569108657
bade,Hindu,0.9465250528255649
badhri,Hindu,0.9853640792136273
badi,Hindu,0.9779114886441351
badigera,Hindu,0.974323316692605
badloo,Hindu,0.5910968838365821
badree,Muslim,0.47497478842540836
badreelaal,Hindu,0.5171135264884948
badri,Hindu,0.833111469950996
badrilal,Hindu,0.9470916489656169
badriprasad,Hindu,0.7552434760234715
badyakar,Hindu,0.969488074664709
bag,Hindu,0.9667483185483815
bagade,Buddhist,0.863782764102949
bagal,Hindu,0.789207750292649
bagavan,Hindu,0.654484157343928
bagdi,Hindu,0.995633851909936
bagha,Hindu,0.9885936000255048
baghel,Hindu,0.990351423073913
bagul,Hindu,0.8164336067918766
bahaadur,Hindu,0.9683046954860062
bahadur,Hindu,0.9823366440771443
bahaman,Muslim,0.7987188675885302
bai,Hindu,0.9904157089987797
baidya,Hindu,0.9091484326421937
baiga,Hindu,0.5594968597692749
baijanaath,Hindu,0.9517002458631313
baijanthee,Hindu,0.9234218395588656
baijnath,Hindu,0.9856968111757759
baiju,Hindu,0.865255299330149
baikuntha,Hindu,0.8930295522886694
bairagi,Hindu,0.9968306325413425
bairagya,Hindu,0.9904069340087814
bairwa,Hindu,0.9998655210510964
baitha,Hindu,0.8491440008464946
bajaj,Hindu,0.6261389771531456
bajaramg,Hindu,0.9863975395062773
bajaramgee,Hindu,0.8436619801021447
bajpei,Hindu,0.8715308249537528
bajrang,Hindu,0.9517105097313773
bakhsh,Muslim,0.8406441146817992
baksa,Muslim,0.9156040279383466
baksh,Muslim,0.8509778066059224
bakshe,Muslim,0.8788756403513378
bala,Hindu,0.9981272337112852
balabeer,Muslim,0.7761534972946736
baladev,Hindu,0.9726969782169886
balajeeth,Hindu,0.9433439326586688
balaji,Hindu,0.5413794392228894
balajiadar,Hindu,0.9657394818563884
balakaar,Hindu,0.8906262882789426
balakaram,Hindu,0.9935136892061297
balakishan,Hindu,0.9901168309893407
balakrishn,Hindu,0.9955970448438498
balakrishnan,Hindu,0.9981257869116963
balamurugan,Hindu,0.9985370215212812
balan,Hindu,0.9989080269801337
balaraaj,Hindu,0.8187771421664415
balaraam,Hindu,0.9247014721839577
balaram,Hindu,0.9930998251193941
balaraman,Hindu,0.9956129791437125
balasubramani,Hindu,0.9803883645052278
balasubramaniyan,Hindu,0.9795655889880762
balasundaram,Christian,0.6392348031443132
balavaan,Hindu,0.8797592194138834
balavanth,Hindu,0.9797766564163617
balavath,Hindu,0.966572558139606
balaveer,Hindu,0.8615688027221676
balaviadar,Hindu,0.9739895955844678
balayya,Hindu,0.8257923133074105
balbir,Hindu,0.9062221101630753
balchand,Hindu,0.9590257565236707
baldev,Hindu,0.6845541928861315
bali,Hindu,0.5197566290077327
baliraam,Hindu,0.9193340045307018
baliram,Hindu,0.9319059875909771
baljeet,Muslim,0.6102762520797373
balraj,Hindu,0.6293519794350765
balram,Hindu,0.982581928900247
balu,Hindu,0.6562079533382613
baluram,Hindu,0.983621908765305
balvant,Hindu,0.9456802763407274
balveer,Hindu,0.7062562066161081
balwan,Hindu,0.996160907974885
bam,Hindu,0.7599072989763891
bamdagar,Hindu,0.8544107797705515
bamdanaa,Hindu,0.8825632974934374
bamsee,Muslim,0.4556670090364848
bamseelaal,Christian,0.4561513291480388
bamtee,Buddhist,0.5346177386526224
banaarasee,Hindu,0.8096307525676631
banaji,Hindu,0.8520883212548384
banajji,Hindu,0.8339288116902255
banakar,Hindu,0.9972912749355294
banamaalee,Hindu,0.7227720327710034
banarsi,Hindu,0.9950560443064898
banasoode,Hindu,0.982506661803991
banavaaree,Hindu,0.9010607895476462
bandagar,Hindu,0.9304259617259022
bandanaa,Hindu,0.9878655552017703
bandaru,Hindu,0.9751243618137506
bandi,Hindu,0.9997010393991119
banerji,Hindu,0.9632306502606014
bangar,Hindu,0.9559195523512279
banik,Hindu,0.9880387355374741
banithaa,Hindu,0.7395236278314936
bankar,Hindu,0.995322800577618
bano,Muslim,0.7010793263483469
bansal,Hindu,0.8119329964733788
banshi,Hindu,0.9873506398815289
banshilal,Hindu,0.9788892682115693
bansod,Buddhist,0.9972613077067811
bansode,Buddhist,0.9948882835355541
bantee,Hindu,0.8667365782986348
banu,Hindu,0.9366090697937708
banvari,Hindu,0.9110672417359392
banwarilal,Hindu,0.8944157747104788
bapulal,Hindu,0.9674784503588849
bara,Hindu,0.9718694151589351
barade,Hindu,0.9734726909062026
barai,Hindu,0.9905348823486168
barala,Hindu,0.8700551974227818
barde,Hindu,0.9606805888508709
bare,Hindu,0.9962176261676814
barelaal,Hindu,0.8563875681786964
bari,Hindu,0.985998379057536
bariha,Hindu,0.9733033794205386
barika,Hindu,0.9800693195284015
barla,Hindu,0.9614564480308341
barman,Hindu,0.9849237882523478
barobhuia,Hindu,0.9484608760883911
barobhuiya,Hindu,0.9542872085247559
barsaati,Hindu,0.888084577619336
baru,Hindu,0.8543724969135233
barui,Hindu,0.8439609622373391
basaave,Hindu,0.6544886185035466
basamth,Hindu,0.9616941675380836
basamthee,Hindu,0.88195118822112
basanta,Hindu,0.9984788858568376
basantha,Hindu,0.9816101302180553
basanthee,Hindu,0.9390986334742152
basappa,Hindu,0.6854284215342447
basara,Hindu,0.9528704826897135
basavaraaja,Hindu,0.9324504917273482
basavaraja,Hindu,0.9942905418982355
basavva,Hindu,0.9907209123211586
baseer,Hindu,0.48811443119833775
basha,Muslim,0.5056687842557159
basheer,Muslim,0.9678171505030764
bashir,Hindu,0.7117998381164734
baskaran,Hindu,0.9533064682550575
basu,Hindu,0.9028076789318845
bathula,Hindu,0.9445700334694608
batra,Hindu,0.9907604100205157
battula,Hindu,0.7040273672057064
bauri,Hindu,0.9931034601773229
bavane,Hindu,0.9778229492012741
baviskar,Hindu,0.8871261197076561
bay,Hindu,0.9061057838387362
bayen,Christian,0.5091563158365581
beaath,Christian,0.8595486629045098
bebee,Muslim,0.8701597094383493
bechan,Hindu,0.9668794275137864
bechn,Hindu,0.5220301084612927
bechoo,Hindu,0.8560027797341077
bediya,Hindu,0.9521315925689254
bee,Muslim,0.9848276519839254
beebee,Muslim,0.9691847994797161
been,Muslim,0.8820261103820395
beena,Hindu,0.7311960981906638
beenaa,Hindu,0.5534473036481651
beer,Muslim,0.9482397392201787
beerabal,Muslim,0.6265690859287736
beerendr,Hindu,0.7787402237582668
beevi,Muslim,0.7080796102685905
beg,Muslim,0.9508824575996845
begam,Muslim,0.9972024526719301
begum,Muslim,0.9320433791363019
behara,Hindu,0.9582489415852792
behera,Hindu,0.9991571905336347
belaa,Christian,0.5915660652151337
benudhara,Hindu,0.9796468263732516
bepari,Hindu,0.8044657421618399
bera,Hindu,0.9824177697994538
besra,Hindu,0.4607056793943492
bewoa,Christian,0.5657862974055163
bezum,Muslim,0.7963369566354466
bhaabhoor,Hindu,0.8496319525821531
bhaag,Hindu,0.7855936734847575
bhaagavath,Hindu,0.6812005026761372
bhaagavathee,Hindu,0.47566412806631475
bhaageerath,Hindu,0.8334399353669179
bhaageerathee,Hindu,0.6523314990400039
bhaalekar,Hindu,0.846186313472921
bhaaleraav,Hindu,0.902511447129488
bhaamare,Hindu,0.9532440657685171
bhaanamathee,Christian,0.8939445354146784
bhaanu,Hindu,0.8459826537975926
bhaanumathi,Hindu,0.8856814557311211
bhaanusaalee,Muslim,0.4272944088580908
bhaarath,Hindu,0.9758030985299929
bhaarathee,Hindu,0.8771799358009686
bhaaskar,Hindu,0.7498305146299337
bhaasthar,Hindu,0.6076242027458749
bhaavanaa,Hindu,0.970100061977354
bhaavasaar,Hindu,0.7535527630706981
bhadra,Hindu,0.9554109811192116
bhagabaana,Hindu,0.9820618328630232
bhagabathee,Hindu,0.9481507185454693
bhagat,Hindu,0.984785809166967
bhagath,Hindu,0.9712676662513304
bhagavaan,Hindu,0.8352646202037541
bhagavaanadaas,Hindu,0.5014453104538028
bhagavaanasimh,Hindu,0.7687295861942791
bhagavaanee,Hindu,0.6217748627936782
bhagavath,Hindu,0.797328217734376
bhagavathee,Hindu,0.6716526966915274
bhagavati,Hindu,0.910532900360684
bhagawat,Hindu,0.9680176885599501
bhagchand,Hindu,0.9922803021114472
bhagirath,Hindu,0.9961616888717321
bhagirathi,Hindu,0.9964370185625336
bhagvandeena,Hindu,0.9455724224847609
bhagwan,Hindu,0.991956388617087
bhagwanadas,Hindu,0.9972624400407832
bhagwansingh,Hindu,0.6497656262631153
bhagwat,Hindu,0.9962908477135016
bhailal,Hindu,0.9901686074951733
bhairoo,Hindu,0.9882753813717188
bhairu,Hindu,0.9914003827472914
bhairulal,Hindu,0.9674922280625001
bhaiyaalaal,Hindu,0.9213045519016869
bhaiyalal,Hindu,0.991694991867448
bhajan,Hindu,0.9410585432997163
bhajantri,Hindu,0.96865740587388
bhakta,Hindu,0.9684594793822796
bhalavi,Hindu,0.9568386769275941
bhalekar,Hindu,0.9763161476215569
bhalerao,Hindu,0.9953163265996989
bhamare,Hindu,0.9918423909729985
bhamdaare,Hindu,0.9505197285841228
bhamdaaree,Hindu,0.8467917393089002
bhamvar,Hindu,0.9502788477336296
bhamvaralaal,Hindu,0.8470280596130262
bhamvaree,Hindu,0.807577839835633
bhan,Hindu,0.9972336419595038
bhandare,Hindu,0.9584709977344236
bhandari,Jain,0.7868854392567778
bhanu,Hindu,0.9840182196499908
bhanvarsingh,Hindu,0.810308646822717
bhar,Hindu,0.9994156773002978
bharadwaj,Hindu,0.9769282537973397
bharat,Hindu,0.9923034026036829
bharath,Hindu,0.9976883824004766
bharathi,Hindu,0.9968726711478767
bharati,Hindu,0.9869425710935238
bharatlal,Hindu,0.9561365965459256
bharatsingh,Hindu,0.5484166325581044
bharavaad,Hindu,0.9813401276674222
bhardwaj,Hindu,0.9601162406499724
bhargav,Hindu,0.9775946400512489
bharose,Christian,0.6183141984816026
bharosi,Hindu,0.8905977939149745
bharti,Hindu,0.9975526498805005
bhaskar,Christian,0.8245065357367001
bhaskaran,Hindu,0.49832902613094543
bhat,Hindu,0.9979907182971728
bhatheree,Hindu,0.9010971699493969
bhatia,Hindu,0.9891174490361271
bhatnagar,Hindu,0.9977502296849127
bhatt,Hindu,0.9887746240232029
bhattacharya,Hindu,0.9931248999252957
bhattacharyya,Hindu,0.9847839664129454
bhatti,Hindu,0.9771061528957312
bhaumik,Hindu,0.8921368276557343
bhava,Hindu,0.9949863122051182
bhavaanee,Hindu,0.7845433093703482
bhavan,Hindu,0.9950703153968521
bhavani,Hindu,0.9896879268276305
bhavar,Hindu,0.9910434661634154
bhavarlaal,Hindu,0.8977420441528419
bhavarlal,Hindu,0.9732842610653123
bhavasar,Hindu,0.9845452243640797
bhavesh,Hindu,0.9889272411030628
bhavna,Hindu,0.9860031010092202
bheel,Hindu,0.9212157490472008
bheem,Hindu,0.5789894228090662
bheemasena,Hindu,0.935242504752098
bhera,Hindu,0.9928574959112825
bherulal,Hindu,0.970590460892754
bheyalal,Hindu,0.8670241312827273
bhikha,Hindu,0.9066756547176925
bhikhaaree,Hindu,0.8895688857201329
bhikhi,Hindu,0.8565346278788573
bhikhu,Hindu,0.9285536234271979
bhil,Hindu,0.9602867258405271
bhima,Hindu,0.9933894046529509
bhimappa,Hindu,0.6664001731720917
bhise,Hindu,0.6785430308335443
bhoi,Hindu,0.9901637128541415
bhoir,Hindu,0.9880182352038671
bhola,Hindu,0.856565500143773
bholaram,Hindu,0.9884005505524114
bhole,Hindu,0.943238657482182
bhooee,Hindu,0.8595668187300752
bhooeer,Hindu,0.8867690953588881
bhoolaa,Hindu,0.8145301011870703
bhoole,Hindu,0.9222322585060556
bhoolee,Hindu,0.648626977806373
bhoop,Hindu,0.9848587634568494
bhoopendr,Hindu,0.9477261652666175
bhoor,Hindu,0.9119115315645054
bhooraa,Hindu,0.8648688148370699
bhooraram,Hindu,0.9960865303922108
bhoore,Hindu,0.8926554485782678
bhooree,Hindu,0.7832298430635358
bhooreebaaee,Muslim,0.43476893535051087
bhoosale,Christian,0.5296051455714403
bhooshan,Hindu,0.7677565378884322
bhooyar,Hindu,0.951035209123769
bhooye,Hindu,0.9074931117349951
bhor,Hindu,0.9972961551563342
bhosale,Hindu,0.7237610546232806
bhoyar,Hindu,0.9144276443750861
bhoye,Hindu,0.9122899356339967
bhue,Hindu,0.9692091039887499
bhuiya,Hindu,0.9653811333363317
bhuiyan,Hindu,0.9834555696919854
bhujabal,Hindu,0.536129818127544
bhumij,Hindu,0.6665199188048114
bhumisoothaa,Hindu,0.7481780285557573
bhunaa,Hindu,0.9270978620769031
bhunesvar,Hindu,0.9818928080673074
bhupat,Hindu,0.9989892293421555
bhupendra,Hindu,0.9869622358502799
bhupiadar,Hindu,0.9948708754930043
bhura,Hindu,0.9997262335329321
bhushan,Hindu,0.9224002611862148
bhutia,Hindu,0.9934903553246861
bhuya,Hindu,0.9982262113608101
bibhuthi,Hindu,0.9670408696138693
bibi,Muslim,0.9983309210001096
bidu,Hindu,0.803421545609859
bihaaree,Hindu,0.6987773922271097
bihari,Hindu,0.9835088534361743
biharilal,Hindu,0.9811373995644849
bijalee,Muslim,0.6125838591283861
bijay,Hindu,0.9867635895806496
bijendr,Hindu,0.9808107890349035
bijendra,Hindu,0.9900026523015585
biju,Hindu,0.7133568014761072
bikaasa,Hindu,0.6545754348347471
bikrama,Hindu,0.898951923308866
bilaasinee,Christian,0.46854545421787247
bimal,Hindu,0.7333651436455525
bimalaa,Hindu,0.4837102709528421
binaa,Hindu,0.8494412718494413
bind,Hindu,0.99603593187087
bindaa,Hindu,0.9712032637055087
bindhani,Hindu,0.9845956429798584
bindhu,Hindu,0.9674068793545655
bindoo,Hindu,0.9559101887195245
bindu,Hindu,0.9915805284677448
binood,Hindu,0.5854242737447186
binoodini,Hindu,0.5027306046465005
binu,Hindu,0.7044080574440801
bipina,Hindu,0.9805711064382451
biraadaar,Hindu,0.9594424489683042
biraajadaar,Hindu,0.8961379100219373
biradara,Hindu,0.9993688689637005
birajdar,Hindu,0.9889051591889918
birbal,Hindu,0.9703111056248909
birendr,Hindu,0.9953239154820077
bisbanaatha,Hindu,0.9366848382728487
bisen,Hindu,0.7337850267392548
bishi,Hindu,0.9370937543139769
bishnu,Hindu,0.9424595176767921
bisht,Hindu,0.8174993459909224
bishwas,Hindu,0.9937164637963771
bishwis,Hindu,0.8986027583938456
bisvanaatha,Hindu,0.9347437609774085
biswal,Hindu,0.9990806616250125
biswas,Hindu,0.9920782594875123
bobade,Hindu,0.9000959192682652
bodara,Hindu,0.9983419113376244
boddu,Hindu,0.8477461615662326
bodke,Hindu,0.9707779060539881
boobade,Muslim,0.7442847595513769
boodake,Hindu,0.5299211837269782
boondaabana,Hindu,0.9091652323009887
boopathi,Hindu,0.8914384256509255
booraade,Hindu,0.5165296216590883
boorakar,Hindu,0.7042904211268317
boorase,Christian,0.6778003295357706
bora,Hindu,0.9815838979356145
borade,Hindu,0.9545573010922501
borkar,Hindu,0.8088141455868805
boro,Hindu,0.8138459776559915
borse,Hindu,0.6135209781947054
bos,Christian,0.9535556827197567
bosak,Christian,0.40357025992838685
bose,Christian,0.9990349004721477
bosumatabi,Hindu,0.8759044165566853
bosumatari,Hindu,0.9139713112435754
boya,Hindu,0.6399290031184827
brahamadev,Hindu,0.634104002121044
braj,Hindu,0.9092865579582562
brajes,Christian,0.5785092019451984
brajlal,Hindu,0.8655452989759915
brij,Hindu,0.9765304595359443
brijalaal,Hindu,0.7654670000519797
brijamoohan,Hindu,0.9732042924193101
brijes,Hindu,0.8567693852871199
brijesh,Hindu,0.9120255217677825
brijlal,Hindu,0.9327083902272302
brijmohan,Hindu,0.9280148438801452
buddha,Hindu,0.6056825844388921
buddhoo,Muslim,0.561878407490198
budhai,Hindu,0.9565663809750817
budhan,Hindu,0.9859505329318288
budhanee,Hindu,0.5795132532478238
budhiyaa,Muslim,0.522872834994306
budhram,Hindu,0.9744839640633399
butaa,Hindu,0.7830566979243225
chaaadanee,Christian,0.8213916067589018
chaamd,Hindu,0.7152416932121466
chaamdanee,Hindu,0.5577726004275664
chaavadaa,Hindu,0.6129624212709157
chacko,Christian,0.9999395978614114
chagan,Hindu,0.9631426994241803
chaganlal,Hindu,0.9330036955947667
chaithan,Hindu,0.8870040686269526
chakali,Hindu,0.8366485142228791
chakma,Hindu,0.8670481783261949
chakrabarti,Hindu,0.9653799334335889
chakrabasti,Hindu,0.8568139909419845
chakrabatti,Hindu,0.9248229378873349
chakrapani,Hindu,0.9547338954760284
chakravarthi,Hindu,0.8796506145640811
chakravarti,Hindu,0.9509271101596876
chalavadi,Hindu,0.9815349030167033
challa,Hindu,0.9788905346906103
chaman,Hindu,0.9883781128329556
chamchal,Hindu,0.9961354783209558
chamchalaa,Hindu,0.9833950998714115
chamdaa,Hindu,0.8713000572433272
chamdan,Hindu,0.9469245046027079
chamdr,Hindu,0.8830819185313634
chamdrakalaa,Hindu,0.8953055406474227
chamdrasekhar,Hindu,0.9514724897185296
chamelee,Hindu,0.7632007871110158
chami,Hindu,0.9953305922574316
champa,Hindu,0.9988613814640908
champaa,Hindu,0.9840053236715677
champalal,Hindu,0.9909062535635111
chand,Hindu,0.9525323502260128
chandaa,Hindu,0.9495899965660539
chandan,Hindu,0.9912819713943464
chandar,Hindu,0.9871918938440684
chandel,Hindu,0.963255770559643
chander,Hindu,0.9923176911587731
chandesvar,Hindu,0.9693737547273216
chandiran,Hindu,0.9981233575955378
chandr,Hindu,0.8256258681608489
chandra,Hindu,0.8758085283461288
chandraa,Hindu,0.9575503759570211
chandraavathee,Hindu,0.9344827079617973
chandrabhaan,Hindu,0.9685837479545154
chandrabhan,Hindu,0.9286502232096002
chandrakaantha,Hindu,0.8897031778897936
chandrakaanthi,Hindu,0.915159698538078
chandrakala,Hindu,0.9264249492876417
chandrakalaa,Hindu,0.8951058589126205
chandrakalee,Hindu,0.8043628203747064
chandrakant,Jain,0.8698166246830672
chandramaa,Hindu,0.9711997612955203
chandramani,Hindu,0.961901366267053
chandran,Hindu,0.9962063116729036
chandrapaal,Hindu,0.9282620082793619
chandrapal,Hindu,0.9705511062662727
chandraprakaas,Hindu,0.8202193085088866
chandraprakash,Hindu,0.9161418254043638
chandrasekar,Hindu,0.9436684928064664
chandrasekaran,Hindu,0.9691253615511014
chandrasekhar,Hindu,0.9836067182528316
chandrashekhar,Hindu,0.97817920139366
chandravanshi,Hindu,0.984188285614271
chandravathee,Hindu,0.9748356576846005
chandrayya,Christian,0.5705301144444285
chandrika,Hindu,0.991360065352322
chandrikaa,Hindu,0.9860998490257376
chandu,Hindu,0.9900736586725186
chanjchalaa,Hindu,0.9547857627060748
charan,Hindu,0.9961852371640186
charanajeeth,Hindu,0.9748557188000705
chari,Hindu,0.9973432779212126
chatrapal,Hindu,0.9867055702776267
chatterjee,Hindu,0.9919309250669054
chattopadhyay,Hindu,0.9980357161459513
chaturvedi,Hindu,0.9937722798334391
chaube,Hindu,0.9754124746301467
chaudhari,Hindu,0.999985054292911
chaudhary,Hindu,0.9998830423867969
chaugale,Hindu,0.9033880944887223
chauhan,Hindu,0.9534255886290709
chaupal,Hindu,0.9974508540448482
chaurasiya,Hindu,0.9954655518021273
chaure,Hindu,0.9895448337087868
chavan,Hindu,0.9950213860544039
chavhaan,Hindu,0.9389634121575787
chawla,Hindu,0.9431218236593384
cheda,Hindu,0.5847787691042964
chedilal,Hindu,0.9349175398511469
chellappan,Hindu,0.7046363341676474
chellathuthurai,Hindu,0.862554546505595
chetan,Hindu,0.957501830719367
chetaram,Hindu,0.9957443972531151
chethan,Hindu,0.5751293477097672
chethanaa,Christian,0.610845494991832
chetharaam,Hindu,0.5668877305072426
chetree,Hindu,0.8229451525523777
chettiyar,Hindu,0.9330844412776108
chettri,Hindu,0.9447875721733484
chettu,Hindu,0.90027376802221
chhaayaa,Christian,0.5254714323715013
chhagan,Hindu,0.9787798362096387
chhathrapaal,Hindu,0.9483550756200222
chhedee,Hindu,0.7835106437442879
chhedi,Hindu,0.956883573428904
chhitar,Hindu,0.9929626049932095
chhootaa,Hindu,0.8463602080122957
chhoote,Hindu,0.8750209197355957
chhootee,Hindu,0.7369902337335068
chhootelaal,Hindu,0.8823170613326918
chhootoo,Hindu,0.5768093243096994
chhota,Hindu,0.9782501462188447
chhote,Hindu,0.9665262801452932
chhotu,Hindu,0.9443355081370981
chidambaram,Hindu,0.9838858507699257
chimthaa,Hindu,0.5722529193765571
china,Hindu,0.6061114553015847
chinna,Hindu,0.9756594197973928
chinnachchaami,Hindu,0.6731969053364637
chinnaiya,Hindu,0.9443117927848358
chinnaiyan,Hindu,0.8272554513394295
chinnakannu,Hindu,0.953142106237003
chinnamma,Christian,0.8626895060223607
chinnanan,Hindu,0.9970489200555307
chinnapaiyan,Hindu,0.9847940255780259
chinnappa,Hindu,0.9914331368393524
chinnappan,Hindu,0.9981935695240737
chinnasamy,Hindu,0.9987377988700179
chinnathambi,Hindu,0.9834633104865186
chinnathurai,Hindu,0.9984878429686926
chinta,Hindu,0.9768881799078972
chinthaa,Hindu,0.9075811984764314
chithra,Hindu,0.9763179679142215
chiththaranjjana,Hindu,0.9757282055308644
chogule,Hindu,0.9627986841399425
choopade,Hindu,0.993976333061699
chopade,Hindu,0.9846041955481177
chopra,Hindu,0.9421191212548633
chotelal,Hindu,0.9860379457170776
choudharee,Hindu,0.9995508663659463
choudhuri,Hindu,0.9876621036313104
choudhury,Hindu,0.9885267393593891
chougale,Hindu,0.9591812940235723
chougharee,Hindu,0.9960167719835301
chougule,Hindu,0.9761517906780758
chouhaan,Hindu,0.9105979527035579
chouhan,Hindu,0.9741409391935264
choure,Hindu,0.985095681631632
chudaasamaa,Christian,0.7464615277604664
chunnee,Muslim,0.6212890410960435
chunnilal,Hindu,0.9454206429851044
chyataji,Hindu,0.9710504506717826
chyatajji,Hindu,0.9646089326154557
daa,Christian,0.8030467710131529
daabhaade,Hindu,0.8841208587154871
daabhee,Hindu,0.7766446324895511
daamgar,Hindu,0.6130261123904664
daamge,Christian,0.9639853424328405
daamoodar,Hindu,0.9472257168521703
daamoor,Hindu,0.8119091072051778
daanis,Christian,0.8246534407406898
daas,Christian,0.9658790979344523
dabe,Muslim,0.5678428249943767
dabhade,Hindu,0.9903550544217674
dada,Hindu,0.9996638802266948
dafadar,Muslim,0.8884929271502587
daithaaree,Hindu,0.5779768029341332
daivi,Hindu,0.9716884507125486
daksha,Hindu,0.8791733355939523
dakshinamurthi,Hindu,0.9425926702239117
dakua,Hindu,0.7610611307792153
dalabeer,Muslim,0.7909562503884598
dalai,Hindu,0.9914539891346694
dalajeeth,Hindu,0.951974342615867
dalal,Hindu,0.963711665549038
dalavee,Hindu,0.9255505935321315
dalaveer,Hindu,0.9269624156695269
dalavi,Hindu,0.8421859296140467
dalchand,Jain,0.7186631079642811
daleep,Hindu,0.7023154850969832
dalei,Hindu,0.9122481929250945
dalip,Hindu,0.8065336373107997
dalui,Hindu,0.8292707442609372
damodar,Hindu,0.9914815008308405
damodaran,Hindu,0.9969213911949638
dandapani,Hindu,0.9974221459875201
dange,Hindu,0.9698484323251141
dangi,Hindu,0.9930538662946038
daniel,Christian,0.9939652725927691
darade,Hindu,0.9917538425939761
darajee,Hindu,0.9169191372690778
darasan,Hindu,0.9966953633437546
darsan,Hindu,0.9962286929127077
darsanaa,Hindu,0.9917545231062481
darshan,Hindu,0.9833951630421307
darta,Hindu,0.9934092383027405
das,Hindu,0.9907646338916098
dasan,Hindu,0.9812215122377648
dasarath,Hindu,0.9801037716826976
dasari,Hindu,0.9040128597006005
dash,Hindu,0.9968049480805282
dasharath,Hindu,0.9954905000875762
dasi,Hindu,0.9269513903664782
datararam,Hindu,0.9984712286132387
datt,Hindu,0.6003463656974046
dattatray,Hindu,0.9902756453129149
daud,Hindu,0.9646559169264294
daulat,Hindu,0.8581218265730475
daulataram,Hindu,0.9985152462450343
dave,Hindu,0.9974281183387886
davi,Hindu,0.9153656736026745
daviadar,Hindu,0.9786304618581352
david,Christian,0.8243647023162602
daya,Hindu,0.9971209390786939
dayaa,Hindu,0.7705774459115767
dayaanand,Hindu,0.9617124492329563
dayaaraam,Hindu,0.702782045655881
dayaasamkar,Hindu,0.8638577029387631
dayaavathee,Hindu,0.6165585672907936
dayal,Hindu,0.9979589960342294
dayalan,Hindu,0.9980942539076912
dayanand,Hindu,0.998705110137128
dayaram,Hindu,0.9939073050542742
dayashankar,Hindu,0.9784342255557462
deb,Hindu,0.9817432756118754
debaasisha,Hindu,0.48276983894402453
debabarma,Hindu,0.9653465903710394
debanath,Hindu,0.9964096406011064
debasharmi,Hindu,0.9767946253496419
debendra,Hindu,0.9746372025630936
debi,Hindu,0.9463185164399679
deei,Muslim,0.7514477544328254
deekshaa,Muslim,0.5345763751731885
deen,Muslim,0.9403833726489663
deenaa,Hindu,0.5428046487360007
deenaanaath,Hindu,0.7693902070777369
deenadayaal,Hindu,0.9451677440113374
deendayal,Hindu,0.9520877112444456
deep,Hindu,0.9528083854393417
deepaa,Hindu,0.8874465416676243
deepak,Hindu,0.9677439839428101
deepchand,Hindu,0.971810698888621
deepikaa,Hindu,0.7919790500230719
deepoo,Hindu,0.7547253632821387
deepthi,Hindu,0.9782917469194701
deevaan,Christian,0.8532499044082293
dehriya,Hindu,0.9693549785026754
dehuri,Hindu,0.9748748476462167
dei,Hindu,0.9195669968936582
dekka,Hindu,0.7824200753130377
des,Hindu,0.8509914196141823
desaaee,Christian,0.5609436503939605
desai,Hindu,0.6158681686099908
desale,Hindu,0.7823329746148853
desamukh,Hindu,0.9638234942004394
desapaamde,Hindu,0.954883500398926
desaraaj,Hindu,0.6899787526020472
deshmukh,Hindu,0.9776308336531944
deshpande,Hindu,0.8680842603664538
deshraaj,Hindu,0.8635201859520559
dev,Hindu,0.8844617380241534
deva,Christian,0.5267269838023217
devaa,Christian,0.9727069595764083
devaaraam,Christian,0.8876286181214949
devaaram,Hindu,0.509459706372669
devadas,Christian,0.9038269469496093
devakar,Hindu,0.8601503803635905
devakate,Hindu,0.7622405841001083
devakee,Christian,0.5298101208610386
devan,Hindu,0.6002313862393539
devanaaraayan,Hindu,0.5660708958676484
devanthee,Hindu,0.5359425483950834
devar,Hindu,0.5911171044824693
devaraaj,Christian,0.71662950867073
devaraj,Hindu,0.5993553599193292
devare,Hindu,0.674468915204196
devassy,Christian,0.9990501368322
devee,Hindu,0.8565756528672595
deveelaal,Hindu,0.6636407596737036
deveesimh,Christian,0.5826488515253675
devemdr,Hindu,0.8939193682810836
devendr,Hindu,0.7540521821572643
devendra,Hindu,0.7243170656617822
devendran,Hindu,0.9040291024636379
deves,Hindu,0.5646882789158048
devi,Hindu,0.9854540811081528
devidas,Hindu,0.9910859394548661
devidin,Hindu,0.9016800388994705
devilal,Hindu,0.9647535036507022
deviram,Hindu,0.9832408107567069
devisimh,Hindu,0.8531428213159575
devji,Hindu,0.9426726478101284
devkaran,Hindu,0.9811550906873722
devlal,Hindu,0.9523171052876468
devnarayan,Hindu,0.9355776135935115
devnath,Hindu,0.9930281412302876
dew,Hindu,0.9390427103703002
dewi,Hindu,0.7558836920768446
dhaamde,Hindu,0.9289107495813156
dhaapoo,Hindu,0.8684879975754911
dhaapoobaaee,Hindu,0.5328811696409076
dhage,Hindu,0.9709282985477887
dhakad,Hindu,0.9968355788201394
dhala,Hindu,0.998602968335505
dhali,Hindu,0.986271084676079
dhamendr,Hindu,0.9579752683753967
dhan,Hindu,0.9989126834964327
dhanagar,Hindu,0.9927982001517293
dhanalakshmi,Christian,0.602358928115678
dhanamjay,Hindu,0.9391543392405863
dhanapal,Hindu,0.9730447284365036
dhanapathi,Hindu,0.996607103497472
dhanaraaj,Hindu,0.9571785757173303
dhanasekaran,Hindu,0.9266830450015165
dhanasyaam,Hindu,0.7752931881899405
dhanavade,Hindu,0.9953583229382698
dhande,Hindu,0.9840071144569517
dhanee,Hindu,0.6586840580019246
dhaneeraam,Hindu,0.8148198806019945
dhanesbar,Hindu,0.9891337486422038
dhanesvar,Hindu,0.9714339200992366
dhani,Hindu,0.9939172135152126
dhaniram,Hindu,0.992376058929402
dhanji,Hindu,0.9868228659257535
dhanna,Hindu,0.9972680668351895
dhannalal,Hindu,0.9749662421029179
dhanraj,Hindu,0.9884940570593895
dhanshyam,Hindu,0.9952619045204383
dhansingh,Sikh,0.5503217546691993
dhara,Hindu,0.9997584136412397
dharam,Hindu,0.9972533434433831
dharampal,Hindu,0.99931207378627
dharm,Hindu,0.9977362674006003
dharma,Hindu,0.9978551427403166
dharmaa,Hindu,0.992497719947478
dharmaindr,Hindu,0.961538648875001
dharmalingam,Hindu,0.9856279131071825
dharmandr,Hindu,0.9890980231209564
dharmapaal,Hindu,0.9873959304559481
dharmaraaj,Hindu,0.9058486166985318
dharmaraj,Hindu,0.9429747157956209
dharmaseelaa,Hindu,0.8932698249224851
dharmaveer,Hindu,0.9980576891643613
dharmendr,Hindu,0.9840352422778309
dharmendra,Hindu,0.9895108914102845
dhavale,Hindu,0.9874622483539258
dhawale,Hindu,0.9895894048476264
dheeraj,Hindu,0.8518772200450393
dheerendr,Hindu,0.8663750181474456
dhibar,Hindu,0.9777922132598769
dhiman,Hindu,0.9971122913304048
dhobi,Hindu,0.9778505441342971
dhoke,Hindu,0.9279069375687576
dhole,Hindu,0.9492792139596447
dhoole,Hindu,0.9339339543642744
dhoolee,Hindu,0.7120511159820507
dhoote,Hindu,0.9583866090284394
dhoothre,Hindu,0.973635124168807
dhote,Hindu,0.9689044005325055
dhotre,Hindu,0.9902839728349595
dhula,Hindu,0.9645846337540768
dhumaal,Christian,0.4694613525756037
dhumal,Hindu,0.6193023100113206
dhurve,Hindu,0.9961914083465644
dibaakar,Hindu,0.9722583212711637
digala,Hindu,0.8605427317079039
digar,Hindu,0.9320421897343735
dighe,Hindu,0.9520855467175842
dikshit,Hindu,0.9356707463380264
dilabaag,Hindu,0.7773489280346536
dilasaad,Hindu,0.827055803153458
dileep,Hindu,0.6502165749824375
dilip,Christian,0.87524772639153
dilshaad,Hindu,0.6618264760396503
dimpal,Hindu,0.99463890234365
din,Muslim,0.8499556217353251
dinabandhu,Hindu,0.9166968266883102
dinanath,Hindu,0.992128245102684
dines,Hindu,0.7722307842572588
dinesakumaar,Hindu,0.6242515793123293
dinesh,Hindu,0.9290983275947681
dineshkumar,Hindu,0.9377542472875967
dip,Hindu,0.9952486488333252
dipaalee,Hindu,0.6863314022956921
dipak,Hindu,0.993570290905501
dipika,Hindu,0.9695152422081377
dis,Hindu,0.9594113616665659
disoojhhaa,Hindu,0.8430531625130573
divaakar,Hindu,0.8359689845496857
divaan,Hindu,0.8762454200487683
divakar,Hindu,0.9889147212743028
divakaran,Hindu,0.992322339425961
divya,Hindu,0.9739842360542721
divyaa,Hindu,0.8891614878633797
dkhar,Hindu,0.9233231492852187
dod,Hindu,0.9951345416657865
dodamani,Hindu,0.7760329659147465
doloi,Hindu,0.869741604818111
dolui,Hindu,0.8530093409602068
dom,Hindu,0.8883583972769566
dongare,Hindu,0.9599508884991842
doo,Hindu,0.7740857622411771
doodeeyaa,Muslim,0.42484524009468544
doolee,Muslim,0.5790887538450672
doomgare,Hindu,0.8791029104892161
doosee,Christian,0.9731642085905325
dora,Hindu,0.9945129082526087
doshi,Hindu,0.752165979268827
doulath,Hindu,0.8924443483709494
douloi,Hindu,0.7422073719878145
droopadee,Hindu,0.9509347792844167
droopathee,Hindu,0.8597774560751218
duasaasana,Hindu,0.6358421928300704
dube,Hindu,0.9661181894484859
dudekula,Hindu,0.8961949971260457
dugee,Hindu,0.4046980069202547
dukhanee,Muslim,0.9024966722383847
dukhi,Muslim,0.662428024249474
dulaaree,Hindu,0.7513084026520283
dulare,Hindu,0.9926059856078006
dulari,Hindu,0.9686461805210499
dule,Hindu,0.9732448670569064
dulichand,Hindu,0.9597777033114427
durai,Hindu,0.9992326326367621
durairaj,Hindu,0.992641451022937
duraisamy,Hindu,0.9992808483126416
durga,Hindu,0.9997171584083611
durgaa,Hindu,0.9975704974421237
durgaabaaee,Hindu,0.9182134595774898
durgaavathee,Hindu,0.9530378705549025
durgaprasad,Hindu,0.965452114346545
durges,Hindu,0.9002076288883039
durjan,Hindu,0.9956515091560517
dutta,Hindu,0.9978028489722529
duyoudhana,Hindu,0.9934985181165705
dvaarikaa,Hindu,0.8030229676084235
dwarika,Hindu,0.9962064931545285
dwivedi,Hindu,0.9933891053554432
eakesh,Hindu,0.7965931789604017
eamesh,Hindu,0.48953170112074995
eekha,Muslim,0.9372712111631591
eesvar,Christian,0.6822464513170927
ehan,Hindu,0.642642136138171
ehatoon,Muslim,0.6476909783507578
ejaaj,Christian,0.7059799602430417
ekambaram,Hindu,0.9869146139786361
ekathaa,Christian,0.7437906905772962
ekka,Hindu,0.6716876817869867
ellamma,Hindu,0.990092873968617
ellappan,Hindu,0.9965018154290951
enkateshwarlu,Hindu,0.9719441862480076
eomar,Christian,0.9725658258213502
eswaran,Hindu,0.9529020190212355
eumar,Christian,0.8473766571386686
ewmar,Hindu,0.7208705446266701
ezhumalai,Hindu,0.9093001349226166
fafa,Muslim,0.9998375668191419
fakir,Muslim,0.9864084900412139
fam,Muslim,0.9912027313027651
fareed,Muslim,0.9247025157093963
farid,Muslim,0.959081045516797
faruk,Muslim,0.982909234972742
farukh,Muslim,0.9862113111176244
fathima,Muslim,0.3936638905510872
fatima,Muslim,0.8865613962520533
fatma,Muslim,0.9079257603571097
faujdaar,Hindu,0.6565063729958635
fernandes,Hindu,0.9043592155123564
firoj,Muslim,0.9046016658655928
francis,Christian,0.9989580137630175
fre,Muslim,0.8929486388942358
furkan,Hindu,0.8046435518652792
gaade,Hindu,0.7615421527928634
gaadekar,Buddhist,0.6176555340292219
gaadhave,Hindu,0.8957898171547714
gaamdhee,Hindu,0.6570863117831741
gaameeth,Hindu,0.47202391712762204
gaamgurde,Hindu,0.7030587053167832
gaavade,Hindu,0.8422079157574808
gaavamde,Hindu,0.9776349080890446
gaaveeth,Hindu,0.5834991802022942
gaavith,Hindu,0.6971460691159057
gaayakar,Hindu,0.9534802307612081
gaayakavaad,Hindu,0.8240622372381631
gaayathree,Hindu,0.7617339196692892
gaaythree,Hindu,0.8473834128038218
gadaadhara,Hindu,0.9947304799224522
gaddam,Hindu,0.9576191001551246
gade,Hindu,0.6853139495432906
gadekar,Buddhist,0.6079504768033717
gadge,Hindu,0.9509542590135798
gadhave,Hindu,0.9929458272642933
gadhavee,Hindu,0.9557535368224525
gadia,Hindu,0.9921937768703434
gaffar,Muslim,0.9992962119999633
gafoor,Muslim,0.9391202767433722
gafur,Muslim,0.9609192657007309
gagan,Hindu,0.9712706836713351
gaganadeep,Hindu,0.9790158687194112
gagarai,Hindu,0.9544429412142527
gain,Hindu,0.9555059419284944
gajaalaa,Christian,0.689199705126859
gajabhiye,Muslim,0.4781566480139116
gajadhar,Hindu,0.9964718929640151
gajanana,Hindu,0.9847733955879967
gajanand,Hindu,0.9868675812146511
gajaraaj,Hindu,0.7576596499668424
gajaraj,Hindu,0.9286137160005724
gajendr,Hindu,0.9689611445625567
gajendra,Hindu,0.9697751191719207
gajendran,Hindu,0.989958011354654
gajeraa,Hindu,0.9247976453278595
gaji,Buddhist,0.6597458017292899
gakendra,Hindu,0.9328373766065997
gala,Hindu,0.9586510587298231
gamgaa,Hindu,0.5734883641874171
gamgaabaaee,Christian,0.4508079543208234
gamgaadevee,Hindu,0.7831587818838971
gamgaaraam,Hindu,0.6084367667756821
gamgavva,Hindu,0.9487042591387318
ganapath,Hindu,0.9568260329955753
ganapathi,Hindu,0.9873169196603799
gandhi,Hindu,0.9817144697468874
ganes,Hindu,0.9754915286954932
ganesan,Hindu,0.9991314128465899
ganesee,Hindu,0.5423259539212979
ganesh,Hindu,0.9924317531776617
ganga,Hindu,0.9876106802429739
gangadhar,Hindu,0.9986543910424617
gangadharan,Hindu,0.9977954304901089
gangamma,Hindu,0.9790914226979351
gangaprasad,Hindu,0.864167509323044
gangaram,Hindu,0.9515158980511363
ganggaadhara,Hindu,0.9944633982476185
ganguli,Hindu,0.9397376280270398
gangwar,Hindu,0.9983242467720951
gani,Hindu,0.9091416028159481
ganju,Hindu,0.8400162793034489
ganpat,Hindu,0.9405884663354358
ganpati,Hindu,0.9951231194852537
ganta,Hindu,0.9269604729205235
gaonkar,Hindu,0.9923803377070608
garad,Hindu,0.982013733548756
garai,Hindu,0.9768519476297887
garg,Hindu,0.965160063882184
gari,Hindu,0.9625756100406488
garib,Hindu,0.8315019554675179
garimaa,Christian,0.6368561892548847
garud,Hindu,0.4058580530007722
gauda,Hindu,0.9611563118485844
gaur,Hindu,0.9090362078087038
gaurav,Hindu,0.9977164863725401
gauri,Hindu,0.9791619639606196
gaurishankar,Hindu,0.9959385168436882
gautam,Hindu,0.9954924780622584
gavade,Hindu,0.9424978719980631
gavaee,Hindu,0.7226608171734972
gavai,Hindu,0.6374462362374368
gavalee,Hindu,0.7447141600391357
gavhaane,Hindu,0.9086058061676103
gavhane,Hindu,0.9841938783551332
gavit,Hindu,0.9561492938643054
gawali,Hindu,0.8346587411629696
gawande,Hindu,0.9353750708719195
gayaa,Christian,0.6600538546375694
gayaadeen,Hindu,0.836489733340734
gayaaprasaad,Christian,0.7229110789653574
gayakar,Hindu,0.9904311750849134
gayakawad,Hindu,0.9885811563936292
gayen,Hindu,0.5926841334217892
gedaam,Christian,0.5669549813491885
gedam,Hindu,0.7647345177483371
geeta,Hindu,0.7614416395956556
geetha,Christian,0.7873172195483326
geethaa,Christian,0.9372881392263362
geethaabaaee,Christian,0.8669947366151356
geethaadevee,Christian,0.7445377226088183
geethaanjjali,Christian,0.8463654967306687
gendalal,Hindu,0.9265657019035467
george,Christian,0.9999250276585481
ghaadage,Hindu,0.9426122353157571
ghadge,Hindu,0.9498184607298278
ghadi,Hindu,0.9961907166097638
ghanasyaam,Hindu,0.8532461927649359
ghanshyam,Hindu,0.9956317266958483
gharami,Hindu,0.995609075803996
gharat,Hindu,0.9983931825762487
gharath,Hindu,0.9984048681988938
gharida,Hindu,0.9951841245263385
ghasi,Hindu,0.6629057605095048
ghasiram,Hindu,0.8042406031913025
ghodake,Hindu,0.9659689078677799
ghodoi,Hindu,0.9813823924981071
gholap,Hindu,0.9872508558509443
ghoodake,Hindu,0.9585960970294086
ghoolap,Hindu,0.9825947583533824
ghoorapade,Hindu,0.9935041623734876
ghorai,Hindu,0.9948553137288221
ghorpade,Hindu,0.9953960515409119
ghorui,Hindu,0.9807879599227788
ghosh,Hindu,0.9980234927467077
ghoshal,Hindu,0.9977912316106079
ghuge,Hindu,0.9732631103901319
ghule,Hindu,0.9837211755634535
giaan,Christian,0.6649856150864726
giraase,Christian,0.9144855600792258
giradhaaree,Hindu,0.9452591621070465
girajaa,Hindu,0.783078673304429
girase,Christian,0.6598275125850259
girdhari,Hindu,0.9992093589286138
giree,Hindu,0.826519257964732
girees,Hindu,0.6599014700837064
giri,Hindu,0.966687011941757
girija,Hindu,0.9793272825901266
girijaa,Hindu,0.9346020762401509
girish,Hindu,0.9604830697433356
girraaj,Christian,0.5808528580505354
girraj,Hindu,0.7651523280208519
gita,Hindu,0.9894529452592116
gite,Hindu,0.9329176342754135
githaa,Hindu,0.4956977673988471
githe,Hindu,0.6073471346716255
gochhayta,Hindu,0.9743242074031278
god,Hindu,0.9974825246923062
godse,Hindu,0.8347515085860588
goel,Hindu,0.8664871032130566
gokal,Hindu,0.9842289953698731
gokul,Hindu,0.9907307525524169
gole,Hindu,0.8863932883929929
golla,Hindu,0.5816972959154191
gond,Hindu,0.9521649407384254
goobinda,Hindu,0.9946384956125307
goodaavaree,Hindu,0.6814171727865778
goodase,Hindu,0.8943781304457397
gooheel,Hindu,0.7331031613944405
goohel,Hindu,0.799099638374602
goohil,Hindu,0.8437672826393005
gookul,Hindu,0.9572247447900613
goolaapa,Hindu,0.9184757365891705
goole,Hindu,0.8687500442927365
goomathee,Christian,0.9541163854264025
goopaal,Hindu,0.8849150188817898
goopee,Hindu,0.6717438340145163
gooraa,Hindu,0.7536979863134757
goorakh,Hindu,0.8846185926107887
goore,Hindu,0.8900896238063618
gooree,Hindu,0.7161418054073522
goorelaal,Hindu,0.7552551218882623
goosaavee,Christian,0.8020038340009635
goosvaamee,Christian,0.6142016169115818
gootham,Hindu,0.8372960617680244
goovardhan,Hindu,0.9763714810890354
goovimd,Hindu,0.8156650320567742
goovind,Hindu,0.9699273612449976
gop,Hindu,0.9717021607024388
gopa,Hindu,0.978428244433487
gopal,Hindu,0.9538816476072245
gopalakrishnan,Hindu,0.998401259369257
gopalan,Hindu,0.9987545069797524
gopeelal,Hindu,0.9149033307154288
gopi,Hindu,0.6282279315206554
gopinath,Hindu,0.9942872148079159
goradhan,Hindu,0.990343916883567
gorai,Hindu,0.9933473840322173
gore,Hindu,0.9754832833266153
gorelal,Hindu,0.9627992520553502
gosavi,Christian,0.6062460043897338
goswami,Hindu,0.7389590744986066
gotam,Hindu,0.9897594706614314
goundar,Hindu,0.9907723846416421
gourav,Hindu,0.9992172664381674
gouree,Hindu,0.9583257908327505
goureesamkar,Hindu,0.9693703910795438
gousvaamee,Muslim,0.6667799839475191
goutham,Hindu,0.9782980332077638
govardhan,Hindu,0.978446175561121
govind,Hindu,0.990754396915899
govinda,Hindu,0.9916851711993235
govindan,Hindu,0.8422522819435176
govindaraj,Hindu,0.9934965783716133
govindarajan,Hindu,0.9829265489891005
govindarasu,Hindu,0.9931469821565762
govindasami,Hindu,0.9975638228414195
goyal,Hindu,0.9422783488395704
gudadee,Hindu,0.947282003240437
gudadoo,Hindu,0.9684274001561763
guddee,Muslim,0.7814621262979733
guddoo,Hindu,0.5906529420808602
guddu,Hindu,0.6186387916728693
gudee,Muslim,0.7148883055119756
gudiyaa,Hindu,0.8794635995490816
guha,Hindu,0.606260819445713
gujar,Hindu,0.7917763489228892
gujaraathee,Hindu,0.5309492700649188
gulaab,Muslim,0.5957089737196506
gulaabee,Muslim,0.9111955308488852
gulaam,Hindu,0.6104766259076535
gulab,Hindu,0.5596922802068195
gulabchand,Hindu,0.9230251457473229
gulabsinh,Hindu,0.5651081823426163
gulajaar,Hindu,0.8036824712956104
gulam,Hindu,0.6212680736829496
gulanaaj,Hindu,0.9413133947826251
gulasan,Hindu,0.9821707821494556
gulisthaa,Christian,0.48020795991730647
guljar,Hindu,0.8038851990455601
gumjaal,Muslim,0.6400869038861964
gumjan,Muslim,0.6886498665574284
gunasekaran,Hindu,0.8382801941273018
gund,Hindu,0.9839222391493846
gunjal,Muslim,0.5180242755242669
gupta,Hindu,0.9997975828346465
gupthaa,Hindu,0.9592806866944116
gurabachan,Hindu,0.9679110538173198
guracharan,Hindu,0.9902047023171195
guradeep,Hindu,0.9880460674293176
guradev,Hindu,0.9891346901266783
gurajat,Hindu,0.9961974178175476
gurajeeth,Hindu,0.9453079954530523
gurameeth,Hindu,0.9702725505552628
guramel,Hindu,0.9961737255521652
guranaam,Hindu,0.9601755271901251
gurapreeth,Hindu,0.917835219848803
gurasevak,Hindu,0.8324819005791425
gurav,Hindu,0.998854338101117
guraviadar,Hindu,0.9985950574491599
gurjar,Hindu,0.9990612009899791
guru,Sikh,0.5601186077303343
gurubaaree,Hindu,0.7246543615358216
gurunathan,Hindu,0.9861495669043452
gurung,Hindu,0.8657216410482637
gurusamy,Hindu,0.9955643828247845
gyaarasee,Christian,0.6657261696303818
haajaraa,Christian,0.8059502391479862
haakim,Muslim,0.6972329525220979
haamde,Hindu,0.8000553440788676
haaroon,Hindu,0.5294482703346751
haarun,Hindu,0.5025715854888537
habeeb,Muslim,0.9805615661164546
habib,Muslim,0.979384358799994
hadapada,Hindu,0.9975597744400102
hafiz,Muslim,0.9997255180412172
haidar,Hindu,0.6455123295744285
haider,Hindu,0.7079700525601416
hajaare,Hindu,0.7291496292186083
hajaaree,Christian,0.4262520245356894
hajam,Hindu,0.4619395735901153
hajare,Hindu,0.8934195510456049
hajarilaal,Hindu,0.8000951293678165
haji,Muslim,0.6379698093002669
hajong,Hindu,0.5513540507028301
hajra,Hindu,0.5956348159945882
hak,Hindu,0.9685921292384094
hake,Hindu,0.6697553609305726
hakeem,Muslim,0.9350058919019737
hakim,Muslim,0.8085215208170542
halapathi,Hindu,0.9972920019900408
haldar,Hindu,0.9985121372459318
haleem,Muslim,0.732623975407683
haleemaa,Muslim,0.5651291567725036
halim,Muslim,0.603950634600558
hameed,Muslim,0.9965144610912395
hameedaa,Muslim,0.9672637926434591
hamid,Muslim,0.5392334544730194
hams,Muslim,0.8942464363331836
hamsa,Muslim,0.7637499189997227
hamsaa,Christian,0.4951560015063718
hamsaraaj,Christian,0.45704670447108614
hamza,Muslim,0.9751719260015063
hanamamtha,Hindu,0.9758276071681148
hande,Hindu,0.9788138178525697
haneefa,Muslim,0.9955653670570067
haneeph,Christian,0.8845605123058179
hanif,Muslim,0.9907924929549246
hansa,Hindu,0.6367899227299284
hansada,Hindu,0.9690938938920629
hansda,Hindu,0.8946181174451172
hansraj,Hindu,0.9132907547901891
hanumaan,Hindu,0.5963185880814347
hanuman,Hindu,0.9989620147911017
haq,Muslim,0.9985434143819614
har,Hindu,0.9996133008833687
harabas,Hindu,0.9213560171649827
harabhajan,Hindu,0.9636777807317608
haradeep,Hindu,0.9834312932146079
haradev,Hindu,0.9890146813161126
harajeeth,Hindu,0.9374804013930156
harajiadar,Hindu,0.9941349943477027
haralal,Hindu,0.9444163751173574
harapaal,Hindu,0.8457408415285312
harapreeth,Hindu,0.8335771761839367
haraviadar,Hindu,0.9976608944483579
hardayal,Hindu,0.9845183369017753
hardev,Hindu,0.9814927151997818
haree,Hindu,0.9791497602178952
hareejan,Hindu,0.8428888439071518
hareelaal,Hindu,0.8512565918710467
hareeraam,Hindu,0.9477901267775458
harees,Hindu,0.8107307098055379
hareesamkar,Hindu,0.9401817265360204
harendr,Hindu,0.9965930141747364
harendra,Hindu,0.9964521179371703
hareraam,Hindu,0.979562087176253
haresh,Hindu,0.9952506315469832
hari,Hindu,0.9998932529662884
haridas,Hindu,0.996118920419197
harihar,Hindu,0.9968058631605557
harijan,Hindu,0.9999588443269295
harikes,Hindu,0.9905750824930543
harikrishnan,Hindu,0.9866031550237755
harilal,Hindu,0.9943920855328582
harinarayan,Hindu,0.965173271608614
harinath,Hindu,0.9963594922280932
hariom,Hindu,0.7658102700575435
hariprasad,Hindu,0.9164469677532205
hariraam,Hindu,0.9190297827211701
hariram,Hindu,0.9063036160398401
haris,Hindu,0.98066561949551
harisamkar,Hindu,0.9811232132701946
harischandr,Hindu,0.9535794920806147
harish,Hindu,0.9720672413756539
harishankar,Hindu,0.9465585742147471
harishchand,Hindu,0.728378622510611
harishchandra,Jain,0.6236164289612138
harisingh,Hindu,0.7281766159996748
harisinh,Hindu,0.8817051084833188
harji,Hindu,0.9727048107142133
harpal,Hindu,0.9638712801744912
harprasad,Hindu,0.8884409783397219
harsh,Hindu,0.9591393273804238
harsha,Hindu,0.9502937999105087
harun,Hindu,0.7359096035030723
hasada,Hindu,0.5477125372710073
hasain,Christian,0.6036252687728965
hasan,Christian,0.9229468642106342
hasda,Hindu,0.4804037052850116
haseena,Hindu,0.49621946511634035
haseenaa,Christian,0.7473244326977224
hasim,Christian,0.47906778062829936
hasina,Hindu,0.3963438039352191
hasmukh,Muslim,0.46809878060567434
hassan,Muslim,0.9353799740595001
hati,Hindu,0.9944282703804347
hazari,Hindu,0.7839731870982611
heenaa,Hindu,0.6645237303568087
heera,Hindu,0.902514751742132
heeraa,Hindu,0.7551469734381576
heeraalaal,Hindu,0.5044808949149601
heeraamanee,Hindu,0.6021186284273065
heeralal,Hindu,0.8507373153865693
hem,Hindu,0.9886576610912581
hema,Hindu,0.9838177920643588
hemaa,Hindu,0.8206491065839997
hemalathaa,Christian,0.5982197314115314
hemamth,Hindu,0.9130082222110307
hemant,Hindu,0.989525906204124
hemanth,Hindu,0.9858567999353455
hemaraaj,Hindu,0.7567131647691517
hemaram,Hindu,0.9906807744714413
hembram,Hindu,0.996137936021479
hemraaj,Hindu,0.9156293455686699
hemram,Hindu,0.9919507709565265
hera,Hindu,0.99700516758522
hetal,Hindu,0.9713413139813496
hetaram,Hindu,0.998798218326127
himaamsu,Hindu,0.447184286380146
himmath,Hindu,0.9250305822952729
hina,Hindu,0.9723017838133345
hinaa,Hindu,0.5651101352844073
hira,Hindu,0.9911288589165488
hiraa,Hindu,0.8919537743035801
hiralal,Hindu,0.9076950429814649
hiraram,Hindu,0.9885008969168823
hirematha,Hindu,0.8920344078708818
hitesh,Hindu,0.9629766573045314
hithes,Hindu,0.6117546633558275
hivaale,Hindu,0.7330946809714677
hivale,Hindu,0.9909931777420693
hoda,Hindu,0.9992307454545492
horilal,Hindu,0.9820559031806367
hosda,Hindu,0.7214723281684225
hosen,Christian,0.9350930082745618
hota,Hindu,0.9979928561233287
husain,Muslim,0.8910794196151165
husein,Muslim,0.7607525785368076
husen,Muslim,0.8033095807782237
hushikesa,Hindu,0.9503511436657258
hussain,Sikh,0.7892052567053759
iadarajeeth,Hindu,0.9280662643136273
iamdu,Hindu,0.9085293527214928
iamgale,Hindu,0.642071737918208
iamgoole,Hindu,0.7964815593864006
ibraahim,Muslim,0.62924289520957
ibrahim,Muslim,0.5231439124850111
ichlam,Hindu,0.7572514521344524
idrees,Christian,0.39229047681652435
idrish,Muslim,0.9165548485043218
ikabaal,Muslim,0.7580634773732453
ikram,Hindu,0.9369000868630616
ila,Hindu,0.950006288935819
ilango,Hindu,0.9906303290533822
ilangovan,Hindu,0.986860046790099
iliyaas,Christian,0.9504918940159295
ilyas,Christian,0.85724528404891
imam,Muslim,0.9400770300678551
imaraan,Christian,0.7912896519581019
imaraanaa,Christian,0.8788629860186252
imarathee,Hindu,0.49557271706791384
imran,Hindu,0.8397173867376148
inaamadaar,Hindu,0.8191656389133084
inamadar,Hindu,0.805323523393809
indal,Hindu,0.9941553130572577
indira,Hindu,0.9970184293300212
indiraa,Hindu,0.9860196516664872
indoo,Hindu,0.8852078164577074
indr,Hindu,0.6819362734024222
indraa,Hindu,0.7863079289036762
indraavathee,Hindu,0.6887948473456434
indradev,Hindu,0.9677238636150922
indrajeet,Hindu,0.7975042620984203
indrajeeth,Hindu,0.7837643558765887
indrapaal,Hindu,0.7522844525380751
indrapal,Hindu,0.9355889436594657
indravathee,Hindu,0.9105235745946789
indu,Hindu,0.9823442683868474
indumathee,Christian,0.5111285235465653
ingale,Hindu,0.5496770267096605
ingole,Hindu,0.89924111857542
iqbal,Muslim,0.9916249880310591
iraphaan,Christian,0.616501904969499
irasaad,Hindu,0.5729323289037768
irfan,Muslim,0.9226264890960841
irshad,Hindu,0.9758514094367049
isaalam,Hindu,0.42535628157187527
isak,Hindu,0.5431395848434919
isaraar,Hindu,0.7294219447546835
isaraavathee,Hindu,0.5472056485849478
isarath,Hindu,0.982103005286376
ishaq,Muslim,0.9844550665817231
ishwar,Hindu,0.9990185549457393
islaam,Muslim,0.4919460537443575
islam,Muslim,0.9881273684712093
ismail,Muslim,0.8196903602795812
israil,Christian,0.9382201953843249
israr,Hindu,0.7619692291609843
itwari,Hindu,0.9410280304307345
iyasmin,Muslim,0.8186594903543859
jaadav,Hindu,0.983950770535318
jaadejaa,Hindu,0.5463069972896482
jaadhav,Hindu,0.9680266544128295
jaagesvar,Christian,0.7661259037519498
jaahid,Muslim,0.8982895077641142
jaahidaa,Muslim,0.6043237844663274
jaakir,Muslim,0.8305538030171766
jaan,Christian,0.47068632273570343
jaanakee,Hindu,0.5514406601565375
jaane,Christian,0.43757169248826544
jaanee,Muslim,0.543056218220141
jaanendr,Hindu,0.5558955600237837
jaavale,Hindu,0.8049822065974838
jaaved,Hindu,0.7228402405344848
jabbar,Muslim,0.9634840560149981
jacob,Christian,0.9991496919207316
jadhav,Hindu,0.9992450799997247
jafar,Muslim,0.9982566861504832
jag,Hindu,0.9845578508015885
jagadaale,Hindu,0.9180987067009985
jagadeep,Hindu,0.9784212059246342
jagadees,Hindu,0.9004842669957366
jagadeesan,Hindu,0.9736511074283539
jagadev,Hindu,0.9136859553037832
jagadisha,Hindu,0.9940112979141402
jagadishprasad,Hindu,0.978245873398974
jagajeeth,Hindu,0.7621022349781914
jagamoohan,Hindu,0.9110615825521723
jagan,Hindu,0.8858311585001735
jaganaatha,Hindu,0.7257456740751558
jagannaath,Hindu,0.8378041948661453
jagannath,Hindu,0.99762708781581
jagapaal,Hindu,0.6056235646452478
jagaraanee,Hindu,0.5014446047089935
jagaram,Hindu,0.9777766814547145
jagaranaath,Hindu,0.8137241086443174
jagarnath,Hindu,0.9774811241677128
jagaseer,Christian,0.5206373931920507
jagatap,Hindu,0.9945648605838393
jagath,Hindu,0.9524551759661475
jagathaap,Hindu,0.7364794943146786
jagathaar,Hindu,0.7324538126342433
jagaveer,Hindu,0.9548382044080965
jagdale,Hindu,0.95357084630325
jagdev,Hindu,0.9863173959445386
jagdish,Hindu,0.9971927224497386
jageer,Muslim,0.6421109532719139
jageshwar,Hindu,0.9888778606697827
jagmohan,Hindu,0.9259782708898493
jagruti,Hindu,0.9235259291972733
jaha,Muslim,0.7182798474006713
jahan,Muslim,0.7184103277585556
jahangir,Hindu,0.529059057337482
jahar,Hindu,0.8725787450036241
jaheer,Muslim,0.8976801099795012
jahir,Muslim,0.8136329441308957
jai,Muslim,0.5438891596084426
jaibun,Muslim,0.8831938531132507
jain,Jain,0.9972522221895439
jainab,Muslim,0.9695935590799324
jaisvaal,Christian,0.485268878588477
jaiswal,Hindu,0.9600258600042725
jakir,Muslim,0.9787392296711648
jaleel,Muslim,0.7612616435805127
jalil,Christian,0.7774686418537176
jam,Muslim,0.6744668329532004
jamaadaar,Hindu,0.5042132646127522
jamaadar,Hindu,0.74506284387446
jamaal,Muslim,0.4349989936009801
jamaatia,Christian,0.6162482510385079
jamadar,Muslim,0.5537933925453569
jamal,Muslim,0.7820893237759595
jamanaa,Christian,0.47496496649532277
jameel,Muslim,0.9803275531698975
jameela,Muslim,0.9400501970886633
jameelaa,Muslim,0.8797953880981413
james,Christian,0.9062260883172396
jamgam,Hindu,0.6692107724131318
jamil,Muslim,0.8807733578578419
jamna,Muslim,0.7006275602790505
jamuna,Hindu,0.9163563652397143
jamunaa,Hindu,0.7633817577022308
jan,Hindu,0.963703131188382
jana,Hindu,0.9960624427383362
janaardan,Hindu,0.9076813387758724
janak,Hindu,0.9965504296012969
janaki,Hindu,0.9940403769236703
janakiraman,Hindu,0.9867353102391148
janardan,Hindu,0.8837339921650921
jangali,Hindu,0.7262619145076701
jangam,Hindu,0.9689033445250174
jangid,Hindu,0.9833603959698188
janki,Hindu,0.9921206794887734
japhar,Hindu,0.8608423277819843
jaranail,Hindu,0.9380857026471017
jareenaa,Hindu,0.7697046822825372
jasabeer,Muslim,0.996579363380234
jasapaal,Christian,0.5051770839616104
jasapreeth,Christian,0.7084917993169397
jasavamth,Hindu,0.9307186216003084
jasavanth,Hindu,0.9334369674909034
jasavath,Hindu,0.8767301925796925
jasaveer,Hindu,0.8931874746006163
jasaviadar,Hindu,0.9122287359320496
jashi,Hindu,0.5723163089936676
jashoda,Hindu,0.9592194268109101
jashu,Hindu,0.7491352065242276
jasoodaa,Hindu,0.6702719882999931
jaswant,Hindu,0.8932164707752812
jat,Hindu,0.9991788480553302
jatav,Hindu,0.9999992108475247
jathiadar,Hindu,0.9802278969618193
javaahar,Hindu,0.9411450355613108
javale,Hindu,0.9336025263453037
javed,Hindu,0.9588780709166216
jawahar,Hindu,0.9963404885223452
jawahir,Hindu,0.957519175849097
jay,Hindu,0.8781411946536882
jaya,Hindu,0.8883127080613773
jayaa,Christian,0.7307559539063381
jayakumar,Hindu,0.8696446451630164
jayalakshmi,Hindu,0.8448519724854486
jayamaalaa,Christian,0.5952680720909983
jayamma,Hindu,0.9624212280483214
jayanthee,Hindu,0.642051714363841
jayanti,Hindu,0.9379934120684839
jayapaal,Hindu,0.6754777304267909
jayapal,Hindu,0.9588032552433011
jayaprakaas,Christian,0.5670174746154587
jayaprakash,Hindu,0.7952499381928799
jayaraam,Hindu,0.9041982706701538
jayaraj,Hindu,0.965556377864555
jayaram,Hindu,0.9966076738398336
jayaraman,Hindu,0.996976030656658
jayashri,Hindu,0.9611887897236503
jayasimh,Hindu,0.7161247021758427
jayasree,Hindu,0.7917206128256407
jayasvaal,Christian,0.6679786274587789
jayasval,Hindu,0.8714738802808756
jayaveer,Hindu,0.9386600814670554
jayesha,Hindu,0.6124490564991072
jaykaran,Hindu,0.9851938457534082
jaynarayan,Hindu,0.8977656659681417
jaypal,Hindu,0.9777903311699484
jayprakash,Hindu,0.9320079264905253
jayshri,Hindu,0.8130125324104867
jaysingh,Sikh,0.5705136980444371
jayveer,Hindu,0.9018940495544269
jeenath,Hindu,0.9786204391933818
jeeraa,Hindu,0.6695034104034674
jeet,Hindu,0.6738709440416593
jeeth,Hindu,0.7357079082615023
jeethendr,Hindu,0.865386854027069
jeethoo,Hindu,0.7628577664720967
jeeva,Christian,0.8614737047208876
jeevan,Christian,0.658843197748608
jeganathan,Hindu,0.9868774496809198
jena,Hindu,0.9980058812487789
jetharam,Hindu,0.991257489816188
jethavaa,Hindu,0.7156915997787979
jha,Hindu,0.9003845934801643
jhhaa,Hindu,0.657783397762238
jhhaade,Hindu,0.8923228270873681
jhhaalaa,Hindu,0.5347950445355046
jhharanaa,Hindu,0.9800818638088609
jhhuni,Hindu,0.822504227270653
jhhunu,Hindu,0.6925876225627586
jignesh,Hindu,0.8974661168784551
jindal,Hindu,0.9535603187147486
jitender,Hindu,0.73974312483782
jitendra,Hindu,0.9481694818477933
jithemdr,Hindu,0.4803323487427317
jithendr,Hindu,0.7472363681973152
jiyalal,Hindu,0.9552063746911571
jnjaan,Hindu,0.6031294132800462
jnjaanamathee,Christian,0.9261881191589597
jnjaanavathee,Hindu,0.7778600065014508
jnjaanee,Muslim,0.6097068513092536
jnjaanthee,Hindu,0.540794836530975
jogadand,Hindu,0.9830880750031439
jogi,Hindu,0.8800946092253298
john,Christian,0.988333216932041
johnson,Christian,0.9963942148927185
johny,Muslim,0.8835135030469868
jokhan,Hindu,0.7255476039258562
jokhu,Hindu,0.8824536682049591
joogadamd,Hindu,0.93836245509762
joogee,Christian,0.5280695086429654
joogendr,Hindu,0.9212913023536957
joogiadar,Hindu,0.9590701165556009
joogindr,Hindu,0.7984100566915672
jooharaa,Hindu,0.7592961760105554
joolee,Muslim,0.6888155857900095
joosee,Christian,0.9942845666922876
jooshee,Christian,0.7203440843319251
joothee,Hindu,0.29167486502594364
jose,Christian,0.999998785395809
joseph,Christian,0.9999999735829239
joshi,Christian,0.7109513250587909
jothi,Hindu,0.7262149277598013
joy,Christian,0.7660280651224826
jubaidaa,Hindu,0.6418413678041758
jubedaa,Hindu,0.7471412356462408
juber,Hindu,0.8109819467556766
jugal,Hindu,0.8815178020448887
julee,Muslim,0.8765551605746084
julekhaa,Muslim,0.7624789818133872
jumma,Muslim,0.9957578103922261
jumman,Muslim,0.9750999534609666
jyoothi,Sikh,0.3698025986340363
jyothi,Hindu,0.6018516579401575
jyoti,Hindu,0.6588558012479082
jyotsana,Hindu,0.9435583525099928
kaahu,Hindu,0.9704226213887347
kaajal,Christian,0.6448148711187749
kaajee,Muslim,0.4677328320789151
kaajhhee,Hindu,0.5396753456797906
kaakade,Hindu,0.8343020772612504
kaalaa,Christian,0.6858032838715102
kaale,Hindu,0.4533414703210955
kaalee,Muslim,0.5727351694101567
kaaleecharan,Hindu,0.9198845286673331
kaaliaaa,Christian,0.7239923782551281
kaaloo,Christian,0.5329785642823264
kaalooraam,Christian,0.5502941037498187
kaalu,Hindu,0.5052947570425951
kaamanee,Hindu,0.38001077071792627
kaamathaa,Christian,0.9472015115145302
kaambale,Hindu,0.8862780002262998
kaamesvar,Hindu,0.6049627417558513
kaaminee,Hindu,0.44050757290293213
kaamta,Hindu,0.7872160003807593
kaamthaa,Hindu,0.5600973502656422
kaamthi,Hindu,0.8182736264209524
kaanaa,Christian,0.6316596315071813
kaanaaraam,Christian,0.5067174013757105
kaanade,Hindu,0.8410243486209428
kaanjchana,Hindu,0.9335164301862907
kaanthaa,Christian,0.717730449702079
kaanthee,Christian,0.5885347192456615
kaapase,Christian,0.6880758274925747
kaaramde,Hindu,0.9756933159368136
kaaree,Hindu,0.5352424808766105
kaaroo,Hindu,0.7068811979259205
kaarthik,Hindu,0.6361870588759577
kaasaar,Christian,0.7874076277268205
kaasee,Christian,0.9493933890659148
kaaseenaath,Christian,0.7321585489775289
kaaseeraam,Christian,0.647739779170875
kaashi,Hindu,0.5554364125430532
kaasi,Christian,0.8151609474876664
kaasim,Christian,0.7760267545058283
kaatakar,Hindu,0.8809099509722168
kaate,Hindu,0.8271052749284293
kaavale,Hindu,0.8797128182182589
kabir,Hindu,0.5726255423381347
kabithaa,Hindu,0.4484193989132517
kachare,Hindu,0.9567708681308252
kachhap,Hindu,0.8069263636187348
kadam,Hindu,0.9123069003272662
kadar,Hindu,0.8530431185172744
kadeeja,Muslim,0.7320581071462985
kader,Hindu,0.9690270853643654
kadir,Hindu,0.8908562056257536
kadoo,Hindu,0.8365593879434992
kadu,Hindu,0.9569119886419948
kaganaatha,Hindu,0.8695949553358049
kahar,Hindu,0.9719216840004311
kailaas,Christian,0.5111807486512575
kailaasee,Christian,0.7888850174246995
kailas,Hindu,0.9618385028872851
kailash,Hindu,0.9837425015530754
kailashchand,Hindu,0.9833431314506812
kailashchandra,Hindu,0.9868591743278559
kaisar,Hindu,0.901832450801653
kajal,Hindu,0.5767367940639018
kaji,Hindu,0.44487234637952633
kajod,Hindu,0.9443079086519865
kakade,Hindu,0.9457079839575931
kala,Hindu,0.9946795475663137
kalaa,Hindu,0.7042823503136617
kalaabaaee,Muslim,0.4000442958522924
kalaavathee,Hindu,0.58847615143255
kalam,Hindu,0.8889904868488911
kalavati,Hindu,0.9602303926938147
kale,Hindu,0.924538353199316
kaleem,Muslim,0.8788752751737842
kali,Hindu,0.82329729275195
kalicharan,Hindu,0.97135405438698
kalidas,Hindu,0.9441470388571087
kalim,Muslim,0.6582294065634484
kalimuthu,Hindu,0.9390743434262696
kalindi,Hindu,0.9863772978978308
kaliya,Hindu,0.9279984836618337
kaliyamurththi,Hindu,0.9609675189542914
kaliyan,Hindu,0.9731658006248428
kaliyaperumal,Hindu,0.9835741503867952
kaliyappan,Hindu,0.9946890727164072
kalla,Hindu,0.5813640543579597
kalloo,Hindu,0.42455100023671816
kallu,Hindu,0.8421271304584587
kalo,Hindu,0.9073052765811703
kaloo,Hindu,0.7268842694513497
kalpana,Hindu,0.9860342552869723
kalpanaa,Hindu,0.949433986210789
kalpesh,Hindu,0.8837824105878256
kalu,Hindu,0.8178045558611439
kaluram,Hindu,0.9896982532050655
kalusingh,Sikh,0.9042892477461529
kalyaan,Hindu,0.7465380331706822
kalyaanee,Hindu,0.5476469237906083
kalyan,Hindu,0.9790863597072809
kalyanasundaram,Hindu,0.9101209441873971
kalyani,Hindu,0.9790536581507653
kamal,Hindu,0.9641673592879443
kamalaa,Hindu,0.7512777747951357
kamalaabaaee,Hindu,0.4743639214962471
kamalaadevee,Hindu,0.8647024719558896
kamalaavathee,Hindu,0.6075790687116347
kamalajeeth,Hindu,0.9536182548618007
kamalasimh,Hindu,0.8351074571569844
kamalee,Muslim,0.5437529250423635
kamales,Hindu,0.847049550589339
kamalesh,Hindu,0.9428837712318849
kamalsingh,Hindu,0.5351676568505322
kamar,Hindu,0.928031601326461
kamaraj,Hindu,0.89745496289543
kamari,Hindu,0.8545388058810579
kamat,Hindu,0.9227394457208237
kamble,Hindu,0.8787173161184462
kamchan,Hindu,0.9968357670286746
kamila,Hindu,0.9083939395318232
kamla,Hindu,0.5880295009945532
kamlesh,Hindu,0.9597232812330428
kamruddin,Muslim,0.9994078189903844
kamti,Hindu,0.8692166126382467
kamu,Hindu,0.9694895518208523
kana,Hindu,0.9984105311745358
kanade,Hindu,0.9812658168393174
kanagaraj,Hindu,0.679648107396919
kanaka,Hindu,0.9919416978455587
kanakalathaa,Hindu,0.7397973980662309
kanaram,Hindu,0.9964331513675939
kanaujiya,Hindu,0.9952963783220071
kanchan,Hindu,0.6597549850848353
kandan,Hindu,0.999006444369291
kandasamy,Hindu,0.9998750482920521
kanhaiya,Hindu,0.9158702867561923
kanhaiyaa,Hindu,0.772151191264916
kanhaiyaalaal,Hindu,0.5514632939942762
kanhaiyalal,Hindu,0.9328272722995243
kani,Hindu,0.9705861733782845
kanji,Hindu,0.9454085415471488
kanku,Hindu,0.9846747494100994
kannaiyan,Hindu,0.9891187461305573
kannan,Hindu,0.9997180512350852
kannappan,Hindu,0.9972357860552322
kanniyappan,Hindu,0.992041795502915
kanojiya,Hindu,0.64513768392505
kanr,Hindu,0.9834779924322864
kanta,Hindu,0.9801501409187492
kanti,Hindu,0.9871261738627133
kantilal,Hindu,0.9900223101958049
kanu,Hindu,0.9713811396779696
kanwar,Hindu,0.962930812915307
kapil,Hindu,0.9399495031243386
kapila,Hindu,0.982473416271632
kapiladev,Hindu,0.993587994311572
kapoor,Hindu,0.9327514711933479
kapse,Hindu,0.5266056686513101
kar,Hindu,0.9686773746148221
kara,Hindu,0.9934878190860047
karaale,Hindu,0.8803180888046277
karale,Hindu,0.9542321260412889
karam,Hindu,0.8299068795824041
karamajeeth,Hindu,0.9899729881629714
karamali,Hindu,0.9972840031006777
karan,Hindu,0.9986801508263004
karanail,Hindu,0.9848787661897843
karanasimh,Hindu,0.9624295337587251
karande,Hindu,0.990466725945882
karansingh,Hindu,0.5019354425254297
karathaar,Hindu,0.948463515177416
kareem,Hindu,0.8592280864040397
karim,Muslim,0.5712662860861406
karm,Hindu,0.9974341023591534
karmakar,Hindu,0.9945743960254649
karn,Hindu,0.9167059247749347
karoonaa,Hindu,0.7340660084766559
karri,Hindu,0.914638647032096
karshana,Hindu,0.995740797935641
karthik,Hindu,0.8931509550677793
karthikeyan,Hindu,0.7664169162365683
karunaa,Christian,0.5441949998275948
karunakaran,Christian,0.7646670939280282
karunanidhi,Hindu,0.9563633274666351
karuppaiya,Hindu,0.9964807115157925
karuppan,Hindu,0.9989580063062058
karuppanan,Hindu,0.9991857019006555
karuppannan,Hindu,0.9995162026897956
karuppasami,Hindu,0.992811724036975
karuppusami,Hindu,0.9811814836493034
kasabe,Muslim,0.9917913512760631
kasam,Hindu,0.7936764342288576
kasameer,Muslim,0.9221027501972068
kasar,Hindu,0.6422522755644794
kashi,Hindu,0.9485104175495468
kashid,Hindu,0.7395904974298088
kashinath,Hindu,0.9882828133086347
kashiram,Buddhist,0.8207439674625273
kashyap,Hindu,0.9988851994847113
kasim,Muslim,0.8831602621110012
kasinathan,Hindu,0.9825327524444416
kasthooree,Hindu,0.5217488356412681
kasthuree,Hindu,0.7859285998741994
kataaraa,Hindu,0.7905300537943425
kate,Hindu,0.9935755558452785
kathirvel,Hindu,0.9834009214601018
katiyar,Hindu,0.7447898602520406
katkar,Hindu,0.966708753780373
katre,Hindu,0.9831449590175555
katta,Hindu,0.9927487361802616
kaur,Sikh,0.9998258155437161
kaushal,Hindu,0.8589754042121147
kaushik,Hindu,0.9223575560362581
kavade,Hindu,0.9443679802762626
kavalajeeth,Hindu,0.9718732676106284
kavale,Hindu,0.9605253366686798
kavi,Hindu,0.9255147553996893
kavita,Hindu,0.9895048682298054
kavitha,Hindu,0.9377394077278463
kavithaa,Hindu,0.807758605142868
kaynthi,Hindu,0.9610385381466834
kayyum,Hindu,0.7965648824141933
kazi,Muslim,0.9896806432259672
kedaar,Hindu,0.8467200984931227
kedar,Hindu,0.9950856404018963
keerthi,Hindu,0.7223428781925387
kelaa,Hindu,0.7029392184198452
kelaas,Christian,0.7037839591739755
kemdre,Hindu,0.5352867277558438
kena,Hindu,0.9944526862768976
kendre,Hindu,0.9733772015685145
kesaba,Hindu,0.6973453478747119
kesar,Hindu,0.9810728707606309
kesaree,Hindu,0.9111253054470979
kesari,Hindu,0.9523841521181406
kesav,Hindu,0.9940934071300508
kesavan,Hindu,0.9976142176896748
kesee,Christian,0.8940385255345605
keshari,Hindu,0.998106874878664
keshav,Hindu,0.9968656971347543
keval,Hindu,0.8538142169380339
kevat,Hindu,0.8405469062871228
kha,Muslim,0.9704870888538539
khaa,Muslim,0.8617276691389243
khaade,Hindu,0.7269348361495976
khaalid,Muslim,0.9146893531882345
khaamdekar,Hindu,0.5649686846707733
khaamt,Muslim,0.6879252203036132
khaan,Muslim,0.5754615212284813
khaateek,Muslim,0.5724773155406319
khaathoon,Hindu,0.7972326638825374
khaathun,Hindu,0.6985883725712557
khaatoon,Muslim,0.7966092617600004
khadar,Hindu,0.470584154156528
khadase,Hindu,0.9088136160735483
khade,Buddhist,0.7359785626379198
khadeeja,Muslim,0.9558693419640463
khadse,Hindu,0.5671131718578801
khairanaar,Hindu,0.9742794388885354
khairanar,Hindu,0.9925848864334037
khaire,Hindu,0.8908203618249942
khaleel,Muslim,0.8324712299841139
khalid,Muslim,0.7440705109784659
khalik,Muslim,0.8586310386979114
khalil,Muslim,0.7103901282335535
khamdaagale,Hindu,0.5657881511294752
khamdaare,Hindu,0.7740398921816825
khan,Muslim,0.9295131840395018
khanam,Hindu,0.9501806612975563
khanda,Hindu,0.9650669056751091
khandagale,Muslim,0.6150039863017939
khandare,Hindu,0.9692133370001272
khandekar,Buddhist,0.9790039887807377
khandelwal,Hindu,0.9898556392323871
khanna,Hindu,0.9998194438684244
kharaade,Hindu,0.9719011412268878
kharaath,Hindu,0.9703327410445656
kharade,Hindu,0.98417666112937
kharat,Hindu,0.9221566669568291
khare,Hindu,0.9968005655753559
kharwar,Hindu,0.9990062011668027
khathree,Hindu,0.888713726870922
khatik,Muslim,0.6643755742421252
khatri,Hindu,0.7981311100416472
khatrin,Hindu,0.8924896588267887
khatua,Muslim,0.6724038503567182
khatul,Muslim,0.7284421329272871
khatun,Muslim,0.9858325297610063
khedakar,Hindu,0.8787911876438554
khedekar,Buddhist,0.6435257604748261
khedkar,Hindu,0.9285876209799875
khelaavan,Hindu,0.9777063323531416
khem,Hindu,0.9580794917348153
khemchand,Hindu,0.9917321986249678
khetaram,Hindu,0.9970734670756384
kho,Hindu,0.8050941679322603
khobragade,Buddhist,0.9994095707330317
khon,Hindu,0.8964130773317937
khoobraagade,Hindu,0.8330671146280024
khooth,Hindu,0.7292580162859105
khot,Hindu,0.8385352153223252
khurseed,Hindu,0.6172607742528431
khursheed,Muslim,0.6495854772138385
khusaboo,Muslim,0.995443787117474
khusabu,Muslim,0.9933686507445968
khusanumaa,Hindu,0.8208844922838511
khusee,Muslim,0.9063047764491526
khushiram,Hindu,0.774254993319492
kiran,Hindu,0.9789073570848235
kisan,Hindu,0.9892956431574355
kisanaa,Hindu,0.980481221476486
kisanalaal,Hindu,0.9117696369174192
kishan,Hindu,0.9985794720859862
kishanaram,Hindu,0.9984556896871343
kishanlal,Hindu,0.9782682857909283
kishna,Hindu,0.9805059741453775
kishor,Hindu,0.8854411222853946
kishori,Hindu,0.9252725453130631
kishorilal,Hindu,0.9658570816800455
kishun,Hindu,0.9739598353707392
kisk,Muslim,0.7171450817033979
kisku,Hindu,0.6550976247762951
kisoor,Hindu,0.6962565365234746
kisooree,Hindu,0.6010502270180577
kisun,Hindu,0.945216306525305
koch,Christian,0.8937902844229975
kokare,Hindu,0.922569607891096
kokate,Hindu,0.8411201842539208
kokila,Hindu,0.48132617044015663
kol,Hindu,0.803335559446024
kole,Hindu,0.7637682256330761
kolekar,Hindu,0.8468582558155343
kolhe,Hindu,0.9285785109901725
koli,Hindu,0.6968955066394037
kolita,Hindu,0.982511020694579
komal,Christian,0.7873758866070455
komar,Christian,0.8191966927997735
konai,Hindu,0.6578142119751585
konda,Hindu,0.6886499651091463
kondamma,Hindu,0.6163100321183546
konyak,Christian,0.8117960236037349
kookaate,Hindu,0.7504565129359968
kookanee,Hindu,0.5508353455791684
kookare,Hindu,0.9697204271513074
koolee,Muslim,0.4946082153205885
koolekar,Hindu,0.6232844043880004
koolhe,Hindu,0.43967264886669755
koomal,Christian,0.91985571625527
koorade,Christian,0.4986175990576176
koore,Christian,0.5834413570980732
koosalyaa,Christian,0.9620031893491834
koothaaree,Christian,0.6814264584226453
kor,Hindu,0.5348643642201627
kora,Hindu,0.6368071289829902
korade,Hindu,0.7686552225981224
kore,Christian,0.5039121221958982
kori,Hindu,0.945790219230443
korra,Hindu,0.7496727890919802
kota,Hindu,0.9777374732830468
kotal,Hindu,0.9450392218557827
koteswararao,Hindu,0.7877163270131275
kothari,Hindu,0.5712249112453281
kousal,Muslim,0.4604408664900052
kousalaa,Christian,0.523771981181945
kousalyaa,Christian,0.5165353539202336
kousar,Muslim,0.46066339061329614
kousilyaa,Christian,0.7192274138533196
koya,Sikh,0.7609309241047467
koyal,Sikh,0.5818104823387494
kra,Hindu,0.992314189995128
kraanthi,Hindu,0.8848636125133675
kripaa,Hindu,0.7454221162174092
kripaal,Hindu,0.7613000412481895
krisan,Hindu,0.9881147923096598
krisanaa,Hindu,0.9673005704424849
krishan,Hindu,0.9981550587668271
krishn,Hindu,0.9561216841341312
krishna,Hindu,0.955513161025351
krishnaa,Hindu,0.7059050749857337
krishnaabaaee,Hindu,0.4574053791126755
krishnaavathee,Hindu,0.6046535085294107
krishnakumaar,Hindu,0.7508039387267499
krishnakumar,Hindu,0.8493710710364355
krishnamoorththi,Hindu,0.9569395108043477
krishnan,Hindu,0.974885191905487
krishnankutty,Hindu,0.9026812407860334
krishnapaal,Hindu,0.9053362520164375
krishnapal,Hindu,0.9813904763862539
krishnasamy,Hindu,0.9906483658128412
krishnaveni,Hindu,0.9111912639125084
ksheerasaagar,Hindu,0.5011286700838272
kshirasaagar,Hindu,0.6119877139200429
kshirasagar,Hindu,0.8291880832133036
kshirsagar,Hindu,0.8837420733248791
kuber,Jain,0.7598303027477528
kui,Hindu,0.6867397277206524
kujur,Hindu,0.825276782189482
kuladeep,Hindu,0.9858056030039368
kulajeeth,Hindu,0.9127798300880265
kulakanee,Hindu,0.7448460303707896
kulakani,Hindu,0.9502504110318447
kulakarnee,Hindu,0.8699305213564783
kulandaivel,Hindu,0.9940667342063955
kulavath,Hindu,0.9793619051047148
kulaviadar,Hindu,0.9849903943319509
kuldeep,Hindu,0.914522035554081
kulkarni,Hindu,0.8530087911094943
kumaar,Christian,0.5563799359760128
kumaaree,Christian,0.6448767350263758
kumaari,Hindu,0.5062561686037975
kumaavath,Hindu,0.5226985636876648
kumakum,Hindu,0.723322069677782
kumar,Hindu,0.7531114785415519
kumaran,Hindu,0.8451845189656988
kumarasamy,Hindu,0.9968930708431857
kumaravel,Hindu,0.9352922671365633
kumare,Hindu,0.9398054332092632
kumaresan,Hindu,0.9587767665217227
kumari,Christian,0.7149538620912294
kumavat,Hindu,0.9754758992030724
kumbara,Hindu,0.9801587828205551
kumbhaar,Hindu,0.827716067897404
kumbhar,Hindu,0.8113433108404261
kumbhare,Hindu,0.9269588012600721
kumdan,Hindu,0.8100565539799424
kumhar,Sikh,0.6542730362558663
kumthee,Hindu,0.5615044008822067
kumuda,Hindu,0.8808213930162108
kumudinee,Muslim,0.5572043537685699
kumvar,Hindu,0.7915722945329977
kunaal,Christian,0.4819224934254895
kundan,Hindu,0.9862223418571151
kundu,Hindu,0.9873178616183631
kuni,Hindu,0.8460405949077373
kunjan,Hindu,0.8594932536155854
kunjiraman,Hindu,0.9618480533608283
kunju,Hindu,0.49454835242580963
kunthalaa,Hindu,0.8113697400872621
kunthee,Hindu,0.5560001095228267
kunwar,Hindu,0.9739997339037925
kuppan,Hindu,0.9997178108250341
kuppusamy,Hindu,0.9986068810669821
kuraishi,Hindu,0.8048194681620823
kuresee,Christian,0.5903096655930369
kureshi,Muslim,0.965483054991577
kuriakose,Christian,0.9997884286977172
kurian,Christian,0.9997124772892575
kuru,Hindu,0.8451086418316467
kusam,Hindu,0.9165877078383322
kusamaa,Hindu,0.5867464413650426
kushwaha,Hindu,0.9999726742756692
kusum,Muslim,0.40208158198457106
kusumaa,Christian,0.7986395763329255
kusumalathaa,Christian,0.8807490988815392
kute,Hindu,0.8299778582634768
kuttan,Hindu,0.9964043866607288
kuttappan,Hindu,0.9998845028893691
kutti,Hindu,0.6991434169938147
kutty,Hindu,0.5027818401032723
kuvar,Hindu,0.5343181596461598
laabh,Hindu,0.5988337908248836
laad,Christian,0.5901314443280802
laadoo,Hindu,0.6793829872427579
laakhan,Hindu,0.6963941456807663
laal,Christian,0.7029372666022192
laalaa,Christian,0.8676783709151527
laalaaraam,Christian,0.780137920060185
laalabaaboo,Muslim,0.8104253133209596
laalabaabu,Muslim,0.6471961901030017
laalabahaadur,Hindu,0.9132810326389241
laalachand,Hindu,0.9692353393676781
laalajee,Hindu,0.4047302876222678
laalaman,Hindu,0.6019511180726327
laalamanee,Christian,0.4137391521815655
laalamathee,Christian,0.9505651743316038
laalamunee,Hindu,0.7269901762604117
laalaraam,Christian,0.5470494445826821
laalasaa,Christian,0.9528084415347021
laalasimh,Christian,0.7504947343749052
laalathaa,Christian,0.9612763527236282
laalathee,Christian,0.8001690653283632
laalbahadur,Hindu,0.8756205885117838
laalchand,Hindu,0.9041348583257929
laalee,Christian,0.6308691890053063
laaloo,Christian,0.8175507351585781
laalta,Hindu,0.45440669243113563
laalu,Christian,0.5481660111296518
laamdage,Hindu,0.5251883547577566
laamde,Hindu,0.8089714409868152
laamjevaar,Christian,0.8806265611347416
labhu,Hindu,0.9863896230301888
lachhaman,Hindu,0.8376242970343754
lad,Hindu,0.9980174454332409
ladoo,Hindu,0.938871085729657
laduram,Hindu,0.9959456752936646
laha,Hindu,0.7583933122434956
laishram,Hindu,0.9977069325226469
lakda,Hindu,0.8888937121619489
lakhan,Hindu,0.9703370269772041
lakhanlal,Hindu,0.9594020088971322
lakhaveer,Hindu,0.699444984000693
lakhaviadar,Hindu,0.9726546747700198
lakhee,Hindu,0.5347688046928902
lakkar,Hindu,0.544343011078746
lakra,Hindu,0.9880211075336361
lakshaman,Hindu,0.9507542861874979
lakshara,Hindu,0.9949138708079103
lakshhmana,Hindu,0.9578049878561313
lakshhmi,Hindu,0.8110217627265799
lakshhmibaayi,Hindu,0.8134589414768144
lakshmamma,Hindu,0.9067324616711854
lakshman,Hindu,0.9910168121769245
lakshmanan,Hindu,0.9977996795215811
lakshmansingh,Hindu,0.7258137237578646
lakshmee,Hindu,0.8041049800916549
lakshmeebaaee,Hindu,0.4386733602498985
lakshmeedevee,Hindu,0.8847642377147715
lakshmeedhara,Hindu,0.9816378860862978
lakshmeenaa,Hindu,0.9255504938911588
lakshmeenaaraayan,Hindu,0.9025393434019449
lakshmeepriaa,Hindu,0.5522910084528352
lakshmi,Hindu,0.8524672457401464
lakshmibai,Hindu,0.9217866480687437
lakshmidevi,Hindu,0.9187406263202184
lakshminarayan,Hindu,0.9049656239439228
lal,Hindu,0.9959597556609264
lala,Hindu,0.99227123965179
lalallan,Hindu,0.9361871019838122
lalallu,Hindu,0.9260038303767564
lalan,Hindu,0.9960393931892387
lalathaa,Christian,0.7798526947162138
laleethaa,Hindu,0.5212630890958911
lali,Christian,0.5939872469325941
lalita,Hindu,0.9496526792422187
lalith,Hindu,0.7034129939580374
lalithaa,Hindu,0.5815192889787979
lalji,Hindu,0.8891667196390892
lallan,Hindu,0.9584082350154477
lalloo,Hindu,0.6426396545543245
lallu,Hindu,0.9556778917333336
lalman,Hindu,0.9290508144993052
lalmani,Hindu,0.8977939276546356
lalsingh,Sikh,0.9009560943770746
lalu,Hindu,0.941834500287898
lama,Hindu,0.9302294871108923
lamani,Hindu,0.5452431457122922
landage,Hindu,0.6452406495879249
lande,Hindu,0.9879626509377786
lanjevar,Hindu,0.9246738532040505
lata,Hindu,0.9963532259250126
latha,Christian,0.653697439438021
lathaa,Christian,0.8917224946448302
latheef,Muslim,0.8190070684594719
latif,Muslim,0.9922010355521378
lavakus,Hindu,0.7768158400322173
lavanya,Hindu,0.8922193755314413
laxmi,Hindu,0.9256811147504799
layek,Christian,0.5306479358050014
leela,Hindu,0.5613847171895108
leelaa,Christian,0.7805760695450227
leelaabaaee,Christian,0.5716644753875942
leelaavathee,Christian,0.7520580424217097
leelamma,Christian,0.8587772461049915
lekh,Muslim,0.912306278035777
lekharaaj,Hindu,0.9286886161793656
lekhraj,Hindu,0.952280541253429
lenka,Hindu,0.967359816836323
lepcha,Hindu,0.6516508505067359
let,Hindu,0.8311130268971757
letchmanan,Hindu,0.9549527578016274
lila,Hindu,0.7235093007613742
lilaavathee,Christian,0.7571853426618556
liladhar,Hindu,0.9939308046984612
linga,Hindu,0.9163418260649555
lingamu,Hindu,0.9659776358362546
liyaakath,Christian,0.704834187766708
liyakat,Muslim,0.9010813063822758
lodhi,Hindu,0.9741475859579324
lohar,Hindu,0.969800628147671
lohra,Hindu,0.9149064844990279
lokanathan,Hindu,0.9858228705874692
lokesh,Hindu,0.9777926291085414
lokhande,Hindu,0.9659735332507109
londhe,Hindu,0.6987084938284719
loohaar,Christian,0.7917654727984559
lookanaatha,Hindu,0.7419268572676824
lookendr,Hindu,0.9174274418844159
lookes,Hindu,0.7102787652135696
lookhamde,Hindu,0.7419407023087998
loomdhe,Hindu,0.6509698946877532
loskor,Christian,0.9548459016693585
lyngdoh,Hindu,0.7714342690471785
maa,Christian,0.9602530007326696
maachhee,Christian,0.4407316148500309
maadasami,Hindu,0.9845989208463224
maadhaba,Hindu,0.9696131669074569
maadhabee,Hindu,0.6699111472486224
maadhav,Hindu,0.942971922549751
maadhuree,Hindu,0.9022890456702248
maakhan,Hindu,0.6755958126116204
maalaa,Christian,0.9135216759425191
maalathee,Christian,0.8004839909078794
maalee,Christian,0.6331802527851613
maamdavakar,Hindu,0.9017479906306478
maamgee,Christian,0.9857493174087374
maamgeelaal,Christian,0.9690510479971564
maan,Christian,0.8189503419679552
maanaa,Christian,0.8398402687828876
maanakar,Hindu,0.8294823499247445
maanasa,Christian,0.6980034322030827
maanasee,Christian,0.903239738195569
maanasimh,Christian,0.6276429485591964
maanathee,Hindu,0.7600441729415554
maane,Christian,0.7327890740222258
maangilal,Hindu,0.9289469510853499
maanik,Christian,0.503208638941238
maari,Christian,0.5205611587609881
maaruthi,Christian,0.5457834782796991
maasilamani,Christian,0.9339978585796143
maatadeen,Hindu,0.9284995903587346
maathaa,Christian,0.9266018618606614
maathaiyan,Christian,0.5987070022903928
maayaa,Christian,0.8217274621736399
maayaabaaee,Christian,0.8176817410936088
maayaadevee,Christian,0.5758583022445308
maayaavathee,Christian,0.780609211560762
madaavee,Hindu,0.7749330851162399
madan,Hindu,0.9835810155442094
madanalaal,Hindu,0.7594499072383807
madane,Hindu,0.7605871359478076
madanlal,Hindu,0.948130335088193
madara,Hindu,0.9868943351029789
madavi,Hindu,0.977323301089499
madeenaa,Hindu,0.5790862982337197
madhav,Hindu,0.9992277089937949
madhavan,Hindu,0.9993303097972006
madhavi,Hindu,0.9920852324135064
madhoo,Hindu,0.9658154171710859
madhu,Hindu,0.9477162223858019
madhubaalaa,Hindu,0.7766094793006612
madhukar,Hindu,0.7051713790781
madhusoodana,Hindu,0.8411870306663263
magan,Hindu,0.9504803173079306
magar,Hindu,0.8842822300636686
magdum,Hindu,0.8944900568966102
magul,Hindu,0.7057868642353954
maha,Hindu,0.9987976688275106
mahaa,Hindu,0.9540981126415277
mahaabeer,Muslim,0.9002392333921154
mahaadeek,Hindu,0.7303483677790636
mahaadev,Hindu,0.9911548210604055
mahaadevi,Hindu,0.9938068684164671
mahaajan,Hindu,0.8316114238278766
mahaale,Hindu,0.8904463338636621
mahaaveer,Hindu,0.9816701351197386
mahabir,Hindu,0.9877164790379165
mahaboob,Muslim,0.9440209035530946
mahadev,Hindu,0.9005060184108682
mahadevan,Hindu,0.9812713588145672
mahadik,Hindu,0.9024535221682953
mahah,Hindu,0.9293557174502692
mahajan,Hindu,0.8253255916534982
mahakuda,Hindu,0.985229947462652
mahakura,Hindu,0.9963120638287822
mahalakshmi,Hindu,0.8040007746732477
mahaldar,Hindu,0.9996384090869264
mahale,Hindu,0.9978166329991809
mahali,Hindu,0.9986192037672095
mahalingam,Hindu,0.9983071930872872
mahamad,Muslim,0.9951482436783172
mahammad,Muslim,0.7240319452993143
mahamood,Muslim,0.8631912391065575
mahana,Hindu,0.9955927400764069
mahananda,Hindu,0.9972046279876806
mahanta,Hindu,0.992759411733466
mahapat,Hindu,0.9951032898217338
mahapatra,Hindu,0.9982656391547948
mahara,Hindu,0.9996089596448577
maharaj,Hindu,0.9987294983659124
maharana,Hindu,0.999491508332065
mahat,Hindu,0.9998947143645761
mahathaab,Hindu,0.9683006192664203
mahato,Hindu,0.9999531178266489
mahaveer,Hindu,0.9728288781112577
mahboob,Muslim,0.9530029886567472
mahebub,Muslim,0.6887555814585626
maheepaal,Hindu,0.8139629774566756
mahemdr,Hindu,0.6071133064752604
mahendiran,Hindu,0.9971431222707775
mahendr,Hindu,0.9777605369843778
mahendra,Hindu,0.9922875219156023
mahendrakumar,Hindu,0.9691943475261784
mahendrasimh,Hindu,0.971222274623679
mahes,Hindu,0.9668550475299774
mahesbara,Hindu,0.9887001421060394
mahesh,Hindu,0.9958644183445813
maheshkumar,Hindu,0.973639423648317
maheshwari,Hindu,0.9987211275954404
mahesvar,Hindu,0.9461685369482701
mahesvaree,Hindu,0.680840635675744
mahethaa,Hindu,0.8817182148974858
mahiadar,Hindu,0.9604467620074331
mahimaa,Hindu,0.7119971918464677
mahipaal,Hindu,0.9200068700014047
mahipal,Hindu,0.9800615638721614
mahli,Hindu,0.6408416891097779
mahmad,Muslim,0.9977219305463575
mahmood,Muslim,0.83354106641463
mainaa,Hindu,0.5447304233553797
maiti,Hindu,0.885765757709078
majeed,Muslim,0.9430276170862181
majhi,Hindu,0.9702646333050216
maji,Buddhist,0.8506292913478176
majid,Muslim,0.8436447137087024
majumdar,Muslim,0.6005624351333457
makavaanaa,Christian,0.5135116337204425
makbul,Muslim,0.8724774317973146
makhan,Hindu,0.921115631554689
maksud,Muslim,0.5615826255810489
mal,Hindu,0.9817169920470414
mala,Hindu,0.9884722824074819
malakar,Hindu,0.9792416873543971
malakeeth,Hindu,0.7497325270901958
malakhaan,Hindu,0.9638109776939966
malaram,Hindu,0.9910845784326939
malek,Muslim,0.8610006193313734
malhotra,Hindu,0.9434841746312327
mali,Hindu,0.8887981310912478
malik,Muslim,0.837390651519781
malkhan,Hindu,0.574460982466271
mallamma,Hindu,0.9438434455122713
mallappa,Hindu,0.8970939781538829
mallavva,Hindu,0.9709513904598602
mallayya,Hindu,0.7208779324666534
mallik,Muslim,0.8100828734017937
mallikaarjuna,Hindu,0.8325566256799893
malviya,Hindu,0.6960815017036863
mamata,Hindu,0.8058727673119751
mamathaa,Christian,0.9239723593587548
mamathaabaaee,Christian,0.8467057166297071
mamdal,Muslim,0.8313400917989764
mamgal,Hindu,0.540221539184977
mamgalaa,Hindu,0.5260859603211223
mamgalee,Muslim,0.6442118168673548
mamidi,Hindu,0.5301607264881706
mamjeeth,Hindu,0.7300342922047042
mamjoo,Muslim,0.7639706414553245
mamjoodevee,Hindu,0.8553332934623163
mamju,Muslim,0.9413503258565913
mamjulaa,Muslim,0.8033034081383666
mamjunaathha,Hindu,0.5747360936178062
mamsaa,Muslim,0.783943418608749
mamta,Hindu,0.6915307117047315
man,Hindu,0.9911712359861479
mana,Hindu,0.9972184113853375
manabhar,Hindu,0.9728081271512276
manadeep,Hindu,0.9724468216397246
manajeeth,Hindu,0.9000059058715489
manajiadar,Hindu,0.984718110267
manakar,Hindu,0.9914220060991057
manal,Hindu,0.8530404422509771
manamoohan,Hindu,0.9447415021902323
manapreeth,Hindu,0.6793655669557591
manaram,Hindu,0.9957674273941765
mandal,Hindu,0.9591440309834153
mandavakar,Hindu,0.9857499378329475
mandi,Hindu,0.9996667780647096
mane,Hindu,0.5458851774848581
manee,Muslim,0.4772433144146651
maneeraam,Hindu,0.6965316710799337
manees,Christian,0.554097547083237
maneesh,Hindu,0.513782593825729
maneeshaa,Christian,0.4626929352149927
manga,Hindu,0.9872646825789654
mangal,Hindu,0.8815408534945194
mangalaram,Hindu,0.9266312788830838
mangaru,Hindu,0.6438675377692318
manghu,Hindu,0.9840284167621357
mangi,Hindu,0.9961342151731597
mangla,Hindu,0.9842876894320067
mangu,Hindu,0.9952125658458134
mani,Hindu,0.7784664696761198
manik,Hindu,0.9621983434522389
manikandan,Hindu,0.9764558709668735
manikkam,Hindu,0.8433122582187919
manilal,Hindu,0.9505571403070698
maniram,Hindu,0.9917775608975643
manish,Hindu,0.7305871579540799
manisha,Hindu,0.7818692092052134
manishaa,Hindu,0.6014910466467338
manivannan,Hindu,0.9627586064717458
maniyan,Hindu,0.6594116354941337
maniyar,Hindu,0.7524160289796953
manjhi,Hindu,0.9835203446600332
manjjalathaa,Christian,0.5617879040264809
manjoo,Hindu,0.6534671800222827
manju,Hindu,0.7263930581764736
manjula,Hindu,0.8783791234051451
manjur,Hindu,0.6339158245738961
manna,Hindu,0.9062806995859828
mannan,Hindu,0.9852031719104892
mannee,Christian,0.569940444199101
manohar,Hindu,0.9164832456499122
manoharan,Hindu,0.953086903171325
manoharlal,Hindu,0.8601907701054773
manoj,Christian,0.7055161883747811
manojkumar,Christian,0.709318755593356
manoohar,Hindu,0.7510452238614351
manooj,Muslim,0.43793643542650323
manoojakumaar,Christian,0.4445873784678193
manooka,Hindu,0.7425814092441934
manooramaa,Hindu,0.6362545809645287
manooranjjana,Hindu,0.8574371385699996
manphool,Hindu,0.8502748498074504
mansharaam,Hindu,0.9157713746226719
mansoori,Muslim,0.8856228955881439
mansukh,Hindu,0.8530826557642197
mansur,Hindu,0.7351701253232128
mansuree,Hindu,0.5005954463485695
mansuri,Hindu,0.5520939288356776
mantala,Hindu,0.9864842408330212
mantri,Hindu,0.9855187577226464
manu,Hindu,0.5191089420434118
mar,Hindu,0.9435295938114056
maraathe,Christian,0.8006140880670957
maradi,Hindu,0.9671014772818766
marak,Hindu,0.9142295127469213
maran,Hindu,0.7322562570771599
marandi,Hindu,0.9543842430421562
marathe,Hindu,0.7599808925195443
mardi,Hindu,0.9352664045843725
mari,Hindu,0.5928377141430877
mariamma,Christian,0.9912680014895232
marimuthu,Hindu,0.9991325629284525
mariyam,Christian,0.5902486062837562
mariyamma,Christian,0.857840417737443
mariyappan,Hindu,0.9975399715933209
maruthamuthu,Hindu,0.9766432114815273
maruti,Hindu,0.9266826601476643
mary,Christian,0.8022388606850772
maseeh,Christian,0.7116224035919902
maske,Hindu,0.7682419809042792
mastan,Hindu,0.44711278610392996
mate,Hindu,0.9363742406050861
mathai,Christian,0.9990059359068865
mathapati,Hindu,0.6620514736375717
mathe,Christian,0.9978089012548695
mathew,Christian,0.9999609716634613
mathiyazhagan,Hindu,0.9087896221234011
mathura,Hindu,0.9980464567794453
mathuraa,Hindu,0.9905269487380286
mati,Christian,0.6150848174325042
matta,Hindu,0.9856292463726215
mau,Hindu,0.8795896319157994
maurya,Hindu,0.9923591399172471
maya,Hindu,0.8357666047181199
mayamk,Hindu,0.8997994167647693
mayaram,Hindu,0.9937239090731163
mayilsami,Hindu,0.574332083355094
md,Muslim,0.9972071038949234
meena,Hindu,0.9637342102979797
meenaa,Hindu,0.8467940546248975
meenaadevee,Hindu,0.9306253379365862
meenaakshee,Hindu,0.5404505154225986
meenakshi,Hindu,0.9661721684064779
meenoo,Muslim,0.8394940254712431
meenu,Muslim,0.5609650728540553
meer,Muslim,0.9678200884024158
meeraa,Muslim,0.6952586634345934
meeraabaaee,Muslim,0.8511813271601208
meeraadevee,Hindu,0.8779832946148736
meghaa,Hindu,0.9732141731096403
mehar,Hindu,0.8286506726114994
meharoon,Hindu,0.7184554069623551
mehathaa,Hindu,0.756151563965562
meher,Hindu,0.9434508451996079
mehra,Hindu,0.9507269968890538
mehta,Jain,0.9057794673162638
mejar,Hindu,0.5238009486611739
mekala,Hindu,0.9290041787759667
mekoo,Christian,0.734771928464396
meman,Hindu,0.6015437000479096
menakaa,Hindu,0.8831337279121462
menon,Hindu,0.9134495331836033
mer,Hindu,0.9466309307519915
meraaj,Hindu,0.7536327968847317
meri,Hindu,0.9156698449750578
meshram,Buddhist,0.9812720005607845
mesraam,Hindu,0.618635965532326
mesthree,Hindu,0.7780404090480834
mestri,Hindu,0.8044055020901494
mete,Hindu,0.904982781938908
mevaa,Christian,0.9198767416318763
mevaalaal,Christian,0.8891032415382769
mewalal,Hindu,0.9534696062903507
mewaram,Hindu,0.9925310863576099
mhaathre,Hindu,0.9249349752887102
mhaske,Hindu,0.45957996433138737
mhatre,Hindu,0.9778733601909313
mia,Hindu,0.7535359445386776
mian,Hindu,0.613826977226007
midya,Hindu,0.7354467283967756
milan,Hindu,0.9312950735598675
mina,Hindu,0.771784462839813
minaa,Christian,0.4181296829681233
minaakshee,Muslim,0.37270953438394455
minakshi,Hindu,0.8512656151027174
minathee,Hindu,0.9254917424519431
mini,Christian,0.8290306361307326
minj,Muslim,0.6973702087908525
minya,Hindu,0.5228770601472168
mir,Muslim,0.8382129915432828
mira,Hindu,0.6315012922343183
mirdha,Hindu,0.9825286025883453
misaal,Hindu,0.4527109339229311
misal,Hindu,0.778634255964387
mishra,Hindu,0.9953098947943073
mishri,Hindu,0.9588098541843127
mishrilal,Hindu,0.9834798996059433
misraa,Hindu,0.594257583020567
misree,Hindu,0.8764199125813387
misreelaal,Hindu,0.7324150578925396
misthree,Hindu,0.9144583666256222
mistri,Hindu,0.9782469248007771
mithaa,Christian,0.466209445971662
mithales,Hindu,0.8393437601275876
mithiles,Christian,0.5106777995485239
mithun,Muslim,0.4990803390961279
mitra,Hindu,0.9649427441507956
mittal,Hindu,0.9273245418834093
mivi,Hindu,0.7249458968688071
miya,Muslim,0.9967350248471712
miyan,Muslim,0.9671812135213514
mobin,Hindu,0.7707724372002112
mochi,Hindu,0.9133069139075409
modak,Hindu,0.8861991450874055
modi,Muslim,0.35623443499371465
mogan,Hindu,0.9526285769367036
mohamed,Muslim,0.8537138273550257
mohammad,Sikh,0.801818549435955
mohammed,Muslim,0.8891454691412127
mohan,Hindu,0.8889107259296947
mohanan,Hindu,0.992617348030507
mohanlaal,Christian,0.5098135144292532
mohanraj,Hindu,0.9573261504311297
mohanram,Hindu,0.9777534292524044
mohansingh,Sikh,0.6694752254817892
mohanty,Hindu,0.9684513095552562
mohd,Muslim,0.5539013533847713
mohite,Hindu,0.9171802742644118
moideen,Muslim,0.8547593491283471
moidu,Muslim,0.70555271669926
moirangthem,Hindu,0.9643059205891163
mol,Muslim,0.8948387629684178
molla,Muslim,0.9876994793074859
molya,Hindu,0.755377534664787
momin,Muslim,0.956921763769069
mondal,Hindu,0.7897540060388222
monika,Hindu,0.8621486516858515
moo,Sikh,0.729257250026607
moodee,Muslim,0.7020154703176653
moohamad,Muslim,0.950824844609958
moohammad,Sikh,0.9076731935437311
moohan,Hindu,0.7726952982554186
moohanalaal,Christian,0.5099225057131086
moohanasimh,Hindu,0.7947426474996115
moohanee,Hindu,0.4144627330966107
moohar,Hindu,0.7917684429103203
mooheethe,Hindu,0.5102151934613801
moohinee,Hindu,0.5753648923244737
moohith,Hindu,0.649194410689641
moohithe,Hindu,0.5931588702767427
mookkan,Hindu,0.9087586775645422
mool,Muslim,0.6505304571984795
moolachand,Hindu,0.9863955732960626
moolchand,Hindu,0.9777402616545469
moolchandra,Hindu,0.9831991732571352
moolee,Muslim,0.772801477413679
moomeen,Muslim,0.6131495537290336
moominaa,Muslim,0.3734204804586855
moonaa,Christian,0.5799468466331851
moonaalisaa,Christian,0.6387529498131067
moonee,Muslim,0.49979248601832493
moonikaa,Hindu,0.5855074760702912
moonoo,Muslim,0.5579334543097793
moore,Hindu,0.6095076631375316
mooree,Muslim,0.5309659910145695
moorthi,Hindu,0.9364405964003414
mooryaa,Hindu,0.6583655679525547
moosa,Sikh,0.9369700029948508
moote,Hindu,0.449622029539292
moothee,Sikh,0.46849864435802085
mootheelaal,Hindu,0.5359989759457452
more,Hindu,0.9567023336860752
morya,Hindu,0.9391180839466762
mote,Hindu,0.8759677618689053
moti,Hindu,0.9582442538383107
motilal,Hindu,0.9568552679487561
motiram,Hindu,0.5992142083106238
mou,Muslim,0.5777323422078119
mouhammad,Muslim,0.5305453426763901
mubaarak,Hindu,0.779734055408876
mubarak,Muslim,0.715011594928206
mudi,Hindu,0.8239259949191535
muduli,Muslim,0.49092221890947435
mugamadu,Hindu,0.9311949791989663
muhammad,Muslim,0.503908625306893
muhammadali,Muslim,0.8985765501794971
muhammed,Muslim,0.8240892204983766
mujaavar,Hindu,0.759462787673826
mujavar,Muslim,0.6381592306857141
mukes,Hindu,0.9722488438979855
mukesakumaar,Hindu,0.7877765857027343
mukesh,Hindu,0.994604854237444
mukhajee,Muslim,0.6237768914829904
mukhajjee,Muslim,0.5387749814780469
mukhathiaar,Hindu,0.9144094404221695
mukherjee,Hindu,0.9951432074945462
mukhi,Hindu,0.7613011648955512
mukhiya,Hindu,0.5889926982029928
mukhopadhyay,Hindu,0.9983852370049078
mukhtar,Hindu,0.5113977484951656
mukhthaar,Hindu,0.615779022877274
mukta,Hindu,0.7860846308152141
mukthaa,Hindu,0.6861122810330217
mukul,Hindu,0.9475558873069133
mula,Hindu,0.9601685581938958
mulaanee,Muslim,0.38115173829315574
mulani,Hindu,0.9115788217721784
mularaam,Hindu,0.9081563188640709
mule,Hindu,0.8582833669351055
mulik,Muslim,0.6485938202606055
mulla,Muslim,0.9858099271283794
mullaa,Muslim,0.863301653699494
mumathaaj,Christian,0.9160322201648965
mumde,Hindu,0.6490686502527518
mumdhe,Hindu,0.7534484225012359
mumsee,Christian,0.42136342253161674
mumtaj,Muslim,0.8905312048071665
munaa,Hindu,0.614067286034907
munda,Hindu,0.9998341665542988
munde,Hindu,0.9959892392144928
mundhe,Hindu,0.9962463758578968
munee,Hindu,0.5661152187787135
muneer,Hindu,0.5527454042462312
munees,Hindu,0.5617403213420054
munes,Hindu,0.9616645420207153
munesvar,Hindu,0.9581021946188819
muni,Hindu,0.9729094528681002
munir,Hindu,0.8195007942970116
munisamy,Hindu,0.9774674155066321
muniyaa,Hindu,0.9382584015383435
muniyan,Hindu,0.9937813618303822
muniyandi,Hindu,0.9990331775266944
muniyappan,Hindu,0.9986925072214913
muniyasamy,Hindu,0.9895044308517342
munna,Hindu,0.9215235368987315
munnaa,Hindu,0.5586213100394322
munnaalaal,Muslim,0.3704072484360739
munnalal,Hindu,0.820263190808168
munnee,Muslim,0.5509073620853963
munneebaaee,Muslim,0.6391722113964754
munneedevee,Hindu,0.7841798537962369
munneelaal,Hindu,0.5929889192390341
munni,Hindu,0.7754100884437172
munnilal,Hindu,0.9705263873147361
munnu,Hindu,0.8605464914956464
munsee,Hindu,0.36998305692827743
munshi,Hindu,0.8245468353716567
munshilal,Hindu,0.9560140225993878
munta,Hindu,0.9490602330370191
munusamy,Hindu,0.996264789160485
mur,Hindu,0.9996474141541316
mura,Hindu,0.9999496858067464
muraaree,Hindu,0.958876541482892
muraarilal,Hindu,0.9940590256829174
muraleedhar,Hindu,0.9638456053819102
murali,Hindu,0.9674146761841916
murat,Hindu,0.9997996427928587
murilidhar,Hindu,0.846486605234762
murli,Hindu,0.9785640721108458
murma,Hindu,0.9940107772399631
murmoo,Hindu,0.9134272623842311
murmu,Hindu,0.5192416512906689
murt,Hindu,0.9976592094853153
murugaanandham,Hindu,0.9988346924448682
murugaiyan,Hindu,0.9987756172913843
murugan,Hindu,0.9999810231333527
murugesan,Hindu,0.996832606765374
musa,Muslim,0.6916668908003921
musahar,Hindu,0.6007967482851303
muslim,Muslim,0.950219070563776
mustafa,Muslim,0.9996825900618462
mustak,Muslim,0.9811635649569802
mustaqim,Muslim,0.9846161832209627
musthaak,Muslim,0.49446590101229787
musthafa,Muslim,0.9935347616385077
musthakeem,Muslim,0.8986276007801307
musthaphaa,Christian,0.5626646797185514
muthu,Hindu,0.817304080859979
muthuchchaami,Hindu,0.5145365256497446
muthukrishnan,Hindu,0.9307265984994368
muthukumar,Hindu,0.8752149523348363
muthusamy,Christian,0.6830721393193966
mutthaiah,Hindu,0.9915318009948025
naadaar,Hindu,0.5944273815024881
naaeek,Christian,0.7907070117931542
naagappa,Christian,0.7249673972352846
naagapure,Christian,0.5346269153058466
naagare,Christian,0.7013594452327945
naagendr,Hindu,0.7125815363982103
naagesvar,Christian,0.8405637851263095
naajamaa,Christian,0.9520191985962758
naajareen,Christian,0.7641130713111846
naajim,Christian,0.3993621757530809
naajiyaa,Christian,0.5612889991372769
naaraayan,Hindu,0.5828268898158724
naaraayanee,Christian,0.5464669454391742
naaraayna,Hindu,0.5631950042522291
naasir,Christian,0.9747939869988247
naath,Hindu,0.5555368586892193
naathee,Christian,0.742564693450419
naathoo,Hindu,0.6910709585922299
naayak,Hindu,0.8820646941754835
naayakaa,Hindu,0.699143879534475
naayar,Hindu,0.6633785489828745
nabeesa,Muslim,0.9573271087366922
nabi,Muslim,0.5766907361903054
nachhathar,Hindu,0.6729730850731279
nachimuthu,Hindu,0.9629570192003712
nadaaph,Christian,0.6416635477533462
nadaf,Muslim,0.9673273875482277
nadapha,Hindu,0.8201358421295917
nadar,Hindu,0.9071206649164941
nadeem,Hindu,0.6667012247311928
nadesan,Hindu,0.9985003377571624
naeem,Muslim,0.7787216783590338
naeka,Hindu,0.7217054477326733
nafees,Muslim,0.8303988318373452
nafeesa,Muslim,0.7482146636675086
nag,Hindu,0.9994832368468829
naga,Hindu,0.98954209741077
nagalakshmi,Hindu,0.9027971434515011
nagamaa,Hindu,0.5353596407083462
nagamani,Christian,0.8644691658737432
nagamma,Hindu,0.842152341420391
naganna,Hindu,0.9793764527657568
nagappa,Hindu,0.8060591780919681
nagappan,Hindu,0.9787329900569856
nagar,Hindu,0.9866256662310114
nagaraj,Hindu,0.7763074821701142
nagarajan,Hindu,0.9167174658030132
nagaraju,Hindu,0.7105136109639416
nagare,Hindu,0.9678710659749863
nagaswararao,Hindu,0.8893982608334702
nageenaa,Hindu,0.6793939038472868
nagendra,Hindu,0.9818894937527011
nagesh,Hindu,0.945400157437712
nageswara,Hindu,0.8886332828142862
nagina,Hindu,0.9731422763982803
nagji,Hindu,0.9484275693087509
nagpure,Hindu,0.9983806912820663
nahaka,Hindu,0.9974320102651236
naidu,Hindu,0.9912662376477978
naik,Hindu,0.9993163192551652
nainaa,Hindu,0.7907588591130268
nair,Hindu,0.999547809919515
naiya,Hindu,0.9963379894605373
najamaa,Christian,0.4819245144753567
najeer,Muslim,0.6132460303763113
najir,Muslim,0.5178849805497105
nakka,Hindu,0.8428800748220313
nakkar,Hindu,0.7099741799837774
nakshar,Hindu,0.9600644713501246
nakul,Hindu,0.9573826832570819
nakum,Hindu,0.883262592425257
nalaavade,Hindu,0.6458289242525662
nalavade,Hindu,0.9011107444020855
nalini,Hindu,0.7035225217622803
nallathambi,Christian,0.993366986297696
nambaru,Hindu,0.9767409369827862
namd,Hindu,0.8839889251828095
namdakisoor,Hindu,0.7152301374764963
namdalaal,Hindu,0.68416148834707
namdev,Hindu,0.9855343745591255
namithaa,Hindu,0.5779491026639395
nana,Hindu,0.9996474284202511
nanakee,Hindu,0.9549673674790101
nanandalaal,Hindu,0.9935959065751241
nanavare,Hindu,0.9855273338993742
nand,Hindu,0.9991964748473947
nanda,Hindu,0.9998647519323829
nandakishor,Hindu,0.9840704886139212
nandakisoor,Hindu,0.9627391078676149
nandakumar,Hindu,0.9451804044876007
nandalaal,Hindu,0.9833017812201834
nandalal,Hindu,0.9868252568979312
nandan,Hindu,0.9997456869852354
nandaram,Hindu,0.9988137319201369
nandi,Hindu,0.9999440587952968
nandinee,Hindu,0.9824343989140879
nandkishor,Hindu,0.657062708603357
nandlal,Hindu,0.9932627090782788
nandoo,Hindu,0.9816066252154866
nandu,Hindu,0.9986500500212554
nanh,Hindu,0.9896476357329892
nanhak,Hindu,0.954242740703818
nanhe,Hindu,0.9693437631308219
nanhee,Hindu,0.9173896657302425
nanhelal,Hindu,0.964569908127891
nank,Hindu,0.9972832679667046
nanu,Hindu,0.9961411448691387
nanuram,Hindu,0.9889550865865169
naphees,Christian,0.9320238271148588
napheesaa,Christian,0.9246978952535012
nar,Hindu,0.9995808550194079
naraayan,Hindu,0.8450136104464834
naragis,Hindu,0.9568096339879599
naran,Hindu,0.9979359648277285
narasamma,Hindu,0.8287612242911435
narasimh,Hindu,0.9843232556235635
narasimman,Hindu,0.9574982615174443
naravaade,Hindu,0.9609355056474064
narawade,Hindu,0.9909097121826472
narayan,Hindu,0.8752568900378023
narayana,Hindu,0.8571646789389611
narayanamma,Hindu,0.917708214685285
narayanan,Hindu,0.9763039803040667
narayanasamy,Hindu,0.99512644081989
narayani,Hindu,0.9273355569682583
narayanlal,Hindu,0.9318011155740218
narayansingh,Hindu,0.8344370734280863
naremdr,Hindu,0.9135057921277157
narendr,Hindu,0.9850318496718281
narendra,Hindu,0.9827869221588718
nares,Hindu,0.969853858518486
naresh,Hindu,0.9927311905513271
nariadar,Hindu,0.5665174425764203
narmada,Hindu,0.9936756243463756
narmadaa,Hindu,0.9737082436952864
narsamma,Hindu,0.9657520792492231
narsingh,Sikh,0.6618498712437761
nasar,Hindu,0.5787242927104366
nasareen,Hindu,0.6328407784906677
naseeb,Christian,0.49056893916549305
naseem,Muslim,0.4025817492388572
naseemaa,Christian,0.5273913078548662
naseer,Christian,0.4621793039635088
nasim,Muslim,0.45485829422660806
nasir,Christian,0.6866668139499805
naskar,Hindu,0.9095893748771524
nasruddin,Muslim,0.9989946960916424
nataraj,Hindu,0.999811119731409
natarajan,Hindu,0.999381878051284
natarasan,Hindu,0.9989947545850391
nath,Hindu,0.9990225859190426
naththoo,Hindu,0.9362383422131025
nathu,Hindu,0.9012040836968657
nathulal,Hindu,0.9838367686115506
nathunee,Hindu,0.9513021795382368
nathuram,Hindu,0.991314914222488
natthu,Buddhist,0.6436734821096427
natthulal,Hindu,0.8379430949655384
naushad,Sikh,0.5404087173126128
navaab,Hindu,0.759168208830033
navadeep,Hindu,0.9890575948872307
naval,Hindu,0.946951417414246
navale,Hindu,0.944422061141748
navaneeth,Hindu,0.9600789097716929
naveen,Hindu,0.9419415687170201
navi,Hindu,0.9330337303316487
navin,Hindu,0.8879526153126772
nawab,Hindu,0.9550011217258944
nayak,Hindu,0.998510859327137
nayakkar,Hindu,0.9547552686521349
nayana,Hindu,0.9587251375018091
nayar,Hindu,0.9561828692054591
nayek,Christian,0.5005573928956383
nayka,Hindu,0.904997725285897
nayudu,Hindu,0.8915099577066243
naz,Muslim,0.9211581701683375
nazir,Muslim,0.9508521133969965
necha,Hindu,0.920008351982493
neelam,Hindu,0.8570889673342275
neeles,Christian,0.5975983531507831
neeloo,Christian,0.764020013147886
neemaa,Muslim,0.5357006054139619
neeraj,Hindu,0.6813638141103233
neeroo,Hindu,0.4561783749852328
neesaa,Christian,0.7967306184390587
neethaa,Christian,0.6872658216402715
neethoo,Hindu,0.6443586844209941
neethu,Hindu,0.6495429628761566
negi,Hindu,0.6872779268538141
nehaa,Muslim,0.45531771480018773
nembaru,Hindu,0.9103665652743542
nepaal,Hindu,0.5010166953724681
nesa,Hindu,0.8849284193304694
nesha,Hindu,0.9930160864324045
netaram,Hindu,0.9985747101656478
nethrapaal,Hindu,0.7425313818319789
nevaare,Christian,0.7094190959721273
nevare,Hindu,0.6639010003204604
nibhaa,Hindu,0.9287462990703363
nidhi,Hindu,0.9739020341719237
nigam,Hindu,0.8899304300870914
nihaal,Muslim,0.5116484763874155
nijaam,Muslim,0.4722641702102946
nijaamuddeen,Muslim,0.894951965287475
nikahath,Hindu,0.9641386396328352
nikam,Hindu,0.9482587756107549
nikhil,Hindu,0.8168948142328953
nikithaa,Hindu,0.6537602635014045
nilam,Hindu,0.9879019155494314
niles,Christian,0.5300496600395174
nilesh,Hindu,0.8328428995076996
nimbaalakar,Hindu,0.9529084658107948
nimbalkar,Hindu,0.9539930342375822
nimgappa,Hindu,0.9715209819560083
ningthoujam,Hindu,0.9442486388341637
niraj,Hindu,0.960311719299219
niramaa,Hindu,0.951349232299383
niramal,Hindu,0.9892836352580239
niramalaa,Hindu,0.9192999162985428
niramjan,Muslim,0.6592809131416404
niranj,Hindu,0.9894724568895477
niranjjana,Hindu,0.9912306392888012
nirmal,Hindu,0.7517690512257097
nirmala,Christian,0.6615037111579453
nirmalaa,Christian,0.890908174143393
niru,Hindu,0.9192735976907396
nirupamaa,Hindu,0.9156675839285177
nisa,Hindu,0.6848927029163964
nisaa,Christian,0.582504368445013
nisaamani,Christian,0.7500295819672258
nisaar,Hindu,0.4445418857097284
nisar,Hindu,0.5213365285030894
nisha,Hindu,0.5903523418217109
nishaad,Hindu,0.6572888942333306
nishaan,Hindu,0.6301180656489621
nita,Hindu,0.9972692345624876
nithees,Christian,0.7690116584619218
nithes,Christian,0.6955557153529014
nithin,Hindu,0.8185878047842144
nithu,Hindu,0.7815291219843186
nitin,Hindu,0.9439256276043101
nivas,Hindu,0.9451800069053784
nizam,Muslim,0.9617778054611839
nizamuddin,Muslim,0.9981262523520485
noniya,Hindu,0.7573132089848935
noor,Muslim,0.9629335156090283
noorajahaa,Muslim,0.7557022207224801
noorajahaam,Muslim,0.7218516728339305
noothan,Hindu,0.5629060026681286
nousaad,Muslim,0.6182785738364364
nur,Hindu,0.7615028642299522
nusarath,Hindu,0.9813668769529992
nusimha,Hindu,0.7723153468037864
oamkaar,Hindu,0.6486734762041718
odedaraa,Hindu,0.9806997556287166
ojha,Hindu,0.9689442321462438
omakaar,Christian,0.6514500137239608
omana,Christian,0.6171294724982694
omapaal,Hindu,0.5045096667895282
omaprakaas,Christian,0.7553615482187476
omavathee,Christian,0.5569005346514155
omaveer,Hindu,0.8156538242772805
omkar,Buddhist,0.6254390608053993
ompal,Hindu,0.9931559519357138
omprakash,Hindu,0.8350013482196388
ooshaa,Christian,0.8321124058389501
orao,Hindu,0.9630054645307857
otaru,Hindu,0.988472376065712
oto,Hindu,0.4945496048517571
ots,Hindu,0.6122235401785991
ouseph,Christian,0.9995481010302796
outar,Hindu,0.9862923004097228
paabathee,Christian,0.5846707433787817
paadavee,Hindu,0.9575746259864603
paal,Hindu,0.5791048016820313
paamchaal,Hindu,0.870565502415561
paamde,Hindu,0.9520161099918413
paamdhare,Hindu,0.9927621159211967
paan,Hindu,0.6455372175832081
paanaa,Christian,0.6524856495198684
paanchu,Christian,0.8686715028820997
paanoo,Christian,0.6760745261108719
paaradhee,Hindu,0.9360626606472455
paaragee,Christian,0.5846094723969593
paaras,Hindu,0.7458583640118939
paarasanaath,Hindu,0.9182589110657638
paaravathee,Hindu,0.8346974087688984
paarekh,Hindu,0.8308964946617222
paaroo,Hindu,0.7172761504112811
paarool,Hindu,0.6797030168587215
paarvathee,Hindu,0.579009879678211
paasi,Christian,0.9306908692678468
paateel,Christian,0.7452978124433796
paathak,Hindu,0.7611722706316967
paatil,Christian,0.7348769420681714
paatoole,Hindu,0.6696637197250771
paavaraa,Hindu,0.6138971445345963
paavathee,Hindu,0.5159880337819519
paayal,Hindu,0.7974800555696439
pabithra,Hindu,0.9689780756007136
pachaiyappan,Hindu,0.9975836638924365
padala,Hindu,0.9997011956400839
padam,Hindu,0.9963014009765095
padamaa,Hindu,0.9171479539645326
padamavathi,Hindu,0.9679290824489573
padaval,Hindu,0.9963652089497039
padavi,Hindu,0.997255560332528
padhan,Hindu,0.9993455837919061
padhi,Hindu,0.9998183796380251
padhiyaar,Hindu,0.9459108461019942
padma,Hindu,0.9707763554674916
padmanaban,Hindu,0.9863281886716293
padmanabhan,Hindu,0.913885824865595
padmavathi,Hindu,0.9707011425609514
pagaare,Hindu,0.944442621717033
pagar,Hindu,0.9872097602874603
pagare,Hindu,0.9713382950932807
pagee,Hindu,0.6334501790485215
pahaabatha,Hindu,0.8411419463671062
pahadin,Hindu,0.6990829535819169
pahadiya,Hindu,0.9914884491837596
pahan,Hindu,0.9794014035970687
paik,Hindu,0.9889341607261458
pakkirisami,Hindu,0.9840745441444204
pal,Hindu,0.9981225843478926
palani,Hindu,0.999821265215098
palaniandi,Hindu,0.996393742046818
palanichchami,Hindu,0.9643968497020461
palanisamy,Hindu,0.9993518421026781
palanivel,Hindu,0.9995062763293181
palaniyappan,Buddhist,0.8224200160736652
palaviadar,Hindu,0.99092327090884
palei,Hindu,0.9690783657210262
pallavee,Hindu,0.9713527750479889
palli,Hindu,0.9743742071048952
pamchaal,Hindu,0.9740156924796383
pamcham,Hindu,0.9979630798654502
pamdayaa,Hindu,0.9489722717948791
pamdeeth,Hindu,0.9606173356294562
pamdith,Hindu,0.9694253645418991
pamkaj,Hindu,0.7151705436598699
pammee,Hindu,0.5836841034448584
pan,Hindu,0.9999203414629302
panchal,Hindu,0.8936693991814675
pancham,Hindu,0.9561913057327974
panda,Hindu,0.9998865472390185
pande,Hindu,0.9959943988593554
pandey,Hindu,0.9734165971579676
pandhare,Hindu,0.9987596245273985
pandi,Hindu,0.9999816743656657
pandit,Hindu,0.999814305305629
pandiyan,Hindu,0.9977886729841168
panduranga,Hindu,0.9365002482396151
pandurangan,Hindu,0.966823755861314
pangkaka,Hindu,0.9900924661176536
pani,Hindu,0.998022543136082
panigrahi,Hindu,0.9426092622673564
panja,Hindu,0.9984748508550461
panjchaanana,Hindu,0.9882193482896654
pankaj,Hindu,0.9965190735574667
panna,Hindu,0.9992438252742074
pannaa,Hindu,0.9619911734929317
pannaalaal,Hindu,0.7005178468884447
pannalal,Hindu,0.9764776955414388
panneerselvam,Hindu,0.9024188245566869
panra,Hindu,0.9918687008065367
panta,Hindu,0.9940154066219531
panwar,Hindu,0.9855119756506246
papa,Hindu,0.9374773985541612
pappee,Christian,0.6736192744027225
pappoo,Hindu,0.7772756146145287
pappu,Hindu,0.8388336617227948
parab,Hindu,0.9539625156037086
paradeep,Hindu,0.9248856513404988
paradesee,Christian,0.9005219473920664
paradeshi,Hindu,0.8660959530853072
paradhi,Hindu,0.9937454435733343
param,Hindu,0.9949949737943957
paramaa,Hindu,0.9813042212503399
paramaanamd,Hindu,0.9873842657588688
paramaanand,Hindu,0.9892717566895647
paramaar,Hindu,0.980562608772269
paramajeeth,Hindu,0.983664545549791
paramanik,Hindu,0.9822967140332896
paramar,Hindu,0.9920455520380008
paramasivam,Hindu,0.9970904770530331
paramasivan,Hindu,0.9983727653775095
paramesvar,Hindu,0.9768420231550468
paramesvaree,Hindu,0.8689061908865015
parameswaran,Hindu,0.9957477536021245
paramiadar,Hindu,0.9962368817064821
paras,Hindu,0.9915763945530787
parasadi,Hindu,0.9825746737098422
parasaraam,Hindu,0.9260572827657866
parasnath,Hindu,0.968911188873266
parasuraam,Hindu,0.9833844399941769
parasuraman,Hindu,0.9861362544701706
paraveen,Hindu,0.9767548945454382
paravej,Hindu,0.9841850812919417
paraviadar,Hindu,0.993288697124281
parbhina,Hindu,0.9852166784823576
paresha,Hindu,0.989536534588931
parida,Hindu,0.994879312237377
parihar,Hindu,0.9939870834331138
parit,Hindu,0.994505898478408
parkash,Hindu,0.9832899388634931
parmanand,Hindu,0.9972951472736388
parmar,Hindu,0.999414615111922
parmeshwar,Hindu,0.8606106251677085
parsaram,Hindu,0.9913030605243721
parshuram,Hindu,0.9977509968686071
parthasaarathi,Hindu,0.5901474277264185
parui,Hindu,0.9709144501325793
parul,Hindu,0.5381346377856219
parvathi,Hindu,0.9815485929452348
parvati,Hindu,0.9831663990801754
parveen,Hindu,0.9680676839790708
parvin,Hindu,0.9796641077033396
pasad,Hindu,0.9670184610534208
pashoyan,Hindu,0.9730706293036635
pasupuleti,Hindu,0.9669219464732242
paswan,Hindu,0.5010033516413837
pata,Hindu,0.997945713510666
patale,Hindu,0.9622854053501899
patanee,Hindu,0.8453863628834961
patar,Hindu,0.9993524799164771
patel,Hindu,0.999825296108842
pathaan,Hindu,0.7533235885854364
pathaasee,Christian,0.896131785137486
pathak,Hindu,0.9938380971898839
pathan,Hindu,0.965048461222737
pathare,Hindu,0.9873824648023751
pathumma,Hindu,0.4638489744876865
pati,Hindu,0.9861289338554466
patidar,Hindu,0.9843800950587268
patil,Hindu,0.964423935801298
patiram,Hindu,0.9710174211832442
patle,Hindu,0.7654586715905926
patole,Hindu,0.9500790120014863
patra,Hindu,0.9992175669357284
pattanayk,Hindu,0.9843391591817697
paul,Christian,0.7856421808364891
paulose,Christian,0.9980019347442326
pavaar,Christian,0.5168670195886519
pavan,Hindu,0.7192118714018179
pavanakumaar,Hindu,0.8914525449430217
pavani,Hindu,0.6303514326837896
pavar,Hindu,0.9185251297654022
pawan,Hindu,0.99385036591065
pawar,Hindu,0.9966539047791145
paya,Hindu,0.946195606787549
payal,Hindu,0.9725924879636881
peer,Muslim,0.6984578380657231
peetham,Hindu,0.5167174260088081
pemaram,Hindu,0.9520455020615953
periyannan,Hindu,0.9986490848129472
periyasami,Hindu,0.995173316328054
peru,Hindu,0.9866967763045231
perumal,Hindu,0.9966322985264159
peter,Christian,0.8854919898793436
phaathamaa,Christian,0.939434654751886
phaathimaa,Christian,0.6322925932171183
phadatare,Hindu,0.9955559024845162
phadathare,Hindu,0.9742312394712775
phakeer,Muslim,0.8205369778767055
phakira,Hindu,0.6932877995648451
phal,Hindu,0.92365823283021
pharahaanaa,Hindu,0.594042967083376
pharahath,Hindu,0.9565613493459391
pharajaanaa,Hindu,0.6358045542862175
pharamaan,Hindu,0.953373014955957
phareed,Hindu,0.7000242636441449
phareedaa,Hindu,0.4946388154156833
philip,Christian,0.9996487074364707
phiradoos,Hindu,0.6461251639694934
phirooj,Hindu,0.6758936740310745
phiroojaa,Hindu,0.45553246902697325
phool,Hindu,0.6816750922668783
phoolaa,Hindu,0.5441987978949955
phoolachand,Hindu,0.9876509648049546
phoolachandr,Hindu,0.990147864885461
phoolakalee,Hindu,0.6653847378340942
phoolamathee,Christian,0.801164764962192
phoolavathee,Hindu,0.8047407886482646
phoolchand,Hindu,0.9669633042262934
phoolchandra,Hindu,0.9804850605220073
phoolsinh,Hindu,0.626896086753192
phul,Hindu,0.7858053769136712
phulaa,Hindu,0.6103045402695008
phulakumaaree,Hindu,0.6162880896341383
phulamanee,Hindu,0.6618727265146099
phulamathee,Christian,0.8419847893435297
phulavaa,Hindu,0.8353260788045294
phuliyaa,Christian,0.6396678385746184
phuloo,Hindu,0.46290779076596683
phurakaan,Hindu,0.8953254928784109
pichai,Hindu,0.9589435740054718
pilla,Hindu,0.9636784792435684
pillai,Hindu,0.9928515318320539
pilli,Christian,0.6891856168906854
pimgale,Hindu,0.5987910989119345
pimjaaree,Christian,0.42016017509665626
pimkee,Hindu,0.3886177905435094
pimpale,Hindu,0.9492564554010229
pimtoo,Muslim,0.4930847290436497
ping,Hindu,0.8227712519445863
pingle,Hindu,0.8769056905965845
pinjari,Muslim,0.7725736199250766
pinkee,Hindu,0.8090839187567622
pintoo,Hindu,0.6407625921460317
pintu,Hindu,0.9676332744977016
pisaal,Christian,0.5646890458980547
pisal,Hindu,0.693055546557928
piyare,Hindu,0.8717153361134155
poddar,Hindu,0.9652378983501969
pol,Hindu,0.6651865412870849
ponnaiya,Hindu,0.5391862906010806
ponnamma,Hindu,0.6798822103155591
ponnan,Hindu,0.9859673797841275
ponnuchchami,Hindu,0.7999496428508628
ponnusamy,Hindu,0.9978594736212636
pooja,Hindu,0.8287467300857746
poojaa,Hindu,0.584045615693867
poojan,Hindu,0.8523496912472195
poojeri,Hindu,0.9160691101280978
pool,Hindu,0.7302891319229657
poolam,Hindu,0.7450409708313122
poonam,Hindu,0.707569624213088
poongaanavam,Hindu,0.7133151142980675
pooran,Hindu,0.9425105710504276
poorn,Hindu,0.6830379206881884
poornimaa,Hindu,0.4562479500422193
poote,Hindu,0.8221366965830548
poothadaar,Hindu,0.8610438432912814
poovaar,Christian,0.6258646352686642
porel,Christian,0.5385150838163152
potatadar,Hindu,0.99797121192278
pote,Hindu,0.8251847784154289
povar,Hindu,0.635557942487454
pra,Hindu,0.9972198006337837
prabha,Hindu,0.9994867794650718
prabhaa,Hindu,0.9914727280523977
prabhaakar,Hindu,0.9839011735277522
prabhaasinee,Hindu,0.9061013642129909
prabhaath,Hindu,0.9857438667258215
prabhaathee,Hindu,0.9134623594437324
prabhaavathee,Hindu,0.9264750522316914
prabhakar,Hindu,0.9903094332228407
prabhakaran,Hindu,0.9929437288807746
prabhat,Hindu,0.9992847866135505
prabhoo,Hindu,0.9941252605218676
prabhu,Hindu,0.9993613896640765
prabhudayal,Hindu,0.9905546401071822
prabhulal,Hindu,0.9871942720264036
prabhuram,Hindu,0.999910988059453
pradeep,Hindu,0.9844107340637701
pradhaan,Hindu,0.9762525155052012
pradhana,Hindu,0.9975846058058017
pradip,Hindu,0.9946644346316423
pradipa,Hindu,0.9972664849150148
prahalaad,Hindu,0.9616107694570601
prahlad,Hindu,0.9802002202229321
prajaapathi,Hindu,0.9863980146039028
prajapat,Hindu,0.9997666882098996
prajapati,Hindu,0.9991077005105975
prakaas,Christian,0.6503252434134903
prakaasha,Hindu,0.6554597123547796
prakash,Hindu,0.9238608520587109
pramanik,Hindu,0.9682052341576048
prameelaa,Hindu,0.8602898280182923
pramila,Hindu,0.9853227944584008
pramilaa,Hindu,0.9191681988869245
pramod,Hindu,0.9946891623591142
pramood,Hindu,0.984772650354022
praphula,Hindu,0.8767066902424195
praphulu,Christian,0.5075350922907451
prasaad,Christian,0.5821829573338823
prasaamth,Hindu,0.5567374115561499
prasaantha,Christian,0.6847250125919341
prasad,Hindu,0.6148963611219005
prasanna,Hindu,0.9854969200443184
prashant,Hindu,0.9129825761596445
pratap,Hindu,0.9985573594388941
pratapsinh,Hindu,0.962354657573186
prathaap,Hindu,0.877050454375332
pratheek,Hindu,0.7052665131874502
prathibhaa,Hindu,0.9863806697646863
prathimaa,Hindu,0.9211223506842111
praveen,Hindu,0.9466914483241374
praves,Hindu,0.9324621399874824
pravin,Hindu,0.9413046215994594
preetam,Hindu,0.9534132039321427
preetha,Hindu,0.5224186613809048
preetham,Christian,0.5827089868226069
preethi,Hindu,0.7102779341613237
preeti,Hindu,0.9030458191349763
prem,Hindu,0.9917206439422694
premaa,Hindu,0.849671160200019
premabaaee,Hindu,0.7381406259562364
premachand,Hindu,0.9952192792667635
premachandr,Hindu,0.9955583403537543
premalaal,Hindu,0.730748243820017
premalathaa,Christian,0.8253532953595796
premanaaraayan,Hindu,0.8933726119939971
premanarayana,Hindu,0.9702977910600799
premapaal,Hindu,0.9588543702452953
premapala,Hindu,0.997446354578944
premasimh,Hindu,0.8432209944326022
premavathee,Hindu,0.9069911382590983
premchand,Hindu,0.9882337651915764
premchandra,Hindu,0.9874431876422327
premee,Hindu,0.9268703391400632
premila,Hindu,0.9479454161368539
premlal,Hindu,0.9515786858053829
premsinh,Hindu,0.7459583805043708
pri,Hindu,0.9765027710664368
prims,Hindu,0.6499468809678931
prishpaa,Hindu,0.7241880138424663
prithee,Hindu,0.614845453254668
prithvee,Hindu,0.9026238553835658
priya,Hindu,0.9668628492383138
priyaa,Hindu,0.7601074407731995
priyamkaa,Hindu,0.904352370389525
priyanka,Hindu,0.9533399610965688
puja,Hindu,0.9297659300125296
pujaa,Hindu,0.6815163152824215
pujaaree,Hindu,0.6639185192231039
pujari,Hindu,0.95663829585241
pukharaj,Hindu,0.9918913655984626
puna,Hindu,0.993982393523678
punam,Hindu,0.9734998100410345
puneeth,Hindu,0.8658560317976428
puneethaa,Hindu,0.6929988544653417
puniyaa,Hindu,0.9116376715276184
purakait,Hindu,0.92396670521129
puran,Hindu,0.9933314582297719
puranlal,Hindu,0.9742158564463212
puri,Hindu,0.990105641550383
purohit,Hindu,0.9881693718638284
purooshooththam,Hindu,0.6280860853376581
purti,Hindu,0.9949643047313369
purushothaman,Hindu,0.9721419442269
purushottam,Hindu,0.7490079249494226
pushpa,Hindu,0.7059961735500303
pushpaa,Christian,0.6179896540526906
pushpaadevee,Hindu,0.6302022634078982
pushpendr,Hindu,0.7608394559489408
puthul,Hindu,0.790802968596599
pyaare,Hindu,0.5358587224214063
pyaaree,Christian,0.7494615534682328
pyaarelaal,Christian,0.595383034172
pyare,Hindu,0.802972291408838
pyarelal,Hindu,0.8537141465393303
pyari,Christian,0.5569180986210247
raabiyaa,Hindu,0.4431444393645544
raadhaa,Hindu,0.809492603020269
raadhaabaaee,Hindu,0.582078434915336
raadhaaraanee,Hindu,0.5727265502488621
raadhe,Hindu,0.9452044771406222
raadhesyaam,Hindu,0.6021183395161513
raadhikaa,Hindu,0.9794162983286775
raaganee,Christian,0.6469620415490774
raaghavendr,Hindu,0.8429721473951536
raaginee,Hindu,0.7008719240072061
raahal,Hindu,0.9434806216345689
raahul,Hindu,0.9525321800055024
raaj,Christian,0.6306626143281471
raajaa,Christian,0.8507139102029356
raajaaraam,Christian,0.7281658188476721
raajabaalaa,Christian,0.7324030634146131
raajabahaadur,Hindu,0.8257986084140752
raajabeer,Muslim,0.9008109680336929
raajabhar,Hindu,0.8072777221770958
raajadev,Hindu,0.7796438763935054
raajakalee,Muslim,0.5294864305611799
raajakisoor,Hindu,0.5081600381277241
raajakumaar,Christian,0.5907868914472186
raajakumaaree,Christian,0.6590949016269739
raajamani,Christian,0.9768909465583041
raajamathee,Christian,0.9822537485907286
raajan,Christian,0.5723126103075057
raajanaath,Christian,0.5863346032813634
raajapaal,Hindu,0.6643839507138541
raajapathee,Hindu,0.8822735634489596
raajapooth,Hindu,0.749687141284404
raajaputh,Hindu,0.7945945397692699
raajaraanee,Christian,0.8149687262408837
raajavathee,Christian,0.53930873747922
raajaveer,Hindu,0.7752691357260888
raajaviadar,Hindu,0.8236805591642213
raajeev,Christian,0.7449520674642516
raajemdr,Hindu,0.47161047956824387
raajendr,Hindu,0.8515339917685374
raajendrasimh,Hindu,0.8663506010645867
raajes,Christian,0.8239224888785912
raajesakumaar,Christian,0.815782146478308
raajesvar,Christian,0.6358941958501177
raajesvaree,Christian,0.8657247490630631
raajiyaa,Hindu,0.4925493941736944
raajoo,Christian,0.6403917430988418
raaju,Christian,0.48247672507619316
raakas,Christian,0.8141534019591071
raakes,Christian,0.8194184113840709
raakesakumaar,Christian,0.7541350514555668
raakhee,Hindu,0.5715419936960173
raam,Hindu,0.7310594422056167
raamaa,Christian,0.6512894389511257
raamaaasare,Christian,0.7931296115408196
raamaadhaar,Hindu,0.6931546805938236
raamaanamd,Hindu,0.7456415574448815
raamaanand,Hindu,0.8329255668514184
raamaaseesh,Christian,0.9595519209716168
raamaasray,Christian,0.62998898203148
raamaauthaar,Hindu,0.5202017335373712
raamaavadh,Hindu,0.8664334865160435
raamaavathaar,Christian,0.750726069199294
raamaavathee,Christian,0.6582428525413295
raamaayan,Hindu,0.563610617815658
raamabaaboo,Muslim,0.7316044320577606
raamabaaee,Hindu,0.4236268606066167
raamabahaadur,Hindu,0.9547476802458714
raamabalee,Hindu,0.575647205342707
raamabetee,Hindu,0.507175636375025
raamachamdr,Hindu,0.9336390020663304
raamachandr,Hindu,0.9899634647618777
raamacharan,Hindu,0.9502022750427903
raamadaas,Hindu,0.560082551073776
raamadayaal,Hindu,0.8981129549891899
raamadeee,Hindu,0.5298370033815697
raamadeen,Hindu,0.5339332672852269
raamadev,Hindu,0.9584687610653934
raamadevee,Hindu,0.9376752042299975
raamadhanee,Hindu,0.7359972911667595
raamadulaaree,Hindu,0.7815729988926349
raamagoopaal,Hindu,0.8840262529525187
raamajee,Hindu,0.5350500372525627
raamajeelaal,Hindu,0.593113293822316
raamajeeth,Hindu,0.7717648071675749
raamakalee,Hindu,0.6259655722230707
raamakanyaa,Hindu,0.7066190043741957
raamakaran,Hindu,0.9636485441806807
raamakes,Hindu,0.7390514912112959
raamakhelaavan,Hindu,0.9769124171167004
raamakisan,Hindu,0.966330655941502
raamakisoor,Hindu,0.782651689158971
raamakisun,Hindu,0.9169660155434978
raamakripaal,Hindu,0.9265810613083134
raamakrishn,Hindu,0.9679572918323504
raamakumaar,Hindu,0.5542341004946842
raamakumaaree,Christian,0.49654381333163783
raamalaal,Hindu,0.518212587163358
raamalakhan,Hindu,0.9941358840083692
raamalalee,Hindu,0.670768237848274
raamamoorthi,Hindu,0.9352921313742323
raamanaaraayan,Hindu,0.5969248064027475
raamanaath,Hindu,0.6156331779638675
raamanaraayan,Hindu,0.7983637624155788
raamanares,Hindu,0.8568333934821586
raamanivaas,Christian,0.7397429703146216
raamapaal,Hindu,0.8116551266232536
raamapathee,Hindu,0.9013827273237631
raamaphal,Hindu,0.8825243369239091
raamaprakaas,Christian,0.5179229555217322
raamaprasaad,Hindu,0.6162031821773816
raamaprathaap,Hindu,0.8405848481989495
raamapraves,Hindu,0.884731109250358
raamapyaaree,Hindu,0.5335378262857261
raamaraaj,Christian,0.5658677471329141
raamaraanee,Christian,0.6244596750979357
raamarathan,Hindu,0.8971856286217125
raamarathee,Hindu,0.7199130231715967
raamasaagar,Christian,0.629472453906179
raamasahaay,Hindu,0.8341813295119265
raamasajeevan,Christian,0.5856852847159332
raamasakhee,Hindu,0.8950818370946222
raamasamkar,Hindu,0.9759395577029281
raamasaran,Hindu,0.917908882352951
raamasevak,Christian,0.7662102021739048
raamasimh,Hindu,0.6798465894241852
raamasree,Hindu,0.7996905923459675
raamasvaroop,Hindu,0.7567967408095179
raamasvarup,Hindu,0.6127124458723966
raamateke,Buddhist,0.8029453039522606
raamavathee,Hindu,0.6919424708122474
raamaveer,Hindu,0.9131601533226458
raamavetee,Hindu,0.721652521168499
raamavilaas,Christian,0.6847253244557685
raamavriksh,Hindu,0.9323446958592546
raamee,Muslim,0.6084744858163952
raamesvar,Hindu,0.5926087460627275
raamesvaree,Christian,0.7600436750713102
raamoo,Hindu,0.8132321660132865
raamu,Hindu,0.7695328609768323
raanaa,Christian,0.7148753387627865
raane,Hindu,0.5375217184420532
raanee,Christian,0.5866831278162812
raani,Christian,0.6119783500464369
raanoo,Christian,0.7123724561492008
raaooth,Hindu,0.6219258035776626
raasid,Christian,0.6683655600190034
raathavaa,Christian,0.545083766790327
raathood,Hindu,0.8885179574447488
raauth,Hindu,0.847057879301937
raav,Hindu,0.7744409687664264
raaval,Hindu,0.9399510868343719
raavath,Hindu,0.7716724944288604
raay,Christian,0.5559486548202758
raaye,Christian,0.8136102911341606
rabaaree,Hindu,0.7671192837250581
rabeendra,Hindu,0.7078538666574691
rabha,Hindu,0.9978415286264638
rabi,Hindu,0.8219262678152229
rabidas,Hindu,0.9926737892716789
rabidis,Hindu,0.8140867954939245
rabindra,Hindu,0.986851480005962
rachanaa,Hindu,0.6511309446734854
radha,Hindu,0.9996055970608333
radhaishyam,Hindu,0.9990145970768481
radhakishan,Hindu,0.9987797775263557
radhakrishnan,Hindu,0.9982793060418854
radhamani,Hindu,0.9452995021928686
radhe,Hindu,0.9990309903993728
radhelal,Hindu,0.99055623791146
radheshyam,Hindu,0.9972097648824283
radhika,Hindu,0.99816519342409
raees,Christian,0.6752460572335431
raeesaa,Christian,0.7519209217713244
rafi,Muslim,0.9995496016872686
rafik,Muslim,0.9990765758487564
raghav,Hindu,0.9914020145051876
raghavan,Hindu,0.9905640059607329
raghu,Hindu,0.9991314456018874
raghunaath,Hindu,0.9715949635128269
raghunandan,Hindu,0.9951013737937381
raghunath,Hindu,0.9923847641039503
raghuvanshi,Hindu,0.986239342033503
raghuveer,Hindu,0.9720817977108699
raghuvir,Hindu,0.9935518715917068
rahamaan,Muslim,0.4249985028508862
rahamath,Christian,0.7475135640207836
rahangadale,Hindu,0.9772253841918735
raheem,Muslim,0.8673836721135237
rahees,Christian,0.5336840621194288
raheesaa,Christian,0.6447615286597719
rahim,Muslim,0.9498436614358042
rahiman,Muslim,0.5293011051700216
rahis,Muslim,0.617637361047934
rahman,Muslim,0.7518130973697453
rahul,Hindu,0.9630540941565132
rai,Hindu,0.9979525790283551
rain,Hindu,0.987953091594067
rais,Hindu,0.9315939271207933
raj,Hindu,0.9896159563108017
raja,Hindu,0.9883282172802209
rajabangshi,Hindu,0.9085720295950442
rajagopal,Hindu,0.9932966400875358
rajak,Hindu,0.7466798595160619
rajamani,Christian,0.9150099808668756
rajamanikkam,Christian,0.9316713914060175
rajamma,Hindu,0.8461925416887823
rajan,Hindu,0.9490645486317576
rajanarayan,Christian,0.776979767254308
rajanee,Hindu,0.6572247404774391
rajanees,Christian,0.592063989803724
rajappan,Hindu,0.9993521727434818
rajaram,Hindu,0.998871222904458
rajasekar,Christian,0.777691534830128
rajasekaran,Hindu,0.622201004822549
rajath,Hindu,0.9810241287120297
rajaviadar,Hindu,0.9757982664507054
rajbahadur,Hindu,0.9556066474693813
rajbhar,Hindu,0.9994035744968189
rajbir,Hindu,0.958007437636122
rajdev,Hindu,0.9623535164801791
rajeev,Christian,0.6361009455842623
rajender,Hindu,0.9831572474897833
rajendra,Hindu,0.9880649724665802
rajendrakumar,Hindu,0.8964145971263263
rajendran,Hindu,0.9962360325993125
rajendrasingh,Hindu,0.7282846163684338
rajesh,Christian,0.49908684508995127
rajeshkumar,Hindu,0.7519087412134826
rajeshwari,Hindu,0.9690659045848911
rajeswari,Hindu,0.954388144955338
raji,Hindu,0.7588278456468838
rajiadar,Hindu,0.9831559585552933
rajiv,Hindu,0.9566239612975453
rajiyaa,Hindu,0.774640971638978
rajjak,Muslim,0.6109604175462257
rajjoo,Hindu,0.500764684275579
rajkishor,Hindu,0.9186874395576401
rajkumar,Hindu,0.9086350229626354
rajnath,Hindu,0.9833439482298653
rajoo,Hindu,0.7871671098446781
rajoyar,Hindu,0.8418817792447404
rajpal,Hindu,0.9755681115555541
rajput,Hindu,0.9921903316937667
raju,Hindu,0.8226970322008011
rajuram,Hindu,0.9833375143402736
rajvanshi,Hindu,0.9285450943210536
rajvar,Hindu,0.8080652063631787
rajveer,Hindu,0.9471228080712154
rakesh,Hindu,0.9786787611041415
rakeshkumar,Hindu,0.9532590691536392
rakshaa,Hindu,0.835276659410251
rakshit,Hindu,0.9487424805751786
ram,Hindu,0.9983044745746086
rama,Hindu,0.9978316803437757
ramaa,Hindu,0.8838814577607371
ramaakaamth,Hindu,0.6960892527981146
ramaakaanth,Hindu,0.5328499552222141
ramaasamkar,Hindu,0.9024039022763368
ramaavathee,Hindu,0.6902759067250552
ramabali,Hindu,0.8000430884760624
ramachal,Hindu,0.9853435185442383
ramachandiran,Hindu,0.9963144704792054
ramachandra,Hindu,0.9984603200999003
ramachandran,Hindu,0.999514477308067
ramadas,Hindu,0.9970669018230033
ramadevi,Hindu,0.9934865127247868
ramadhar,Hindu,0.9991093518725604
ramaiya,Hindu,0.9981725730549079
ramajaan,Hindu,0.7970066995750388
ramakant,Hindu,0.9835761109814296
ramakrishna,Hindu,0.7123244411755464
ramakrishnan,Hindu,0.9586409340974169
ramalakshmi,Hindu,0.9224948467768658
ramalal,Hindu,0.9871130105327324
ramalingam,Hindu,0.7767131998033834
ramamoorththi,Hindu,0.9620187659431144
raman,Hindu,0.9911595888255919
ramanadeep,Hindu,0.9838472452153962
ramanaiah,Hindu,0.9958345006645392
ramanamma,Hindu,0.9290599764635044
ramanand,Hindu,0.9969293570415074
ramanarayan,Hindu,0.9524005774803248
ramanath,Hindu,0.9971835264902602
ramanathan,Hindu,0.982425309895146
ramani,Hindu,0.899007737847019
ramanresh,Hindu,0.9733170754969018
ramanujam,Hindu,0.88830236033633
ramapal,Hindu,0.9933117837617697
ramapher,Hindu,0.9542615890434177
ramapyare,Hindu,0.9907673529838223
ramar,Hindu,0.9966231194925704
ramarao,Hindu,0.7246223245907881
ramasamy,Hindu,0.9999942100402708
ramasare,Hindu,0.9915529539619851
ramashankar,Hindu,0.9955751908706431
ramashray,Hindu,0.9956162233852041
ramautar,Hindu,0.9793001481223814
ramavatar,Hindu,0.9952837584561917
ramavdh,Hindu,0.9977841629177744
ramayan,Hindu,0.9901111882987841
rambabu,Hindu,0.9646499483213052
rambachan,Hindu,0.9919192423774654
rambahadur,Hindu,0.986661881737306
rambhaa,Hindu,0.9959619752439394
rambhajan,Hindu,0.9926451062860259
rambharose,Hindu,0.9374583397506346
ramchand,Hindu,0.9926709134279119
ramchandar,Hindu,0.998175284109947
ramchandra,Hindu,0.9751995952366007
ramcharan,Hindu,0.9980701186062413
ramdas,Hindu,0.7814501330092353
ramdayal,Hindu,0.9930290834860855
ramdeen,Hindu,0.7883409523289279
ramdev,Hindu,0.9894322001470444
ramdhan,Hindu,0.9861868576424391
ramdhani,Hindu,0.9781701919090452
ramdhari,Hindu,0.9960006680414357
ramdular,Hindu,0.9777255225940846
ramdulare,Hindu,0.9841929912912344
rames,Hindu,0.9575158624436992
ramesachand,Hindu,0.9904873239842318
ramesachandr,Hindu,0.9898537666699267
ramesh,Hindu,0.896938278968037
rameshchand,Hindu,0.9264988611541969
rameshchandra,Hindu,0.9037596169746588
rameshkumar,Hindu,0.9329663916777392
rameshwar,Hindu,0.9935121329608255
ramgopal,Hindu,0.9112314443909229
ramhet,Hindu,0.9878404298000353
rami,Hindu,0.997480684108344
ramila,Hindu,0.9832814210531757
ramjan,Muslim,0.9604043354342428
ramjanaa,Muslim,0.6949772546284098
ramjani,Muslim,0.9603532107292087
ramjatan,Hindu,0.9316408674537972
ramjeeth,Hindu,0.9591287047266849
ramjeethaa,Hindu,0.9230584254659698
ramji,Hindu,0.9795606183725505
ramjilal,Hindu,0.9800936814423971
ramjit,Hindu,0.8487593135485916
ramjith,Hindu,0.7716472425408428
ramjiyavan,Hindu,0.9786369807250885
ramjoo,Hindu,0.7990912233468762
ramju,Hindu,0.7529273138800868
ramkaran,Hindu,0.9121486794660056
ramkesh,Hindu,0.9933455905796582
ramkeval,Hindu,0.9771451455138485
ramkhelavan,Hindu,0.9916179368618313
ramkhiladi,Hindu,0.979078079679304
ramkishan,Hindu,0.9970239742618495
ramkishor,Hindu,0.9844390783916996
ramkishun,Hindu,0.9872886440130488
ramkripal,Hindu,0.99025718152728
ramkrishn,Hindu,0.9921318091067247
ramkumar,Hindu,0.9419894199514769
ramla,Hindu,0.9863470801562593
ramlakhan,Hindu,0.9548056051499031
ramnivas,Hindu,0.9759389949150984
rampati,Hindu,0.9971782770261329
ramphal,Hindu,0.9932744595317444
ramphool,Hindu,0.9444003409991986
ramprakash,Hindu,0.8478337853451372
rampratap,Hindu,0.9960409404849254
ramraj,Hindu,0.9986788507649291
ramratan,Hindu,0.9918949885652132
ramsagar,Hindu,0.8733230184002732
ramsahay,Hindu,0.8744957226018975
ramsajivan,Hindu,0.9814389090309529
ramsamujh,Hindu,0.9078793506966156
ramsanehi,Hindu,0.8415327527074199
ramsaran,Hindu,0.9591622499394765
ramsevak,Hindu,0.7391445931436145
ramshankar,Hindu,0.9918564757653381
ramsharan,Hindu,0.9828724829566857
ramsingh,Hindu,0.6603483648597133
ramsukh,Hindu,0.7804796589047588
ramsumer,Hindu,0.9369690286958644
ramsundar,Hindu,0.9749567020215956
ramsurat,Hindu,0.9761394864450652
ramswaroop,Hindu,0.9786444067283476
ramswarup,Hindu,0.9418456873996149
ramteke,Buddhist,0.9999942444672725
ramu,Hindu,0.99813265383815
ramudu,Hindu,0.7986212528861164
ramulamma,Hindu,0.9648600505438094
ramulu,Christian,0.5237435826939482
ramuram,Hindu,0.9990209331027495
ramveer,Hindu,0.9850362606724247
ramvilas,Hindu,0.9272560488485427
ramvrksh,Hindu,0.9911073135733931
ramya,Hindu,0.9950136966675517
rana,Hindu,0.9996722164028607
ranabeer,Muslim,0.7063966821574266
ranadheer,Hindu,0.9523546059673991
ranadhir,Hindu,0.993858024544229
ranadive,Hindu,0.9980603424867951
ranajeeth,Hindu,0.9311296574341101
ranaveer,Hindu,0.9934564472087422
ranchhod,Hindu,0.8569638697398858
randive,Hindu,0.9995904522216243
rane,Hindu,0.9663904100084733
rangalal,Hindu,0.9476205414992355
rangan,Hindu,0.9887944897971447
ranganathan,Hindu,0.9972418855270727
rangasami,Hindu,0.996884116150211
rani,Hindu,0.9914168969338516
ranjan,Hindu,0.9677689047919175
ranjit,Hindu,0.9532247030104795
ranjjana,Hindu,0.9821188004116242
rannoo,Hindu,0.8337471959619933
rao,Hindu,0.9026693817948622
rapheek,Christian,0.958796785853585
rasaal,Christian,0.7466079848898882
rasal,Hindu,0.7055937608081452
raseed,Hindu,0.4523888052859485
raseedaa,Christian,0.5797412377006476
rasendran,Hindu,0.9560325235989154
rasheed,Muslim,0.6613857836234311
rasheeda,Hindu,0.49746579987621753
rashid,Hindu,0.8562551044352533
rasid,Hindu,0.6425904472632249
rasila,Hindu,0.5571110745190867
rasmi,Hindu,0.49018624594407945
rasmithaa,Hindu,0.5639268329129695
rastogi,Hindu,0.7536655846824083
rasu,Hindu,0.9577867570887332
rasul,Muslim,0.7835265636763801
ratan,Hindu,0.9977780433310075
ratanlal,Hindu,0.9691550784979985
ratansinh,Hindu,0.9563778811611036
ratha,Hindu,0.9917907997777069
rathan,Hindu,0.9821793983258564
rathanaa,Hindu,0.799728099509413
rathanalaal,Hindu,0.5549222131109122
rathanee,Hindu,0.8293512217855449
rathaur,Hindu,0.9948260041522152
rathee,Hindu,0.8326435999749524
ratheesh,Hindu,0.5849569568614547
rathi,Hindu,0.9987269457243615
rathinam,Hindu,0.9779527812466395
rathnamma,Hindu,0.856778360098523
rathod,Hindu,0.9999042768262351
rati,Hindu,0.9963601349933535
ratiram,Hindu,0.9751025881826054
ratna,Hindu,0.986595088726249
rauf,Muslim,0.7498634810560414
raula,Hindu,0.8981488570329462
raut,Hindu,0.5112482728406488
rautaray,Hindu,0.9930651727922304
ravani,Hindu,0.9594285766138263
ravee,Hindu,0.9595822323329809
raveenaa,Hindu,0.9076289388674209
raveendr,Hindu,0.9642716563077876
raveendran,Hindu,0.989858161538083
ravi,Hindu,0.9805387893619394
raviadar,Hindu,0.9894885300341523
ravichandran,Hindu,0.9946363606052606
ravidas,Hindu,0.9956619435344076
ravikaanth,Hindu,0.8923421421101869
ravikkumar,Hindu,0.8854696005557199
ravikumar,Hindu,0.8625672561650325
ravinder,Christian,0.5533474572443199
ravindr,Hindu,0.8335890322934731
ravindra,Hindu,0.6940290173968702
ravisamkar,Hindu,0.9666501713819083
ravishankar,Hindu,0.9905565844255304
ravithaa,Hindu,0.8701342492098263
ravji,Hindu,0.9799086450296759
ravu,Hindu,0.8418732803146854
rawal,Hindu,0.9989012595930012
rawat,Hindu,0.9992524038280612
ray,Hindu,0.7727698729631683
rebathee,Christian,0.6686742142469136
reddy,Hindu,0.9997389930924542
redi,Hindu,0.9913994345132338
reemaa,Hindu,0.42153924183362773
reena,Hindu,0.9646365053761637
reenaa,Hindu,0.7872900833982617
reenoo,Muslim,0.5487580215202341
reetaa,Hindu,0.64196286221612
reethaa,Christian,0.8832567815985434
reethoo,Christian,0.5198454297805659
rehaanaa,Christian,0.4543534627219654
rekha,Muslim,0.6311044970163033
rekhaa,Muslim,0.6342521658711845
rekhaabaaee,Muslim,0.8136486456337627
remya,Hindu,0.9711164185122311
rengasamy,Hindu,0.9960905331340622
renoo,Hindu,0.6561742834291528
renu,Hindu,0.829918279522268
renuka,Hindu,0.9566635917447893
renukaa,Hindu,0.8450379137132167
resam,Hindu,0.7617579178853982
resamaa,Christian,0.7961976955694324
resamee,Muslim,0.671677074421467
reshma,Hindu,0.8739179692176333
reva,Hindu,0.9284491247681275
revathee,Hindu,0.5388244635673615
richaa,Hindu,0.5879930768405901
rihaanaa,Hindu,0.5193628097944809
rijavaan,Hindu,0.9407751990646124
rijavaanaa,Hindu,0.839032187834229
rimk,Muslim,0.5615364944309746
rimkee,Muslim,0.5608741388021606
rimkoo,Christian,0.4416694911900151
rimkri,Hindu,0.7897477219596963
rimku,Hindu,0.5259761074101638
rina,Hindu,0.950021908183145
rinaa,Christian,0.54662090695813
rishabh,Hindu,0.9243528154639322
rishi,Hindu,0.9836292998023254
rishidev,Hindu,0.9143614717961653
rishipaal,Hindu,0.8083243680692805
rishipal,Hindu,0.9222604657525418
rita,Hindu,0.9984600663381731
rithaa,Hindu,0.5577181942375888
rithes,Christian,0.5615743756669801
rithu,Hindu,0.8581437867693092
riyaaj,Christian,0.4644256414638421
riyanga,Hindu,0.953993885473286
riyasat,Hindu,0.9623117140222194
riyaz,Muslim,0.6279691164472601
rizwan,Hindu,0.69765351792848
rna,Hindu,0.9246082046250838
rohit,Hindu,0.9888845965126277
rohitash,Hindu,0.9916066114889935
rokade,Hindu,0.9683000198950248
romar,Christian,0.7678770604140056
roobee,Muslim,0.8239795844698019
roobeenaa,Hindu,0.497234497843168
roochi,Hindu,0.8481636093699978
roohathaas,Christian,0.6798164597823918
roohith,Hindu,0.8754706795438262
roojee,Hindu,0.6055276447367274
rookade,Hindu,0.9762047143698325
rookamaa,Hindu,0.8444766255439214
rookamanee,Hindu,0.8381842896463676
rookasaanaa,Christian,0.5564958394133073
rookasaar,Hindu,0.6377242952092023
rookhasaanaa,Christian,0.6693323261005188
roomaa,Christian,0.9627994290963345
roonaa,Christian,0.6915104845564986
roop,Hindu,0.9029171256583055
roopaa,Hindu,0.848090997148072
roopam,Hindu,0.9368624358955492
roopes,Hindu,0.6499262703637197
roosan,Christian,0.43447071255280395
roosanee,Christian,0.6036048853716729
roovee,Hindu,0.789814313582695
rosamma,Christian,0.9847999843726754
roshan,Hindu,0.8426631201809498
roshanlal,Hindu,0.8697138260883917
roto,Hindu,0.7668092458442839
rousan,Hindu,0.911379385904132
roy,Christian,0.8123433047288263
rubee,Muslim,0.5744822163115378
ruidas,Hindu,0.9719524584183813
ruidis,Hindu,0.6968531281313879
rukamanee,Hindu,0.694806072836761
rukasaanaa,Christian,0.5831312705182276
rukhasaanaa,Christian,0.6328849817238014
rukunee,Hindu,0.6777146204405535
rupa,Hindu,0.9990688362303421
rupaa,Hindu,0.9303360304784692
ruparam,Hindu,0.9940404046561991
rupiadar,Hindu,0.9571833219237119
rupsinh,Hindu,0.7743902594751878
saabale,Muslim,0.45220952775846174
saabaraa,Hindu,0.45508086441960427
saabir,Muslim,0.5846730651098817
saabitha,Muslim,0.5276593035243277
saabithree,Hindu,0.4903302155118576
saadaab,Christian,0.4275060464624512
saadhanaa,Hindu,0.7625731581101469
saadhoo,Hindu,0.8535807220043037
saadhu,Hindu,0.8116589047811442
saadik,Hindu,0.6842822120772378
saagar,Christian,0.8919095220475332
saah,Christian,0.6896530196866497
saahab,Muslim,0.6590336920388107
saahajahaa,Muslim,0.6137881011022621
saahajahaam,Muslim,0.5937018439200488
saahanavaaj,Hindu,0.5895874881306381
saaharookh,Hindu,0.8915982325347123
saaheb,Muslim,0.6788757617598397
saaheen,Christian,0.4701850198467834
saahid,Muslim,0.8679019474100763
saahidaa,Muslim,0.5378317213976282
saahil,Christian,0.6826500811191192
saahin,Muslim,0.4199378545162196
saahinaa,Christian,0.5540587420934379
saahoo,Hindu,0.6608326440882395
saahu,Hindu,0.8557021798208672
saajadaa,Christian,0.7701493568860917
saajid,Muslim,0.7961130604724086
saajidaa,Muslim,0.3996895445464755
saajiyaa,Christian,0.6447438591369405
saakhare,Hindu,0.9498371447903559
saakir,Muslim,0.7648576313304114
saakshee,Muslim,0.4916250942816392
saalave,Hindu,0.5323637572463338
saalavee,Christian,0.47007144487699415
saalinee,Muslim,0.4835253983816558
saaloo,Christian,0.8343055228346415
saalumke,Christian,0.3756081759894648
saalumkhe,Muslim,0.4716054718152035
saama,Christian,0.41925989185258494
saamgale,Christian,0.5165032576142573
saami,Christian,0.3805716963945283
saamthaa,Christian,0.5053991126357712
saamthi,Hindu,0.6600169407762855
saanap,Hindu,0.6383541160728018
saanoo,Christian,0.6073715868142364
saanthaa,Christian,0.8913512080854599
saanthi,Hindu,0.6094116841415799
saanthidevee,Hindu,0.7465232488664142
saanthilathaa,Christian,0.7743113252701095
saaradaa,Hindu,0.7272832023289127
saarikaa,Hindu,0.7007817710330685
saathaputhe,Christian,0.579095568445264
saathe,Christian,0.8962385246213891
saav,Christian,0.6867587115011211
saavale,Hindu,0.7369735677876034
saavaleeyaa,Christian,0.6904070964942557
saavamth,Hindu,0.7533368245755822
saavathree,Hindu,0.7210713298438153
saavithree,Hindu,0.8034389491905701
saayadaa,Hindu,0.5490032283998167
saayaraa,Christian,0.6235538511038552
saayaree,Christian,0.6334954844295069
sab,Muslim,0.9999931992546643
saba,Muslim,0.993013420385237
sabaa,Muslim,0.967277555315306
sabaanaa,Muslim,0.4711746203041607
sabale,Muslim,0.8210875953548478
sabanam,Hindu,0.8858898254710877
sabbeer,Muslim,0.998008533997476
sabeenaa,Muslim,0.9676900365560659
sabesbara,Muslim,0.6815397812024268
sabir,Muslim,0.9625244381703711
sabithaa,Muslim,0.797454285914847
sabu,Muslim,0.9994180581200254
sachdeva,Christian,0.6025216058365227
sachin,Hindu,0.7841259449134846
sada,Hindu,0.9993361847505434
sadaananda,Hindu,0.975520579537921
sadaay,Hindu,0.7799358719725279
sadadaam,Hindu,0.9853801164368649
sadaiyan,Hindu,0.9964671493692765
sadashiv,Hindu,0.9668195499076134
sadasivam,Hindu,0.9915982300687038
saddaam,Hindu,0.8337203730555285
saddik,Muslim,0.740588095367609
sadeep,Hindu,0.9273401543805119
sadhan,Hindu,0.9979757640421053
sadhu,Hindu,0.9903339130603969
sadhukhan,Hindu,0.9610197188933811
sadik,Hindu,0.8278601003665196
saeed,Muslim,0.9292853099941116
safi,Muslim,0.9999285629979752
safik,Muslim,0.9996700761412455
safiya,Muslim,0.9941928013634928
sagar,Hindu,0.7388852302526095
sageer,Muslim,0.8396796166140122
sagir,Hindu,0.6184011641251894
sah,Hindu,0.7183066367571858
saha,Muslim,0.6103316817809574
sahaa,Muslim,0.6465256290974125
sahaanaa,Hindu,0.5860817430574975
sahaane,Hindu,0.5438717919865785
sahaare,Hindu,0.7933961252181708
sahadeba,Hindu,0.9894500944671969
sahadev,Hindu,0.9517267600452098
sahadevan,Hindu,0.9787579759620584
sahajaad,Muslim,0.5921128985612152
sahajaadee,Muslim,0.7026779458155458
sahanaaj,Hindu,0.6102086016667749
sahani,Hindu,0.5287556698397637
sahare,Hindu,0.977736635810724
sahay,Hindu,0.7880634969369325
sahdev,Hindu,0.9459351552809729
saheb,Muslim,0.9764374248273254
saheed,Muslim,0.9629405152074136
saheedaa,Muslim,0.8192696479664918
sahid,Muslim,0.9656397721427599
sahis,Hindu,0.6251368883167525
sahni,Hindu,0.514580095367813
sahu,Hindu,0.9998206769130115
sai,Muslim,0.7405926836774696
said,Muslim,0.9858664225265139
saifi,Muslim,0.9998865768742159
saikh,Muslim,0.9573234571191278
sail,Christian,0.7950368792479249
sailendr,Hindu,0.6734640891872126
sailes,Christian,0.8248265423831387
sain,Muslim,0.5036701828474867
sainaba,Muslim,0.9547926922501687
saini,Hindu,0.9301324628071906
saiyad,Hindu,0.5087117801719474
saiyyad,Christian,0.6250532297253284
sajan,Hindu,0.8337194023324987
sajanaa,Hindu,0.6535179730609239
sajanee,Hindu,0.5129363445083678
sajeev,Christian,0.4859453363580788
sajeevan,Christian,0.7190609393437022
saji,Hindu,0.4798306317852266
sajid,Muslim,0.6990761726966412
sajitha,Hindu,0.8145713186417528
sajjan,Muslim,0.4771598885030554
sakapaal,Hindu,0.5223994235826329
sakeel,Muslim,0.7540220948488974
sakeelaa,Christian,0.3524365902322588
sakeenaa,Muslim,0.5260182379404345
saket,Hindu,0.8667819886080734
sakharam,Hindu,0.9890479155350739
sakhare,Hindu,0.9898867792005797
sakpal,Hindu,0.7472063519786041
sakthi,Hindu,0.8790253470229066
sakumthalaa,Hindu,0.7958225326576603
sakun,Hindu,0.5474878894473029
sakunthalaa,Hindu,0.7763541503808687
salam,Hindu,0.5201144922822707
salamaa,Christian,0.42063575547125026
salamaan,Hindu,0.4733078195153978
salave,Hindu,0.8989956811616299
salavi,Hindu,0.5829430957951213
saleem,Muslim,0.953739775521816
salikaram,Hindu,0.9454303072976503
salim,Muslim,0.790406139964187
salma,Muslim,0.4779388418326263
saloochanaa,Christian,0.5531464257809424
salunke,Hindu,0.7540857190808973
salunkhe,Hindu,0.6715446439422753
samaa,Christian,0.8294373685262013
samad,Muslim,0.5167995981244108
samala,Hindu,0.9082475048205616
saman,Christian,0.6219001215210003
samanta,Hindu,0.9664105256057569
samar,Hindu,0.6660052427788858
samasaad,Hindu,0.6610015955567715
samaser,Christian,0.8331523284765424
sambhoo,Hindu,0.9875100244789108
sambhu,Hindu,0.9911614524499822
samdeep,Hindu,0.9456018693671693
samdhyaa,Hindu,0.9775251752053922
sameem,Muslim,0.9517712550268834
sameemaa,Muslim,0.8388126493413407
sameenaa,Muslim,0.4800425740464424
sameer,Muslim,0.9610356820844709
samgeethaa,Christian,0.9884889965105992
samgithaa,Christian,0.6113699574897993
sami,Hindu,0.9792174103702171
samikkannu,Hindu,0.9952347145664622
samjanaa,Muslim,0.6503500659102843
samjay,Hindu,0.441506856015057
samjayakumaar,Hindu,0.6151955974812641
samjeedaa,Hindu,0.4963606108253931
samjeeth,Hindu,0.8374602221715141
samjeev,Hindu,0.7312526221627719
samjoo,Hindu,0.43104788313579856
samju,Muslim,0.6195577437217832
samkar,Buddhist,0.618497797751767
samkaralaal,Hindu,0.8147716030156245
sampat,Hindu,0.7405175705032411
sampath,Hindu,0.889306557433244
sampathi,Hindu,0.9226201302061999
samsuddin,Muslim,0.9990431329331461
samth,Hindu,0.856684416084757
samtharaa,Hindu,0.8979357352740597
samtharaam,Hindu,0.9106974744993688
samthoosh,Christian,0.49883731905265183
samthooshee,Christian,0.5422731209397422
samthoshha,Hindu,0.9105645006576188
samuel,Christian,0.9949875191414016
samyukthaa,Hindu,0.9765873820395066
sana,Hindu,0.9998752486778666
sanaa,Hindu,0.9369342324840514
sanaathana,Hindu,0.8854031224116816
sanadi,Hindu,0.9947383810018124
sananthoosh,Hindu,0.6446550087658244
sanap,Hindu,0.9958904755618934
sandeep,Hindu,0.9776960575367555
sandhya,Hindu,0.9959438817511994
sandhyaa,Hindu,0.9841043517715016
sandhyaaraanee,Hindu,0.9072897201842854
sandip,Hindu,0.9985822556604474
sanee,Muslim,0.5178016976529014
sangale,Hindu,0.9204852825506066
sangama,Hindu,0.9823897326895392
sangeeta,Hindu,0.9440652988580054
sangkar,Hindu,0.9876393003691558
sangma,Hindu,0.9844758966614447
sanjay,Hindu,0.997509499939254
sanjaykumar,Hindu,0.72704586095511
sanjeev,Hindu,0.8155312060710971
sanjjay,Hindu,0.9746625183087538
sanjoo,Hindu,0.7922531773133022
sankar,Hindu,0.6919892150163116
sankaran,Hindu,0.9974764806245413
sannee,Hindu,0.7496468010427033
sannoo,Hindu,0.7713783219239722
sanooj,Muslim,0.5028116077100546
santa,Hindu,0.9906776244010368
santalal,Hindu,0.981718028516239
santara,Hindu,0.997045084496255
santaram,Hindu,0.9964005951670378
santha,Hindu,0.949873902185344
santhanam,Hindu,0.6306597982275619
santharaa,Hindu,0.9405647142054587
santharaam,Hindu,0.951009559498088
santhi,Hindu,0.9828628774100255
santhoosh,Christian,0.8338423037494623
santhooshee,Christian,0.8505222984124516
santhosh,Christian,0.7991132717286539
santosh,Sikh,0.6966706670692848
santoshkumar,Hindu,0.7110034819596412
sapakaal,Hindu,0.550584980623671
sapakaale,Christian,0.48311756950615364
sapanaa,Hindu,0.914347401184036
saphee,Christian,0.8098999626035758
sapheek,Christian,0.8381012632725484
saphetha,Christian,0.6947035914833726
sapkal,Hindu,0.8356737099908412
sapkale,Hindu,0.8442292103780051
saraaphath,Hindu,0.7908629054614704
sarabajeeth,Hindu,0.8261912589762943
sarada,Hindu,0.9969539657830458
saradaar,Hindu,0.944189556594056
saradar,Hindu,0.9899813282190586
sarajeeth,Hindu,0.7581198634404659
sarajoo,Hindu,0.7391219389004539
sarala,Hindu,0.8344072141083413
saralaa,Christian,0.5560233069904457
saran,Hindu,0.9767576593365687
saranajeeth,Hindu,0.9174369089980932
sarapharaaj,Hindu,0.4886108901179327
sarasbathee,Hindu,0.6159132200920345
sarasvathee,Hindu,0.6478180227788208
sarasvati,Hindu,0.8575304287142956
saraswathi,Hindu,0.9418626781345006
saratha,Hindu,0.9718357120269244
sarathaaj,Hindu,0.7406184903059985
saravaiyaa,Hindu,0.9549203053584862
saravan,Hindu,0.9927156332410315
saravanan,Hindu,0.9971988662510685
saravaree,Hindu,0.846542688989547
sardar,Hindu,0.8698197769721021
sareeph,Christian,0.8526074157952988
sareethaa,Christian,0.9024261730301022
saren,Hindu,0.9473310524517775
sariadar,Christian,0.6754331285486627
sarida,Hindu,0.8287610913309975
sarif,Muslim,0.9992863262818478
sarita,Hindu,0.9614930810211418
saritha,Hindu,0.7806408831772471
sarithaa,Hindu,0.5899527106935388
sarju,Hindu,0.924525967280908
sarkar,Hindu,0.905588892339055
sarmaa,Hindu,0.8926236055616906
sarmilaa,Hindu,0.7210070047680424
sarode,Hindu,0.9769899207993816
saroj,Hindu,0.973295200959885
sarojini,Hindu,0.9579249995396137
saroode,Hindu,0.9415109237787863
sarooj,Hindu,0.7999865704163919
saroojaa,Hindu,0.5976887096868783
saroojanee,Muslim,0.4884613382177158
saroojini,Hindu,0.9014236788148782
sartha,Hindu,0.605829432946812
sarup,Hindu,0.9472359769077653
sarvajeeth,Hindu,0.9153005068523684
sarves,Hindu,0.9208093506625181
sasaamk,Hindu,0.5092142601322027
sasaane,Christian,0.6459170777664259
sasane,Hindu,0.9212050554231743
sasee,Christian,0.7428148109645418
sasi,Hindu,0.7324260970946307
sasidharan,Hindu,0.9394601506856927
sasikaanth,Hindu,0.6181781556607246
sasikalaa,Muslim,0.3876915438493804
sasikumar,Hindu,0.7247547523050277
sasmithaa,Hindu,0.3863367550814041
satapathi,Hindu,0.9920276794149029
satar,Hindu,0.9956354652224593
satbeer,Hindu,0.5609378260660141
sath,Hindu,0.9834584945838887
sathabeer,Muslim,0.6420713734036383
sathabhaamaa,Hindu,0.7810189830419975
sathanaam,Hindu,0.7793549724980187
sathapaal,Hindu,0.7849919308025961
sathaveer,Hindu,0.8600489991231468
sathe,Hindu,0.6581213980733667
sathees,Christian,0.710333241782541
satheesh,Christian,0.5820332798696575
sathendr,Hindu,0.9406025190039252
sathi,Hindu,0.9758785045193573
sathoos,Christian,0.495802222581547
sathrudhan,Hindu,0.9870761371330157
saththaar,Hindu,0.5276919298077448
sathy,Hindu,0.9890772065576876
sathyaa,Hindu,0.9824298479421483
sathyadev,Hindu,0.9920915039692805
sathyam,Hindu,0.9976103374101012
sathyanaaraayan,Hindu,0.9620098655504695
sathyanarayan,Hindu,0.9873296350809694
sathyandr,Hindu,0.9985907559621805
sathyapaal,Hindu,0.9915776163678034
sathyaprakaas,Hindu,0.9261711484174197
sathyavathee,Hindu,0.935285739831366
sathyaveer,Hindu,0.9967636831136925
sathyendr,Hindu,0.9809870995918414
satish,Hindu,0.6001651969573761
satpal,Hindu,0.5275643710970963
satpute,Hindu,0.9415788153836375
satra,Hindu,0.9968035846841499
sattar,Hindu,0.8369833304286839
satveer,Hindu,0.9861366727611102
satya,Hindu,0.973382552768273
satyadev,Hindu,0.9661166431810019
satyanarayan,Hindu,0.9357358127062182
satyanarayana,Hindu,0.9006484890694539
satyapal,Hindu,0.9739554597559287
satyaprakash,Hindu,0.836743213758306
satyavathi,Hindu,0.6143646567727018
satyaveer,Hindu,0.948227006128806
sau,Hindu,0.7314597287218976
savaanaa,Christian,0.7036103649773462
savale,Hindu,0.9599302879672056
savant,Hindu,0.8587957779927015
savara,Hindu,0.9677548278818825
savaran,Hindu,0.9461564386689584
savarimuthu,Hindu,0.9762775589014312
saveethaa,Christian,0.5952737999777957
saviadar,Hindu,0.9428336727066795
savita,Hindu,0.9788676603809753
savithaa,Hindu,0.6663072125788455
savithri,Hindu,0.9152191583530233
savitri,Hindu,0.8622652575279053
saxena,Hindu,0.8659635834398481
sayyad,Hindu,0.6662731411655285
sebastian,Christian,0.9994218036012287
sebathee,Christian,0.9633002101855088
sedage,Christian,0.5943815043318755
seelaa,Christian,0.883634673844821
seelaadevee,Christian,0.5657795085221218
seema,Muslim,0.6463338574046273
seemaa,Christian,0.546938741239141
seenuvasan,Christian,0.6663281923728329
seerangan,Hindu,0.9492654946369393
seetha,Christian,0.7275115622819233
seethaa,Christian,0.9225335073299301
seethaabaaee,Christian,0.8569942045988914
seethaadevee,Christian,0.6949771718524365
seethaaraam,Christian,0.8029905701625019
seethal,Hindu,0.6477896673790462
seethalaa,Hindu,0.4983537691962545
sek,Christian,0.9946683024594855
seka,Christian,0.9838881716896372
sekar,Christian,0.9479117615338606
sekh,Muslim,0.9351063091430732
sekhar,Hindu,0.8142353993372612
selaar,Christian,0.9320011616693079
selake,Christian,0.7603185804375444
sellaiya,Hindu,0.9207841431294473
sellamuththu,Hindu,0.9810510502078853
sellappan,Hindu,0.968443121419251
selvakumar,Christian,0.8297037357267707
selvam,Christian,0.9898325286658352
selvan,Christian,0.8655981579661398
selvaraj,Christian,0.9729365735821831
selvarasu,Christian,0.8280979158684869
selvi,Christian,0.9892620819655902
semdage,Muslim,0.480948798925997
semde,Muslim,0.48260796432896724
sen,Christian,0.9618156122566339
senapati,Hindu,0.9006222104472448
sengodan,Hindu,0.9790897140994407
sengupta,Hindu,0.9952250473807733
senthil,Hindu,0.6707509571566128
senthilkumar,Hindu,0.6906733909140079
ser,Christian,0.9895461707592517
sete,Christian,0.7573345373353857
seth,Hindu,0.5983157257483813
setha,Hindu,0.7372374491662718
sethi,Hindu,0.9504562133013266
settee,Christian,0.8646683821617395
sevaa,Christian,0.9993714712483038
sevaale,Christian,0.9963493440553639
sevak,Christian,0.937677130497682
sevaram,Christian,0.6484745038412217
sha,Hindu,0.966337970831866
shaamthavva,Hindu,0.9519618722380134
shabana,Hindu,0.9784706697141848
shabar,Hindu,0.8630042884745618
shabbir,Muslim,0.8837518351610826
shafi,Muslim,0.9989777833209663
shafik,Muslim,0.9990077721776758
shah,Muslim,0.8572710863637657
shahare,Hindu,0.9294534867340138
shahi,Muslim,0.9232336574104939
shahid,Muslim,0.9747620924696111
shahin,Muslim,0.7818789367634325
shahu,Hindu,0.9407956513724105
shahzad,Muslim,0.7906619212341476
shaik,Muslim,0.9897448960089024
shaikha,Muslim,0.9812676021454683
shaikiya,Muslim,0.5779646378473171
shailendra,Hindu,0.8928912932439014
shailesh,Hindu,0.7927673360986764
shaji,Christian,0.9929528926318757
shakil,Muslim,0.652892149454905
shakir,Muslim,0.7852862736377954
shakoor,Hindu,0.4831737480195411
shakuntala,Hindu,0.9472689199706896
shakya,Hindu,0.9152833005249613
shama,Hindu,0.6222366997990828
shambhu,Hindu,0.9873377737801935
shamim,Muslim,0.6667851572858914
shamkara,Buddhist,0.668806370821969
shamma,Hindu,0.6550550834482609
shammi,Muslim,0.5861336449160385
shamshad,Muslim,0.6505808333292821
shamsher,Muslim,0.9346002999151881
shana,Hindu,0.9971794138693231
shankar,Hindu,0.9656772315400722
shankarlal,Hindu,0.9967534056748956
shanmugam,Hindu,0.9979080167695291
shanmugasundaram,Hindu,0.9803539436247978
shanmugavel,Hindu,0.9956234098089944
shanna,Hindu,0.9897540971407334
shanta,Hindu,0.6366027245193918
shanti,Hindu,0.6052495305906331
shantilal,Hindu,0.9186764020738066
sharada,Hindu,0.9991412498370968
sharan,Hindu,0.9989694683079569
sharanappa,Hindu,0.9981341975991378
sharif,Muslim,0.9744482975219894
sharma,Hindu,0.9998823053984738
sharmi,Hindu,0.985412020249266
shashi,Hindu,0.6565599777380433
shashikant,Hindu,0.9090968229887835
shasmal,Muslim,0.7635396186712873
shaukat,Hindu,0.8147647276555516
shedge,Hindu,0.6503445090754141
sheeba,Muslim,0.7049439993091264
sheeja,Muslim,0.7132053999844432
sheela,Hindu,0.8147760758936952
sheetal,Hindu,0.8222336143208054
sheik,Muslim,0.9101078854135132
shekha,Muslim,0.989642108710729
shekhar,Hindu,0.628265414342092
shelar,Hindu,0.9449365308237241
shelke,Hindu,0.6788819897857367
shendage,Hindu,0.8667434935683529
shende,Hindu,0.7586989044874962
sher,Hindu,0.7203411444775346
shete,Hindu,0.8440989708206014
sheth,Hindu,0.8663843051640416
shetty,Hindu,0.972073903175346
shevale,Hindu,0.7427419681931936
shi,Hindu,0.9963729718414704
shibu,Hindu,0.750237607444178
shiit,Hindu,0.937702476507499
shikdar,Hindu,0.5492847231604648
shil,Hindu,0.9342798045144679
shilpa,Hindu,0.9275608375103674
shinde,Hindu,0.8837306386751648
shingade,Hindu,0.9810395626023909
shirke,Hindu,0.7640622693108682
shirsath,Hindu,0.9733034724299067
shishpal,Hindu,0.916484707014241
shital,Hindu,0.9795209917805944
shitole,Hindu,0.9066789291453925
shiva,Hindu,0.9988648901921856
shivaanamda,Hindu,0.9471590169656586
shivaji,Hindu,0.9930253084346958
shivanarayan,Hindu,0.9766086670267624
shivappa,Hindu,0.9998516533944004
shivcharan,Hindu,0.9772627102484736
shivdayal,Hindu,0.9856612474640782
shivkumar,Hindu,0.9235988420303404
shivlal,Hindu,0.8679405303827669
shivnath,Hindu,0.9948995359022774
shivprasad,Hindu,0.9037045721916939
shivraj,Hindu,0.9737688276828287
shivram,Hindu,0.9674627498861422
shivshankar,Hindu,0.994158744880908
shobha,Jain,0.9680076981278457
shobhaa,Jain,0.8140126827514002
shobhana,Jain,0.4772240829598561
shobhanath,Hindu,0.9044652566698901
shobharam,Jain,0.9408602012318716
shravan,Buddhist,0.6471660515763898
shreenath,Hindu,0.9912415934334472
shrikant,Jain,0.8235350912917462
shrikrishn,Hindu,0.9624633184703537
shrilal,Hindu,0.9889108208102805
shrinivas,Hindu,0.9211157910385287
shrinu,Hindu,0.9053444244794903
shripal,Hindu,0.9906342900478916
shriram,Buddhist,0.7561920309518362
shrishaila,Hindu,0.977387191267091
shrivastav,Hindu,0.9821689361698035
shukla,Hindu,0.9959459967967297
shyam,Hindu,0.9991928532792588
shyamala,Hindu,0.9897046135135508
shyamasundar,Hindu,0.9676560731041971
shyamlal,Hindu,0.991724070226032
siadar,Hindu,0.877608546689591
siba,Hindu,0.7628932506672337
siddappa,Hindu,0.6398081357224259
siddhaarth,Hindu,0.7097061879861661
siddik,Muslim,0.9868106783501072
siddiki,Muslim,0.9600852123457048
siddiqui,Muslim,0.9997643462660685
sih,Christian,0.6097576838422191
siha,Muslim,0.4201323842341992
sihah,Muslim,0.7165743809468288
sikadar,Muslim,0.7749816038854525
sikamdar,Muslim,0.750755732155455
sikandar,Muslim,0.9682947156220948
sikhaa,Muslim,0.9330454635731156
silaa,Christian,0.9393787348968845
silpaa,Christian,0.8244252951420321
silpee,Christian,0.8251582654252961
sima,Christian,0.46675639665739654
simaa,Christian,0.8850866303312207
simalaa,Christian,0.8318337432738963
simarajeeth,Christian,0.6556066482060734
simaran,Christian,0.7385115621312915
simaranajeeth,Hindu,0.6247861893454534
simde,Muslim,0.7264426891605776
simg,Muslim,0.43969707001138547
simgaade,Hindu,0.5291859171919672
simh,Hindu,0.4443089023573565
simhachalam,Hindu,0.9705830880761266
simpee,Muslim,0.4134411681819326
sindhu,Hindu,0.7318556816169557
sing,Sikh,0.9998288723195872
singaram,Christian,0.8741011821530587
singh,Sikh,0.9999988829582817
singhal,Hindu,0.5290670212077219
singla,Hindu,0.847676434933685
sinha,Hindu,0.8632109882567415
sipraa,Christian,0.5730761662536908
siraaj,Christian,0.6020210092891671
siraj,Muslim,0.5862019900141486
sirasaat,Christian,0.7321065467883333
sirasaath,Christian,0.7646531997230068
sirke,Christian,0.42614315920419443
sirsat,Hindu,0.7004625455271367
sisupaal,Hindu,0.7770198281273919
sita,Hindu,0.9816992299143706
sitaram,Hindu,0.9990787200869636
sithaa,Christian,0.6154515549004751
sithaaraa,Christian,0.6585793298093258
siv,Hindu,0.9674325967914259
siva,Hindu,0.987295033822814
sivaanee,Christian,0.5515778339499781
sivacharan,Hindu,0.9818261356674142
sivajee,Hindu,0.8637571905588164
sivakalee,Hindu,0.8125347091040755
sivakkumar,Hindu,0.8475048749537829
sivakumaar,Hindu,0.5546552148304014
sivakumaaree,Christian,0.5200937975433549
sivakumar,Hindu,0.7272986249234471
sivalaal,Hindu,0.8611720033877519
sivalingam,Hindu,0.9824341043797064
sivam,Hindu,0.9915307547210493
sivan,Hindu,0.9970076792561511
sivanaaraayan,Hindu,0.9246686826271497
sivanaath,Hindu,0.9712240744150178
sivaprasaad,Hindu,0.6676109462381428
sivapujan,Hindu,0.9653027301128597
sivaraaj,Hindu,0.5086770096783441
sivaraam,Hindu,0.7340996889064685
sivaraanee,Christian,0.5503849684064358
sivaraman,Hindu,0.9927318748867187
sivasamkar,Hindu,0.9819523364150735
sivasamy,Hindu,0.9984427110273174
siyaa,Christian,0.5039997813120707
siyaaraam,Hindu,0.5439208112843854
siyaram,Hindu,0.9932078501214943
smeh,Muslim,0.9460629984041165
smgh,Muslim,0.47106475994750796
smitha,Muslim,0.6750044032286405
smithaa,Muslim,0.5328121028690805
smzh,Muslim,0.9899638495692963
sneh,Hindu,0.4909235006557929
snehalathaa,Christian,0.5945950143702223
snehi,Hindu,0.5640953371449738
sobha,Hindu,0.7760826665512389
sobhana,Hindu,0.939027765328841
sohan,Hindu,0.8241167554075846
sohanlal,Hindu,0.8944401723317875
soiyad,Hindu,0.9153084845920973
sokkalingam,Hindu,0.9744174020795673
solanke,Hindu,0.9922761266393914
solanki,Hindu,0.9975435688753892
som,Hindu,0.5535124004123216
soma,Christian,0.676821600740418
soman,Christian,0.5808032109963237
somapal,Hindu,0.9459526291093621
somasundaram,Hindu,0.6216811092895254
somu,Hindu,0.8817282840140427
sona,Hindu,0.803235173348112
sonakambale,Hindu,0.9678783097158409
sonal,Christian,0.6817375272878251
sonapal,Hindu,0.9363251104641416
sonar,Hindu,0.9519364928997645
sonaram,Hindu,0.97542156815628
sonatakke,Hindu,0.940365015984737
sonavane,Hindu,0.9767995969880976
sonelal,Hindu,0.6767964060767324
soni,Hindu,0.8778250682137532
sonia,Hindu,0.8189642692802662
sonkar,Hindu,0.9948947852300868
sonone,Christian,0.7969972560245201
sonu,Hindu,0.5335627415683508
soobhaa,Muslim,0.7417807095212425
soobhaaraam,Hindu,0.5809311564006145
sood,Muslim,0.492060127563544
soodhaa,Hindu,0.7753989475153719
soohan,Hindu,0.6325668581746507
soohanalaal,Christian,0.6895798404013594
soohanee,Christian,0.5000973074644681
soolamke,Hindu,0.5124200225929443
soolamkee,Muslim,0.6966328734275925
soom,Muslim,0.38620801578678415
soomaa,Christian,0.9766858921182435
sooman,Christian,0.8886641264105499
soomanaatha,Christian,0.8498501329009356
soomapaal,Christian,0.5933318236153455
soomathee,Christian,0.9888775036449792
soomavathee,Christian,0.656284118659917
soomithraa,Hindu,0.6761378185161431
soonaa,Christian,0.6607546721873715
soonaalee,Christian,0.5767457280206112
soonaar,Christian,0.5245542320402303
soonaavane,Hindu,0.7582793866962257
soonakaambale,Hindu,0.8326709766907225
soonam,Hindu,0.5633250564110927
soonamathee,Christian,0.9685543653840981
soonatakke,Hindu,0.7977106114332377
soonavane,Hindu,0.950058809219478
soonee,Muslim,0.4298298940463046
sooneeaa,Christian,0.7627179876268025
soonithaa,Christian,0.6640734645044961
sooniyaa,Hindu,0.4028751412011371
soonoo,Muslim,0.6105963795047245
soonoone,Christian,0.5083563523557444
soonu,Muslim,0.34922074295740746
sooraj,Hindu,0.5381395599739329
soorajpal,Hindu,0.8794204986841994
sooratha,Hindu,0.8971663393512737
sooresa,Muslim,0.4096129081703842
soory,Hindu,0.4333415993824341
sooryavamsee,Hindu,0.5569382367393853
soosaantha,Christian,0.9227482949436087
sooshamaa,Christian,0.5451086152156799
soosila,Christian,0.9261977700745029
soosilaa,Christian,0.9805272765392522
soren,Christian,0.9538453331029182
sorkar,Hindu,0.9440888324087194
soudaamini,Hindu,0.6419661385748849
soukath,Hindu,0.7307364951225317
soumya,Hindu,0.8434107328877379
sourabh,Hindu,0.985385337614316
sourav,Hindu,0.9924579310958485
soy,Christian,0.5069260391595313
sravan,Hindu,0.9697306044107563
sravani,Hindu,0.9519253498841793
sree,Hindu,0.7749645021188455
sreedevi,Hindu,0.8786495968791899
sreedhar,Hindu,0.9797987381986188
sreedharan,Hindu,0.9912148268343057
sreeja,Hindu,0.5091431326746914
sreejith,Hindu,0.5833504738956744
sreekaamth,Hindu,0.6695649683259727
sreekaantha,Hindu,0.5669474368734506
sreekrishn,Hindu,0.7701851179480451
sreemathee,Christian,0.5902396212397226
sreenivaas,Hindu,0.8102752028625488
sreenivasulu,Hindu,0.9269802770575435
sreepaal,Hindu,0.7253404059075826
sreeraam,Hindu,0.8523851653284429
sreevaasthav,Christian,0.9416067903080224
sridhar,Hindu,0.9767464394193635
srinivas,Hindu,0.5872622535904869
srinivasa,Hindu,0.8851583634978218
srinivasan,Hindu,0.9636600252534786
srinivasarao,Hindu,0.807306230505214
srinivasulu,Hindu,0.6835877809299135
srinu,Christian,0.7380292488931031
sruthi,Hindu,0.6227131245605758
stri,Hindu,0.8940682446150715
subaasa,Christian,0.5878040845922471
subaash,Christian,0.5372182217102589
subaasinee,Christian,0.4412855521756866
subaida,Hindu,0.8834969066930661
subba,Hindu,0.953319988118254
subbalakshmi,Hindu,0.8965682439086052
subbamma,Hindu,0.821469873670604
subbaramani,Hindu,0.9418882120260822
subbarao,Hindu,0.761691349454779
subbarayan,Hindu,0.8499228655726369
subedar,Hindu,0.9704520798446102
subhaas,Hindu,0.7950351033114835
subhaash,Hindu,0.8797286456268473
subhaavathee,Hindu,0.8634122513779253
subhadraa,Hindu,0.9219170928313996
subham,Hindu,0.9581957683215004
subhan,Hindu,0.9774951906758687
subhash,Hindu,0.9657903451734777
suboodh,Hindu,0.8604775929346389
subramani,Hindu,0.9579865192180279
subramanian,Hindu,0.5667165785663302
subramaniyam,Hindu,0.9637371630471762
subramaniyan,Hindu,0.957219161616158
subramanyam,Hindu,0.993715726037142
sudaama,Hindu,0.4911476839271832
sudaamaa,Christian,0.8342384805857656
sudama,Hindu,0.8612596328811064
sudarsana,Hindu,0.9912094451905075
sudarshan,Hindu,0.9860676169881374
sudes,Hindu,0.7512387472505692
sudha,Hindu,0.9723474480716404
sudhaa,Hindu,0.7051435913408408
sudhaakar,Hindu,0.759298878766353
sudhaamsu,Hindu,0.6583341479781029
sudhakar,Hindu,0.8600538553479294
sudhakaran,Hindu,0.9408842172494879
sudheer,Hindu,0.6894223841641396
sudhir,Hindu,0.9881880551661525
sugan,Hindu,0.9825417224407035
suganaa,Hindu,0.914606427202046
suganee,Hindu,0.854893244250061
sugiyaa,Hindu,0.49370708847962913
sugreev,Hindu,0.6155002768669549
suhara,Muslim,0.8874084533594242
sujaathaa,Christian,0.9470623112837462
sujata,Hindu,0.9782127148623825
sujatha,Hindu,0.8035813229537231
sujeeth,Hindu,0.7106685770906273
sujith,Hindu,0.718714020174088
sukaa,Hindu,0.6320618877902006
sukaantha,Hindu,0.7531560417544274
sukaanthi,Hindu,0.8669275910372317
sukai,Hindu,0.921075391842534
sukh,Hindu,0.3117142483207589
sukhabeer,Muslim,0.9485916779457231
sukhadeep,Buddhist,0.7705280891178785
sukhadev,Buddhist,0.997352608008814
sukhajeeth,Hindu,0.42819351361416
sukhajiadar,Hindu,0.7017455901721724
sukhalaal,Hindu,0.7375210897115153
sukhapaal,Hindu,0.7289350908989592
sukhapreeth,Hindu,0.712595664161813
sukharaam,Hindu,0.9120927732814181
sukharam,Hindu,0.884963645920247
sukhaveer,Hindu,0.7103479574279052
sukhaviadar,Hindu,0.9165420653463351
sukhee,Hindu,0.5504762586191332
sukhiyaa,Muslim,0.4420790732915505
sukhlal,Hindu,0.8323992427080245
sukhpal,Hindu,0.8791021267793991
sukhveer,Hindu,0.688835705139268
sukkhu,Hindu,0.57220645684227
sukumar,Christian,0.5766949521519898
sukumaran,Christian,0.6220172503211359
sulaikha,Muslim,0.5016504961037785
sulaiman,Sikh,0.8567949345014673
sulathaan,Christian,0.5364717245772951
sulekhaa,Muslim,0.8375404572424834
sulemaan,Muslim,0.9298091104116933
suleman,Muslim,0.9983177501292795
sulochana,Hindu,0.9020125915809676
suloochanaa,Christian,0.5775330467523322
sultana,Hindu,0.5038063565630101
sulthaan,Christian,0.5976037792801586
sumaa,Christian,0.9717828485567159
suman,Christian,0.6974529988347796
sumantha,Hindu,0.5865022087780819
sumathi,Christian,0.5162448343639149
sumdar,Hindu,0.5453549934091168
sumer,Hindu,0.9624919487181095
sumit,Hindu,0.4011292085251265
sumith,Hindu,0.33628638518395376
sumithaa,Christian,0.6350377405638253
sumithr,Hindu,0.5637772300205013
sumithraa,Hindu,0.6534897382194332
sumitra,Hindu,0.8361133214557871
suna,Hindu,0.7255665321824543
sunainaa,Hindu,0.6919846915968472
sunamdaa,Hindu,0.5945627760269412
sundar,Hindu,0.9192887565880714
sundaram,Hindu,0.9059454116193918
sundaramurthi,Hindu,0.883198255982168
sundaree,Hindu,0.8341496920781555
sundaresan,Hindu,0.9703309124394245
sundarlal,Hindu,0.9092305395177174
sundarraaj,Hindu,0.5551279909861586
suneel,Hindu,0.5317729328737429
suneelakumaar,Hindu,0.608120430996363
suneetha,Hindu,0.6800226338727285
suneethaa,Christian,0.49357155008213194
suneethaadevee,Hindu,0.612843836761218
sunil,Hindu,0.9305438172376287
sunilkumar,Hindu,0.823653149729643
sunita,Hindu,0.9863409769941248
sunitha,Hindu,0.8012730805251455
sunithaa,Christian,0.498284414560825
sunkara,Hindu,0.9973576897471506
suppaiya,Hindu,0.9842360622614237
suppaiyan,Hindu,0.9801723140232956
suppan,Hindu,0.9973472771146046
supramani,Hindu,0.9803215846273927
supriyaa,Hindu,0.7976805690205565
sura,Hindu,0.9982823353362303
surabhi,Hindu,0.9804194726183193
suraj,Hindu,0.9948874932055854
surajamal,Hindu,0.91161826852498
surajaram,Hindu,0.9990157042572197
surajee,Hindu,0.8860895352942648
surajeeth,Hindu,0.9355755269019058
surat,Hindu,0.9979367303984771
surathee,Hindu,0.927030510784492
suravase,Hindu,0.8511076055351114
surekha,Muslim,0.536183102091738
surekhaa,Muslim,0.5644126102261449
suremdr,Muslim,0.5280263656344443
surender,Hindu,0.950786360783254
surendr,Hindu,0.9639497647529001
surendra,Hindu,0.9650301360209813
surendran,Hindu,0.9891515811471064
sures,Hindu,0.4414237739844828
suresakumaar,Christian,0.5056834473075196
sureschandra,Hindu,0.9462046082976051
suresh,Hindu,0.46600868229462483
sureshkumar,Hindu,0.796533194992612
suriadar,Christian,0.6006186433111238
surin,Christian,0.5774769304798114
surve,Hindu,0.9669518264807355
surya,Hindu,0.9786320116704842
suryanarain,Hindu,0.9983390181245153
suryavamsee,Hindu,0.5457322026132672
suryavamshi,Hindu,0.9050485951916574
susaantha,Christian,0.8655008773273547
suseel,Christian,0.8512279147337072
suseelaa,Christian,0.8396941421531767
suseelaabaaee,Christian,0.7816370625365349
suseelaadevee,Christian,0.6935852614378765
sushamaa,Hindu,0.49366265500112383
sushil,Hindu,0.848684068167646
sushila,Hindu,0.9474469518172094
sushma,Hindu,0.510701542471158
sushmaa,Christian,0.39201235550845787
susilaa,Christian,0.8072811538866044
sutar,Hindu,0.988575829681856
suthaar,Hindu,0.6635221377912064
sutradhar,Hindu,0.9896200604710571
sutrodhar,Hindu,0.9947678360865975
suvarna,Hindu,0.5367191491421316
suvarnaa,Christian,0.7463942143605172
svaamee,Christian,0.3978139035363817
svaathee,Christian,0.8219899815977872
sveetee,Hindu,0.5283044787571968
svethaa,Christian,0.5160352701172185
swain,Hindu,0.984655683331837
swami,Hindu,0.7544663458402693
swaminath,Hindu,0.9521811122619829
swaminathan,Hindu,0.931050308392435
swapna,Hindu,0.8044158665535501
swaroop,Hindu,0.9840186373023999
swarup,Hindu,0.9859609624562237
syaam,Christian,0.8533307823935785
syaamaa,Christian,0.9394486529578896
syaamakalee,Christian,0.44899278369170764
syaamalaal,Christian,0.8237604207048698
syaamasundar,Hindu,0.55315928340435
syaamavathee,Christian,0.5944366427476422
syaamoo,Christian,0.5150613354332703
syamala,Hindu,0.6586222431794487
taamk,Hindu,0.8089427292086412
taanti,Hindu,0.909204076950144
tabassum,Muslim,0.5912049768346472
tadavi,Hindu,0.9963346467797435
tahir,Muslim,0.601075406666119
taj,Muslim,0.6775381975547045
talari,Hindu,0.5966414634263169
talavara,Hindu,0.9740545154356123
talekar,Hindu,0.8806623992022424
talukadar,Hindu,0.8764378828476527
talukdar,Hindu,0.9192060472892919
tamang,Hindu,0.993994666619081
tambe,Hindu,0.9805237871946278
tamboli,Hindu,0.8346205631772483
tamdel,Hindu,0.9957387482541317
tandel,Hindu,0.9842074279865543
tanti,Hindu,0.9793802762974352
tara,Hindu,0.9998934501313609
tarachand,Hindu,0.9932380152034386
tare,Hindu,0.9993240969780528
taslim,Muslim,0.906009395267707
tati,Hindu,0.9959184329376436
tayade,Hindu,0.9431179005233175
tee,Christian,0.6972220273758879
teenaa,Christian,0.644928731138474
teja,Hindu,0.8399778947804878
tejaram,Hindu,0.9746703914530744
tejpal,Hindu,0.9398048207368827
tejram,Hindu,0.9279116300395645
tejsingh,Sikh,0.9336508613498476
tekaam,Hindu,0.6138043788037443
tekam,Hindu,0.9268250767215996
teli,Muslim,0.49773876758637536
thaahir,Hindu,0.6749244404456435
thaahiraa,Hindu,0.5524927092171347
thaaj,Christian,0.8198408044113734
thaakar,Christian,0.5203576647900197
thaakare,Hindu,0.7530710792907531
thaakoor,Christian,0.7446748815914113
thaakur,Christian,0.8382691941777634
thaambe,Hindu,0.5333086116593132
thaamboolee,Hindu,0.5600734285143323
thaamdel,Hindu,0.8570593108430004
thaaraa,Christian,0.7006872015501215
thaaraachand,Hindu,0.8428609250304878
thaaraavathee,Christian,0.687099688975218
thaayade,Hindu,0.6384207314930491
thabassum,Hindu,0.47309164062083475
thackeray,Christian,0.7961451205506445
thadavee,Hindu,0.9839446966858326
thakakar,Hindu,0.954148149786779
thakar,Hindu,0.9841943186952004
thakkar,Hindu,0.8516751503189214
thakur,Hindu,0.968387638536505
thalapadaa,Hindu,0.9941209911852822
thalekar,Hindu,0.891359337822994
than,Hindu,0.9576127405245098
thanaveer,Hindu,0.9792825081545119
thangaraj,Christian,0.6061588268540694
thangarasu,Hindu,0.9614252612897521
thangavel,Hindu,0.9994414665819163
thangavelu,Hindu,0.9995625714173121
thankachan,Christian,0.7135384011329443
thankamani,Hindu,0.9373016954213022
thankamma,Hindu,0.5770856079253384
thankappan,Hindu,0.9997081657062903
thapa,Hindu,0.9574102514782756
thapana,Hindu,0.9877749265221385
thapasbinee,Hindu,0.835164253389196
tharannum,Hindu,0.9771578766465895
tharasem,Hindu,0.8159666936248899
tharoon,Hindu,0.7806789730878567
tharun,Hindu,0.7800521920549647
thasaleem,Christian,0.561119665184704
thavara,Hindu,0.959605051049159
theejaa,Christian,0.5658757839132231
theerath,Hindu,0.9412922313958202
thej,Christian,0.694723381762443
thejaa,Christian,0.773504089198613
thejapaal,Hindu,0.6929985320833411
thelee,Christian,0.6723161731853053
thetharee,Hindu,0.7892010940613855
thidake,Hindu,0.6655174650323027
thilak,Hindu,0.9089562896427504
thirunavukkarasu,Hindu,0.9523174943036612
thiruppathi,Hindu,0.9860875093097102
thiruvengadam,Hindu,0.8406311589102381
thivaaree,Hindu,0.652203880762174
thomas,Christian,0.9999996556702169
thombare,Hindu,0.8587611131319121
thoombare,Hindu,0.9839972178515274
thooraath,Hindu,0.6073322899086215
thorat,Hindu,0.9672356641518779
thribhuvan,Hindu,0.9936356536049831
thrinaatha,Christian,0.7760713226639828
thrivedee,Hindu,0.9845463384888737
thrivenee,Hindu,0.8115874226391484
thulasaa,Hindu,0.7251835895050783
thulasee,Hindu,0.6124803401050004
thulaseeraam,Hindu,0.777260839996247
thupe,Hindu,0.8127112924322127
thyagarajan,Hindu,0.9545226140446671
tidke,Hindu,0.9090759317024911
tigga,Hindu,0.9246532359780862
tikaaram,Hindu,0.9914080737620031
tilak,Hindu,0.9875533110052229
tipathi,Hindu,0.9949003278085591
tirki,Hindu,0.8808394321697686
tirth,Hindu,0.8442751321671772
tiwari,Hindu,0.9996910632674568
tomar,Muslim,0.5727526107287221
topno,Christian,0.7833587674738983
toppo,Hindu,0.7880485553739552
torafdar,Muslim,0.6305713090458785
totaram,Hindu,0.9975844456462541
tra,Hindu,0.998975568294155
tribhuvan,Hindu,0.9943216903647765
tripathi,Hindu,0.9903207502822617
tripura,Hindu,0.9840236666811996
trivedi,Hindu,0.9982472284347629
triveni,Hindu,0.9630506889107422
tud,Hindu,0.9100334040403042
tudoo,Hindu,0.8684790881911248
tudu,Hindu,0.6153623190777456
tukaram,Hindu,0.9980243358896105
tularam,Hindu,0.995252950971234
tulsi,Hindu,0.5956303180778146
tulsiram,Hindu,0.6357570966257743
tunaa,Hindu,0.5117538687312551
tunatun,Hindu,0.7561389531979099
tupe,Hindu,0.8961873118338846
turi,Hindu,0.9950889803780557
turu,Hindu,0.9968213311163425
tyagi,Hindu,0.9884812088555812
ubaale,Christian,0.474379627149683
ubale,Hindu,0.8270002135166644
uda,Hindu,0.9957815939733949
udake,Christian,0.6585447503938786
uday,Hindu,0.9785341909292864
udayabhaan,Hindu,0.9675151152553474
udayakumar,Hindu,0.9252767262656557
udayaveer,Hindu,0.9610086605245922
udaybhan,Hindu,0.9464084738479167
uddeen,Muslim,0.9651357014013618
uddin,Muslim,0.9999940863791155
udin,Muslim,0.8692485788076514
ueeke,Christian,0.674328015528598
ugale,Hindu,0.9264071046558262
uike,Hindu,0.9007944063842825
uke,Hindu,0.9393988972477454
ulla,Muslim,0.9498667430263082
ullah,Muslim,0.9848567788453019
uma,Hindu,0.7919503774003075
umaa,Christian,0.9331982228548154
umaadevee,Hindu,0.5389089421102793
umaakaantha,Christian,0.8539828332835033
umaasamkar,Hindu,0.6130681948005576
umar,Hindu,0.5463926298279905
umaraavathee,Christian,0.696447253024659
umashankar,Hindu,0.975408384326539
umes,Hindu,0.835983418401361
umesh,Hindu,0.9590802699580016
umilaa,Christian,0.7341410983413142
umirlaa,Hindu,0.5339086664868149
ummar,Muslim,0.7174710887509717
umraav,Hindu,0.9516568421267027
unnikrishnan,Hindu,0.9891924117751477
upaadhyaay,Hindu,0.9426467228290519
upaasee,Christian,0.9014562126201362
upadhyay,Hindu,0.9996214586516651
upemdr,Hindu,0.7207590348343135
upendr,Hindu,0.9054433839847258
upendra,Hindu,0.9308138198369982
uraanv,Hindu,0.956626836815416
uraine,Hindu,0.9816289245996984
uranv,Hindu,0.996640244726942
urao,Hindu,0.9952994010652546
uraprameelaa,Hindu,0.9326436322240517
urav,Hindu,0.9998719876842487
urmeelaa,Hindu,0.7352898543909376
urmila,Hindu,0.9634661641467442
urmilaa,Hindu,0.7782336911051938
urmilraa,Hindu,0.7377123144813917
urmithraa,Hindu,0.9306939186835518
usaa,Christian,0.5118729287816072
usamaan,Christian,0.49319340567720965
usen,Christian,0.8566568885447599
usha,Hindu,0.7683941830477293
ushaa,Hindu,0.5214926850404726
ushaadevee,Hindu,0.8441620718972901
usmaan,Muslim,0.7863421549401045
usman,Muslim,0.8002024394768895
uththam,Hindu,0.5207424748603214
uttam,Hindu,0.9979749069712013
vaadekar,Hindu,0.44880772215270825
vaadhelaa,Hindu,0.6598938193664692
vaagh,Hindu,0.6405026723908264
vaaghamaare,Hindu,0.7157338579596113
vaaghamoode,Hindu,0.8871762325988651
vaagharee,Hindu,0.9021574329270817
vaaghelaa,Hindu,0.6362578695632087
vaajaa,Christian,0.9752719176415879
vaalaa,Christian,0.9318750064898449
vaalamd,Hindu,0.6063816842780839
vaanakhade,Hindu,0.9707369351373408
vaanakhede,Hindu,0.9419491113758137
vaanee,Christian,0.8318984223426149
vaasudev,Christian,0.7896011591566189
vadivel,Hindu,0.9990668515227805
vadivelu,Hindu,0.9993893791686403
vagh,Hindu,0.9997734209003628
vahid,Muslim,0.6201661738094864
vaibhav,Hindu,0.9929390476507336
vaidy,Hindu,0.7222665639428257
vaidya,Hindu,0.8038800474154268
vaisaalee,Christian,0.704014232773928
vaishali,Hindu,0.9611873404745858
vaishnav,Hindu,0.9742161898650036
vaishya,Hindu,0.9808740131543963
vaiyapuri,Hindu,0.9963331225822821
vakeel,Christian,0.4412356454409806
valavee,Hindu,0.9355688520916411
valavi,Hindu,0.9249065874447787
vali,Hindu,0.6900943490409195
valikara,Hindu,0.9023716852962759
valsala,Hindu,0.8341262736476782
vamdanaa,Hindu,0.9306131282230032
vanakar,Hindu,0.9966718342974374
vandanaa,Hindu,0.9705975357297149
vani,Hindu,0.9902927381800016
vanita,Hindu,0.9943719043932605
vankhade,Hindu,0.5663450259375651
vano,Hindu,0.7071057028087242
varadaraj,Hindu,0.990235740522
varadarajan,Hindu,0.9766711638151843
varalakshmi,Hindu,0.8086722002655893
varathan,Hindu,0.936302616461464
varghese,Christian,0.9998283895969436
variadar,Christian,0.7951222283171178
varkey,Christian,0.9993146167271608
varma,Hindu,0.9924825814129213
varmaa,Hindu,0.7809644338802626
varoon,Christian,0.6630240074054488
varsha,Hindu,0.9764573715896618
varshaa,Hindu,0.8867665679692195
varun,Christian,0.9055247801281429
vasaavaa,Christian,0.9012697182351634
vasaave,Christian,0.6531001932490327
vasadev,Hindu,0.8842393752635612
vasant,Hindu,0.9805514870251265
vasantha,Hindu,0.9417656963485128
vasanthee,Hindu,0.8376547164903585
vasave,Hindu,0.8720647254986112
vaseem,Christian,0.538365824698449
vasim,Christian,0.6066070350113352
vasu,Hindu,0.7935623147298585
vasudev,Hindu,0.9206667322293735
vasudevan,Christian,0.5039556596029774
vati,Hindu,0.9357341134055904
vayassu,Christian,0.891550662017187
ved,Hindu,0.9838969968702703
vedaprakaas,Hindu,0.5057377634053696
vedprakash,Hindu,0.9406591553833259
veenaa,Hindu,0.7927608550679734
veer,Hindu,0.9790890186830132
veeramani,Hindu,0.9779721265202364
veeramuthu,Hindu,0.9902116671202266
veeran,Hindu,0.9127974089041881
veerapaal,Hindu,0.9045245687614879
veerappan,Hindu,0.9987889047471663
veerasamy,Hindu,0.9990541693404859
veeravathee,Hindu,0.9855485515762193
veeremdr,Hindu,0.7306316412161841
veerendr,Hindu,0.9411635572366194
veeroo,Hindu,0.789161638526449
veerpal,Hindu,0.9670792645120719
veevee,Hindu,0.599993268136392
vegam,Hindu,0.8645226269273135
vel,Hindu,0.9706229307988291
velayudham,Hindu,0.940618627308954
velayudhan,Hindu,0.8748210836107139
vellaichchami,Hindu,0.9620024615493823
vellaiyan,Hindu,0.9985904410219206
velmurugan,Hindu,0.9994487819570761
velu,Hindu,0.9980219849121007
veluchchami,Hindu,0.9640424475743101
velusami,Hindu,0.9909641926231701
vemula,Hindu,0.8169151603286648
vena,Hindu,0.880644833009597
venkata,Hindu,0.9941201803320959
venkatachalam,Hindu,0.9863214916277538
venkatalakshmi,Hindu,0.8772594357094097
venkatamma,Hindu,0.9893158659073973
venkataramana,Hindu,0.999744079350157
venkatayya,Hindu,0.6751812811546252
venkatesan,Hindu,0.966133867925348
venkatesh,Hindu,0.9262769778519836
venkateshwararao,Hindu,0.9183586249783516
venkateswara,Hindu,0.9405350792114231
venkateswarlu,Hindu,0.9426474988271137
venkatraman,Hindu,0.9691290323208239
venkayamma,Hindu,0.7159153791710073
venu,Christian,0.5071769694835891
venugopal,Hindu,0.9595355585272954
verma,Hindu,0.9999777166355531
vibhaa,Hindu,0.9411653454796912
vidhaa,Hindu,0.5200504656946637
vidyaa,Christian,0.618493089510878
vidyaavathee,Christian,0.6044628386882747
vihari,Hindu,0.9804094509371652
vijai,Hindu,0.9151746111695795
vijay,Hindu,0.8814198627171111
vijayakumaar,Hindu,0.7601888741464332
vijayakumar,Hindu,0.867027128529685
vijayalakshmi,Hindu,0.8475641118421622
vijayamma,Hindu,0.9615058182625318
vijayan,Hindu,0.6988480666430253
vijayapaal,Hindu,0.7037554813916872
vijayasimh,Hindu,0.7626912246785951
vijaykumar,Jain,0.3777945981008233
vijaypal,Hindu,0.9593473183764061
vijaysingh,Hindu,0.905491671442389
vije,Hindu,0.9603586437052458
vijendr,Hindu,0.9920629124942615
vijendra,Hindu,0.9940055152885681
vikaas,Christian,0.6965802287062485
vikas,Hindu,0.8391417025824454
vikkee,Hindu,0.579703965026269
vikram,Hindu,0.8654095390500454
vilaas,Christian,0.9182079918350297
vilas,Hindu,0.6574017202084907
vimal,Christian,0.8198317604202443
vimala,Christian,0.6941191083710034
vimalaa,Christian,0.9113838300343997
vimalaadevee,Christian,0.7055869969203865
vimales,Christian,0.8380794464080241
vina,Hindu,0.9286841229942405
vinaa,Christian,0.5981210194734723
vinay,Hindu,0.8083043269787307
vinayagam,Christian,0.5275430071065507
vind,Hindu,0.9073138925702395
vindaa,Christian,0.5024097514963904
vindu,Hindu,0.9661652200717645
vineeth,Hindu,0.6559263566731913
vineethaa,Christian,0.5954231535279788
vinithaa,Christian,0.9781307097016967
vinod,Christian,0.7298289939601424
vinodkumar,Hindu,0.7369666199399948
vinood,Hindu,0.5281015071841437
vinoodakumaar,Christian,0.5432905019796924
vinu,Hindu,0.5305964620718328
vipin,Hindu,0.9067963263440934
vipul,Hindu,0.9408020374657657
vir,Hindu,0.992400609190281
virendr,Hindu,0.9920046865451195
virendra,Hindu,0.9930211961411031
visaal,Hindu,0.47527861627305956
vishal,Hindu,0.9953525400779846
vishambar,Hindu,0.9882314526416128
vishnu,Hindu,0.9816673455839028
vishram,Hindu,0.9949901069383082
vishwakarma,Hindu,0.9994367948474141
vishwala,Hindu,0.9989546016629648
vishwanath,Hindu,0.9979445080002622
vishwas,Hindu,0.9925791309186013
visraam,Hindu,0.6651526803511314
visun,Hindu,0.888790094312531
visvakarmaa,Hindu,0.9287100032351489
visvanaath,Hindu,0.921737436938002
viswanathan,Hindu,0.9966847786244628
viththala,Hindu,0.9356460339730215
vitthal,Hindu,0.9792162113059802
vivek,Hindu,0.890544381169368
vivi,Hindu,0.7817038846826773
vooraa,Christian,0.6462481728286782
vrijes,Hindu,0.8906192177797408
vyaas,Christian,0.9144469643381156
vyasa,Hindu,0.791394863469775
vyavahaare,Hindu,0.9482866569155113
vyavahare,Hindu,0.9947080440008018
wadekar,Buddhist,0.649134811699403
waghamode,Hindu,0.985677111744432
waghmare,Hindu,0.9739466122047971
wala,Hindu,0.9992256407309251
wankhede,Buddhist,0.9995946461900339
wat,Hindu,0.9998485550189345
wpt,Hindu,0.9899014595160128
xavier,Christian,0.8305508675288512
yaadav,Hindu,0.9765180993431176
yaasameen,Hindu,0.4219957822488452
yaaseen,Christian,0.9487244148493781
yadamma,Hindu,0.9780341495416401
yadaram,Hindu,0.9996491402296843
yadav,Hindu,0.9999991788664647
yaday,Hindu,0.9989736998809163
yaduvanshi,Hindu,0.9710355108318999
yakub,Hindu,0.7664052826595573
yallappa,Hindu,0.9987006038247173
yallavva,Hindu,0.9897578666667268
yameen,Muslim,0.7149403909913086
yamunaa,Hindu,0.884415023695569
yasapaal,Christian,0.538365852804767
yaseen,Christian,0.6388046414626976
yashoda,Hindu,0.9741585343925574
yashpal,Hindu,0.6856072242719121
yasin,Hindu,0.42231403777672216
yasmin,Muslim,0.5722731714213373
yasoodaa,Hindu,0.7170663761778856
yena,Hindu,0.7148598281499294
yevale,Christian,0.7385166491942496
yogendra,Hindu,0.9831171966205987
yogesh,Hindu,0.8825469219923616
yoogemdr,Hindu,0.39311450501440975
yoogendr,Hindu,0.7056680895695912
yooges,Christian,0.7680401542936186
yugal,Hindu,0.928159719586301
yunus,Muslim,0.8897366738683947
yusuf,Muslim,0.995511430745674
yusuph,Hindu,0.37305200427335383
zahid,Muslim,0.9935617800212387
zha,Hindu,0.6567937438541098
zhade,Hindu,0.9288955838392088
