name,clf_predicted_religion,clf_max_prob,prob_Hindu,prob_Muslim,prob_Sikh,prob_Christian,prob_Jain,prob_Buddhist
aabdul,Muslim,0.9843655977356427,0.0032714361627196,0.9843655977356427,0.012024850026555954,0.00031413642227195933,1.6348677513789324e-05,7.630975296052611e-06
aabhaa,Hindu,0.6721434434794386,0.6721434434794386,0.21719944991800538,0.0019449952661982695,0.1083301595335113,8.057530715104044e-05,0.0003013764956955327
aabid,Muslim,0.8108230697749801,0.1755554951220356,0.8108230697749801,0.0009164665568920983,0.012669484035631794,9.581221842948129e-06,2.5903288617559e-05
aade,Hindu,0.6646185679110448,0.6646185679110448,0.008133197400329454,0.0008625361632200924,0.30242572411510116,7.4827915213435e-05,0.023885146495091093
aades,Christian,0.5254598635726798,0.4684036949681554,0.0032253259991622484,0.0002474145738829285,0.5254598635726798,3.742698846783492e-05,0.0026262738976517504
aadhaav,Hindu,0.8036612059949308,0.8036612059949308,0.003669379181684814,0.0008459782113992616,0.19144869255608787,7.859926337354916e-05,0.00029614479252366814
aadhimoolam,Hindu,0.9290226485104677,0.9290226485104677,0.0498117254763597,0.001470314181343739,0.019505576226071072,1.062040712586347e-05,0.0001791151986320439
aadilakshmi,Hindu,0.8726909555242358,0.8726909555242358,0.00670646328632748,0.00537638678874523,0.11518013078630523,6.4946493628019655e-06,3.956896502362486e-05
aadithy,Hindu,0.8153878524001766,0.8153878524001766,0.0073816831266391054,0.007417878445716476,0.16970259288756884,1.942542863799569e-05,9.056771126094715e-05
aaher,Hindu,0.4749666403744905,0.4749666403744905,0.18369043365499085,0.0038470370387876907,0.3373561143643136,7.026122515976126e-05,6.95133422574246e-05
aahir,Hindu,0.567134907530011,0.567134907530011,0.28859683539343894,0.002088706581249602,0.14193736536407925,4.839300354746079e-05,0.00019379212767378187
aahire,Hindu,0.7518466708586975,0.7518466708586975,0.11517612478302425,0.0007752180193861256,0.1320485026820117,4.232783684681406e-05,0.00011115582003374459
aajaad,Christian,0.8304065112704866,0.11706686959807044,0.04937589895404459,0.002716399233024931,0.8304065112704866,3.2677756968008375e-05,0.0004016431874053226
aakaamkshaa,Christian,0.743236727641084,0.18652148517409434,0.06300629253106727,0.004802066540889385,0.743236727641084,3.537585886681696e-05,0.0023980522539981115
aakaas,Christian,0.9577085265162667,0.023901452050824785,0.017537119766032023,0.0007894173542841909,0.9577085265162667,8.34931032105195e-06,5.5135002271169235e-05
aalam,Hindu,0.5849902568358184,0.5849902568358184,0.18008310335001498,0.0019990391987434394,0.23001456951804744,1.9272139148731587e-05,0.00289375895822716
aalook,Christian,0.5187041655055452,0.3785493754157548,0.09034652963356023,0.012031232949126624,0.5187041655055452,0.00012718768445767897,0.00024150881155549368
aamanaa,Christian,0.6457871998400312,0.33966604792381233,0.013647944536559294,0.0002717219963745379,0.6457871998400312,0.00019653456136973425,0.00043055114185294903
aambhoore,Hindu,0.9447532459252472,0.9447532459252472,0.02955379928110622,0.0004415034023046448,0.024819729798554787,1.2047319951722465e-05,0.00041967427283556385
aamgad,Hindu,0.8378866927624881,0.8378866927624881,0.022536769559822027,0.001957573186621097,0.1323408514873773,0.0005689063525410633,0.004709206651150404
aamgooree,Hindu,0.5055376152316612,0.5055376152316612,0.14025027876832477,0.005930443631655832,0.34762484739361593,0.0003705241201086068,0.00028629085463364925
aamguree,Hindu,0.6819351362185936,0.6819351362185936,0.08575387170419732,0.03277741114953839,0.1990421771421124,0.00017353000662108576,0.00031787377893729236
aamir,Hindu,0.6384912614815552,0.6384912614815552,0.27782640409732096,0.00378367206419404,0.07876753837602538,1.6069153743178404e-05,0.0011150548271613263
aamjalee,Muslim,0.9088493571177948,0.02369774411745578,0.9088493571177948,0.00038353091358170723,0.06701443672624346,3.65761546190579e-06,5.127350946233548e-05
aamjanaa,Muslim,0.6133823196369763,0.19160017824400424,0.6133823196369763,0.0007047862861652494,0.19343500742571618,4.83632973837869e-05,0.0008293451097541202
aamjanee,Muslim,0.9646146660375378,0.01605213422880199,0.9646146660375378,0.0001509287733117602,0.018903143287166232,2.641928133909155e-06,0.00027648574504834705
aamjoo,Christian,0.428954967058317,0.24197584267012956,0.3008452606087295,0.02757197376458176,0.428954967058317,4.4344528052144174e-05,0.0006076113701901476
aamju,Muslim,0.6585828716795089,0.22558280716742216,0.6585828716795089,0.0018827246878767537,0.11304134573422138,7.26286704390615e-05,0.000837622060531627
aamjum,Muslim,0.8826165060168729,0.0732155157961548,0.8826165060168729,0.0006765631631339682,0.04298310510127337,2.0195266802115762e-05,0.0004881146557627356
aamkith,Hindu,0.744884569546424,0.744884569546424,0.039498726291004635,0.02697388715447391,0.17363028023816945,2.4626731675984385e-05,0.014987910038252044
aamkithaa,Christian,0.47621918859526624,0.4696588532580677,0.04085991764988564,0.009804839668922472,0.47621918859526624,2.2080437674990226e-05,0.0034351203901830138
aamkur,Hindu,0.6307060991776093,0.6307060991776093,0.06306312493232144,0.006016336856907563,0.27685971348218746,5.424280085249972e-05,0.023300482750121726
aamkus,Hindu,0.5680714509840844,0.5680714509840844,0.08119921675023423,0.008405637308050053,0.2510672623387556,1.4477702079826142e-05,0.09124195491679582
aamsaaree,Christian,0.7796621572583651,0.1217167867557918,0.09478753119457795,0.0037669327211519764,0.7796621572583651,1.3228311435426877e-05,5.3363758677814424e-05
aamsu,Muslim,0.43757843488217374,0.19078602327093336,0.43757843488217374,0.0035520230991824622,0.36789740061998405,1.3171640441421419e-05,0.0001729464872850136
aanamd,Hindu,0.8628301186436602,0.8628301186436602,0.023077089427064903,0.0007898905998913379,0.10868513993705736,7.570466557264658e-05,0.004542056726753605
aanand,Hindu,0.9342409196398119,0.9342409196398119,0.001973988632300145,0.00030464794510603023,0.0611806054496179,0.0006446637623430065,0.0016551745708210293
aanandee,Hindu,0.8865592441828137,0.8865592441828137,0.01690621715724334,0.0009836222599510023,0.09245930123821065,0.00016864975873662937,0.0029229654030448176
aaphareen,Hindu,0.6640953038101151,0.6640953038101151,0.06124996637891263,0.003589060617481521,0.2709361883582199,5.5490598578229645e-05,7.399023669271332e-05
aaphathaab,Christian,0.5122054565991461,0.39802873278034046,0.08689352316686974,0.002575481558120731,0.5122054565991461,3.279551006659024e-05,0.0002640103854564492
aar,Christian,0.7443967656511906,0.2500828802700066,0.004180222542255265,0.0011340457624024877,0.7443967656511906,6.574140110928316e-05,0.00014034437303578608
aaraadhanaa,Hindu,0.7231830682990862,0.7231830682990862,0.0010720276851183715,0.0005326189609851655,0.27423776279467454,0.00016431062293070705,0.0008102116372051011
aarathee,Hindu,0.6227685251995803,0.6227685251995803,0.0077456021898047985,0.0024489261554288847,0.3667370581362048,1.1724522036997482e-05,0.00028816379694435873
aariph,Christian,0.65858080934027,0.33349981647705623,0.007405469353944525,0.00044270378011640346,0.65858080934027,1.8665207899429563e-05,5.2535840713581635e-05
aarokkiyasaami,Christian,0.722815518674929,0.23995158648701884,0.03287743216998011,0.004216804608915283,0.722815518674929,2.3846067443647497e-05,0.0001148119917131078
aarti,Hindu,0.5053737108416715,0.5053737108416715,0.0005927193038102631,0.001365063406552198,0.49262684843435045,2.5254681098992258e-05,1.640333251649532e-05
aas,Christian,0.9978159713804774,0.0017456994298667532,0.00040813443399631674,2.885959884316689e-05,0.9978159713804774,2.608663348161841e-07,1.074290481563766e-06
aasaa,Christian,0.98273354738855,0.011755882392666969,0.0054074397330985706,9.172710175903875e-05,0.98273354738855,2.873162486419456e-06,8.530221439006828e-06
aasaadevee,Christian,0.8268073341136821,0.17016163477292603,0.0016194035473097027,0.00025262514060673424,0.8268073341136821,4.02360264183811e-06,0.0011549788228336609
aasaamani,Christian,0.9764517859720921,0.022225629141879352,0.00128124993227269,1.8792897424148847e-05,0.9764517859720921,9.13317713195135e-06,1.3408879199771539e-05
aasaaraam,Christian,0.8621677743012757,0.1202310018361085,0.016846471739108863,0.0005843154829387065,0.8621677743012757,2.5295155371689548e-05,0.0001451414851964076
aasamaa,Christian,0.92742356942884,0.06843261608630927,0.004034009856278117,6.476252930146038e-05,0.92742356942884,2.1751641322975705e-05,2.3290457948253624e-05
aaseesh,Christian,0.9933711418846992,0.0060623277999959715,0.0005442192053036236,2.0632102612926787e-05,0.9933711418846992,4.859493538155319e-07,1.1930580345437453e-06
aasif,Muslim,0.8825637922054255,0.013998951793443334,0.8825637922054255,0.0015392610571255036,0.10189512080953862,1.023800874470113e-06,1.850333592581446e-06
aasik,Christian,0.7321473455900065,0.05039217561152706,0.21022086330198006,0.007208979298037155,0.7321473455900065,1.7718867523577415e-05,1.2917330925573389e-05
aasiph,Christian,0.9781325990362901,0.017443388367509777,0.003678209201966395,0.0007415240888761478,0.9781325990362901,1.5038270536026573e-06,2.7754783039724337e-06
aasish,Christian,0.8955646939921876,0.08077310220328325,0.017482241204034476,0.0061693705703932495,0.8955646939921876,2.540301314770992e-06,8.051728786644607e-06
aasiyaa,Christian,0.884549106487681,0.10308593730419877,0.011397709657716925,0.0009637200511694139,0.884549106487681,1.6324049770200954e-06,1.8940942567300284e-06
aasre,Christian,0.6183826879771492,0.33736942824410693,0.043612823191398004,0.0005844083017687206,0.6183826879771492,1.5098661582239675e-05,3.555362399466959e-05
aasuthoosh,Christian,0.9396183938628129,0.05677697949738232,0.000999161348488763,0.0025961838328420195,0.9396183938628129,1.052995352074941e-06,8.228463121836063e-06
aathraam,Hindu,0.7439154754424895,0.7439154754424895,0.004202632416384332,0.0014015215381767544,0.24547613756992304,1.4751339697098304e-05,0.004989481693329338
aatram,Hindu,0.9897415669445189,0.9897415669445189,0.0006934050289642003,0.0011613220821532677,0.007077423933577623,2.3835259524999508e-05,0.0013024467512611488
aavhaad,Hindu,0.7764171338815206,0.7764171338815206,0.011801648452670564,0.0009391031708658374,0.21049592390805708,0.00013459920770732275,0.0002115913791785974
aayasaa,Christian,0.9108361235713548,0.08430599265809842,0.004671089209831439,0.00017667451310928264,0.9108361235713548,4.073767194571704e-06,6.046280411635768e-06
abaraar,Hindu,0.8711798642000682,0.8711798642000682,0.0619893299660422,0.0011639180740897644,0.06195485439475938,0.000604207038600482,0.003107826326439829
abbaas,Muslim,0.5348541953894103,0.07703069669013697,0.5348541953894103,0.001184099817587183,0.38680723620842156,3.502627947235014e-05,8.874561497186055e-05
abbas,Muslim,0.9367416721786002,0.0563842395828822,0.9367416721786002,0.00014246513881315044,0.006711044207781327,1.0045286224497084e-05,1.053360569857006e-05
abdul,Muslim,0.984624122641461,0.00020652095409681045,0.984624122641461,0.015164768102569004,6.551348271373633e-07,3.5482354545700267e-06,3.849315912467948e-07
abdulkadar,Muslim,0.8700799122307256,0.07614497276422778,0.8700799122307256,0.051871148283465784,0.0011803065338839816,0.00019520118639373488,0.0005284590013031125
abdulla,Muslim,0.5212269192405063,0.0013730551125252688,0.5212269192405063,0.4765955723803371,1.91320559620573e-05,0.0007844883240054388,8.328866638507575e-07
abdullah,Sikh,0.7928216592308885,0.0006049802814822577,0.20647221766405227,0.7928216592308885,1.0701100646075063e-05,8.989460114545127e-05,5.471217852954337e-07
abhay,Hindu,0.9918201929117234,0.9918201929117234,0.00594496425658501,0.00043827503359552986,0.0017804289828689027,4.4469431710181356e-06,1.1691872056328085e-05
abhilaashaa,Hindu,0.67490171664168,0.67490171664168,0.05467222124673695,0.000717659202479722,0.269439250726999,2.3523738149742032e-05,0.0002456284439547121
abhiman,Hindu,0.9921513203908349,0.9921513203908349,0.005259901555784035,0.00021921570827337103,0.0020953826921170236,6.010077957379742e-05,0.00021407887341697907
abhimanyu,Hindu,0.9780210461710084,0.9780210461710084,0.012080605179727298,0.0010392686626280606,0.008698574368150245,4.675814312375385e-05,0.0001137474753622617
abhinav,Hindu,0.9820166475550384,0.9820166475550384,0.01566050241338965,0.0003093102958897292,0.0017658313016997045,0.00017484188645674133,7.286654752544498e-05
abhishek,Hindu,0.6288834392150802,0.6288834392150802,0.3296696492341062,0.0010784098829541902,0.03988744431407507,2.1575700373425785e-05,0.00045948165341100876
aboobacker,Muslim,0.988944161413263,0.008026227619287856,0.988944161413263,0.0014090131302395082,0.0015954918282284293,2.2355246648288126e-06,2.2870484316225335e-05
aboobakkar,Muslim,0.9879092673381187,0.004333475349910194,0.9879092673381187,0.007242110721555226,0.0004520919119856057,7.489322307932761e-06,5.556535612225863e-05
abraham,Christian,0.9972659364815554,0.0016570212060645908,0.00083011136055367,0.0002462400272647938,0.9972659364815554,5.0488452954583705e-08,6.404361085880567e-07
achari,Hindu,0.9911797716391858,0.9911797716391858,8.878365059266952e-05,0.00039862502446551815,0.008285029258842901,1.964571733401477e-06,4.582585517971318e-05
acharya,Hindu,0.9709567217848832,0.9709567217848832,0.00015793846533981396,0.0038736201555834974,0.024973890625159808,2.1731162263953494e-06,3.565585280722001e-05
achchhelaal,Hindu,0.5643782881903389,0.5643782881903389,0.015566144519914426,0.002956435065407574,0.4170211527565959,3.1983683061294086e-05,4.5995784681914066e-05
achhelal,Hindu,0.9269803880185169,0.9269803880185169,0.022591113234603277,0.0034166982335905815,0.046938122176187515,4.018289609240727e-05,3.3495441009462066e-05
achuthan,Hindu,0.9934604199167065,0.9934604199167065,0.0004044990976635379,0.0003867775401352766,0.005716654021210554,9.920518262854655e-07,3.0657372457889185e-05
adak,Hindu,0.9922457357315692,0.9922457357315692,0.003648424412730304,0.00013041175286154108,0.0037868824912293034,0.00011241361677721872,7.613199483227169e-05
ade,Hindu,0.7656049732724539,0.7656049732724539,3.055139454139482e-05,8.448041390406505e-06,0.00020090997154296027,5.884464052336817e-06,0.23414923285601902
adhar,Hindu,0.9999520172900549,0.9999520172900549,4.6513270859171717e-07,1.985071167376228e-05,8.061278333966162e-06,6.619298914722188e-07,1.894365733714571e-05
adhav,Hindu,0.9997518237948453,0.9997518237948453,4.683624578572115e-06,1.4043774786577609e-05,0.0001920656521565318,1.6959108373457514e-05,2.042404525976226e-05
adhikari,Hindu,0.996014610637273,0.996014610637273,0.0027908696730936013,8.296207835192796e-05,0.00102859019926236,1.1958940031675391e-05,7.100847198732792e-05
afsar,Muslim,0.9843099147261455,0.014795628848485991,0.9843099147261455,0.00028349304606809547,0.0006057988588652733,1.786641987560263e-06,3.37787844770051e-06
afzal,Muslim,0.9932330281045012,0.006139684024414296,0.9932330281045012,0.00019463913915001758,0.0004278247669253564,1.5875581168475305e-06,3.23640689233706e-06
agarwal,Hindu,0.9951683161690884,0.9951683161690884,0.00013229356857653177,0.0031784338524126895,0.0014724439719366806,2.972703259257798e-06,4.553973472650593e-05
aggarwal,Hindu,0.976855596084901,0.976855596084901,0.0020279750767861733,0.01595600041654031,0.0050441580945475364,8.008279301366059e-06,0.00010826204792374886
agravaal,Hindu,0.9469550502959713,0.9469550502959713,0.009138268553602636,0.0018793977326131786,0.04044742708659552,0.0006428664671650403,0.000936989864052562
agrawal,Hindu,0.998216205702484,0.998216205702484,0.0004307882531352083,0.00013955858414623127,0.000733435732802287,7.157919015956477e-06,0.0004728538084163889
aha,Hindu,0.9944483709662202,0.9944483709662202,0.0053973935997650695,0.0001282043596267257,6.640404983192788e-06,1.7487272524207262e-05,1.903396880420958e-06
ahalaa,Hindu,0.9811876068002824,0.9811876068002824,0.0018025719321293552,0.00021263183934765132,0.01677675367985731,7.76167537306828e-06,1.2674073010374442e-05
ahalyaa,Hindu,0.9308036411232147,0.9308036411232147,0.011326198383075355,0.002001920670370048,0.05583622729465544,1.5867766682132933e-05,1.614476200235918e-05
ahamad,Muslim,0.9928429138875579,0.00593090671515425,0.9928429138875579,0.0012047480644163601,1.5869085424453803e-05,1.3060993646528255e-06,4.256148082257926e-06
ahammad,Sikh,0.7653844160816636,0.020349398601794265,0.2140465695091865,0.7653844160816636,0.00021751306410846663,2.663216916345157e-07,1.8364215555511589e-06
ahemad,Hindu,0.7961123672147702,0.7961123672147702,0.19390394254572535,0.00685558585926228,0.002923225266695821,0.00010340119121482705,0.00010147792233149356
aher,Hindu,0.7965501179907404,0.7965501179907404,0.19790199558164742,0.0017712709756823914,0.003735167673272604,2.8578114842051426e-05,1.2869663815077164e-05
ahilyaa,Hindu,0.49676754412365626,0.49676754412365626,0.04906056671616187,0.0028056222361290055,0.45133666482771195,8.50667252254266e-06,2.1095423818255163e-05
ahir,Hindu,0.7585179099542172,0.7585179099542172,0.2401043635713165,0.00046445723698787023,0.000861589793117276,1.1058662977396511e-05,4.062078138376497e-05
ahire,Hindu,0.9123098746594365,0.9123098746594365,0.08274498343349188,0.00026752394492932677,0.004624296461665907,1.681303379716818e-05,3.650846667920671e-05
ahirwar,Hindu,0.998156717849931,0.998156717849931,0.0008807125348993385,0.00018388201483377823,0.0007651367585600567,1.0371400073546654e-06,1.2513701768497995e-05
ahmad,Muslim,0.996208946383144,0.0029054045654917236,0.996208946383144,0.0008610707341010007,2.124541328509844e-05,7.998239604857861e-07,2.533080017866364e-06
ahmed,Muslim,0.6147604924542135,0.32852989641309,0.6147604924542135,0.052629745150933105,0.0036727436044792297,1.7480761117669458e-05,0.00038964161616645887
ahuja,Hindu,0.9439127523856332,0.9439127523856332,0.05228549412419176,0.001830483369295752,0.0009183379755432441,2.811987478707324e-05,0.0010248122705490256
aisha,Hindu,0.9405799142625589,0.9405799142625589,0.0519758208728982,0.0007896681210528332,0.006638922854590174,1.080171036147015e-06,1.4593717863508979e-05
ajam,Hindu,0.6695908267852225,0.6695908267852225,0.2565420261709674,0.00146587599797635,0.07146382190252855,1.6242457863674038e-06,0.000935824897518839
ajamer,Hindu,0.5836947183581113,0.5836947183581113,0.2836277209443156,0.001403571269096099,0.13026723765528844,1.3302424480038891e-05,0.0009934493487085494
ajameree,Hindu,0.4827485095505753,0.4827485095505753,0.3653787285750528,0.0015461800156709121,0.14996181321329627,8.821949528616415e-06,0.0003559466958761928
ajay,Hindu,0.6395952548696557,0.6395952548696557,0.00729779432505978,0.004075126238523472,0.34896682382303096,7.73235902758509e-06,5.726838470245266e-05
ajayakumaar,Hindu,0.5705082939513458,0.5705082939513458,0.01799699274139852,0.0039763437063085865,0.40719409614358965,0.00021290938488533585,0.00011136407247206264
ajeej,Muslim,0.8179240435835331,0.13107173869763586,0.8179240435835331,0.005049682890937349,0.04585118278058457,6.6794266607045515e-06,9.667262064840372e-05
ajeem,Muslim,0.85374227022684,0.1339952193279965,0.85374227022684,0.0032827557612248688,0.008907822642091083,7.318547034436974e-06,6.461349481314685e-05
ajeet,Hindu,0.7718873489197297,0.7718873489197297,0.14265249114746326,0.060422429528237814,0.02497958755561935,1.107340970293103e-05,4.706943924693069e-05
ajeeth,Hindu,0.7501768881247548,0.7501768881247548,0.10058770985192349,0.049916529453225424,0.09924098464646548,1.2392167068548548e-05,6.549575656239373e-05
ajez,Muslim,0.8042069058533341,0.14799094590452488,0.8042069058533341,0.0006980123981007203,0.04673581565355367,1.717684140074832e-05,0.0003511433490856672
ajij,Muslim,0.6884379181665505,0.25617033184271076,0.6884379181665505,0.0013711283744332141,0.003413307876161582,0.00020509734773392537,0.05040221639240993
ajit,Hindu,0.7433316219326539,0.7433316219326539,0.040836143604958346,0.021058631850647234,0.0037126813189388777,0.000591738818726688,0.19046918247407496
ajith,Hindu,0.7728241159931455,0.7728241159931455,0.09250228376247975,0.0783676688980282,0.025214010517105968,0.00015878023405770328,0.03093314059518295
akabar,Muslim,0.7378583682976234,0.19738833567514702,0.7378583682976234,0.003215057777599307,0.058748313495114036,0.00017264412351431969,0.0026172806310019066
akabaree,Muslim,0.5965301337010008,0.2506630927878337,0.5965301337010008,0.003511215077150882,0.14848997396410893,7.938463643768064e-05,0.000726199833468051
akaram,Hindu,0.9267054690595672,0.9267054690595672,4.140516712725192e-05,0.00013425484199952885,0.0001836369738908049,5.3262229845419775e-05,0.07288197172756976
akash,Hindu,0.8833610380687494,0.8833610380687494,0.07452553085678525,0.0033687404983311978,0.033025932133323055,0.000380983414553484,0.005337775028257625
akbar,Muslim,0.8454257914796847,0.1518217240610716,0.8454257914796847,0.0010115595117537845,0.0015405809983503656,9.462517564463569e-05,0.00010571877349488162
akeel,Muslim,0.7213202432562128,0.14438302261616753,0.7213202432562128,0.0035509528390297103,0.13070126342347618,7.065609200011055e-06,3.745225591394465e-05
akhales,Hindu,0.9396800146585399,0.9396800146585399,0.05600044044526744,0.0008267713127478794,0.0034369192035995392,1.6587845254746437e-05,3.9266534590723915e-05
akhatharee,Hindu,0.9042937275949159,0.9042937275949159,0.08698555598739172,0.006090861147641296,0.0025603640705640428,2.4764573956174884e-06,6.701474209145134e-05
akhil,Hindu,0.8949434507409681,0.8949434507409681,0.09023779977195356,0.005390138669366804,0.009372022669207128,3.5317279676309e-06,5.3056420536726314e-05
akhiles,Hindu,0.8391240346332177,0.8391240346332177,0.056461982339314515,0.0019756405687243322,0.10235737068704936,1.2080039234743295e-05,6.889173245926951e-05
akhilesh,Hindu,0.9220173401204258,0.9220173401204258,0.030668751041999225,0.0011438803544686585,0.04605326306306176,2.5827083263257907e-05,9.093833678120133e-05
akhtar,Muslim,0.5547408928695683,0.34240723494997716,0.5547408928695683,0.08210980249001028,0.0012845614329785896,0.01921920271321082,0.00023830554425488003
akhthar,Hindu,0.6932856064633354,0.6932856064633354,0.21900979987356145,0.06997925073112693,0.01715900761338332,0.00029560440578792457,0.0002707309128049307
akhtharee,Hindu,0.760128382793176,0.760128382793176,0.1662694330698705,0.0378465967690258,0.03550437858773373,0.00013096470479668097,0.00012024407539749639
akram,Hindu,0.9893673315233222,0.9893673315233222,0.0066012519350392845,0.00048809296656065907,0.0009113304629646071,8.117430283378689e-05,0.00255081880927944
akshay,Hindu,0.875959806281196,0.875959806281196,0.03624722694021113,0.03554477592110848,0.052217406935626445,8.750941982445374e-06,2.2032979875769204e-05
aktar,Hindu,0.9134382840067119,0.9134382840067119,0.0758226428026255,0.00858504849962157,0.001812749317252213,0.00013460721852132668,0.00020666815526767583
akula,Hindu,0.9974948346040328,0.9974948346040328,0.0009660989327088673,0.00029830800599128213,0.0011261620316922818,4.938788087384683e-06,0.00010965763748753197
alagar,Hindu,0.9988712657678934,0.9988712657678934,0.00012601602281504785,9.114625678404888e-05,0.0008846212682994932,9.584018413490952e-06,1.736666579456263e-05
alagarsami,Hindu,0.9941008117927225,0.9941008117927225,0.003435985006319358,0.0007302435781668198,0.0016803553584478427,5.569038817134523e-06,4.703522552617801e-05
alagu,Hindu,0.9991906894587265,0.9991906894587265,0.00014965768735330763,0.00043848808988841876,0.00020642296112338167,1.1965018392226584e-06,1.3545301069225621e-05
alakaa,Hindu,0.7840087814185457,0.7840087814185457,0.017190204943971978,0.003557636779383268,0.1949392619505756,7.682406871411569e-05,0.00022729083880929963
alam,Hindu,0.9731243400558977,0.9731243400558977,0.018771146357490897,0.00025804108937109796,0.0026217467593892345,1.4069671652329568e-06,0.005223318770686035
alauddin,Muslim,0.9966006063087082,0.003267749483682471,0.9966006063087082,3.155887466940572e-05,9.920828887820685e-05,3.847269650531204e-07,4.923170966698343e-07
alavi,Hindu,0.7882922452446699,0.7882922452446699,0.09684406044938645,0.06760507582477793,0.0462469469920996,0.0009015706805409197,0.00011010080852519193
alee,Muslim,0.7274902707206794,0.14214462718691276,0.7274902707206794,0.0008794488318085365,0.12940142967149607,1.782215593444279e-05,6.640143316886439e-05
aleem,Muslim,0.9334131615995074,0.05468424278510432,0.9334131615995074,0.0006670317043062446,0.011181783856386495,1.5774333762459875e-05,3.8005720933279416e-05
aleyamma,Christian,0.887600510263629,0.10438699790182927,0.006388579012248504,0.0016165812503580429,0.887600510263629,2.5828348504530627e-06,4.748737084650739e-06
ali,Muslim,0.5949491030484959,0.23637686876276,0.5949491030484959,0.0012595903996901266,0.16741272190930073,1.5618365536611261e-06,1.5404319946082412e-07
alim,Christian,0.5455511427863147,0.00828176107253231,0.44580332965598657,0.00036196578856334565,0.5455511427863147,5.251726704396545e-07,1.275523932702057e-06
alkaa,Hindu,0.7037390848897467,0.7037390848897467,0.037943616064855336,0.017432417863846153,0.23512864342056783,0.0003168879744657102,0.0054393497865184584
altaf,Muslim,0.9896141368625332,0.010026262439602618,0.9896141368625332,0.00015259772651486138,0.00019815641463805106,6.370150947583068e-06,2.4764057637682677e-06
amajad,Hindu,0.8123437404735212,0.8123437404735212,0.16354391965341428,0.0023512114142505564,0.009379465843802578,0.0001432149321430623,0.012238447682868355
amal,Hindu,0.9861904088151572,0.9861904088151572,0.006265958099931058,1.6927105648245488e-05,0.007400649583375539,0.00012315693086676832,2.8994650211647263e-06
aman,Hindu,0.9416373467710101,0.9416373467710101,0.0002255178269616009,4.347812095564381e-06,0.052022379530148495,0.0012852242853878116,0.004825183774396262
amanadeep,Hindu,0.9594603407616802,0.9594603407616802,0.007386216200999489,0.00034380420306693785,0.03167501220645045,9.348814375218825e-05,0.0010411384840508635
amar,Hindu,0.9895278537534515,0.9895278537534515,0.0007813163392215389,5.9963173504693457e-05,0.007896902889018778,0.0017200655699793098,1.3898274824270134e-05
amara,Hindu,0.9334861436724968,0.9334861436724968,0.0002640398221007661,3.327834083954835e-05,0.06267434040059987,0.0034703545951326287,7.18431688301718e-05
amaraavathee,Christian,0.5177157810289079,0.47905672895232765,0.0025065492356466405,0.0005306120048157139,0.5177157810289079,0.0001086538654372029,8.167491286490525e-05
amarajeeth,Hindu,0.7940069549827561,0.7940069549827561,0.01889593824683299,0.004045489927776807,0.18293931890826065,6.034848980804387e-05,5.19494445653064e-05
amaranaath,Hindu,0.7679089171650791,0.7679089171650791,0.0024787081410750102,0.0006254990395297243,0.22856363616427522,0.0001624548667176354,0.0002607846233232661
amarasimh,Hindu,0.8921213366053251,0.8921213366053251,0.027813113084600907,0.0019710194186793504,0.07803899793603682,3.418556819150336e-05,2.1347387166085234e-05
amarat,Hindu,0.9710959690814652,0.9710959690814652,0.0009722027988401345,0.00012826069033215233,0.026862440372140174,0.0006575000204882365,0.00028362703673415283
amareek,Hindu,0.784396599161426,0.784396599161426,0.07053655396070357,0.002180366289801196,0.1425930972558714,0.00010047014709956871,0.0001929131850982966
amarendr,Hindu,0.9820989779120963,0.9820989779120963,0.0034604428410633867,0.0010215125200643495,0.01294571520404243,0.0004413218528992453,3.202966983398427e-05
amares,Hindu,0.9496306255724606,0.9496306255724606,0.010342011614940402,0.00015301012525292977,0.03935080080468797,0.0005081616872766258,1.5390195381333762e-05
amarjeet,Hindu,0.9530197114149315,0.9530197114149315,0.008875300401419432,0.03274386968073519,0.005340901209270015,9.677496538030011e-06,1.0539797105743841e-05
amarnath,Hindu,0.969860866013833,0.969860866013833,0.0066305642677457486,0.007402175779043426,0.01551593725181506,0.00010127185983205805,0.0004891848277307259
amarsingh,Sikh,0.865470938122695,0.13342572119221155,0.0009246267279107087,0.865470938122695,0.00017853816390553856,1.4807370370659538e-07,2.77195733811387e-08
amba,Hindu,0.9935269251072656,0.9935269251072656,0.0008273278439023508,2.188566523216065e-05,0.00010675381552011947,1.6483474896320545e-05,0.005500624093183491
ambalal,Hindu,0.977645387263511,0.977645387263511,0.019812380605210005,0.00029817428740029145,0.001967152425308412,1.4454177123356617e-05,0.0002624512414471248
ambaram,Hindu,0.9940595161894717,0.9940595161894717,0.0003307898224888923,5.700155470782704e-05,0.00013941516305176606,0.0005405706787468693,0.0048727065915329555
ambekar,Hindu,0.8776860027306217,0.8776860027306217,0.013734430509584299,0.0009502333897889666,0.06815093032715264,7.107696486232503e-05,0.039407326077990024
ambhore,Hindu,0.9895782039598426,0.9895782039598426,0.00408567741320585,7.083674189685287e-05,0.0060253257388166856,5.755941981326408e-06,0.00023420020425675108
ambika,Hindu,0.8427062886761835,0.8427062886761835,0.14992179306016784,0.0008932078547904079,0.005248878364211124,2.1867065258412846e-05,0.001207964979388921
ambikaa,Hindu,0.805902001546991,0.805902001546991,0.1623055187589801,0.0010744401664304936,0.02883127359226734,3.176216588547775e-05,0.0018550037694456667
ameen,Muslim,0.9377388556540817,0.0592678635043027,0.9377388556540817,0.00032996373645336716,0.002151152901295697,6.163075645568117e-07,0.0005115478963021481
ameenaa,Muslim,0.4985901303755382,0.4657021850678388,0.4985901303755382,0.0006715433391135547,0.03279435897848033,4.164428491910012e-06,0.002237617810537271
ameer,Muslim,0.9888374088481945,0.010809057671185309,0.9888374088481945,7.446469511936484e-05,0.00022491578535691498,3.442973889966102e-07,5.3808702754919237e-05
ameeth,Muslim,0.49954736684894924,0.4292906339217501,0.49954736684894924,0.011545019459656879,0.05890613526120689,2.1466997504875884e-05,0.0006893775109319165
amin,Hindu,0.7368326211405268,0.7368326211405268,0.08194029413818177,0.15783090980942166,0.023012701920491697,4.867803623368785e-05,0.00033479495514446837
amina,Hindu,0.7984673071242376,0.7984673071242376,0.029095186599997155,0.15925771851691486,0.012439455833233434,0.0003389362441610752,0.0004013956814558423
amir,Hindu,0.8856188550787134,0.8856188550787134,0.11210579296081713,0.0010478622603612366,0.00064972278565106,1.4692505226486135e-06,0.0005762976639343371
amit,Hindu,0.9203524606840118,0.9203524606840118,0.04916566145748924,0.018814080115555718,0.007109599850833828,3.8198605714912014e-05,0.004519999286394525
amith,Hindu,0.7789390165375166,0.7789390165375166,0.11081166361551859,0.07072027098175009,0.0363799872697198,2.2501881740624217e-05,0.0031265597137542693
amithaa,Hindu,0.5801324341504686,0.5801324341504686,0.11720225556758085,0.021527531926383844,0.2798279221315548,2.8168505539589637e-05,0.0012816877184725227
amma,Hindu,0.9120063744087081,0.9120063744087081,0.001074846865987625,0.047865964299648844,0.03905190464105413,1.0075976571263537e-07,8.090248356527708e-07
ammal,Hindu,0.9502845665912344,0.9502845665912344,0.001702080035807797,0.006892867306250323,0.04111936392554864,6.488346694875294e-07,4.733064893315005e-07
ammasi,Hindu,0.7751361578143189,0.7751361578143189,0.014727575894162978,0.03422174397877856,0.1759129795613369,3.913550716783375e-07,1.1513963309630505e-06
ammini,Christian,0.6084685240324618,0.37944232660003663,0.006803786602834421,0.005271582667561227,0.6084685240324618,4.435053380504608e-06,9.34504372551163e-06
amrith,Hindu,0.9659440202756975,0.9659440202756975,0.01490703414715728,0.00846379568540508,0.010581227760448364,7.574770956421238e-06,9.634736033534634e-05
amrithaa,Hindu,0.8864336822376612,0.8864336822376612,0.02531383102215967,0.007120082755962339,0.08098370982830119,1.2103804955401972e-05,0.00013659035096025938
amrithalaal,Hindu,0.928333086905463,0.928333086905463,0.013256605238575572,0.0024150305626675296,0.055926111139392096,7.634640071183362e-06,6.153151383036463e-05
amrithapaal,Hindu,0.9151821921641498,0.9151821921641498,0.014250997352009291,0.005604481958998689,0.064830336699803,7.272274835205674e-05,5.9269076687251856e-05
amritlal,Hindu,0.9296737528197765,0.9296737528197765,0.036029432391443454,0.0031484708840802066,0.03102547629941793,5.2865640311327746e-05,7.000196497036992e-05
amrut,Hindu,0.9363716464700318,0.9363716464700318,0.056671397809041714,0.0011711789264387924,0.0056473210796891896,3.0971367513596248e-06,0.00013535857804715593
anaamikaa,Hindu,0.8895882871664916,0.8895882871664916,0.023649028292651534,0.001652644883594324,0.08402412997734914,6.88340096561743e-05,0.0010170756702571567
anaar,Hindu,0.8420932312528193,0.8420932312528193,0.007728887116938477,0.0008694477635133296,0.14887678587002412,0.00019342082586485033,0.00023822717083991725
anaarakalee,Hindu,0.8754547157263253,0.8754547157263253,0.05038491472160683,0.0008970900238297443,0.07270820038111037,0.00018564135101294864,0.0003694377961146984
anand,Hindu,0.9995694032925746,0.9995694032925746,4.714896951854553e-06,2.1472774101333837e-06,3.9472531522695395e-05,0.00021832112122263956,0.00016594088031825728
anandhan,Hindu,0.9574138724004198,0.9574138724004198,0.0022658274616957235,0.02831106032944751,0.008195875727776195,0.001864706365937922,0.0019486577147227579
anantha,Hindu,0.9848196109750472,0.9848196109750472,5.447273406107581e-05,0.0002805905627173524,0.014613772821579728,0.00018122592833446654,5.032697826009979e-05
anavar,Hindu,0.9399815378804613,0.9399815378804613,0.00047110276528881663,2.129373450185522e-05,0.0038269823308555405,0.0556772420053656,2.1841283526689034e-05
anavaree,Hindu,0.8935210972199099,0.8935210972199099,0.004491762531259852,0.00020672390615806104,0.096031066214378,0.005718750828346766,3.059929994744261e-05
anbazhagan,Hindu,0.9685792167683147,0.9685792167683147,0.02323131057034826,0.0013171301396348535,0.006323664744772013,0.0001013742633740238,0.00044730351355604206
andi,Hindu,0.9999700346024247,0.9999700346024247,3.956748581493821e-06,1.1291193459848625e-07,1.5739861519954881e-06,2.2335258176310306e-05,1.9864927306740354e-06
aneel,Hindu,0.44087020393812304,0.44087020393812304,0.26391724859031257,0.00018416114404036393,0.2947622938944094,1.4642719185544956e-05,0.0002514497139291861
anees,Christian,0.636052978647594,0.19280460843079578,0.17023697803085577,0.000385351282503042,0.636052978647594,3.588906553825418e-05,0.00048419454271302737
aneesaa,Christian,0.6365349728683349,0.20569326598246046,0.15686314681362085,0.0005808855578640676,0.6365349728683349,4.5431901563592606e-05,0.0002822968761560426
aneesh,Hindu,0.48238338932287994,0.48238338932287994,0.10839380097360674,0.000520991432453566,0.4074925386516146,0.00018443757469179838,0.0010248420447533208
aneethaa,Christian,0.5887467930300512,0.3492067834166581,0.05932664412104117,0.0023971661625780526,0.5887467930300512,3.103606112010002e-05,0.0002915772085513987
angamuthu,Hindu,0.9913386355039476,0.9913386355039476,0.00019320951865834954,0.0009677492354832323,0.007447849495360804,2.912410650824555e-07,5.226500548493518e-05
anil,Hindu,0.8613028596944624,0.8613028596944624,0.00031591135025211447,3.1386172290600515e-05,0.13826479711116504,4.845922688653867e-05,3.6586444943159884e-05
anilakumaar,Hindu,0.6737064921884011,0.6737064921884011,0.003037803181696517,0.0005747989534272264,0.32247046738534035,0.00011324781349811241,9.719047763678445e-05
anilkumar,Hindu,0.6904596110626559,0.6904596110626559,0.010650687329350211,0.002236954918545736,0.2960730678215976,0.0003163091017495874,0.00026336976610107977
animaa,Christian,0.4883281118784112,0.48680593309857834,0.023728758503754888,0.0009090371032333604,0.4883281118784112,0.00011810559819808053,0.00011005381782420827
anis,Hindu,0.7113914215574839,0.7113914215574839,0.051638840867189825,0.00032579348944832996,0.23661110581141612,1.5805608455274712e-05,1.703266600654178e-05
anish,Hindu,0.8210413556170116,0.8210413556170116,0.105404901727303,0.0007371155936189981,0.07275015532547704,2.4316167618762497e-05,4.215556897066916e-05
anita,Hindu,0.9950474259563781,0.9950474259563781,0.001918295782952304,0.0002698159334979528,0.002550430835604359,0.00012643263104791626,8.759886051944254e-05
anitha,Hindu,0.8093042332304209,0.8093042332304209,0.02079266587513331,0.005671401635482807,0.16396826816593002,5.5968116679241054e-05,0.00020746297635391653
anithaa,Christian,0.4886433105987723,0.4803683170665685,0.02591280248801282,0.004803004345727834,0.4886433105987723,5.510068636369459e-05,0.0002174648145548351
anjali,Muslim,0.5097075073739546,0.4341893265798891,0.5097075073739546,0.002496087323891199,0.05351059245097202,1.6881430566351083e-05,7.960484072658082e-05
anjamma,Hindu,0.8622958850517672,0.8622958850517672,0.02275522406901874,0.007686319766101354,0.10717651169258265,4.272654618236884e-06,8.178676591183463e-05
anjana,Hindu,0.9955175232747576,0.9955175232747576,0.0028863801267595022,5.037032344678425e-05,0.0005309632159980099,1.286878442123608e-05,0.0010018942746168676
anjaneyulu,Hindu,0.9214074058276069,0.9214074058276069,0.02987410481789279,0.0008252584741782866,0.04741866591585406,1.2016599961318678e-05,0.00046254836450661745
anjjalee,Muslim,0.557601857405369,0.37313171921770677,0.557601857405369,0.0017256797489908387,0.06722236148455189,4.0779701693652765e-05,0.0002776024416878994
anjjanaa,Hindu,0.9154986646746095,0.9154986646746095,0.03154374285026158,0.0006276727364453559,0.05098037749148682,0.00017589294961629839,0.001173649297580167
anjoo,Hindu,0.7106335367410119,0.7106335367410119,0.2086462578909005,0.021279632660532156,0.05867081970425829,0.0001760875696282682,0.0005936654336688647
anju,Hindu,0.896475594277545,0.896475594277545,0.09526137715688397,0.00022804852813371223,0.004946766104036192,8.090129510788402e-05,0.0030073126382932826
anjum,Hindu,0.49531805406068996,0.49531805406068996,0.48633509413187725,0.0003183483931447565,0.015540718595589188,4.5517688220278006e-05,0.0024422671304783635
ankit,Hindu,0.9887917818220634,0.9887917818220634,0.004505977373726028,0.0011680525931915798,0.0041013114832807295,0.0011115103730441186,0.0003213663546940201
ankita,Hindu,0.9953621870228888,0.9953621870228888,0.002392034386520935,0.0004227633642185017,0.0010186111017077806,0.0005953193710593581,0.00020908475360465977
annadurai,Hindu,0.9870431281257015,0.9870431281257015,0.000931387117250957,0.0007119524624792887,0.011179627209041646,8.05154460278426e-05,5.3389639498708064e-05
annamalai,Hindu,0.9745813098805607,0.9745813098805607,0.00010994712334789637,5.0000561366838216e-05,0.025248985750164373,8.128175855641102e-06,1.628508704320111e-06
annamma,Christian,0.92252102245072,0.07102778051626556,0.0001353140367118841,0.006310638142223887,0.92252102245072,4.632047688846339e-06,6.128063898983571e-07
annoo,Hindu,0.6412302871942744,0.6412302871942744,0.14331771538566282,0.012221761941322578,0.20251621468552714,0.00035695101119404693,0.0003570697820191462
anoop,Hindu,0.4673440247476142,0.4673440247476142,0.3162340295011083,0.08838278664876581,0.1238965715717913,0.0004005581957029831,0.0037420293350177223
ansaaree,Hindu,0.4350384847298814,0.4350384847298814,0.3376054162609115,0.0034311452443703257,0.22379444323790468,2.8703181170988662e-05,0.00010180734576122617
ansar,Muslim,0.9698036895027597,0.02992789204771665,0.9698036895027597,4.988190688279606e-05,0.0002151209735045935,5.023789432421105e-07,2.9131901930361003e-06
ansari,Muslim,0.998300464187554,0.0016828392251750039,0.998300464187554,7.083570068317105e-07,1.5918968657884727e-05,1.5308597630251023e-08,5.3953008741208644e-08
anthoni,Christian,0.8328419539462858,0.16688922022857414,6.300846789128778e-05,0.00019053184013800379,0.8328419539462858,3.953602876929263e-06,1.1331914234051155e-05
anthony,Christian,0.9997320441702624,0.00026527084446840944,1.512231007868992e-07,2.4599286589823405e-06,0.9997320441702624,2.2624917558019104e-08,5.1208591831183714e-08
anthonysamy,Christian,0.9513820997237614,0.04853561687723485,1.147327747610963e-05,6.946715709524133e-05,0.9513820997237614,3.8818267447334407e-07,9.547817578388796e-07
antony,Christian,0.9886614455985043,0.0008761134047911795,1.667064526681491e-05,0.010416273085987597,0.9886614455985043,2.0285438655928336e-05,9.21182679408951e-06
anu,Hindu,0.9697850808753053,0.9697850808753053,0.005179826812671406,3.5102170118786635e-05,0.02405146057264394,0.00011561439281529259,0.0008329151764451975
anuj,Hindu,0.8769330458670965,0.8769330458670965,0.08242847724291616,0.0022575061566349136,0.030482018400589183,0.00016763223135295136,0.007731320101410177
anup,Hindu,0.9815581536143613,0.9815581536143613,0.003989955310721509,0.00029044936493693253,0.013943275219049991,7.103984585142637e-05,0.0001471266450788194
anupam,Hindu,0.9707150438947936,0.9707150438947936,0.011626941992887269,0.0009583472982996081,0.016273403308823577,0.00011573605612983215,0.0003105274490660915
anupamaa,Hindu,0.8852141314669454,0.8852141314669454,0.018495687041147325,0.0011057883737375766,0.09464726658264415,0.00023887584143326418,0.0002982506940924244
anuraadhaa,Hindu,0.9088393498470498,0.9088393498470498,0.006522733100116819,0.0005851564227216309,0.08327942635170718,0.00014033054703145977,0.0006330037313730617
anuraag,Hindu,0.8289245028415004,0.8289245028415004,0.032947143953674304,0.0015561191361753164,0.13526695833810337,0.0004839036457734661,0.0008213720847732495
anuradha,Hindu,0.9825605246407598,0.9825605246407598,0.006297189505867813,0.000581130602237722,0.010005827110011559,0.00013396400345182095,0.0004213641376713143
anusha,Hindu,0.7290745564756443,0.7290745564756443,0.24365984595209997,0.0052610801992250605,0.0213847867201545,4.958065634298758e-05,0.0005701499965331777
anvar,Hindu,0.8459731910556539,0.8459731910556539,0.004881133107217413,0.00022592282794851323,0.14817472338210083,0.0001827138062867906,0.0005623158207927063
anwar,Hindu,0.9507886721489325,0.9507886721489325,0.03920688794235017,0.00010890261823283238,0.009434638570597974,2.1539821410801314e-05,0.00043935889847572957
aphajal,Muslim,0.35510611124575703,0.340825393335045,0.35510611124575703,0.004580786143156448,0.29938205824332126,5.137097212171618e-05,5.4280060598314326e-05
apharooj,Hindu,0.8379503056831265,0.8379503056831265,0.08448268506145072,0.011922136248257414,0.06500450758057914,0.0001562208985450973,0.00048414452804131764
aphasaanaa,Christian,0.9882592567447274,0.008626925257367845,0.0030458371909075532,4.3568516805365294e-05,0.9882592567447274,1.1666073494799952e-05,1.2746216696934305e-05
aphasar,Christian,0.9203342877089655,0.039414532433517564,0.039828726464871435,0.00038600557612382543,0.9203342877089655,2.0217234333766834e-05,1.6230582187904445e-05
aphasaree,Christian,0.8627617520364653,0.07015673103055795,0.06633430381193905,0.0007199811196382253,0.8627617520364653,1.3809894358451118e-05,1.342210704098986e-05
appalanaidu,Hindu,0.994844122567126,0.994844122567126,0.003183542561324558,0.00028630734374554545,0.0015342557672019628,0.0001357723696694849,1.5999390932722297e-05
apparao,Hindu,0.9847320480455358,0.9847320480455358,2.2131849646356996e-05,2.328276679076599e-05,0.007895703389781955,0.007314279118633932,1.255482961094129e-05
appu,Hindu,0.9979373123651778,0.9979373123651778,8.76382139630439e-05,1.6611176279746355e-05,0.0016609325781926927,0.00029704354249786416,4.621238887523459e-07
ara,Hindu,0.999535670115365,0.999535670115365,1.0445115724230667e-08,1.637822302275445e-07,0.00016179440130849974,0.0002298472016724377,7.251405430800965e-05
arabind,Hindu,0.9882798530580837,0.9882798530580837,0.0075126972737792055,0.0013730503842694375,0.002780315473445305,2.9825671280524646e-05,2.4258139141945064e-05
aramaan,Hindu,0.9669734650900018,0.9669734650900018,0.001198251056987625,0.0003289115215166778,0.02809651611218962,0.0020076421091742183,0.0013952141101299961
arasad,Hindu,0.9654337152890371,0.9654337152890371,0.00013990127488515213,1.3926205786004282e-05,0.03438097744477043,1.1922284221448118e-05,1.9557501299970836e-05
aravimd,Hindu,0.941796045664385,0.941796045664385,0.018395320199674235,0.0009277580371780883,0.03777705389631663,0.0004804670694323015,0.0006233551330138618
aravind,Hindu,0.9638670060846734,0.9638670060846734,0.00014076431053669993,0.0006124157805398317,0.03369455495516505,0.0015810375482246015,0.00010422132086031585
archana,Hindu,0.937911095664218,0.937911095664218,0.0015916548367598633,0.005669283244339954,0.05419857198101786,0.00030533227188227224,0.0003240620017820658
archanaa,Hindu,0.742673159981372,0.742673159981372,0.005656447295694591,0.010780386782544116,0.2400104348477221,0.0003654886244556484,0.0005140824682115004
ari,Hindu,0.997498106273344,0.997498106273344,0.0001665830541731766,4.6220892801097764e-07,0.0023332371409415017,1.2297364423828385e-06,3.815861711942232e-07
arif,Muslim,0.9957601847910501,0.004158991361824021,0.9957601847910501,4.59327954672629e-06,7.584755962603641e-05,1.6357657850194687e-07,2.1943137450351758e-07
arjan,Hindu,0.9859379864846196,0.9859379864846196,0.003351850107801712,0.0006991915025580008,0.009916862472530997,2.4895916781681656e-06,9.161984081152147e-05
arjun,Hindu,0.9552976385129514,0.9552976385129514,0.032346064053793526,0.0007098428688959965,0.0112619658718442,1.9160139449682212e-05,0.0003653285530651325
arjunan,Hindu,0.9662490003582626,0.9662490003582626,0.018121412372738916,0.0006163849800419312,0.014716198091543354,3.8345931948907734e-05,0.0002586582654639754
aroda,Hindu,0.9972868168518527,0.9972868168518527,0.00036972406009142564,0.0002282317722402143,0.0019225084353922863,0.000128126675364993,6.45922050584117e-05
aroon,Hindu,0.691696482763154,0.691696482763154,0.054011981075011754,0.024950213502664135,0.22901184888912066,0.00011761917734800793,0.00021185459270142904
aroonaa,Hindu,0.5146342221820323,0.5146342221820323,0.023167256468919747,0.007620022990395155,0.4542510258146964,0.00012471457251650057,0.00020275797143986504
arora,Hindu,0.9667148665502913,0.9667148665502913,0.002175636694461993,0.0021671653097891474,0.02872805466905751,0.0001224243562638649,9.185242013618062e-05
arul,Christian,0.8334210737180506,0.04662613915242797,0.11560714310715299,0.003123712846154804,0.8334210737180506,1.1268862529793404e-05,0.0012106623136837666
arumugam,Hindu,0.8928655163896885,0.8928655163896885,0.0006859164745613653,0.0003302750595495338,0.10608600611521099,3.0614883348176346e-06,2.9224472654937602e-05
arun,Hindu,0.7289664990402576,0.7289664990402576,0.09387120588646572,0.0008762500321514937,0.17432033255880444,3.804212114270457e-05,0.001927670361178226
arunaa,Christian,0.7074407046264868,0.24631646308626834,0.04496711336230723,0.0007855726539383674,0.7074407046264868,4.5746763587089946e-05,0.0004443995074120795
arunachalam,Hindu,0.6812778207744276,0.6812778207744276,0.0025016903638894294,0.0007267757480231558,0.31513196971894275,6.990329518714147e-06,0.00035475306519821686
arunkumar,Hindu,0.8396133888642849,0.8396133888642849,0.013550781001522108,0.0009085862481711661,0.14478495196117788,0.0006543255622460002,0.0004879663625978802
arvind,Hindu,0.9826553506801969,0.9826553506801969,0.0004839240640736161,0.005164760623738073,0.01117733904069438,0.00030904028571763836,0.00020958530557954957
arya,Hindu,0.8758727491552695,0.8758727491552695,0.0005061822758103861,0.007790247992215704,0.11581932254658807,4.535358067982127e-06,6.962672048425693e-06
asagar,Hindu,0.5359957933336332,0.5359957933336332,0.026086263703452014,0.040967278757317045,0.3924334332241176,0.003891989315961227,0.0006252416655188602
asagaree,Christian,0.5486831423271264,0.33983952151551533,0.06016926292670738,0.04276323295607465,0.5486831423271264,0.008071182224667777,0.0004736580499083772
asalam,Hindu,0.7392483363250877,0.7392483363250877,0.17749542936157728,0.0009243395017615852,0.08201008412239413,4.8012703596737e-06,0.00031700941881946147
asamaa,Christian,0.7295511214122204,0.2649399826146784,0.005373273096704346,4.910686947097554e-05,0.7295511214122204,5.365300100493841e-05,3.286300592100564e-05
asaphaak,Christian,0.7833298183154422,0.1300878097269717,0.08541486961702359,0.000993679023546102,0.7833298183154422,6.612711732073363e-05,0.00010769619969575431
asaraph,Christian,0.8358851015603114,0.15462141656382644,0.009008127807641077,0.0003823635125617288,0.8358851015603114,5.920255717062453e-05,4.3787998488705596e-05
asaraphee,Christian,0.9532876066285654,0.03968740716162981,0.0068065610647779305,0.00019973346861860787,0.9532876066285654,6.61877786573174e-06,1.2072898542456082e-05
asarphee,Christian,0.6677280856536028,0.2520918896858708,0.07700119025640956,0.003110524785877796,0.6677280856536028,2.0666082431351236e-05,4.764353580761915e-05
asavanee,Hindu,0.9240212418646702,0.9240212418646702,0.014131313524903474,0.00010903999369948221,0.058495555427428764,0.002849804790526829,0.0003930443987714533
asgar,Hindu,0.43472812998374416,0.43472812998374416,0.2698574530360244,0.004833934562872705,0.28995835412605525,6.567302152307098e-05,0.000556455269780476
asha,Hindu,0.887852218859714,0.887852218859714,0.06950471559531161,0.0005005588093406739,0.04184838408814426,6.943531120131766e-05,0.0002246873362878772
asharaf,Muslim,0.6624802398273462,0.3350668049860448,0.6624802398273462,0.0008572636340953767,0.0014812641358179612,3.2930939236916064e-05,8.149647745874765e-05
asharam,Hindu,0.9965148261277653,0.9965148261277653,0.0010581129763759815,0.000237332596526929,0.0007188055012889576,0.0002577474010382453,0.0012131753970047148
ashish,Hindu,0.9188132299518245,0.9188132299518245,0.011690810047489605,0.0004685354763039159,0.06878229270136298,8.901204241163068e-06,0.00023623061877810371
ashok,Hindu,0.9983322561324464,0.9983322561324464,7.464175142183012e-05,1.1147048338333638e-05,0.0010357214905333625,0.0003083105456374042,0.00023792303162257543
ashokan,Hindu,0.9963189812996464,0.9963189812996464,0.0007362006048206819,3.900607001812934e-05,0.002490240704339823,0.00015219571128466497,0.0002633756098905756
ashokkumar,Hindu,0.9653052318015665,0.9653052318015665,0.000393112245557795,0.00035728757614085434,0.03249968587823845,0.0012462826230510992,0.00019839987544531784
ashraf,Muslim,0.6782724279531253,0.30620975483701357,0.6782724279531253,0.0001838768694900463,0.0002462807883006786,6.742345991867025e-06,0.015080917206078607
ashvin,Hindu,0.6573579919017355,0.6573579919017355,0.023823757410601516,0.01919910950985339,0.29914994766739295,0.00017107067063380768,0.00029812283978302085
asif,Muslim,0.992993893556005,0.0051404637052935125,0.992993893556005,0.0005009733183444992,0.0013644087092931614,1.111354054821548e-07,1.4957565840073194e-07
aslam,Muslim,0.8992021445130217,0.07289089537027289,0.8992021445130217,0.0005666818683442848,0.027251517633576562,4.524085721918346e-06,8.423652906253822e-05
asokan,Hindu,0.9692648189149267,0.9692648189149267,0.007428617903038182,0.00047249883849244856,0.022536839228915015,1.7602927129913764e-05,0.00027962218749784563
asook,Hindu,0.761458013635972,0.761458013635972,0.15091962071654447,0.019690295046989943,0.06752865801125472,1.427768997549535e-05,0.00038913489926341673
asookakumaar,Hindu,0.7754256678992241,0.7754256678992241,0.0331955376406604,0.006696256091731225,0.18419983723648628,7.692510766000652e-05,0.00040577602423791457
asvanee,Hindu,0.7164975797469042,0.7164975797469042,0.07350119813557528,0.0011016661862478904,0.20453510348047163,0.0006102408113875643,0.0037542116394134414
asvinee,Hindu,0.5724982145057035,0.5724982145057035,0.05667463453446337,0.005465267288311666,0.3651164068339886,9.013828501405497e-05,0.0001553385525188189
aswathy,Hindu,0.9717125630303012,0.9717125630303012,0.00018780408177775654,0.0012483627846497584,0.026821630486355785,6.526073141050274e-07,2.8987009601466336e-05
atar,Hindu,0.9999434245466488,0.9999434245466488,1.808186259267408e-05,2.4292691322398674e-05,3.1508719354631315e-06,8.713996715757698e-06,2.3360307846742133e-06
athar,Hindu,0.9572517015630218,0.9572517015630218,0.0007653361096160527,0.009280155657319818,0.032298061768167616,5.03756357449491e-06,0.00039970733830015033
athira,Hindu,0.9806709666490735,0.9806709666490735,0.00039379534653233864,0.0013591581640750067,0.013668723379421504,9.102994888110128e-06,0.0038982534660094987
athul,Hindu,0.7908185579874076,0.7908185579874076,0.0024207687860601976,0.14134906870061834,0.038743437340347305,2.941605658027138e-05,0.026638751128986272
atmaram,Buddhist,0.9206662208968465,0.07155519651958045,0.0004936055364225339,0.0033603073193452498,0.003786464388213915,0.00013820533959146725,0.9206662208968465
attar,Hindu,0.9849007404821767,0.9849007404821767,0.009805572555080886,0.003779255477165417,0.00040228018286151573,0.0009906922210290905,0.00012145908168648435
atul,Hindu,0.9745578871191902,0.9745578871191902,0.013309102835701258,0.0006073725095078847,0.010566366641417115,8.601355355234298e-05,0.0008732573406308951
aum,Hindu,0.7300943139249081,0.7300943139249081,0.22607103565911105,0.024065898573282157,0.018511058235835372,3.632543982687645e-05,0.0012213681670362568
avadh,Hindu,0.9966071800426898,0.9966071800426898,0.00013893025025231158,3.3477465051146516e-05,0.0029306676097870976,0.00023534899037073266,5.439564184895601e-05
avadhes,Hindu,0.9559118978086756,0.9559118978086756,0.0010711985356263473,9.211224896014445e-05,0.0428190983110729,7.150191922889613e-05,3.419117643603551e-05
avadhesh,Hindu,0.979980423475264,0.979980423475264,0.0008808244640953333,7.078162249380769e-05,0.01892701963173979,9.919419990455864e-05,4.175660650243583e-05
avalle,Hindu,0.9757624311295695,0.9757624311295695,0.013069810547183518,4.9071525929248236e-05,0.010858587349470128,0.00025430998794951693,5.789459897933808e-06
avanees,Hindu,0.7627725495355875,0.7627725495355875,0.02043212803347409,0.00011482843553643087,0.21482445778107118,0.001179128964120749,0.0006769072502100003
avasthi,Hindu,0.7189025535778877,0.7189025535778877,0.004813423957997846,0.0012287584662844069,0.2749491863251238,4.3763641546377025e-05,6.231403116006287e-05
avatar,Hindu,0.997356279943227,0.997356279943227,0.0006505158930246052,0.00021667699737066865,0.0013789441038058261,0.00036614102941312987,3.1442033158925104e-05
avathaar,Christian,0.5777104859113097,0.4165547003906542,0.004187323256759291,0.0012157744444766167,0.5777104859113097,9.173758122347575e-05,0.0002399784155768024
avhad,Hindu,0.9974608900649765,0.9974608900649765,0.00144955058555973,0.0002535502849843509,0.000623619146977928,7.108027154443152e-05,0.0001413096459571096
avinaas,Christian,0.850018836825179,0.14752932607857633,0.0017500046930330384,0.0005240836093310774,0.850018836825179,0.00015143599500916212,2.6312798871423706e-05
avinash,Hindu,0.7586632092417487,0.7586632092417487,0.014975798688180794,0.001967586602396222,0.2234257090257971,0.0006260860005914998,0.0003416104412858402
ayisha,Hindu,0.5591481834001819,0.5591481834001819,0.306307089972365,0.011290469508787745,0.12318086318471842,1.3560150027197112e-05,5.983378391956407e-05
ayodhya,Hindu,0.9848920072035139,0.9848920072035139,0.0013799283545989926,0.002226113315620202,0.011465203300048875,9.070435580493674e-06,2.767739063778317e-05
ayoodhyaa,Hindu,0.7862165091407874,0.7862165091407874,0.007259095927621792,0.02963563718501034,0.17676846309491423,2.3481632624340474e-05,9.681301904184821e-05
ayub,Hindu,0.8194463723187215,0.8194463723187215,0.15106203702517743,0.0062904911912799,0.023114599478091857,4.4359310764290515e-05,4.214067596501512e-05
ayyanar,Hindu,0.9785524876069025,0.9785524876069025,8.058210783258628e-06,3.922452962007865e-06,0.021435298221146502,1.3129404232840593e-07,1.0221416371443268e-07
ayyappan,Hindu,0.999984830805297,0.999984830805297,1.3057852230812113e-07,1.489276871112768e-07,1.4815675442204114e-05,7.230210769608005e-08,1.7109438616541258e-09
ayyasami,Hindu,0.9550354706546121,0.9550354706546121,0.0010241359187526647,5.0052562674107666e-05,0.04388841052083388,1.222914678796631e-07,1.8080516592891489e-06
ayyavu,Hindu,0.7405791478788281,0.7405791478788281,0.0005908552201237395,0.00014403337134982804,0.25868457390831845,7.194880480412848e-07,6.70133331823791e-07
ayyub,Hindu,0.8605380450650232,0.8605380450650232,0.03879111718105483,0.0072197139198630945,0.09342721862013362,9.403043432201432e-06,1.4502170492829455e-05
azad,Muslim,0.7262770521529529,0.27105040366260114,0.7262770521529529,0.0004443593128457956,0.0020560077490632397,4.2158766511578146e-05,0.00013001835602535007
aziz,Muslim,0.9944192843007488,0.003981398845150118,0.9944192843007488,0.0003223455936711837,0.001250922690486207,1.6526511509324083e-06,2.4395918792889785e-05
baabar,Muslim,0.48760388520229964,0.45401488430490483,0.48760388520229964,0.0022533824118952995,0.05413646239546919,0.0003107870349375593,0.0016805986504933642
baaboo,Muslim,0.9587832172138732,0.014158818888733061,0.9587832172138732,0.0035857453815028536,0.02338390080861633,7.790278575117533e-06,8.052742869965279e-05
baaboolaal,Muslim,0.8781522350454197,0.04784600682969626,0.8781522350454197,0.0011908412665647143,0.07275328426548952,1.3557570995971236e-05,4.4075021833831754e-05
baabooraam,Muslim,0.5349282363724078,0.13904733113322226,0.5349282363724078,0.005436854872052838,0.3201755457602329,3.934050859915592e-05,0.00037269135348503494
baabu,Muslim,0.8936699549639759,0.03725010474139315,0.8936699549639759,0.00048787567965622385,0.06841531345180865,0.0001470813676879175,2.966979547794954e-05
baabul,Muslim,0.9267807538107388,0.035289510346839914,0.9267807538107388,0.0005604086714411167,0.03730671426225725,3.8031225076486714e-05,2.4581683646430076e-05
baabulaal,Muslim,0.6595487419250835,0.1566446150190446,0.6595487419250835,0.0010369283329353042,0.1825879079891569,6.21862725321603e-05,0.00011962046124764113
baadal,Hindu,0.9077962431734277,0.9077962431734277,0.05174345199083368,0.0006809557326560284,0.039267338874904106,0.00032130200260686495,0.00019070822557145742
baagade,Christian,0.33966037827172835,0.3389099100860603,0.014563018623271938,0.0024237422694512096,0.33966037827172835,0.0006221712186345339,0.3038207795308537
baagal,Christian,0.8289076314918987,0.08595392289857436,0.08071251096347778,0.003584379915216281,0.8289076314918987,0.00044294468033931523,0.00039861005049344556
baagavaan,Christian,0.941290425109426,0.04012441505674624,0.016481941856213884,0.0004555545194143908,0.941290425109426,0.0006745881643296272,0.0009730752938697702
baagh,Hindu,0.5879915755713583,0.5879915755713583,0.06361761060996875,0.04192090979480871,0.3060596732960947,0.0001530837212379733,0.0002571470065316494
baagul,Christian,0.40616845583806904,0.307208432135262,0.26287939001620353,0.018046176126562875,0.40616845583806904,0.00025735779032555727,0.0054401880935771064
baal,Muslim,0.3844081341826616,0.26400673297834,0.3844081341826616,0.004234935311997027,0.34681781585309307,0.00022341881798571014,0.00030896285592253595
baalaa,Christian,0.8129806432838156,0.1335003921920012,0.05197619390847523,0.0013039132292733313,0.8129806432838156,4.723075419100085e-05,0.00019162663224378358
baalee,Muslim,0.6338954048626784,0.07824105013711337,0.6338954048626784,0.0010511904118114881,0.28661062852900254,3.570160157529822e-05,0.0001660244578189618
baalesvar,Christian,0.5302845964407553,0.4617429372745927,0.007451925107142887,0.00020963326263435887,0.5302845964407553,0.00020717512357868253,0.00010373279129599133
baaloo,Christian,0.6321881780158426,0.21149217820192612,0.1409756488889732,0.014936575653546728,0.6321881780158426,0.0001557041232369646,0.000251715116474423
baambhaneeyaa,Hindu,0.5278187347841883,0.5278187347841883,0.31388206750596476,0.0020874301994527784,0.1529858715811921,9.979680896757575e-05,0.0031260991202345725
baamgar,Hindu,0.5565927287149308,0.5565927287149308,0.0774263219470802,0.006523689259154654,0.3500814008093245,0.0007865898280859749,0.008589269441423962
baanoo,Muslim,0.4494917408978022,0.08565854312903234,0.4494917408978022,0.01221551787657485,0.4482466323784467,0.0001654728098538003,0.004222092908290114
baarad,Hindu,0.879665245691058,0.879665245691058,0.007066121654104342,0.0008843766721016321,0.11084459108603177,0.00034505680323483167,0.0011946080934695461
baaraiyaa,Hindu,0.8185299647799025,0.8185299647799025,0.016027045451589977,0.0007878510214344718,0.16449640414552957,3.222855990034722e-05,0.0001265060416431382
baaree,Christian,0.5132154229974144,0.3774062631739895,0.10429942261576455,0.004837131518439762,0.5132154229974144,7.115025587081048e-05,0.0001706094385207783
baareeaa,Christian,0.8448097381475258,0.11352525232077432,0.0383010278902725,0.0032012798472850733,0.8448097381475258,4.3119637356191944e-05,0.00011958215678621346
baareeyaa,Christian,0.8864801604017978,0.06441988171468323,0.04490847590901468,0.004145863953860745,0.8864801604017978,1.7781761404534157e-05,2.7836259239032668e-05
baaroot,Hindu,0.6766330523974214,0.6766330523974214,0.07672466938689565,0.07178372528073526,0.1735874743349595,0.00030124753962657686,0.0009698310603617886
baasamathee,Christian,0.9699090094608424,0.02801920187776558,0.00197286200404641,8.65369992324151e-05,0.9699090094608424,1.4565693682175399e-06,1.0933088745196842e-05
baasanthi,Hindu,0.7964841490769058,0.7964841490769058,0.0012342876484389277,0.00179245854455364,0.20021617142995132,4.8322620754053814e-05,0.00022461067939617
baaski,Christian,0.9016275938160914,0.04446656900941822,0.053084534725753994,0.0008009536003050325,0.9016275938160914,3.3845706524693037e-06,1.696427777894631e-05
baasudeba,Hindu,0.5879672234118569,0.5879672234118569,0.03408927716527265,0.0010040216121739488,0.3759168124776498,2.7017696648233667e-05,0.0009956476363984456
baavane,Hindu,0.8773552984879779,0.8773552984879779,0.021737810683609693,0.00039405905369910293,0.09601608204706392,0.0022194836161714753,0.0022772661114778834
baba,Muslim,0.8913656425965858,0.10683359791525276,0.8913656425965858,0.00030276359180686025,0.0003232869392375159,7.969045755527088e-05,0.001095018499561653
babalee,Muslim,0.9228536766792622,0.07129592952149512,0.9228536766792622,0.00039773223936042393,0.005155525169040757,2.511403391348979e-05,0.00027202235692795753
babaloo,Muslim,0.5781984264087463,0.3807869697550116,0.5781984264087463,0.010118388464198758,0.02986189803153127,0.00012478496218293748,0.0009095323783291314
babalu,Muslim,0.8349613050542873,0.1558198537635685,0.8349613050542873,0.0006774411414724013,0.00225140695240864,8.832229046782834e-05,0.006201670797795378
baban,Hindu,0.8163809415684883,0.8163809415684883,0.17852673708452677,0.00037909862969274583,0.00036437554263330754,7.243249716984133e-05,0.0042764146774892575
babar,Muslim,0.6531724527476399,0.33247916725763277,0.6531724527476399,0.0010638974546319793,0.0034134777343690858,0.0006399584924207677,0.009231046313305498
babeethaa,Muslim,0.5724315853557993,0.23218486145428288,0.5724315853557993,0.010115673503846526,0.18511498303708898,4.7026353995109864e-05,0.00010587029498717984
babithaa,Hindu,0.5062004023747311,0.5062004023747311,0.3686737233601371,0.007420434263746846,0.11746795984409686,4.5638323881501465e-05,0.00019184183340679092
babloo,Muslim,0.551896092284438,0.36291879751202705,0.551896092284438,0.012329566782880903,0.07222145523818542,0.0004165748680710881,0.00021751331439757348
bablu,Hindu,0.6047523660144463,0.6047523660144463,0.38167444632863706,0.0009252667551099775,0.01221533542190707,0.000280893241996663,0.00015169223790304873
baboolal,Muslim,0.8881707484045352,0.10633458659579603,0.8881707484045352,0.0011453499420709383,0.004300975146564275,2.6020897798590542e-05,2.2319013234819955e-05
babu,Muslim,0.9403429366882137,0.04797596162304934,0.9403429366882137,9.885737156711131e-05,0.006863488723132736,0.004715922492277077,2.833101760000377e-06
babulal,Hindu,0.6217480007577485,0.6217480007577485,0.37485617500771484,0.0002806000706335445,0.002981542194043192,9.954798532257309e-05,3.413398453737449e-05
baburam,Hindu,0.9657499312532423,0.9657499312532423,0.021759457407323445,0.00015895193477450688,0.0003295154936703928,0.01197810093772473,2.4042973264771704e-05
baby,Christian,0.5606159251500735,0.27269342692775717,0.16345846778019119,0.0030089761918890056,0.5606159251500735,0.00012697871450653882,9.622523558255721e-05
bachan,Hindu,0.9686770029971071,0.9686770029971071,0.0016005516722547794,0.016615008065530398,0.012326371223222738,6.160578842235213e-05,0.0007194602534625495
bachchaa,Christian,0.5434103795495331,0.4295737159672631,0.017927717243203047,0.008681904916679336,0.5434103795495331,5.11306019980796e-05,0.000355151721323374
bachchee,Christian,0.6412052237841646,0.33142691519410483,0.021097245243090215,0.006127251277308469,0.6412052237841646,7.677844394379065e-06,0.00013568665693747115
bachchoo,Hindu,0.8395490263347211,0.8395490263347211,0.021752298515820293,0.010201039944398239,0.12818903003657114,1.613209910660822e-05,0.00029247306938260173
bachu,Hindu,0.971278254537684,0.971278254537684,0.007666137649284294,0.007789078343134595,0.012548338526562001,6.6722622594030175e-06,0.0007115186810759091
bada,Hindu,0.9964791671180759,0.9964791671180759,0.0023375988976428366,2.2903514584121242e-05,0.0007601562027212313,0.00023880381888286516,0.00016137044809310606
badaamee,Hindu,0.5097677165754012,0.5097677165754012,0.4062685372607174,0.0008862174227327702,0.08125612222042636,6.687427749730752e-05,0.001754532243225004
badagujar,Hindu,0.9606251170197387,0.9606251170197387,0.027266560426996923,0.0021382220593703775,0.0035278572879040653,0.00015178196469419988,0.006290461241295901
badakee,Hindu,0.39289262913231576,0.39289262913231576,0.38638296121673765,0.003387636573648532,0.21676819504730238,0.00011697171649431146,0.00045160631350128435
badal,Hindu,0.9895681569108657,0.9895681569108657,0.009248737919738268,4.5198406904661126e-05,0.000786769193871101,0.0003231329810586021,2.8004587561551067e-05
bade,Hindu,0.9465250528255649,0.9465250528255649,0.010107620196099667,0.0002595336519089498,0.004431502172106829,6.613220156112641e-05,0.03861015895275878
badhri,Hindu,0.9853640792136273,0.9853640792136273,0.010256166363211422,0.0005964137974276039,0.0030962325303440434,3.487652460496593e-05,0.0006522315707845019
badi,Hindu,0.9779114886441351,0.9779114886441351,0.01574454830241161,5.8403792710605155e-05,0.006169968428909488,5.3768392461734624e-05,6.18224393713564e-05
badigera,Hindu,0.974323316692605,0.974323316692605,0.006606054894168152,0.00016961931319817134,0.01884504724208318,8.191330336458945e-06,4.777052760931993e-05
badloo,Hindu,0.5910968838365821,0.5910968838365821,0.2870432532068184,0.016215775516762104,0.10477337365048511,0.00023963590697167266,0.0006310778823805404
badree,Muslim,0.47497478842540836,0.4131310301997925,0.47497478842540836,0.003811087040559533,0.10744735416310078,0.0002870105339199409,0.00034872963721885823
badreelaal,Hindu,0.5171135264884948,0.5171135264884948,0.15925989882100378,0.0011485144843504543,0.32222777636889904,0.00017632153943383355,7.396229781801745e-05
badri,Hindu,0.833111469950996,0.833111469950996,0.08807911283177901,0.0003593713088352093,0.07804750853256996,0.00020380660107054412,0.00019873077474925422
badrilal,Hindu,0.9470916489656169,0.9470916489656169,0.01766495638414371,0.00026525979666864534,0.03489823695625887,4.4450246974311366e-05,3.5447650337363654e-05
badriprasad,Hindu,0.7552434760234715,0.7552434760234715,0.002326410698300046,0.0001222915872645703,0.24221605856774744,4.789319828425048e-05,4.3869924932069204e-05
badyakar,Hindu,0.969488074664709,0.969488074664709,0.012896914186688629,0.004837169019587208,0.010678312459075022,0.00044249798677538246,0.0016570316831646845
bag,Hindu,0.9667483185483815,0.9667483185483815,0.03066960394934739,0.0015016428510043777,0.00016010177336585668,7.567689485664943e-05,0.0008446559830444913
bagade,Buddhist,0.863782764102949,0.13415015386746057,0.0015812674892642586,0.00013751419800390191,0.00030628361199953766,4.201673032280031e-05,0.863782764102949
bagal,Hindu,0.789207750292649,0.789207750292649,0.1967215857629541,0.0024164443113787923,0.00998014853720206,0.0006584033648817,0.00101566773093442
bagavan,Hindu,0.654484157343928,0.654484157343928,0.32463040277172994,0.0005927667913626562,0.007098949318321007,0.005935755170913734,0.007257968603744715
bagdi,Hindu,0.995633851909936,0.995633851909936,0.003938666596091126,0.00017459931991483329,0.0002017043010717526,6.693277122191065e-06,4.448459586405269e-05
bagha,Hindu,0.9885936000255048,0.9885936000255048,0.007917438472268347,0.002922108344797697,0.0005388785413893048,8.627512853225127e-06,1.9347103186315544e-05
baghel,Hindu,0.990351423073913,0.990351423073913,0.00488757125964639,0.0003620230533443101,0.004358547511352083,3.6576223441936174e-05,3.8588783021425115e-06
bagul,Hindu,0.8164336067918766,0.8164336067918766,0.17061374375598176,0.006764817216243719,0.002763915696909484,7.31582388227288e-05,0.0033507583001658285
bahaadur,Hindu,0.9683046954860062,0.9683046954860062,0.019622490834962918,0.0035149027151898603,0.007890647591612013,0.00020188369158305586,0.0004653796806458977
bahadur,Hindu,0.9823366440771443,0.9823366440771443,0.012277861664890767,0.0029509031820617883,0.00026478714317037177,0.00010390535662754775,0.0020658985761055743
bahaman,Muslim,0.7987188675885302,0.19393705264106195,0.7987188675885302,0.002221616493466666,0.004596300344770089,0.0001336508807255433,0.00039251205144569886
bai,Hindu,0.9904157089987797,0.9904157089987797,0.0065876281199485605,0.001949831058396296,0.0006973048873943863,2.3580232502416165e-05,0.0003259467029786561
baidya,Hindu,0.9091484326421937,0.9091484326421937,0.049598966368291156,0.023787939218034168,0.014607718198284117,7.841825746514227e-05,0.0027785253157318213
baiga,Hindu,0.5594968597692749,0.5594968597692749,0.286106274195953,0.005390097601689898,0.14761699850031743,6.976459412982898e-05,0.0013200053386350913
baijanaath,Hindu,0.9517002458631313,0.9517002458631313,0.014120158827718289,0.000988415616009597,0.032691826657233226,1.963560366063012e-05,0.0004797174322470737
baijanthee,Hindu,0.9234218395588656,0.9234218395588656,0.02988042862643619,0.004173489010150118,0.04223576221622526,2.6264863244513206e-05,0.0002622157250783796
baijnath,Hindu,0.9856968111757759,0.9856968111757759,0.0096991448325139,0.0013362635432103277,0.0029452482566780644,2.006527398852367e-05,0.00030246691783308426
baiju,Hindu,0.865255299330149,0.865255299330149,0.12793042068375846,0.0013246854445627231,0.005109309238592291,6.3936570965996e-05,0.0003163487319714535
baikuntha,Hindu,0.8930295522886694,0.8930295522886694,0.03180486959817878,0.014900035352944322,0.055875481421415844,6.981459605973451e-05,0.004320246742731693
bairagi,Hindu,0.9968306325413425,0.9968306325413425,0.002156676928270373,0.00024535435283194024,0.0006966030549746708,2.174062111060285e-06,6.855906046946866e-05
bairagya,Hindu,0.9904069340087814,0.9904069340087814,0.0037997378512492075,0.0007344871435722612,0.004978265960562421,6.419790964143511e-06,7.415524487080031e-05
bairwa,Hindu,0.9998655210510964,0.9998655210510964,3.1121428414447176e-05,2.5481322663889485e-05,7.286802231348475e-05,5.1157293733500823e-08,4.95701821818495e-06
baitha,Hindu,0.8491440008464946,0.8491440008464946,0.07919566115301593,0.022190104752011202,0.048647219140663334,3.48147496440246e-05,0.0007881993581709983
bajaj,Hindu,0.6261389771531456,0.6261389771531456,0.3525801722446518,0.005227053249982228,0.014990898716876543,3.7756061354618254e-05,0.0010251425739891003
bajaramg,Hindu,0.9863975395062773,0.9863975395062773,0.005236380183972567,0.0008196923636358028,0.005466992763560399,0.00020138872145180944,0.0018780064611020305
bajaramgee,Hindu,0.8436619801021447,0.8436619801021447,0.016941699676287468,0.001964536011454294,0.13545149850343807,0.00011492871064341593,0.0018653569960322067
bajpei,Hindu,0.8715308249537528,0.8715308249537528,0.05510126414328607,0.0009133184975706581,0.07225965650232923,2.9885008742773957e-05,0.0001650508943182984
bajrang,Hindu,0.9517105097313773,0.9517105097313773,0.037336072900104975,0.0007905234983770874,0.00875836833221639,1.3937957062312541e-05,0.0013905875808620574
bakhsh,Muslim,0.8406441146817992,0.08080223055069712,0.8406441146817992,0.07307497643875793,0.00509105195278891,0.00011085383909351439,0.0002767725368632683
baksa,Muslim,0.9156040279383466,0.07030985011530477,0.9156040279383466,0.011517639079429414,0.0025079554233481977,1.9836542887899265e-05,4.0690900683102236e-05
baksh,Muslim,0.8509778066059224,0.04435022414839862,0.8509778066059224,0.10258836325058465,0.002017176967507763,1.9030615513796848e-05,4.739841207261054e-05
bakshe,Muslim,0.8788756403513378,0.08576399828230635,0.8788756403513378,0.026110719726881223,0.009155862651351338,2.5674175213045622e-05,6.810481291025926e-05
bala,Hindu,0.9981272337112852,0.9981272337112852,0.0003999830928222346,4.6849223959925825e-05,0.0013465209828949247,1.096272981445022e-06,7.831671605614347e-05
balabeer,Muslim,0.7761534972946736,0.21176084402160145,0.7761534972946736,0.004044232013928188,0.007884868445902773,9.40169854253765e-06,0.0001471565253515562
baladev,Hindu,0.9726969782169886,0.9726969782169886,0.0011578747485097656,0.0004164555782988906,0.022343367200748105,1.3645476526361963e-05,0.003371678778928399
balajeeth,Hindu,0.9433439326586688,0.9433439326586688,0.020066329456850465,0.010378400919528992,0.025930831709079245,3.998510987184191e-06,0.00027650674488521415
balaji,Hindu,0.5413794392228894,0.5413794392228894,0.0223137484467084,0.001191401844369486,0.0034252575755350854,1.6088389133879507e-05,0.4316740645213636
balajiadar,Hindu,0.9657394818563884,0.9657394818563884,0.005061972096167879,0.0009206841298279591,0.0030765450826895704,3.115808596360793e-05,0.025170158748962664
balakaar,Hindu,0.8906262882789426,0.8906262882789426,0.016900824512142663,0.0032671780082859994,0.08871793225888179,4.939525299834298e-05,0.00043838168874862855
balakaram,Hindu,0.9935136892061297,0.9935136892061297,0.00027100752944360476,0.0003501654240108036,0.0012511505994617024,2.4523478053253188e-05,0.004589463762901001
balakishan,Hindu,0.9901168309893407,0.9901168309893407,0.004598485724053865,0.0008123351465609662,0.004399037066309722,3.3721089225310984e-06,6.993896481240863e-05
balakrishn,Hindu,0.9955970448438498,0.9955970448438498,0.0021855814858311663,0.000485308147051501,0.0017098739225688369,1.4509466367665836e-05,7.682134331079904e-06
balakrishnan,Hindu,0.9981257869116963,0.9981257869116963,0.0004766266565705823,0.00018946250891459568,0.0011939683644988704,1.0008247879017903e-05,4.147310440730675e-06
balamurugan,Hindu,0.9985370215212812,0.9985370215212812,0.0008837617718663088,8.500356538637072e-05,0.0004766203599856827,1.1624944885642038e-06,1.6430286991941537e-05
balan,Hindu,0.9989080269801337,0.9989080269801337,0.0005798304539943164,6.251932569652493e-05,0.0003150981997144208,3.5845530047625344e-06,0.00013094048745613775
balaraaj,Hindu,0.8187771421664415,0.8187771421664415,0.007924243117688792,0.0007591064768655007,0.17068819890452877,4.567684966335455e-05,0.0018056324848119648
balaraam,Hindu,0.9247014721839577,0.9247014721839577,0.004031287090931355,0.00044681349389650405,0.06937121853926866,1.9411149890797922e-05,0.0014297975420549767
balaram,Hindu,0.9930998251193941,0.9930998251193941,0.00023384035904800834,9.210284666583649e-05,0.0015269967431269227,1.533708410132373e-05,0.005031897847663585
balaraman,Hindu,0.9956129791437125,0.9956129791437125,0.00022877120845754716,3.7250324613582776e-05,0.0022200399639955835,0.00011227708230771836,0.0017886822769132144
balasubramani,Hindu,0.9803883645052278,0.9803883645052278,0.0009575859451120234,4.7348166940063317e-05,0.01858018144689485,5.802752713614133e-06,2.0717183111542346e-05
balasubramaniyan,Hindu,0.9795655889880762,0.9795655889880762,0.001042193204008792,6.494044396469683e-05,0.019305554653533414,4.571428577536394e-06,1.715128183946056e-05
balasundaram,Christian,0.6392348031443132,0.3550389573568484,0.00409910858680385,0.0013993199682760982,0.6392348031443132,0.00010359811026237743,0.00012421283349604436
balavaan,Hindu,0.8797592194138834,0.8797592194138834,0.01721931369742654,0.0018084402817336905,0.09968140387746788,0.0010081811124780648,0.0005234416170105526
balavanth,Hindu,0.9797766564163617,0.9797766564163617,0.0018037410921925255,0.0021553949151047248,0.013231719770871593,0.0026414655385422203,0.00039102226692728576
balavath,Hindu,0.966572558139606,0.966572558139606,0.008023152848437284,0.0034258287096501153,0.021542567930491,0.0001516054801050699,0.00028428689171033325
balaveer,Hindu,0.8615688027221676,0.8615688027221676,0.060624927741092335,0.04823372500199233,0.029383198258526297,8.38070722833758e-05,0.00010553920393817335
balaviadar,Hindu,0.9739895955844678,0.9739895955844678,0.010681329988562435,0.0032309674105689785,0.011861604636161415,0.00014860555598204868,8.789682425738973e-05
balayya,Hindu,0.8257923133074105,0.8257923133074105,9.512734461408621e-05,4.03535094876191e-05,0.17407169684385979,5.877643767873409e-08,4.5021819024653436e-07
balbir,Hindu,0.9062221101630753,0.9062221101630753,0.08058233010284419,0.004188033153475323,0.008875187112144009,1.6591622510222543e-05,0.00011574784595093875
balchand,Hindu,0.9590257565236707,0.9590257565236707,0.012075907488924816,0.001013571665684844,0.00690413807943604,0.020353592456418473,0.0006270337858649951
baldev,Hindu,0.6845541928861315,0.6845541928861315,0.0007511375944321634,0.2929687453958729,0.01954001545064578,4.849042984181587e-05,0.0021374182430757647
bali,Hindu,0.5197566290077327,0.5197566290077327,0.45465900514420454,0.0020178552363086357,0.0234559855933103,2.2727496352319453e-05,8.779752209170778e-05
baliraam,Hindu,0.9193340045307018,0.9193340045307018,0.042189278761517464,0.0007987938647981044,0.02880577847304648,2.2801161419252792e-05,0.008849343208516996
baliram,Hindu,0.9319059875909771,0.9319059875909771,0.003635621737516678,0.00017666357515913579,0.0008771514697508294,5.922668364352983e-06,0.06339865295823172
baljeet,Muslim,0.6102762520797373,0.3793867018411996,0.6102762520797373,0.0034437301415448066,0.006845978540249755,9.68229625828301e-06,3.7655101010410707e-05
balraj,Hindu,0.6293519794350765,0.6293519794350765,0.02279807106893662,0.0009021448887669523,0.34668303205341466,7.292620631740385e-05,0.0001918463474879374
balram,Hindu,0.982581928900247,0.982581928900247,0.004529308047528196,0.0004174785726610177,0.012206177272012265,2.282152993047461e-05,0.0002422856776211261
balu,Hindu,0.6562079533382613,0.6562079533382613,0.22672146646454266,0.0012915248014559579,0.012247649979095922,0.0005021231679818972,0.10302928224866234
baluram,Hindu,0.983621908765305,0.983621908765305,0.011311249843434807,0.0006251643476157021,0.0022323249771285408,7.902110149803804e-05,0.0021303309650180925
balvant,Hindu,0.9456802763407274,0.9456802763407274,0.001891355045777641,0.0019090525541715414,0.03248516908596893,0.0012722782590986839,0.016761868714255793
balveer,Hindu,0.7062562066161081,0.7062562066161081,0.19865215132904415,0.010349653266774313,0.08460578535784233,1.3570319675368302e-05,0.00012263311055583128
balwan,Hindu,0.996160907974885,0.996160907974885,0.0007893114915155916,6.844200769318401e-05,0.0012203957391793043,6.331222648972115e-06,0.0017546115640778908
bam,Hindu,0.7599072989763891,0.7599072989763891,0.22487668104838446,0.0022560726380555277,0.004704748301145056,8.017402456005882e-05,0.00817502501146574
bamdagar,Hindu,0.8544107797705515,0.8544107797705515,0.09004766909049403,0.037378676749904284,0.002381659394780147,0.00037331064886938315,0.015407904345400568
bamdanaa,Hindu,0.8825632974934374,0.8825632974934374,0.07598628298730721,0.0035063469508826734,0.034775002618209976,0.00020091764418249763,0.0029681523059801257
bamsee,Muslim,0.4556670090364848,0.30936146516627633,0.4556670090364848,0.005229439770722856,0.22964885805269933,3.95535666504067e-06,8.92726171515256e-05
bamseelaal,Christian,0.4561513291480388,0.44265647858912405,0.10015436034720736,0.0010110935440426963,0.4561513291480388,7.556133335940281e-06,1.918223825127488e-05
bamtee,Buddhist,0.5346177386526224,0.20303094373725555,0.21816322791395928,0.0066984249347748,0.037398438002443905,9.122675894402495e-05,0.5346177386526224
banaarasee,Hindu,0.8096307525676631,0.8096307525676631,0.012905829619803154,0.0006216439986575272,0.176692536823381,2.131342457155303e-05,0.00012792356592379074
banaji,Hindu,0.8520883212548384,0.8520883212548384,0.05022022648749587,0.0004963450029129316,0.0024894912696093716,0.00011020089366500567,0.09459541509147824
banajji,Hindu,0.8339288116902255,0.8339288116902255,0.14826426774001863,0.0011359482221383736,0.007360181084090895,0.0001907273297597724,0.00912006393376692
banakar,Hindu,0.9972912749355294,0.9972912749355294,0.0007440892657623107,0.0001656764984859655,0.0015115929782621121,2.5433325225292205e-05,0.00026193299673505743
banamaalee,Hindu,0.7227720327710034,0.7227720327710034,0.06137504732967033,0.00044617756222425713,0.21502748234945124,0.00011862681220172501,0.0002606331754490487
banarsi,Hindu,0.9950560443064898,0.9950560443064898,0.0027399547918862824,0.0005121704084720504,0.0016655893701298344,7.088015779056418e-06,1.9153107243088028e-05
banasoode,Hindu,0.982506661803991,0.982506661803991,0.010720390367782813,0.0005735643859997562,0.005598200671922883,1.4876337248706752e-05,0.0005863064330545949
banavaaree,Hindu,0.9010607895476462,0.9010607895476462,0.009120395397250044,0.00042570665602968325,0.08780197354898811,0.0014485259718133197,0.00014260887827240756
bandagar,Hindu,0.9304259617259022,0.9304259617259022,0.06394808581633692,0.001392521730636607,0.0016292578056074961,0.0007919703187263445,0.0018122026027903167
bandanaa,Hindu,0.9878655552017703,0.9878655552017703,0.0032867515364824744,0.00012663262345152018,0.008229278343848432,0.00020491837928612495,0.00028686391516104427
bandaru,Hindu,0.9751243618137506,0.9751243618137506,0.022686893080961598,0.0003746514405243468,0.0011998409917060749,0.00023218480268401647,0.0003820678703733776
bandi,Hindu,0.9997010393991119,0.9997010393991119,0.0002411817781007776,4.358934434944856e-06,8.09908177106103e-06,1.9201708202856088e-05,2.6119098378111032e-05
banerji,Hindu,0.9632306502606014,0.9632306502606014,0.030132847121434988,0.0008484251223669143,0.0028389451197977623,2.271513848081114e-05,0.0029264172373179563
bangar,Hindu,0.9559195523512279,0.9559195523512279,0.0016195194621813238,0.0005441275295918748,0.0076055941004238865,6.1376269579325305e-06,0.034305068929617114
banik,Hindu,0.9880387355374741,0.9880387355374741,0.00936927513467432,0.0006159055587043798,0.0009816733097399919,0.0007373813608616493,0.00025702909854550637
banithaa,Hindu,0.7395236278314936,0.7395236278314936,0.047644434143845095,0.004998130652792492,0.20729068050775207,6.39003781307444e-05,0.00047922648598595457
bankar,Hindu,0.995322800577618,0.995322800577618,0.00019399525668288933,1.885388754211789e-05,0.00013681263702060553,0.00349306426733273,0.0008344733738034901
bano,Muslim,0.7010793263483469,0.20780568204726602,0.7010793263483469,0.0047550592510958,0.024799806407353034,0.0003737454446323199,0.06118638050130599
bansal,Hindu,0.8119329964733788,0.8119329964733788,0.18362361145765466,0.0005920025028071153,0.003711980014521515,6.322004740916919e-06,0.00013308754689717582
banshi,Hindu,0.9873506398815289,0.9873506398815289,0.009835063417160683,0.0014994608770397392,0.0008666577347630349,1.8785395352586817e-05,0.00042939269415500085
banshilal,Hindu,0.9788892682115693,0.9788892682115693,0.01432339735518536,0.0010698823483237133,0.005603255767177221,1.4528380712022965e-05,9.966793703255091e-05
bansod,Buddhist,0.9972613077067811,0.0021957576510524698,0.0003878499831880588,6.875297701169162e-05,8.584045347483383e-05,4.912284918930448e-07,0.9972613077067811
bansode,Buddhist,0.9948882835355541,0.004566840452706398,0.00035342623673061753,6.868684774158732e-05,0.00012236343613401696,3.9949113316941164e-07,0.9948882835355541
bantee,Hindu,0.8667365782986348,0.8667365782986348,0.02049267281713731,0.03488647319792588,0.06123295951283937,0.0105606273253016,0.00609068884816093
banu,Hindu,0.9366090697937708,0.9366090697937708,0.05756900192953335,0.00025351073287010193,0.003294105595556185,8.212000238917743e-05,0.002192191945880525
banvari,Hindu,0.9110672417359392,0.9110672417359392,0.034547197939052136,0.0003491626885710142,0.05354787701358835,8.182245098306375e-05,0.0004066981718661079
banwarilal,Hindu,0.8944157747104788,0.8944157747104788,0.09160263806069995,0.00033544340507231623,0.013528204116162937,1.4636238928618071e-05,0.0001033034686571561
bapulal,Hindu,0.9674784503588849,0.9674784503588849,0.025648435231315724,0.0006819063630585382,0.005908910545434765,0.0001177352126034605,0.00016456228870287244
bara,Hindu,0.9718694151589351,0.9718694151589351,0.0008995880014212258,3.571289563665389e-05,0.0008743016917024862,0.02495390248422047,0.0013670797680842284
barade,Hindu,0.9734726909062026,0.9734726909062026,0.0015846321215698597,0.00013944052916479356,0.013400850058453331,0.0008760286718676733,0.01052635771274163
barai,Hindu,0.9905348823486168,0.9905348823486168,0.005808721731110605,8.20879025845983e-05,0.002923212457229161,0.0004926172785740438,0.00015847828188489646
barala,Hindu,0.8700551974227818,0.8700551974227818,0.05242612759460198,0.0020494900376289496,0.07283540519850401,0.0014137948356994657,0.0012199849107836884
barde,Hindu,0.9606805888508709,0.9606805888508709,0.01142883343943484,0.011582051491576742,0.0039986469383034426,0.0002303575073732046,0.012079521772440984
bare,Hindu,0.9962176261676814,0.9962176261676814,0.0021714088007464146,4.7099936877773655e-05,0.001113041467662928,0.0004245419670271307,2.628166000423417e-05
barelaal,Hindu,0.8563875681786964,0.8563875681786964,0.040898034494567165,0.00065690302067761,0.10176468671530965,0.0002510936240611888,4.171396668810337e-05
bari,Hindu,0.985998379057536,0.985998379057536,0.011241909396129755,1.6112315194252034e-05,0.002588542191195228,0.00013396611990113133,2.1090920043399308e-05
bariha,Hindu,0.9733033794205386,0.9733033794205386,0.018999517333519043,7.52013871916613e-05,0.007572902423281619,3.0543675255802495e-05,1.845576021307872e-05
barika,Hindu,0.9800693195284015,0.9800693195284015,0.01796266763753788,0.0004135930288098526,0.0013283947850476609,0.00016954842905985895,5.6476591143216984e-05
barla,Hindu,0.9614564480308341,0.9614564480308341,0.01455271089278552,0.0005431390532959149,0.023075429106900188,0.00016732366555686796,0.00020494925062730123
barman,Hindu,0.9849237882523478,0.9849237882523478,0.01079876991618394,0.0010369986829860238,0.0025313051893533414,0.000561501110997491,0.00014763684813123306
barobhuia,Hindu,0.9484608760883911,0.9484608760883911,0.03008277378942189,0.002380101744316203,0.016828483329559073,0.0012577835267990926,0.0009899815215124459
barobhuiya,Hindu,0.9542872085247559,0.9542872085247559,0.03270507073406923,0.002067897516473677,0.00952810580475308,0.0008876278499475833,0.000524089570000407
barsaati,Hindu,0.888084577619336,0.888084577619336,0.055357983878978334,0.003568646985050703,0.05272747554033058,0.00018886886937423595,7.244710693028412e-05
baru,Hindu,0.8543724969135233,0.8543724969135233,0.10476614736270515,0.0012980850280375628,0.03523471991855699,0.0005875613425914574,0.003740989434585296
barui,Hindu,0.8439609622373391,0.8439609622373391,0.11027144074085889,0.002434794486120158,0.04207480473992402,0.00015698883906141428,0.001101008956696556
basaave,Hindu,0.6544886185035466,0.6544886185035466,0.0025986888687289343,5.47611974455995e-05,0.3428061737086311,3.8055455694153616e-05,1.3702265953698868e-05
basamth,Hindu,0.9616941675380836,0.9616941675380836,0.016434902859001167,0.0006479593213647592,0.020676528869380897,2.4580897724316117e-05,0.0005218605144452524
basamthee,Hindu,0.88195118822112,0.88195118822112,0.050698366906395835,0.0018452379161601649,0.06518824480643494,1.2484031590437185e-05,0.0003044781182984585
basanta,Hindu,0.9984788858568376,0.9984788858568376,4.480367849904611e-05,0.0001787086111638949,0.0008970169848102886,0.00024200801176565946,0.00015857685692338951
basantha,Hindu,0.9816101302180553,0.9816101302180553,0.00011848566148947637,0.000144145824681154,0.01807842534117919,2.28255186364682e-05,2.5987435958533315e-05
basanthee,Hindu,0.9390986334742152,0.9390986334742152,0.0019236298163964893,0.0013836297676382392,0.057515017783844186,2.789184099053031e-05,5.1197316915472155e-05
basappa,Hindu,0.6854284215342447,0.6854284215342447,0.001222210631594229,6.0480708933576316e-05,0.21350177654818497,0.09978218795221919,4.92262482329494e-06
basara,Hindu,0.9528704826897135,0.9528704826897135,0.010711526746129728,0.00014786274298331676,0.036090666509628846,8.697952328174131e-05,9.248178826302287e-05
basavaraaja,Hindu,0.9324504917273482,0.9324504917273482,0.0031293723924389082,0.00010771673862610017,0.06377884667446031,0.0004886262838240426,4.494618330277301e-05
basavaraja,Hindu,0.9942905418982355,0.9942905418982355,0.0008694983458386416,2.0581713221108602e-05,0.004750840954403046,6.336255230784655e-05,5.174535994146916e-06
basavva,Hindu,0.9907209123211586,0.9907209123211586,0.0008656999109458176,4.0085023251119434e-05,0.008120507402733809,0.0002416332135206323,1.1162128390096463e-05
baseer,Hindu,0.48811443119833775,0.48811443119833775,0.2962609905690305,0.002993250150036659,0.21259295600178119,8.426832809921115e-06,2.9945248003950288e-05
basha,Muslim,0.5056687842557159,0.4867322495513713,0.5056687842557159,0.00048384232412064185,0.0068915434553314,7.922135767966997e-05,0.00014435905578109745
basheer,Muslim,0.9678171505030764,0.03035412879480539,0.9678171505030764,0.00015111535468593674,0.0016616549440206137,3.2719580690835454e-06,1.267844534266103e-05
bashir,Hindu,0.7117998381164734,0.7117998381164734,0.27198820476103774,0.0002618004641510483,0.01271307188684493,0.00011170664711380241,0.0031253781243790594
baskaran,Hindu,0.9533064682550575,0.9533064682550575,0.0009352090876386124,0.001899375091053684,0.043782131857660764,1.1038318153407116e-05,6.577739043586677e-05
basu,Hindu,0.9028076789318845,0.9028076789318845,0.03529371263967608,0.000201100368164285,0.06167069626776076,7.3895061922460704e-06,1.9422286322078597e-05
bathula,Hindu,0.9445700334694608,0.9445700334694608,0.010708285065911888,0.022019010125543033,0.013668598779791312,5.4127493566897366e-05,0.008979945065726132
batra,Hindu,0.9907604100205157,0.9907604100205157,0.003252273990835923,0.0016578173378932765,0.0035870111506670233,8.476775450265462e-05,0.0006577197455857728
battula,Hindu,0.7040273672057064,0.7040273672057064,0.02544458714639569,0.0021039061707896446,0.26604756717543593,0.0009811828457457052,0.0013953894559266713
bauri,Hindu,0.9931034601773229,0.9931034601773229,0.001056001773340308,0.004273039312084978,0.0015479267012808292,1.950764357675881e-06,1.762127161311818e-05
bavane,Hindu,0.9778229492012741,0.9778229492012741,0.0055973097896439734,6.045639380083779e-05,0.010464332244738665,0.003793805652152308,0.0022611467183901537
baviskar,Hindu,0.8871261197076561,0.8871261197076561,0.044986350379961904,0.0026812862972255313,0.06490413118336914,7.481486016199773e-05,0.00022729757162562157
bay,Hindu,0.9061057838387362,0.9061057838387362,0.0024098876994154326,0.0017678439109916743,0.08966511595003303,1.8731835510893236e-05,3.26367653127869e-05
bayen,Christian,0.5091563158365581,0.47657126523011295,0.012495937270645466,0.0016913254789035323,0.5091563158365581,1.262080992827328e-05,7.25353738516994e-05
beaath,Christian,0.8595486629045098,0.12366238048528583,0.011479855728852401,0.004835132919931487,0.8595486629045098,2.1928708814137878e-05,0.00045203925260647475
bebee,Muslim,0.8701597094383493,0.09968041860853828,0.8701597094383493,0.0023426510474226308,0.027673036107255865,5.372513716864392e-05,9.045966126514772e-05
bechan,Hindu,0.9668794275137864,0.9668794275137864,0.011936763763095576,0.0004888593491844574,0.020520646432509417,7.080668522698035e-05,0.0001034962561973204
bechn,Hindu,0.5220301084612927,0.5220301084612927,0.2501954389163054,0.00329840294409819,0.22413469095004787,0.00011503225224752473,0.00022632647600830761
bechoo,Hindu,0.8560027797341077,0.8560027797341077,0.0831389350760522,0.0018378940537159627,0.05889478935054322,1.0692892194853985e-05,0.0001149088933860825
bediya,Hindu,0.9521315925689254,0.9521315925689254,0.04187910240409333,0.00024792945135607364,0.005729280703095112,4.925160923207522e-06,7.1697116067687825e-06
bee,Muslim,0.9848276519839254,0.011357443715457296,0.9848276519839254,0.0008279155184562509,0.002976098445364701,9.416784595990548e-07,9.948658336641854e-06
beebee,Muslim,0.9691847994797161,0.02229288943065365,0.9691847994797161,0.0018142176703910687,0.006682263976047224,4.554605343864594e-06,2.127483784799033e-05
been,Muslim,0.8820261103820395,0.10044705879018495,0.8820261103820395,0.004698182416174106,0.012795933718499441,2.893994610775042e-06,2.9820698491374782e-05
beena,Hindu,0.7311960981906638,0.7311960981906638,0.2534094246969339,0.002108151975627141,0.013161649320137124,5.4483208382911985e-06,0.00011922749579976744
beenaa,Hindu,0.5534473036481651,0.5534473036481651,0.3212162201464779,0.00343692339637567,0.12166507497338644,1.3106741567731768e-05,0.00022137109402703352
beer,Muslim,0.9482397392201787,0.04799173696234205,0.9482397392201787,0.0023166718829370123,0.0014446042639167781,1.5902075812000344e-06,5.657463044046276e-06
beerabal,Muslim,0.6265690859287736,0.37019690623784274,0.6265690859287736,0.001390026651711147,0.0016646232971455727,5.558597229433636e-06,0.00017379928729768196
beerendr,Hindu,0.7787402237582668,0.7787402237582668,0.1910147924133051,0.007652836178605897,0.022279780153295892,0.0002335857667389011,7.878172978751898e-05
beevi,Muslim,0.7080796102685905,0.1916163816341092,0.7080796102685905,0.0054944403000206565,0.09457431097509943,3.843191538332616e-05,0.00019682490679693023
beg,Muslim,0.9508824575996845,0.04536777237802965,0.9508824575996845,0.0004952482582897291,0.0032244459431282914,9.235325587698716e-06,2.0840495280066637e-05
begam,Muslim,0.9972024526719301,0.0025589750270214426,0.9972024526719301,2.459142220869568e-05,0.0002068580583811616,5.895436243725852e-07,6.533276833993809e-06
begum,Muslim,0.9320433791363019,0.05757480435828587,0.9320433791363019,0.0024055456563409974,0.007856107928829218,9.796161269580996e-06,0.0001103667589722696
behara,Hindu,0.9582489415852792,0.9582489415852792,0.03449585799594046,0.0016324964483641997,0.005057325728105358,0.000356330133334583,0.00020904810897627384
behera,Hindu,0.9991571905336347,0.9991571905336347,0.0006614275354865455,1.653873903234326e-05,0.00015887858710583353,2.932058474238793e-06,3.0325462663790846e-06
belaa,Christian,0.5915660652151337,0.3693613820559765,0.03836170120398426,0.000578433199953164,0.5915660652151337,8.884609069686985e-05,4.3572234255481416e-05
benudhara,Hindu,0.9796468263732516,0.9796468263732516,0.001235187493931752,0.00046085159446501993,0.018514985970533644,3.851513985158128e-05,0.00010363342796633396
bepari,Hindu,0.8044657421618399,0.8044657421618399,0.08767929176680958,0.0016032716994724533,0.10600905733088643,0.00015737500078372976,8.526204020796162e-05
bera,Hindu,0.9824177697994538,0.9824177697994538,0.011005192076949158,7.957688808520378e-05,0.006143979648179459,0.00025874449610057256,9.47370912316709e-05
besra,Hindu,0.4607056793943492,0.4607056793943492,0.18692459490376276,0.0007917453830117173,0.3511648301072836,0.00011716621228603392,0.0002959839993067341
bewoa,Christian,0.5657862974055163,0.1961445114336621,0.23312964442365774,0.0044051290418811225,0.5657862974055163,6.624580334825994e-05,0.0004681718919344326
bezum,Muslim,0.7963369566354466,0.15672494820658167,0.7963369566354466,0.0024249893025972686,0.044198822731387026,3.1394314318895115e-05,0.00028288880966862877
bhaabhoor,Hindu,0.8496319525821531,0.8496319525821531,0.143414614390641,0.0010201373500473127,0.005855080873067357,1.694554956002372e-05,6.126925453110756e-05
bhaag,Hindu,0.7855936734847575,0.7855936734847575,0.13418269771747682,0.006613880192604137,0.0729736825114734,0.00023147946036586138,0.00040458663332239433
bhaagavath,Hindu,0.6812005026761372,0.6812005026761372,0.07160443239659443,0.004264496511347133,0.24035545627584956,0.0006852873709720581,0.0018898247690994395
bhaagavathee,Hindu,0.47566412806631475,0.47566412806631475,0.08159312320650021,0.004104049641412215,0.43781170470085257,0.0001676609823568805,0.0006593334025631713
bhaageerath,Hindu,0.8334399353669179,0.8334399353669179,0.08360390884594913,0.006216821859357702,0.07638176677776823,2.416300038966827e-05,0.00033340414961740693
bhaageerathee,Hindu,0.6523314990400039,0.6523314990400039,0.1250192995567718,0.007293210468408546,0.21516914042057728,1.1068597571954322e-05,0.00017578191666653957
bhaalekar,Hindu,0.846186313472921,0.846186313472921,0.02054469356083926,0.0005647980727391983,0.12486892599173806,0.00012537572857806105,0.007709893173184599
bhaaleraav,Hindu,0.902511447129488,0.902511447129488,0.01685780424906877,0.0002589590103401494,0.0801506456617402,0.00011975431806762239,0.0001013896312952557
bhaamare,Hindu,0.9532440657685171,0.9532440657685171,0.025022305109714142,0.0005040473996902964,0.020992087914053797,0.00018041542055763704,5.707838746709542e-05
bhaanamathee,Christian,0.8939445354146784,0.10376553755819211,0.0020669638913038504,0.00018015582278356295,0.8939445354146784,6.735507393255317e-06,3.6071805648733396e-05
bhaanu,Hindu,0.8459826537975926,0.8459826537975926,0.0921458406711464,0.0009566256601469483,0.060174594759984164,0.00017787283170195482,0.0005624122794279865
bhaanumathi,Hindu,0.8856814557311211,0.8856814557311211,0.0021472164043293217,0.00021279495490265606,0.11182247999251285,7.356993987745659e-06,0.0001286959231463773
bhaanusaalee,Muslim,0.4272944088580908,0.3365077738289632,0.4272944088580908,0.0009280689519157172,0.23507642563779776,3.220651699492653e-05,0.00016111620623757248
bhaarath,Hindu,0.9758030985299929,0.9758030985299929,0.0035500048808516887,0.001083717248213808,0.01905612461170876,4.185962633603956e-05,0.00046519510289684204
bhaarathee,Hindu,0.8771799358009686,0.8771799358009686,0.014921499260346931,0.002464943517870928,0.10514276631082603,2.1201481911114918e-05,0.0002696536280761136
bhaaskar,Hindu,0.7498305146299337,0.7498305146299337,0.006200238442289442,0.0016601538980503144,0.2422351042751365,1.3398616883952758e-05,6.0590137706016546e-05
bhaasthar,Hindu,0.6076242027458749,0.6076242027458749,0.04124052978226729,0.005442158020896476,0.34558681086201565,2.9087760485084788e-05,7.721082846069082e-05
bhaavanaa,Hindu,0.970100061977354,0.970100061977354,0.003679397531070391,0.00013364107072035583,0.025020342151306867,0.00089963580429228,0.00016692146525617476
bhaavasaar,Hindu,0.7535527630706981,0.7535527630706981,0.02331528876085429,0.0005342133590123433,0.2221677199565805,0.000251137468262663,0.00017887738459214475
bhadra,Hindu,0.9554109811192116,0.9554109811192116,0.031285081605128634,0.0007535201273499593,0.0024138822956724986,0.004917302902988206,0.005219231949649089
bhagabaana,Hindu,0.9820618328630232,0.9820618328630232,0.008362798129120403,0.0006464876931463447,0.008200008545958681,0.00019492201130654187,0.0005339507574448723
bhagabathee,Hindu,0.9481507185454693,0.9481507185454693,0.018728215181887633,0.004016111728350481,0.028828959976988987,2.5582201869627565e-05,0.00025041236543385666
bhagat,Hindu,0.984785809166967,0.984785809166967,0.003486716034951964,0.00885916388673659,0.0015582873631954073,0.0005815008921998502,0.000728522655949396
bhagath,Hindu,0.9712676662513304,0.9712676662513304,0.005363737893138835,0.015291253351622253,0.007170352956895667,0.00012325603969951332,0.0007837335073132551
bhagavaan,Hindu,0.8352646202037541,0.8352646202037541,0.05637771929562327,0.002593665151963987,0.09732078572449962,0.004642963880438337,0.0038002457437206
bhagavaanadaas,Hindu,0.5014453104538028,0.5014453104538028,0.009404163330853943,0.0006330951043630852,0.48619927981096583,0.0009953587710911538,0.0013227925289231706
bhagavaanasimh,Hindu,0.7687295861942791,0.7687295861942791,0.052332068377295614,0.0018184865784930861,0.1763486317893927,0.00041030276012287,0.0003609243004166973
bhagavaanee,Hindu,0.6217748627936782,0.6217748627936782,0.19703075052293342,0.0017153568327300172,0.1708026405185559,0.0018851812355778542,0.006791208096524747
bhagavath,Hindu,0.797328217734376,0.797328217734376,0.1366002543638789,0.009416505615431189,0.05264682650562222,0.0010895316728546092,0.0029186641078369083
bhagavathee,Hindu,0.6716526966915274,0.6716526966915274,0.1764759088327249,0.010113686505774261,0.14025131820491538,0.0003121805779164205,0.0011942091871416872
bhagavati,Hindu,0.910532900360684,0.910532900360684,0.06660525287295906,0.0028634521480914925,0.01665192792656808,0.0025983133418948806,0.000748153349802718
bhagawat,Hindu,0.9680176885599501,0.9680176885599501,0.012591181529965991,0.0017680299045858146,0.006837512773258069,0.0025044259946453893,0.008281161237594542
bhagchand,Hindu,0.9922803021114472,0.9922803021114472,0.004010213726242685,0.0009094505369971915,0.0011763641365070913,0.0012877475184580236,0.0003359219703478695
bhagirath,Hindu,0.9961616888717321,0.9961616888717321,0.00271426504829328,0.0005185197921154141,0.0004597949032687026,7.784326781498413e-06,0.0001379470578091271
bhagirathi,Hindu,0.9964370185625336,0.9964370185625336,0.002329598671351646,0.0004963188972510258,0.0005643934693508875,5.9106713733590575e-06,0.00016675972813936317
bhagvandeena,Hindu,0.9455724224847609,0.9455724224847609,0.04449361759120247,0.0032409146621586995,0.005423974717161625,0.0001764969070025409,0.0010925736377136546
bhagwan,Hindu,0.991956388617087,0.991956388617087,0.00024922900328960335,0.0010113177413914375,0.0001496981485053778,1.9359016169440548e-05,0.006614007473557277
bhagwanadas,Hindu,0.9972624400407832,0.9972624400407832,0.00017474561651497825,0.0003348871568101531,0.0011555029905597723,1.725806866481673e-05,0.001055166126667064
bhagwansingh,Hindu,0.6497656262631153,0.6497656262631153,7.259152615177602e-05,0.35014856022561286,1.2260987452470002e-05,4.150231961893621e-08,9.194953479692003e-07
bhagwat,Hindu,0.9962908477135016,0.9962908477135016,0.00027922870894970755,0.0006058239823536367,0.00012316481093123586,9.802498156811385e-06,0.002691132286106954
bhailal,Hindu,0.9901686074951733,0.9901686074951733,0.006789101808731297,0.00020505137316177344,0.0028299180073723196,3.386089520670593e-06,3.935226040817708e-06
bhairoo,Hindu,0.9882753813717188,0.9882753813717188,0.00926211446059043,0.000341529558315897,0.002106331140495603,4.034075037116275e-06,1.0609393842042009e-05
bhairu,Hindu,0.9914003827472914,0.9914003827472914,0.007737370655308371,0.00012200542574718148,0.0007271237688223416,3.3341577748071476e-06,9.783245056039291e-06
bhairulal,Hindu,0.9674922280625001,0.9674922280625001,0.029117138786491827,0.00047661775737865646,0.0028371406948218317,1.0675820351886413e-05,6.619887845570928e-05
bhaiyaalaal,Hindu,0.9213045519016869,0.9213045519016869,0.017729895707668634,0.0003064114754637373,0.06063954998043404,8.607507452164569e-06,1.0983427294289205e-05
bhaiyalal,Hindu,0.991694991867448,0.991694991867448,0.006550788831172154,0.0002086574357915398,0.0015401811364001735,2.7110741576818665e-06,2.669655030341187e-06
bhajan,Hindu,0.9410585432997163,0.9410585432997163,0.047289655643945896,0.005903223410993359,0.005632004346677198,8.32935081356489e-06,0.00010824394785382111
bhajantri,Hindu,0.96865740587388,0.96865740587388,0.012436155725658895,0.00881590262546439,0.009882225465231743,4.798977579022006e-05,0.00016032053397435338
bhakta,Hindu,0.9684594793822796,0.9684594793822796,0.028842453665694445,0.002024933309639754,0.0004782323951360974,5.8001513763162014e-05,0.0001368997334868484
bhalavi,Hindu,0.9568386769275941,0.9568386769275941,0.03258941727361299,0.0059786282301784914,0.004371268887391718,0.00016706258054309268,5.494610067967857e-05
bhalekar,Hindu,0.9763161476215569,0.9763161476215569,0.005037509575403498,0.000269454502541191,0.015240315766086624,4.638666203866426e-05,0.0030901858723729994
bhalerao,Hindu,0.9953163265996989,0.9953163265996989,0.000821766618777068,4.47883601200362e-05,0.0036149128316999447,2.628892082105946e-05,0.00017591666888280318
bhamare,Hindu,0.9918423909729985,0.9918423909729985,0.00740098109114785,9.686668943050646e-05,0.0006060262857001995,4.603939873332941e-05,7.695561989645709e-06
bhamdaare,Hindu,0.9505197285841228,0.9505197285841228,0.037618596150053266,0.0039377584220141705,0.007369730632328721,4.99257992109367e-05,0.0005042604122699883
bhamdaaree,Hindu,0.8467917393089002,0.8467917393089002,0.11392703737706088,0.011157033519346117,0.027553441934162898,3.554065240443132e-05,0.0005352072081254713
bhamvar,Hindu,0.9502788477336296,0.9502788477336296,0.020156480290027347,0.004527350744866966,0.024704385291245638,9.511791322166945e-05,0.0002378180270087892
bhamvaralaal,Hindu,0.8470280596130262,0.8470280596130262,0.019898265977566935,0.0026090383812834485,0.13015944364067616,9.211492418843332e-05,0.00021307746325875402
bhamvaree,Hindu,0.807577839835633,0.807577839835633,0.026039628559361493,0.005166550296150368,0.1610226956756019,6.243905807918429e-05,0.00013084657517400386
bhan,Hindu,0.9972336419595038,0.9972336419595038,0.0015215286089832942,2.4747656907966475e-05,1.035494885062369e-05,0.0011041931206513186,0.00010553370510303895
bhandare,Hindu,0.9584709977344236,0.9584709977344236,0.010103176903306239,0.00010652955299280984,0.0003580737803332323,0.03090727825981486,5.3943769129236965e-05
bhandari,Jain,0.7868854392567778,0.20060367710088312,0.01221062659946021,3.857446704015574e-05,0.00023248573809275333,0.7868854392567778,2.919683774599358e-05
bhanu,Hindu,0.9840182196499908,0.9840182196499908,0.014194896554018689,0.00011692935639522229,0.0006132677454485085,0.0004748647112550036,0.0005818219828918536
bhanvarsingh,Hindu,0.810308646822717,0.810308646822717,0.0022930215376262245,0.1865922600294347,0.0008039144792527824,1.4855780946115901e-06,6.715528748908117e-07
bhar,Hindu,0.9994156773002978,0.9994156773002978,0.0003513917449246272,0.00012080140670101634,9.157077649144498e-07,0.0001086687090799999,2.5451312316530343e-06
bharadwaj,Hindu,0.9769282537973397,0.9769282537973397,0.016072591261204753,0.0014209588631095185,0.004935021094076327,0.00026912774483815234,0.00037404723943161897
bharat,Hindu,0.9923034026036829,0.9923034026036829,0.0011678429959065615,0.0002185543537549209,0.00013544694557950652,0.005716801998685568,0.0004579511023904534
bharath,Hindu,0.9976883824004766,0.9976883824004766,0.0006630044157969084,0.0004676441698602984,0.000495071699338446,0.0003027616010837737,0.0003831357134440781
bharathi,Hindu,0.9968726711478767,0.9968726711478767,0.0010356846417660327,0.000578209217366931,0.0009230394372815517,0.00011498441761259306,0.0004754111380959793
bharati,Hindu,0.9869425710935238,0.9869425710935238,0.008008309276247131,0.0004868465254527032,0.0012980383752485619,0.003123620478609362,0.00014061425091826927
bharatlal,Hindu,0.9561365965459256,0.9561365965459256,0.014070707277552115,0.0012352429228619378,0.025444494098012083,0.0028670124513075677,0.00024594670434094134
bharatsingh,Hindu,0.5484166325581044,0.5484166325581044,0.008369014600461027,0.4426344654629786,0.0005626516821647574,1.5207756276572945e-05,2.027940014809984e-06
bharavaad,Hindu,0.9813401276674222,0.9813401276674222,0.003731442076626328,0.0003757560101721043,0.007868187145735563,0.006467131948727166,0.0002173551513164226
bhardwaj,Hindu,0.9601162406499724,0.9601162406499724,0.02993080418729042,0.006275594297689304,0.003272808918266373,7.19395794469061e-05,0.0003326123673345036
bhargav,Hindu,0.9775946400512489,0.9775946400512489,0.013326115860144448,0.006623536316841896,0.0021276955715738327,0.00015019174218810108,0.00017782045800273283
bharose,Christian,0.6183141984816026,0.3589755405332569,0.010689166104808922,0.011933863252693357,0.6183141984816026,6.377821953602898e-05,2.345340810207552e-05
bharosi,Hindu,0.8905977939149745,0.8905977939149745,0.025218526521434873,0.020189590636337826,0.0638457225067843,0.00012255850823106453,2.5807912237294407e-05
bharti,Hindu,0.9975526498805005,0.9975526498805005,0.0003766209079787218,0.0005923097259104495,0.001446987576609589,2.7223256641107732e-05,4.208652359771285e-06
bhaskar,Christian,0.8245065357367001,0.16785770038287523,0.0006919461137691696,0.006921308763456766,0.8245065357367001,5.1982210382790575e-06,1.731078216028973e-05
bhaskaran,Hindu,0.49832902613094543,0.49832902613094543,0.0011272274521327713,0.07298367531573514,0.42741186251080965,2.6695991613532444e-05,0.00012151259876359506
bhat,Hindu,0.9979907182971728,0.9979907182971728,0.0019673290690736087,2.434220762014344e-05,3.12417310567466e-06,6.3202342717457214e-06,8.16601875601816e-06
bhatheree,Hindu,0.9010971699493969,0.9010971699493969,0.0791187289751889,0.0013035594460034084,0.018435689095719562,6.334985803167877e-06,3.8517547887926716e-05
bhatia,Hindu,0.9891174490361271,0.9891174490361271,0.009603067530476454,7.868082885933464e-05,0.0011842922143550894,1.3488571340287806e-05,3.02181884194924e-06
bhatnagar,Hindu,0.9977502296849127,0.9977502296849127,0.0006690539769460521,0.0002184992802034794,0.0012158875729706873,0.00011486590237839349,3.14635825886793e-05
bhatt,Hindu,0.9887746240232029,0.9887746240232029,0.009726412179166356,0.0008656257629176266,0.0002721225249265745,0.0002829048953562631,7.831061443000442e-05
bhattacharya,Hindu,0.9931248999252957,0.9931248999252957,0.001874918529784409,0.0019257113051839225,0.0030196955805253177,1.5465210322891412e-05,3.9309448887835186e-05
bhattacharyya,Hindu,0.9847839664129454,0.9847839664129454,0.0008897459730461681,0.0012312645649064345,0.013068531373947125,7.471932005770643e-06,1.9019743149155974e-05
bhatti,Hindu,0.9771061528957312,0.9771061528957312,0.020233368222785722,0.0011950794228059738,0.0010761239826864095,0.0003612230526359331,2.8052423354902972e-05
bhaumik,Hindu,0.8921368276557343,0.8921368276557343,0.10399162861092745,0.0027239934383659083,0.0007927616775350654,1.4418307487171053e-05,0.00034037030995002923
bhava,Hindu,0.9949863122051182,0.9949863122051182,0.0006675199763073715,4.763845151117858e-05,0.0004297379137040162,0.003824463138361035,4.432831499830466e-05
bhavaanee,Hindu,0.7845433093703482,0.7845433093703482,0.061173629061016976,0.0004761110767032836,0.15146462036319458,0.0010740589117495774,0.001268271216987357
bhavan,Hindu,0.9950703153968521,0.9950703153968521,0.00022671104509875125,3.490303615272174e-05,0.00020130112984102154,0.00439564496631934,7.112442573593145e-05
bhavani,Hindu,0.9896879268276305,0.9896879268276305,0.001373988859866407,0.00011117741574768164,0.001133104826807003,0.007631494321400982,6.230774854745937e-05
bhavar,Hindu,0.9910434661634154,0.9910434661634154,0.002693541200444351,0.00012677309353909888,0.0030414053611374295,0.0030453270355297207,4.94871459339533e-05
bhavarlaal,Hindu,0.8977420441528419,0.8977420441528419,0.015509131616546412,0.0005456462640602778,0.08560599976747572,0.0005025856816751151,9.459251740073842e-05
bhavarlal,Hindu,0.9732842610653123,0.9732842610653123,0.010947818973590366,0.00045001273766211625,0.014923556347387271,0.0003426965157909669,5.1654360256899565e-05
bhavasar,Hindu,0.9845452243640797,0.9845452243640797,0.006103496171350402,0.00021075578275182264,0.008857869308085664,0.00021516552540893472,6.748884832369764e-05
bhavesh,Hindu,0.9889272411030628,0.9889272411030628,0.0008554102144298108,6.76283357478532e-05,0.00964821484955032,0.00046812556087467115,3.337993633432944e-05
bhavna,Hindu,0.9860031010092202,0.9860031010092202,0.00954837344783659,0.00050421593570881,0.0036667987235769117,0.00021122228378509894,6.628859987248315e-05
bheel,Hindu,0.9212157490472008,0.9212157490472008,0.06003774733026886,0.00024481925373209167,0.018493813664327927,1.9305639752322086e-06,5.940140494978392e-06
bheem,Hindu,0.5789894228090662,0.5789894228090662,0.4178148966168473,0.0007179950492180082,0.002425652203824043,9.475094066548179e-06,4.255822697798235e-05
bheemasena,Hindu,0.935242504752098,0.935242504752098,0.03318727990336283,0.00040461123454876944,0.031152626620658062,4.001690830806376e-06,8.97579850128637e-06
bhera,Hindu,0.9928574959112825,0.9928574959112825,0.006605042685237943,4.8144871138621734e-05,0.0004250603570940814,2.4460547067286555e-05,3.979562817941717e-05
bherulal,Hindu,0.970590460892754,0.970590460892754,0.02649068397695318,0.00032026286154176613,0.0021823832454273264,2.279817150189232e-05,0.00039341085182164465
bheyalal,Hindu,0.8670241312827273,0.8670241312827273,0.08964693869980163,0.0029815586894999285,0.04030206549740238,2.3169931587501437e-05,2.213589898119574e-05
bhikha,Hindu,0.9066756547176925,0.9066756547176925,0.09271438713248942,0.0004512138286720367,3.6890564848040385e-05,5.182513887445417e-06,0.00011667124241061832
bhikhaaree,Hindu,0.8895688857201329,0.8895688857201329,0.1042066642545891,0.0015459336592815805,0.004559727674953242,1.2017774622109102e-05,0.00010677091642108384
bhikhi,Hindu,0.8565346278788573,0.8565346278788573,0.14120701481131415,0.0014645747350769483,0.0005665708244159847,1.1036547068649622e-05,0.0002161752032670542
bhikhu,Hindu,0.9285536234271979,0.9285536234271979,0.06971051900522597,0.001112149673563773,0.00013402997876821467,6.716543980031632e-06,0.00048296137126408264
bhil,Hindu,0.9602867258405271,0.9602867258405271,0.015724148865903294,0.00032321564244013046,0.02347325822580848,1.2407913280708974e-05,0.00018024351204029703
bhima,Hindu,0.9933894046529509,0.9933894046529509,0.004803353340199424,0.00015379389929052103,0.0013347113643886062,0.00014431468930441478,0.00017442205386609502
bhimappa,Hindu,0.6664001731720917,0.6664001731720917,0.0001478963744778545,1.4171286930207218e-05,0.00010665567843651282,0.3333299384537253,1.1650343384983943e-06
bhise,Hindu,0.6785430308335443,0.6785430308335443,0.028786484946263166,0.0009592307979194595,0.2915615347837595,8.448181203762486e-06,0.00014127045730984747
bhoi,Hindu,0.9901637128541415,0.9901637128541415,0.007971245614491177,0.00037501066022472857,0.0014627460797842827,3.7343531233642204e-06,2.3550438234877813e-05
bhoir,Hindu,0.9880182352038671,0.9880182352038671,0.010316624491469755,0.00027799979218690697,0.0013405510856657613,4.049697910790361e-06,4.253972889996478e-05
bhola,Hindu,0.856565500143773,0.856565500143773,0.14265680899829059,9.054165025822452e-05,0.0006323382748805137,9.509584966599904e-06,4.530134783101713e-05
bholaram,Hindu,0.9884005505524114,0.9884005505524114,0.009733544981676931,0.00014680653822608095,0.0012612428340146534,3.031384182227532e-05,0.0004275412518488066
bhole,Hindu,0.943238657482182,0.943238657482182,0.05118507587291066,8.152963207525319e-05,0.0054387346118620235,6.142527806917102e-06,4.985987316294589e-05
bhooee,Hindu,0.8595668187300752,0.8595668187300752,0.11455005814339515,0.002366313479193791,0.02340951983617598,6.508810435332981e-06,0.00010078100072436609
bhooeer,Hindu,0.8867690953588881,0.8867690953588881,0.10180353822478203,0.0019520134903830875,0.009429501695485993,4.352426116077848e-06,4.149880434475066e-05
bhoolaa,Hindu,0.8145301011870703,0.8145301011870703,0.14599149560511332,0.00047848924976619136,0.038913471070127555,1.8075818507920884e-05,6.836706941478117e-05
bhoole,Hindu,0.9222322585060556,0.9222322585060556,0.06850560819658735,0.00016196700597384019,0.009058112202323733,5.428837317618912e-06,3.662525174188389e-05
bhoolee,Hindu,0.648626977806373,0.648626977806373,0.33694949301878363,0.0003035631193556609,0.014080008996499289,2.9651212412303016e-06,3.699193774727782e-05
bhoop,Hindu,0.9848587634568494,0.9848587634568494,0.01109409891278889,0.0017374206336163661,0.0022499995869318824,1.4136884479301931e-05,4.5580525333884135e-05
bhoopendr,Hindu,0.9477261652666175,0.9477261652666175,0.012900046853503305,0.005318625748761103,0.03378218910965936,0.00011919423426185461,0.00015377878719688442
bhoor,Hindu,0.9119115315645054,0.9119115315645054,0.08196817126510518,0.0013218724384949133,0.004746869857597611,8.601530568462687e-06,4.295334372838535e-05
bhooraa,Hindu,0.8648688148370699,0.8648688148370699,0.06100142606350885,0.0016162206994043118,0.07234937438358038,3.5451494770116306e-05,0.00012871252166644212
bhooraram,Hindu,0.9960865303922108,0.9960865303922108,0.0017154929694124061,0.00019981331512816005,0.0017552861184590746,3.908397473881634e-05,0.00020379323005065018
bhoore,Hindu,0.8926554485782678,0.8926554485782678,0.08696081238258191,0.0009838114287414818,0.019341671722169926,1.5756221789965093e-05,4.249966644860818e-05
bhooree,Hindu,0.7832298430635358,0.7832298430635358,0.1822442259782922,0.002035394489539657,0.03243901735022691,9.496049004289521e-06,4.202306940105739e-05
bhooreebaaee,Muslim,0.43476893535051087,0.36760941104324046,0.43476893535051087,0.005120152422425869,0.1923719695287526,2.0538326597774055e-05,0.00010899332847233037
bhoosale,Christian,0.5296051455714403,0.3577792909803984,0.09703434022437546,0.015446120323971104,0.5296051455714403,4.878611559076452e-05,8.631678422397348e-05
bhooshan,Hindu,0.7677565378884322,0.7677565378884322,0.06204266243713007,0.010021887512604322,0.15977912908696976,0.00016424295532845961,0.0002355401195350584
bhooyar,Hindu,0.951035209123769,0.951035209123769,0.02872550358353189,0.0149850570558139,0.005134760788843292,2.9886502893274378e-05,8.95829451483083e-05
bhooye,Hindu,0.9074931117349951,0.9074931117349951,0.034423439632482164,0.006645376311162701,0.05127968994435694,1.7808111161895457e-05,0.00014057426584112827
bhor,Hindu,0.9972961551563342,0.9972961551563342,0.0016263731723649975,2.081559056005398e-05,0.0010414961240566279,1.9861218849203586e-06,1.3173834799134366e-05
bhosale,Hindu,0.7237610546232806,0.7237610546232806,0.06904758774391462,0.0018343959217452881,0.20522426789526746,4.8498019128394265e-05,8.41957966638088e-05
bhoyar,Hindu,0.9144276443750861,0.9144276443750861,0.057895715193140365,0.010760399138734476,0.01663186205175243,7.835943502146597e-05,0.0002060198062652036
bhoye,Hindu,0.9122899356339967,0.9122899356339967,0.022954380392879687,0.003269566993440378,0.06124698029110954,3.3980219941340825e-05,0.0002051564686323783
bhue,Hindu,0.9692091039887499,0.9692091039887499,0.0247806756185172,0.0004831763433968383,0.004969197068902095,1.6022259717774512e-05,0.0005418247207161258
bhuiya,Hindu,0.9653811333363317,0.9653811333363317,0.029283349949607282,0.0012809533405422468,0.003902572289469909,1.1615591410757745e-05,0.0001403754926379789
bhuiyan,Hindu,0.9834555696919854,0.9834555696919854,0.009589736846567255,0.00065496543271648,0.006192128484904769,1.421038400749838e-05,9.338915981847701e-05
bhujabal,Hindu,0.536129818127544,0.536129818127544,0.4571783710456582,0.0023530870237168404,0.0010511208087037572,6.380974363304537e-05,0.0032237932507442153
bhumij,Hindu,0.6665199188048114,0.6665199188048114,0.3105523875783586,0.004953698857509704,0.012954780102770387,3.5923370551818675e-05,0.004983291285998015
bhumisoothaa,Hindu,0.7481780285557573,0.7481780285557573,0.08161602713421667,0.0241820376598921,0.14422296495648,1.8458001352679275e-05,0.0017824836923011208
bhunaa,Hindu,0.9270978620769031,0.9270978620769031,0.05431306205703276,0.0007563879684550657,0.016772181924777193,9.137066457632376e-05,0.0009691353082556239
bhunesvar,Hindu,0.9818928080673074,0.9818928080673074,0.004446542628640219,0.0001150718814361273,0.013308832095523162,8.02345954091065e-05,0.00015651073168387912
bhupat,Hindu,0.9989892293421555,0.9989892293421555,0.0002889860926784979,0.00013853508130549742,8.133184980672777e-05,0.0003831604858986659,0.00011875714815512624
bhupendra,Hindu,0.9869622358502799,0.9869622358502799,0.002447212978247223,0.0010544742473068951,0.009034538837841609,0.0003156531690919932,0.00018588491723259506
bhupiadar,Hindu,0.9948708754930043,0.9948708754930043,0.001574981204682935,0.0002613422179371705,0.003203467151732145,5.005134220326397e-05,3.928259043987689e-05
bhura,Hindu,0.9997262335329321,0.9997262335329321,0.00013501758501079642,6.345500921970435e-06,2.0758814911299406e-06,4.151815058607433e-06,0.00012617568458536107
bhushan,Hindu,0.9224002611862148,0.9224002611862148,0.029442946011378177,0.01498027295884506,0.030791721941111357,7.009003569562827e-05,0.002314707866755337
bhutia,Hindu,0.9934903553246861,0.9934903553246861,0.003994025981243771,0.00021377192980377173,0.002269486663376801,8.092360883547109e-06,2.4267740005762644e-05
bhuya,Hindu,0.9982262113608101,0.9982262113608101,0.0010203138949625766,0.0001686464581648406,0.000564008981813125,2.4033705863177004e-06,1.8415933662964937e-05
bibhuthi,Hindu,0.9670408696138693,0.9670408696138693,0.029415126033040022,0.0016831579450635285,0.0018127872352419099,1.883744947055413e-06,4.617542783841125e-05
bibi,Muslim,0.9983309210001096,0.0016590857238390243,0.9983309210001096,6.838286527634146e-06,3.1042165407574513e-06,1.0041739876097742e-08,4.073124313103981e-08
bidu,Hindu,0.803421545609859,0.803421545609859,0.18757510658945256,0.0026840140929280036,0.006249187039777299,3.105712933790767e-05,3.9089538645267364e-05
bihaaree,Hindu,0.6987773922271097,0.6987773922271097,0.15503789845020444,0.0017782030333408328,0.1443674932961382,1.266065400684169e-05,2.635233920011716e-05
bihari,Hindu,0.9835088534361743,0.9835088534361743,0.015819381870779536,7.144166702066392e-05,0.0005980279149561347,8.250486281566505e-07,1.4700624411683623e-06
biharilal,Hindu,0.9811373995644849,0.9811373995644849,0.014777141470376334,0.00023702225908075176,0.0038394190548792094,3.6321119304649307e-06,5.385539248375465e-06
bijalee,Muslim,0.6125838591283861,0.3649248503464347,0.6125838591283861,0.0003374807613442636,0.022127563538726667,3.914642291523021e-06,2.2331582816762208e-05
bijay,Hindu,0.9867635895806496,0.9867635895806496,0.009276287474818323,5.835647354859183e-05,0.003896050326847219,1.8625376607841954e-06,3.853606475207172e-06
bijendr,Hindu,0.9808107890349035,0.9808107890349035,0.016481802944659656,0.0004997300250385054,0.002101283691873827,6.8403632013602e-05,3.7990671511105294e-05
bijendra,Hindu,0.9900026523015585,0.9900026523015585,0.007321984954432204,0.000313571779293959,0.0021234948787999066,0.0001767959989891006,6.150008692655103e-05
biju,Hindu,0.7133568014761072,0.7133568014761072,0.28429136549300776,0.000170048072342839,0.0021457238947475954,9.187148525074626e-06,2.6873915269380375e-05
bikaasa,Hindu,0.6545754348347471,0.6545754348347471,0.15546430611703896,0.0016672910736273284,0.18815301223270653,2.41104135999826e-05,0.00011584532828020585
bikrama,Hindu,0.898951923308866,0.898951923308866,0.09389109243628835,0.0015155636587064639,0.0034695306346335004,0.0008686189801357913,0.0013032709813700213
bilaasinee,Christian,0.46854545421787247,0.41091178420552876,0.11646642715136837,0.004066607293475301,0.46854545421787247,3.2620557703470425e-06,6.465075984873997e-06
bimal,Hindu,0.7333651436455525,0.7333651436455525,0.14745285266120298,0.0015235287964941618,0.11757524224317113,6.249266153905468e-05,2.0739992040259015e-05
bimalaa,Hindu,0.4837102709528421,0.4837102709528421,0.03231583381018431,0.0009713681701295297,0.48288654867990144,3.101149903027702e-05,8.49668879124064e-05
binaa,Hindu,0.8494412718494413,0.8494412718494413,0.04630363224777536,0.0026892939102257487,0.1014891080282689,5.095686331849986e-05,2.573710096993547e-05
bind,Hindu,0.99603593187087,0.99603593187087,0.00047625406484070367,0.0031722991349398097,0.00029267717592190457,2.1372848906304313e-05,1.4649045216248229e-06
bindaa,Hindu,0.9712032637055087,0.9712032637055087,0.0011213601946443706,0.0017565649172832023,0.02587584779708425,2.7522883270027867e-05,1.5440502209253053e-05
bindhani,Hindu,0.9845956429798584,0.9845956429798584,0.0029048081224246074,0.005461444070280686,0.006879163369487968,0.0001229037611753766,3.603769677298192e-05
bindhu,Hindu,0.9674068793545655,0.9674068793545655,0.013073410103373618,0.015630668360339856,0.00376563828518407,4.538739069542507e-05,7.801650584137473e-05
bindoo,Hindu,0.9559101887195245,0.9559101887195245,0.015741987993961256,0.019991910809021123,0.008262562289760845,4.566608315165209e-05,4.7684104580733945e-05
bindu,Hindu,0.9915805284677448,0.9915805284677448,0.003319849313505648,0.004334009545782867,0.0006481741150721614,0.00010247978385206388,1.4958774042552218e-05
binood,Hindu,0.5854242737447186,0.5854242737447186,0.3726040003320486,0.014637405927472267,0.026989192058407534,6.173794068226473e-05,0.0002833899966707686
binoodini,Hindu,0.5027306046465005,0.5027306046465005,0.4616551565847777,0.004467607967039743,0.031004861299561398,9.651213163421323e-05,4.5257370486431915e-05
binu,Hindu,0.7044080574440801,0.7044080574440801,0.26627477729096394,0.0018497613024220656,0.027455708304413438,4.520952309213882e-06,7.1747058113372564e-06
bipina,Hindu,0.9805711064382451,0.9805711064382451,0.009810751086783077,0.0006670141001138126,0.008933041994300736,1.1185319164688045e-05,6.901061392569326e-06
biraadaar,Hindu,0.9594424489683042,0.9594424489683042,0.0037671490256181,0.0001699406359486599,0.03643825147493843,1.9582678279063568e-05,0.00016262721691151524
biraajadaar,Hindu,0.8961379100219373,0.8961379100219373,0.00973525454198999,0.0007139795167693285,0.09241407217524601,5.390283577372071e-05,0.0009448809082837907
biradara,Hindu,0.9993688689637005,0.9993688689637005,0.00035158929851258783,9.087406020302919e-06,0.0002304505062987792,7.958437276954859e-06,3.204538819103937e-05
birajdar,Hindu,0.9889051591889918,0.9889051591889918,0.00992115309954378,8.981097133778855e-05,0.001022052452805539,1.5862025728881602e-05,4.5962261591952945e-05
birbal,Hindu,0.9703111056248909,0.9703111056248909,0.02849637100293218,0.0004144101021510415,0.0007480975143668618,3.819550117672427e-06,2.6196205541194292e-05
birendr,Hindu,0.9953239154820077,0.9953239154820077,0.0034342804774695735,5.9507449788981584e-05,0.0011475409530718906,2.1944491442562076e-05,1.2811146218987838e-05
bisbanaatha,Hindu,0.9366848382728487,0.9366848382728487,0.010399031065900226,0.0008526913166535681,0.0519048919294722,6.5902132213913746e-06,0.0001519572019039384
bisen,Hindu,0.7337850267392548,0.7337850267392548,0.01898341565345227,0.0010118904478184868,0.24621713432621847,4.7454612837037533e-07,2.058287127566715e-06
bishi,Hindu,0.9370937543139769,0.9370937543139769,0.05955901994642947,0.0004712114113830087,0.002863153165115403,1.2225950159664847e-06,1.1638568079153313e-05
bishnu,Hindu,0.9424595176767921,0.9424595176767921,0.048544576969098086,0.0012455807810653693,0.007734838439658797,3.7234033521907574e-06,1.1762730033619756e-05
bisht,Hindu,0.8174993459909224,0.8174993459909224,0.13539667057016924,0.008050547985401443,0.03897027687557492,3.858291987233788e-05,4.4575658059564684e-05
bishwas,Hindu,0.9937164637963771,0.9937164637963771,0.0019167386105930354,0.00019294375858042975,0.004063135678021232,3.4139384802126995e-07,0.00011037676258012376
bishwis,Hindu,0.8986027583938456,0.8986027583938456,0.05020511302982451,0.008159204928065315,0.04296356696897753,2.1930783714608285e-06,6.716360091548005e-05
bisvanaatha,Hindu,0.9347437609774085,0.9347437609774085,0.0016815715163157898,0.0003260793866247069,0.06311611238674225,1.467402549654597e-05,0.00011780170741225992
biswal,Hindu,0.9990806616250125,0.9990806616250125,0.00041594550256886416,3.289226153647331e-05,0.0004701190743756186,8.868662460536258e-09,3.726678441393274e-07
biswas,Hindu,0.9920782594875123,0.9920782594875123,0.0014057144988311628,0.00013533585459822505,0.0063769207292187985,5.85541426530759e-08,3.7108756967644627e-06
bobade,Hindu,0.9000959192682652,0.9000959192682652,0.06600206842304635,0.0011813346133222574,0.02236737883626007,9.461446999471844e-05,0.010258684389111677
bodara,Hindu,0.9983419113376244,0.9983419113376244,0.0006342910189777573,5.804696825862814e-05,0.0007927908814069042,8.608610922695718e-05,8.687368450557083e-05
boddu,Hindu,0.8477461615662326,0.8477461615662326,0.1273012685743657,0.0015567149712975166,0.02232713335953065,0.0003183530541491398,0.0007503684744243151
bodke,Hindu,0.9707779060539881,0.9707779060539881,0.019088332306418616,0.0009128155526194505,0.00618398755461135,4.073563328440149e-05,0.0029962228990781507
boobade,Muslim,0.7442847595513769,0.2300579066675274,0.7442847595513769,0.009116360065143552,0.013880182269743298,6.0718566617698443e-05,0.0026000728795911687
boodake,Hindu,0.5299211837269782,0.5299211837269782,0.25646364711806763,0.0129747114007039,0.19973937499306466,0.00014240907776491964,0.0007586736834208872
boondaabana,Hindu,0.9091652323009887,0.9091652323009887,0.055610202362608885,0.0008437096058158584,0.033975902695118396,5.960676329775033e-05,0.0003453462721702922
boopathi,Hindu,0.8914384256509255,0.8914384256509255,0.06383891260041934,0.023187373930998467,0.020455938543678952,6.291299074706212e-05,0.001016436283230803
booraade,Hindu,0.5165296216590883,0.5165296216590883,0.10309521485956406,0.005645952968842077,0.37260010215955064,6.821868927590548e-05,0.0020608896636789644
boorakar,Hindu,0.7042904211268317,0.7042904211268317,0.22750372613488876,0.0113810480872445,0.055871002224873234,0.00018892897592315188,0.0007648734502386598
boorase,Christian,0.6778003295357706,0.23567544930265663,0.08333157077159549,0.003151474861488305,0.6778003295357706,6.620415645748055e-06,3.455511284312474e-05
bora,Hindu,0.9815838979356145,0.9815838979356145,0.00859432523633813,0.00016376775253251042,0.009466415753850512,2.2717137836927987e-05,0.00016887618382739288
borade,Hindu,0.9545573010922501,0.9545573010922501,0.008308754885913379,0.00040845953197278967,0.03424791403080953,4.7503886819709134e-05,0.0024300665722343396
borkar,Hindu,0.8088141455868805,0.8088141455868805,0.02713720100552223,0.0028769471603025585,0.017375885420962866,5.4672679161607325e-05,0.1437411481471701
boro,Hindu,0.8138459776559915,0.8138459776559915,0.041455355056568055,0.001973187168116625,0.14230386338694204,4.03286226903376e-05,0.00038128810969147343
borse,Hindu,0.6135209781947054,0.6135209781947054,0.06155701911779224,0.004217173314876212,0.3206122899136202,8.644712381285583e-06,8.389474662474268e-05
bos,Christian,0.9535556827197567,0.02713504583650713,0.01569208606950716,0.003591698834208086,0.9535556827197567,4.328130375890317e-06,2.1158409645054677e-05
bosak,Christian,0.40357025992838685,0.3619356414863343,0.17848856043061906,0.05580608488114218,0.40357025992838685,3.8511783867318824e-05,0.00016094148965042392
bose,Christian,0.9990349004721477,0.0006904556611288858,0.00015626182284588205,0.00011813735485048992,0.9990349004721477,4.3625388837986384e-08,2.0106363831998064e-07
bosumatabi,Hindu,0.8759044165566853,0.8759044165566853,0.07075131979244334,0.0005610671419800738,0.05274127932942764,9.205838636509952e-06,3.271134082729956e-05
bosumatari,Hindu,0.9139713112435754,0.9139713112435754,0.013981779353460648,0.0003839475228232743,0.07160988293690747,1.7110250604078173e-05,3.596869262879995e-05
boya,Hindu,0.6399290031184827,0.6399290031184827,0.24031856952634148,0.07015957114187302,0.04921973471447389,0.00011149409701693493,0.0002616274018120516
brahamadev,Hindu,0.634104002121044,0.634104002121044,0.19774073874178485,0.03729021709526676,0.12885685600316782,2.2521528207049568e-05,0.0019856645105295182
braj,Hindu,0.9092865579582562,0.9092865579582562,0.010589687455797426,0.000709093260080202,0.07890572520611007,5.129801510101004e-05,0.00045763810465497627
brajes,Christian,0.5785092019451984,0.3481152326202797,0.07278835759588677,0.00037585021328000835,0.5785092019451984,1.7849071723632223e-05,0.00019350855363153857
brajlal,Hindu,0.8655452989759915,0.8655452989759915,0.07907659084365906,0.0023730714303829338,0.05276426512148433,0.00010228454280865067,0.00013848908567343365
brij,Hindu,0.9765304595359443,0.9765304595359443,0.01822928692730804,7.83152712083975e-05,0.005146199532949652,1.6208917232692743e-06,1.411784086634428e-05
brijalaal,Hindu,0.7654670000519797,0.7654670000519797,0.09549350965435979,0.0006076524184925038,0.1383933306089537,7.995046937347293e-06,3.0512219277016377e-05
brijamoohan,Hindu,0.9732042924193101,0.9732042924193101,0.012141245124925124,0.0015912619823491723,0.013006178913844686,2.570910591023413e-06,5.4450648979799034e-05
brijes,Hindu,0.8567693852871199,0.8567693852871199,0.04601340900282322,0.0003678707282693538,0.09680523361680464,8.436887205060612e-06,3.566447777782258e-05
brijesh,Hindu,0.9120255217677825,0.9120255217677825,0.03296146433436452,0.0002765074189182086,0.054643407938103676,2.3063766559063695e-05,7.003477427190958e-05
brijlal,Hindu,0.9327083902272302,0.9327083902272302,0.05391707372491923,0.0005906962924549683,0.012741166556557432,1.779276248805708e-05,2.4880436350152312e-05
brijmohan,Hindu,0.9280148438801452,0.9280148438801452,0.0175876941696517,0.0010159469222914266,0.053292911138101515,2.01708902779327e-05,6.843299953224843e-05
buddha,Hindu,0.6056825844388921,0.6056825844388921,0.3910802441522848,0.0004661726637272572,0.002653970078909034,3.971937653764543e-05,7.730928964907822e-05
buddhoo,Muslim,0.561878407490198,0.43123370372063374,0.561878407490198,0.0008677838460954343,0.005915421335303372,1.4479737094254375e-05,9.020387067521437e-05
budhai,Hindu,0.9565663809750817,0.9565663809750817,0.0370628214601538,0.0006531673738776736,0.005666799255222454,5.8892918630975624e-06,4.494164380126927e-05
budhan,Hindu,0.9859505329318288,0.9859505329318288,0.010512230780052817,0.0007998060217132892,0.002414295670501061,5.402218825985877e-05,0.0002691124076441288
budhanee,Hindu,0.5795132532478238,0.5795132532478238,0.3745243755200106,0.0014531244945817795,0.04310038623217546,5.692087060130905e-05,0.0013519396348072748
budhiyaa,Muslim,0.522872834994306,0.4046178984682246,0.522872834994306,0.001986812022840555,0.07042527951098769,2.7459928256935316e-05,6.971507538422954e-05
budhram,Hindu,0.9744839640633399,0.9744839640633399,0.019383898754870572,0.0027249427370366107,0.001058581624461614,1.37126094883151e-05,0.002334900210803107
butaa,Hindu,0.7830566979243225,0.7830566979243225,0.10618313687792048,0.00425964810597282,0.10617375694038782,0.00015631568080586662,0.00017044447059061092
chaaadanee,Christian,0.8213916067589018,0.16968140289942626,0.007405613732587151,0.00029074910522080194,0.8213916067589018,3.184632467554881e-05,0.0011987811791884365
chaamd,Hindu,0.7152416932121466,0.7152416932121466,0.18766163050237564,0.010073225977560782,0.0853152033982484,3.853478014140848e-05,0.0016697121295271879
chaamdanee,Hindu,0.5577726004275664,0.5577726004275664,0.2423287080111099,0.005668812432331566,0.18862520800864405,5.240363571859419e-05,0.005552267484629579
chaavadaa,Hindu,0.6129624212709157,0.6129624212709157,0.0009451640306092374,0.00016983861927258691,0.3856698312811823,0.00017122421339607662,8.152058462427287e-05
chacko,Christian,0.9999395978614114,5.001773329810809e-05,3.692211425267752e-06,6.560674303137586e-06,0.9999395978614114,1.0325743919309938e-08,1.2119381809349824e-07
chagan,Hindu,0.9631426994241803,0.9631426994241803,0.0006777266392688311,0.0012721061321132837,0.034250360786582466,0.0002198984146442801,0.00043720860321087884
chaganlal,Hindu,0.9330036955947667,0.9330036955947667,0.010517110829713837,0.0021842802895037346,0.05401644074495628,0.00013590609967496957,0.00014256644138436382
chaithan,Hindu,0.8870040686269526,0.8870040686269526,0.01672376741034005,0.004047949474826624,0.09156032090091488,1.3081391717376757e-05,0.0006508121952483647
chakali,Hindu,0.8366485142228791,0.8366485142228791,0.03705518501878404,0.003087177564432419,0.12313228839469079,5.9279220944388684e-06,7.090687711898018e-05
chakma,Hindu,0.8670481783261949,0.8670481783261949,0.07223389201775747,0.012126565923598794,0.04837410204087491,3.542516535590923e-05,0.00018183652621818038
chakrabarti,Hindu,0.9653799334335889,0.9653799334335889,0.013280159792614293,0.0012788039626292751,0.01986349817732787,3.470830799799761e-05,0.00016289632584186073
chakrabasti,Hindu,0.8568139909419845,0.8568139909419845,0.04484145956255178,0.001281637876944697,0.09692111516567484,2.3900128289162203e-05,0.00011789632455501846
chakrabatti,Hindu,0.9248229378873349,0.9248229378873349,0.02994042318978858,0.0024542029417664204,0.04227825945818582,0.00016977561532862436,0.00033440090759553865
chakrapani,Hindu,0.9547338954760284,0.9547338954760284,0.005736808974293298,0.0008622488350265579,0.038520111324486385,7.159573602062694e-05,7.533965414471873e-05
chakravarthi,Hindu,0.8796506145640811,0.8796506145640811,0.006745507107235883,0.002916633431679728,0.11037587684679083,0.00013820805490992184,0.00017315999530239293
chakravarti,Hindu,0.9509271101596876,0.9509271101596876,0.0063428672016146515,0.0011948678309767638,0.04124270510961706,0.00020281240325052756,8.963729485346449e-05
chalavadi,Hindu,0.9815349030167033,0.9815349030167033,0.00271212196678666,0.00039377205869613977,0.01524785207911097,8.152814477003634e-05,2.9822733932856228e-05
challa,Hindu,0.9788905346906103,0.9788905346906103,0.005363230612793893,0.00021345699443359864,0.015527916961288333,3.137863211774913e-06,1.722877661942181e-06
chaman,Hindu,0.9883781128329556,0.9883781128329556,0.0031290676379475387,6.407182964971472e-05,0.008171461285088942,6.2782516545200256e-06,0.0002510081627034675
chamchal,Hindu,0.9961354783209558,0.9961354783209558,0.00035762902156552117,0.00032247105845038544,0.0030589405106588633,6.569859809462285e-06,0.00011891122856003873
chamchalaa,Hindu,0.9833950998714115,0.9833950998714115,0.0003092216111489759,0.0002278541100178243,0.015928980790071604,5.899027581969387e-06,0.00013294458976808546
chamdaa,Hindu,0.8713000572433272,0.8713000572433272,0.053170493651356905,0.01735083293400693,0.05647896297783524,1.93079905775827e-05,0.0016803452028962954
chamdan,Hindu,0.9469245046027079,0.9469245046027079,0.03355190391736462,0.00857295154832463,0.00984540771398217,2.4397678823462726e-05,0.0010808345387970934
chamdr,Hindu,0.8830819185313634,0.8830819185313634,0.09416407623403329,0.013940445060980607,0.007279113563192403,2.145168582896339e-05,0.0015129949246013644
chamdrakalaa,Hindu,0.8953055406474227,0.8953055406474227,0.06928461017591879,0.005089465063734052,0.029122356291995704,0.00010115606168506823,0.00109687175924336
chamdrasekhar,Hindu,0.9514724897185296,0.9514724897185296,0.026158416638096336,0.0023833294841327114,0.019473564554709253,1.5203192890715775e-05,0.0004969964116411937
chamelee,Hindu,0.7632007871110158,0.7632007871110158,0.114306602803634,0.001979310431750736,0.12025641666377675,1.4222402388563854e-05,0.00024266058743427257
chami,Hindu,0.9953305922574316,0.9953305922574316,0.001826240968836607,0.0009545090224899757,0.0008328544420167411,1.7730393699036002e-07,0.0010556260052882428
champa,Hindu,0.9988613814640908,0.9988613814640908,0.00010730338205585298,0.0001834579678587394,0.0006451868275460151,1.933194633012608e-06,0.00020073716381554044
champaa,Hindu,0.9840053236715677,0.9840053236715677,0.0009196928890609521,0.0006198542659814225,0.014040984240878029,7.771191188919599e-06,0.000406373741322864
champalal,Hindu,0.9909062535635111,0.9909062535635111,0.0054056636008890345,0.0010887056303388073,0.0024567223631167586,1.2794787432985512e-05,0.00012986005471119129
chand,Hindu,0.9525323502260128,0.9525323502260128,5.905319967310655e-06,1.4645264588286806e-05,7.819522526161507e-05,0.04711123918265463,0.00025766478151543646
chandaa,Hindu,0.9495899965660539,0.9495899965660539,0.008514804532584337,0.00024153355164949826,0.03883707702480058,0.0024420245002830985,0.0003745638246286473
chandan,Hindu,0.9912819713943464,0.9912819713943464,0.0009812992036083528,3.0405343191452695e-05,0.002858068467130477,0.0046849663637281895,0.0001632892279952795
chandar,Hindu,0.9871918938440684,0.9871918938440684,0.0009298505818388645,1.68255346719337e-05,0.0002456206423261109,0.011588707073986081,2.710232310854494e-05
chandel,Hindu,0.963255770559643,0.963255770559643,0.0006434908293801857,0.00021807807229457082,0.034154456905236684,0.0011364541044769697,0.0005917495289686976
chander,Hindu,0.9923176911587731,0.9923176911587731,0.00021424991419760988,0.00016415211429746267,0.004915195020844604,0.0019268528774346759,0.00046185891445274144
chandesvar,Hindu,0.9693737547273216,0.9693737547273216,0.00029990908118887393,9.922958589128383e-05,0.028841190434256574,0.0009958096957841688,0.00039010647555758445
chandiran,Hindu,0.9981233575955378,0.9981233575955378,0.0008833562840516925,3.767893784984495e-05,0.0007926761507370744,6.523002483853952e-05,9.770100698465596e-05
chandr,Hindu,0.8256258681608489,0.8256258681608489,6.796242499938556e-05,4.388627127725517e-05,0.0002489020156960024,0.17268494898002648,0.0013284321471518598
chandra,Hindu,0.8758085283461288,0.8758085283461288,2.4508404068882923e-05,6.589745650962507e-06,0.0001387225146994406,0.12103993484239668,0.0029817161470553155
chandraa,Hindu,0.9575503759570211,0.9575503759570211,0.0005395540709538753,8.84826794947841e-05,0.006762587234995561,0.029971211089536844,0.005087788967997622
chandraavathee,Hindu,0.9344827079617973,0.9344827079617973,0.000902482691966621,0.0002849073181814864,0.062041528316806704,0.00148301556161181,0.0008053581496363059
chandrabhaan,Hindu,0.9685837479545154,0.9685837479545154,0.004935719960741773,0.0003020819345264118,0.004382237098515561,0.000822945911183577,0.020973267140517053
chandrabhan,Hindu,0.9286502232096002,0.9286502232096002,0.007741074852782884,0.00047130708068403955,0.0020582911313897214,0.0008682827856376636,0.060210820939905346
chandrakaantha,Hindu,0.8897031778897936,0.8897031778897936,0.0029623946007904453,0.0007538152174297143,0.03953043364064372,0.06466397213151974,0.0023862065198227804
chandrakaanthi,Hindu,0.915159698538078,0.915159698538078,0.0027995237248066825,0.0010708616701598467,0.026117265526409018,0.05224581188090756,0.002606838659639077
chandrakala,Hindu,0.9264249492876417,0.9264249492876417,0.044514754144020195,0.0014535030541271475,0.010204067487877711,0.015959913336066014,0.0014428126902672844
chandrakalaa,Hindu,0.8951058589126205,0.8951058589126205,0.05214299595488835,0.0017622048336480682,0.03440710377030439,0.014839377260430126,0.0017424592681086204
chandrakalee,Hindu,0.8043628203747064,0.8043628203747064,0.136355492017317,0.001612817096543996,0.023686757475188305,0.031044558197348956,0.002937554838895314
chandrakant,Jain,0.8698166246830672,0.11737367392833398,0.00862280030968869,0.0006119496286365768,0.0025312516205318325,0.8698166246830672,0.001043699829741856
chandramaa,Hindu,0.9711997612955203,0.9711997612955203,0.001022056792759515,0.00010912595890583604,0.013454988345108937,0.010796160575451293,0.003417907032254133
chandramani,Hindu,0.961901366267053,0.961901366267053,0.0010936503811075336,9.401903656227378e-05,0.027594005271371527,0.004826533428043406,0.004490425615862265
chandran,Hindu,0.9962063116729036,0.9962063116729036,2.548040005405525e-05,3.1393316049616696e-06,7.909532606916086e-05,0.003070370020545293,0.0006156032488230158
chandrapaal,Hindu,0.9282620082793619,0.9282620082793619,0.0023643463728430024,0.0003060740300097505,0.039818266059725896,0.02867821141342969,0.0005710938446297195
chandrapal,Hindu,0.9705511062662727,0.9705511062662727,0.0011689901901577057,0.00028351958175660825,0.006646414173260943,0.020985015303006886,0.00036495448554518036
chandraprakaas,Hindu,0.8202193085088866,0.8202193085088866,0.004899088510188147,0.0011010405203590332,0.15953191209865986,0.013336575098252444,0.0009120752636538736
chandraprakash,Hindu,0.9161418254043638,0.9161418254043638,0.003607217169304659,0.0010282465455583854,0.038029290861243716,0.039426964190531016,0.0017664558289982011
chandrasekar,Hindu,0.9436684928064664,0.9436684928064664,0.0024073044981290127,0.0003563636540130939,0.05105453960379048,0.0006666767042502004,0.0018466227333507233
chandrasekaran,Hindu,0.9691253615511014,0.9691253615511014,0.0017087547262534055,0.00025718758080537697,0.027506277504459678,0.000313942192414551,0.001088476444965661
chandrasekhar,Hindu,0.9836067182528316,0.9836067182528316,0.006193981978421795,0.00046380324320917013,0.009005047893936262,0.00038742782135705277,0.0003430208102441657
chandrashekhar,Hindu,0.97817920139366,0.97817920139366,0.013017879372823636,0.0004110731111951833,0.004542243452718552,0.0033887860131718967,0.0004608166564307517
chandravanshi,Hindu,0.984188285614271,0.984188285614271,0.006100003710048131,0.0007073959864900458,0.005741837417588165,0.0024905395948490506,0.0007719376767535217
chandravathee,Hindu,0.9748356576846005,0.9748356576846005,0.0025692111501330645,0.000531095944817502,0.020493870791011493,0.0011020488234436692,0.0004681156059937385
chandrayya,Christian,0.5705301144444285,0.4292704986634171,9.59051777112488e-05,3.772314442094517e-05,0.5705301144444285,4.445390191187608e-05,2.1304668110413976e-05
chandrika,Hindu,0.991360065352322,0.991360065352322,0.004605520828834546,0.00033358838290994274,0.0016691302202164991,0.0018104603731564238,0.00022123484256064802
chandrikaa,Hindu,0.9860998490257376,0.9860998490257376,0.005509617840556972,0.00038455331983366876,0.005669903555591107,0.0020053686779890373,0.00033070758029181
chandu,Hindu,0.9900736586725186,0.9900736586725186,0.0010332946556439468,0.00024650105882026505,0.0002580136874905802,0.007034056568813537,0.0013544753567130924
chanjchalaa,Hindu,0.9547857627060748,0.9547857627060748,0.0003483297062771938,0.00027200432021315293,0.04452706696011677,9.820997856088288e-06,5.7015309461851044e-05
charan,Hindu,0.9961852371640186,0.9961852371640186,4.518638730970164e-06,0.00018706175112248293,0.003483364227187158,1.9236609380162084e-05,0.00012058160956064919
charanajeeth,Hindu,0.9748557188000705,0.9748557188000705,0.0016178504526529521,0.0031032825567153944,0.02029031198880315,1.7037725452708203e-05,0.00011579847630516114
chari,Hindu,0.9973432779212126,0.9973432779212126,4.84250679768309e-05,9.967424368108767e-05,0.0025052577628057867,6.747998126496322e-07,2.69020451123275e-06
chatrapal,Hindu,0.9867055702776267,0.9867055702776267,0.0013298683943912728,0.0011422212684975741,0.010717228702560616,6.233379042414908e-05,4.27775664997892e-05
chatterjee,Hindu,0.9919309250669054,0.9919309250669054,0.003046954686486404,0.0012084544166308133,0.0037890883655415527,8.109194540653567e-06,1.646826989522148e-05
chattopadhyay,Hindu,0.9980357161459513,0.9980357161459513,4.0369437693470524e-05,0.0004297659915605999,0.0014812446898180645,7.187812519911221e-06,5.715922456629019e-06
chaturvedi,Hindu,0.9937722798334391,0.9937722798334391,0.0023889286931735557,0.00026093250866491874,0.003549992057327346,3.3149862530284455e-06,2.455192114197788e-05
chaube,Hindu,0.9754124746301467,0.9754124746301467,0.012553084055487745,0.0008140888568117598,0.010987381868612065,7.634077500996307e-05,0.0001566298139317535
chaudhari,Hindu,0.999985054292911,0.999985054292911,1.977253802895405e-06,7.345051659858878e-06,5.033421782411757e-06,2.1442290423745885e-08,5.6853755359412e-07
chaudhary,Hindu,0.9998830423867969,0.9998830423867969,3.480328236507973e-06,7.793731035840923e-05,3.4404016026598815e-05,3.6178391124492684e-08,1.0997801904451003e-06
chaugale,Hindu,0.9033880944887223,0.9033880944887223,0.03743422550057204,0.0031096373463574455,0.04640809017948972,0.00923849760775711,0.0004214548771016204
chauhan,Hindu,0.9534255886290709,0.9534255886290709,0.04108680120861019,0.0005177831603646861,0.000892959966455534,7.42653387136383e-06,0.00406944050162723
chaupal,Hindu,0.9974508540448482,0.9974508540448482,0.00028912005940726526,0.0012125587081065663,0.0009583963296381849,5.7794751681394066e-05,3.127610631837862e-05
chaurasiya,Hindu,0.9954655518021273,0.9954655518021273,0.0015024122093821298,0.001572287612677801,0.0014539103852632444,9.230144301264104e-07,4.914976119367533e-06
chaure,Hindu,0.9895448337087868,0.9895448337087868,0.003091321486227326,0.004565568618499441,0.0027449330213987107,1.7861214190145147e-05,3.548195089753859e-05
chavan,Hindu,0.9950213860544039,0.9950213860544039,5.854301667906833e-05,5.026113158408985e-05,0.0036262077299838865,0.0011902841557381173,5.331791161088499e-05
chavhaan,Hindu,0.9389634121575787,0.9389634121575787,0.0025773394702088667,0.0007042083787443336,0.05760463879648474,6.911301547610336e-05,8.128818150720164e-05
chawla,Hindu,0.9431218236593384,0.9431218236593384,0.014581075938534978,0.0016613608798381645,0.04036762673052531,3.5460144938213655e-05,0.0002326526468248689
cheda,Hindu,0.5847787691042964,0.5847787691042964,0.0051046880217692795,0.00036732828330949375,0.4096199385530438,5.921072275815738e-06,0.00012335496530525755
chedilal,Hindu,0.9349175398511469,0.9349175398511469,0.01532816560098297,0.00045091224588606865,0.04925187590839407,6.776932639106682e-06,4.47294609508883e-05
chellappan,Hindu,0.7046363341676474,0.7046363341676474,0.022408932497992026,3.466782946835868e-05,0.2729080599286666,1.1642021832571802e-05,3.635543929687492e-07
chellathuthurai,Hindu,0.862554546505595,0.862554546505595,0.004239412071116076,0.0025208908508122397,0.1306263345017518,2.2014203636129017e-06,5.661465036139814e-05
chetan,Hindu,0.957501830719367,0.957501830719367,0.0010498785909227655,0.0007801394016413921,0.04043636351981707,0.00015200027557712837,7.978749267465566e-05
chetaram,Hindu,0.9957443972531151,0.9957443972531151,0.0001754076492334945,0.0002908110529449056,0.0035318276229640115,7.827634126091119e-05,0.00017928008048147088
chethan,Hindu,0.5751293477097672,0.5751293477097672,0.0008777226090236899,0.0007012563171107325,0.42322370018332317,2.7595525741837983e-05,4.037765503346182e-05
chethanaa,Christian,0.610845494991832,0.3880122264077452,0.0007119003174722822,0.0003634665026600618,0.610845494991832,3.0215759342050038e-05,3.6696020948331e-05
chetharaam,Hindu,0.5668877305072426,0.5668877305072426,0.0033734913146266725,0.0023995807327027306,0.427087624081381,7.698863952082715e-05,0.0001745847245260737
chetree,Hindu,0.8229451525523777,0.8229451525523777,0.005100686712761031,0.002196636920915695,0.16969840758784707,2.7718253799799002e-05,3.139797229872469e-05
chettiyar,Hindu,0.9330844412776108,0.9330844412776108,0.006560746248037075,0.0034846591191063565,0.056272470036323206,0.0005749908019546156,2.2692516968070015e-05
chettri,Hindu,0.9447875721733484,0.9447875721733484,0.0007833542382509484,0.0012299985964285736,0.05303542464411628,0.00014268951757406218,2.0960830281664133e-05
chettu,Hindu,0.90027376802221,0.90027376802221,0.0021389709743585865,0.0015528354918998418,0.09559064507207939,0.000369047831878134,7.473260757410783e-05
chhaayaa,Christian,0.5254714323715013,0.46086770139925076,0.005482996890014099,0.008147591328567301,0.5254714323715013,7.241730149399969e-06,2.3036280517062877e-05
chhagan,Hindu,0.9787798362096387,0.9787798362096387,0.0033107518346728163,0.008454539159149198,0.009229471132289785,5.175609740654945e-05,0.00017364556684289608
chhathrapaal,Hindu,0.9483550756200222,0.9483550756200222,0.004151406432786726,0.006257891175674496,0.04100515508303784,3.015565813238186e-05,0.00020031603034650306
chhedee,Hindu,0.7835106437442879,0.7835106437442879,0.18924846180164467,0.007819659896451578,0.015443605294803684,3.0621099424999584e-06,0.00397456715286979
chhedi,Hindu,0.956883573428904,0.956883573428904,0.03294478944022931,0.0013636661625691638,0.008755833430231811,3.204784526646276e-06,4.893275353906441e-05
chhitar,Hindu,0.9929626049932095,0.9929626049932095,0.005058137291597129,0.001307953003336877,0.0006232235800815097,7.584080120792332e-06,4.049705165400679e-05
chhootaa,Hindu,0.8463602080122957,0.8463602080122957,0.08835185058098623,0.027892219668931625,0.03712147499433231,3.184358519600019e-05,0.0002424031582580072
chhoote,Hindu,0.8750209197355957,0.8750209197355957,0.06927078545172324,0.027672414590498996,0.027684778946324512,2.0630000785308593e-05,0.00033047127507236955
chhootee,Hindu,0.7369902337335068,0.7369902337335068,0.14825692858608414,0.04724779968266903,0.0671424142941069,1.543148099625315e-05,0.0003471922226367455
chhootelaal,Hindu,0.8823170613326918,0.8823170613326918,0.03980044161475265,0.006287227517303597,0.07149889550113542,2.5612053870710462e-05,7.07619802456948e-05
chhootoo,Hindu,0.5768093243096994,0.5768093243096994,0.2569478582603695,0.13271871367854077,0.03322242376084462,2.068664435425025e-05,0.00028099334619155453
chhota,Hindu,0.9782501462188447,0.9782501462188447,0.014885793350017452,0.005025247855896662,0.0017509374815317435,6.886811713656284e-06,8.098828199589565e-05
chhote,Hindu,0.9665262801452932,0.9665262801452932,0.01841984350890316,0.0033356748600500783,0.011458758752784135,6.0299700432062345e-06,0.0002534127629264833
chhotu,Hindu,0.9443355081370981,0.9443355081370981,0.03931642983912639,0.005400787334748763,0.010731025534441635,6.020022381064252e-06,0.00021022913220399578
chidambaram,Hindu,0.9838858507699257,0.9838858507699257,0.00922585618721449,0.0005484192972392321,0.00508674854265753,0.00016730977795235508,0.001085815425010471
chimthaa,Hindu,0.5722529193765571,0.5722529193765571,0.01683645858577548,0.0034684814800625655,0.4067974564397013,7.709223273576977e-06,0.0006369748946300236
china,Hindu,0.6061114553015847,0.6061114553015847,0.0026892834255860722,0.0020709118609949385,0.38899232613749685,3.17349425807905e-05,0.0001042883317566302
chinna,Hindu,0.9756594197973928,0.9756594197973928,0.0002437496763230426,0.0012625997190461283,0.02282256360919809,1.0310060085425414e-05,1.3571379543731313e-06
chinnachchaami,Hindu,0.6731969053364637,0.6731969053364637,0.0017523552600044357,0.005351899004842491,0.3196219778295235,1.3162451762131578e-05,6.370011740371696e-05
chinnaiya,Hindu,0.9443117927848358,0.9443117927848358,0.0014184513902926142,0.0010230631238604814,0.053237824205744314,4.007539033196041e-06,4.86095623353377e-06
chinnaiyan,Hindu,0.8272554513394295,0.8272554513394295,0.0010375292226279906,0.0007995023817780177,0.17089566791171806,5.696208261523419e-06,6.152936185131052e-06
chinnakannu,Hindu,0.953142106237003,0.953142106237003,0.007547968343516045,0.004943986690735737,0.03428816151591053,5.9687059232177695e-05,1.809015360263893e-05
chinnamma,Christian,0.8626895060223607,0.10968912762715684,0.001769251745933333,0.025845107420427418,0.8626895060223607,3.4801455876586e-06,3.527038534074255e-06
chinnanan,Hindu,0.9970489200555307,0.9970489200555307,0.000345607180418545,0.00024791457827585245,0.002329617875885851,2.2001936004098188e-05,5.938373885268617e-06
chinnapaiyan,Hindu,0.9847940255780259,0.9847940255780259,0.0013213233780489466,0.0006030416449771341,0.013213980270868819,6.124215910957497e-05,6.386968969336584e-06
chinnappa,Hindu,0.9914331368393524,0.9914331368393524,5.787295921976015e-05,6.866255550879955e-05,0.0005511512728046754,0.00788896936078596,2.0701232838008997e-07
chinnappan,Hindu,0.9981935695240737,0.9981935695240737,3.6298775482784396e-05,6.573673975820597e-05,0.0007958827622708692,0.0009081445774355889,3.676209791011426e-07
chinnasamy,Hindu,0.9987377988700179,0.9987377988700179,7.327114690407939e-05,5.6886872752844106e-05,0.0011304549841871221,9.982245087156975e-07,5.899016291948845e-07
chinnathambi,Hindu,0.9834633104865186,0.9834633104865186,0.0036119904849113613,0.0006739219750290014,0.012194984509535605,2.242542716057086e-06,5.3550001289230394e-05
chinnathurai,Hindu,0.9984878429686926,0.9984878429686926,0.00021199060539228064,0.0008133296689939129,0.00041754871255484093,2.0163075359024207e-05,4.912496900759135e-05
chinta,Hindu,0.9768881799078972,0.9768881799078972,0.00045685969745619566,0.004188982628483377,0.015051174796503792,8.706033425649876e-05,0.0033277426354030235
chinthaa,Hindu,0.9075811984764314,0.9075811984764314,0.0008790940824545427,0.0014107792295848113,0.09000239449212641,7.838362088758398e-06,0.00011869535731411509
chithra,Hindu,0.9763179679142215,0.9763179679142215,0.0058159523700196305,0.004136762373696464,0.012826100840852315,9.284842037703474e-06,0.0008939316591725895
chiththaranjjana,Hindu,0.9757282055308644,0.9757282055308644,0.0019012382556459098,0.0026585935330198404,0.01917270518004168,5.923259822965431e-05,0.00048002490219828305
chogule,Hindu,0.9627986841399425,0.9627986841399425,0.006725308753496426,0.0011267771932462378,0.029154523358849726,3.263126254408015e-06,0.0001914434282107062
choopade,Hindu,0.993976333061699,0.993976333061699,0.0013303534990502866,0.0007240184129775389,0.0035451877831825926,2.5829302144683977e-05,0.0003982779409460508
chopade,Hindu,0.9846041955481177,0.9846041955481177,0.001587950742303434,0.00062619590305214,0.012532984505464187,5.421690512161583e-05,0.0005944563959410412
chopra,Hindu,0.9421191212548633,0.9421191212548633,0.0011848832073427106,0.0011754668097809413,0.055401547561678165,2.9905628442907315e-05,8.907553789220126e-05
chotelal,Hindu,0.9860379457170776,0.9860379457170776,0.0052340964589975445,0.0003050168865555731,0.008384704613820172,1.3512828565345961e-05,2.4723494984099207e-05
choudharee,Hindu,0.9995508663659463,0.9995508663659463,7.107573637476406e-05,9.972190102867088e-05,0.0002687857620119876,2.791584560203828e-07,9.271076182429693e-06
choudhuri,Hindu,0.9876621036313104,0.9876621036313104,0.007621848368563026,0.001053454074151426,0.0035806607428234077,3.0657360253438465e-06,7.886744712655277e-05
choudhury,Hindu,0.9885267393593891,0.9885267393593891,0.006217141296555143,0.0018609819538716644,0.003317669032724821,2.7806495961532948e-06,7.468770786326196e-05
chougale,Hindu,0.9591812940235723,0.9591812940235723,0.01474429934005527,0.0010271463473455471,0.02411246018143294,0.0008176483606642613,0.0001171517469296813
chougharee,Hindu,0.9960167719835301,0.9960167719835301,0.0009384762272855541,0.0007532714838632907,0.0022865766680399374,1.7683917659370418e-06,3.1352455152383963e-06
chougule,Hindu,0.9761517906780758,0.9761517906780758,0.00940245452586261,0.0007341601754245077,0.013613302264401437,8.99591800474383e-06,8.929643823076343e-05
chouhaan,Hindu,0.9105979527035579,0.9105979527035579,0.03930714221252667,0.003413793681996804,0.045935732013687225,2.114106851584486e-05,0.0007242383197158296
chouhan,Hindu,0.9741409391935264,0.9741409391935264,0.018982775726643582,0.0015020085122912257,0.0045947903642864765,1.2486789499426859e-05,0.0007669994137529342
choure,Hindu,0.985095681631632,0.985095681631632,0.004398950776012946,0.001028484554607349,0.009436176631558369,1.768459091057236e-05,2.302181527860649e-05
chudaasamaa,Christian,0.7464615277604664,0.24979562104157974,0.0034822353761672486,0.00016920224939944006,0.7464615277604664,2.126541333119089e-05,7.01481590560463e-05
chunnee,Muslim,0.6212890410960435,0.2713401486791548,0.6212890410960435,0.0011116485555968533,0.10609334091300691,3.0366981976349027e-05,0.00013545377422164638
chunnilal,Hindu,0.9454206429851044,0.9454206429851044,0.03958958991163949,0.00029688980579032856,0.014641450381285257,2.8816707243722184e-05,2.261020893676261e-05
chyataji,Hindu,0.9710504506717826,0.9710504506717826,0.013742017208024345,0.005780439146028876,0.008261220929955623,2.401095456042776e-05,0.0011418610896482431
chyatajji,Hindu,0.9646089326154557,0.9646089326154557,0.02192528748232321,0.004261671799068972,0.008615581171726465,3.110949683663335e-05,0.000557417434589091
daa,Christian,0.8030467710131529,0.19251059929187986,0.003752691814151005,0.00038462150613244577,0.8030467710131529,0.0001378880630632648,0.00016742831162046393
daabhaade,Hindu,0.8841208587154871,0.8841208587154871,0.03796335039908728,0.0010412191418022769,0.07508615740289057,8.761185595781659e-05,0.0017008024847749213
daabhee,Hindu,0.7766446324895511,0.7766446324895511,0.15826837307000374,0.001355380835949588,0.06358698887255188,2.3164711373414257e-05,0.0001214600205703243
daamgar,Hindu,0.6130261123904664,0.6130261123904664,0.02548589251413032,0.0036646094579220845,0.35370553149667383,0.0005539748657958698,0.0035638792750114774
daamge,Christian,0.9639853424328405,0.033451367071224584,0.002082611473297613,0.00037712895719033276,0.9639853424328405,2.4754510942754198e-05,7.879555450421291e-05
daamoodar,Hindu,0.9472257168521703,0.9472257168521703,0.031422382350386316,0.007257260564185509,0.013349767773227028,0.0001723072283006148,0.0005725652317302068
daamoor,Hindu,0.8119091072051778,0.8119091072051778,0.09395331497034354,0.026552509277889214,0.06700038297707336,5.657335029375807e-05,0.0005281122192223595
daanis,Christian,0.8246534407406898,0.15871081854907568,0.01596313041981376,0.0005938376621810192,0.8246534407406898,3.0153176783102182e-05,4.861945145671323e-05
daas,Christian,0.9658790979344523,0.030817454987436776,0.0029940663169742017,0.00028160915412946125,0.9658790979344523,8.8573090748031e-06,1.8914297932384606e-05
dabe,Muslim,0.5678428249943767,0.42318825601616117,0.5678428249943767,0.0009796007488429516,0.007734571248827909,8.857343359170328e-05,0.00016617355819965353
dabhade,Hindu,0.9903550544217674,0.9903550544217674,0.005643735912291396,0.00010847578239831699,0.00011375179086636251,1.8489376780774602e-05,0.0037604927158958303
dada,Hindu,0.9996638802266948,0.9996638802266948,9.583201010575808e-05,6.116050453012703e-06,4.162373659216904e-05,5.3135876703524846e-05,0.00013941209945055359
dafadar,Muslim,0.8884929271502587,0.11076027678110631,0.8884929271502587,0.00030226664755346255,0.000398249212339474,2.5118280536328555e-05,2.116192820581321e-05
daithaaree,Hindu,0.5779768029341332,0.5779768029341332,0.035318383283136044,0.006228225632878897,0.38031726445370545,2.472161410781833e-05,0.00013460208203846288
daivi,Hindu,0.9716884507125486,0.9716884507125486,0.0029464952090430827,0.00027564251348186655,0.024996199078682207,2.5979540668798255e-05,6.723294557541133e-05
daksha,Hindu,0.8791733355939523,0.8791733355939523,0.0879616975879329,0.016886603790461693,0.01586048400122474,5.2079740470609816e-05,6.579928595784726e-05
dakshinamurthi,Hindu,0.9425926702239117,0.9425926702239117,0.0034597846810037127,0.004525428991124993,0.04939282580297484,9.289803020053231e-06,2.000049796490698e-05
dakua,Hindu,0.7610611307792153,0.7610611307792153,0.03651140595324597,0.007457200301820404,0.19426895857522875,0.0003867637843528362,0.000314540606136713
dalabeer,Muslim,0.7909562503884598,0.20258034638659508,0.7909562503884598,0.0020829961177112745,0.004315260950836166,1.0823098139669003e-05,5.432305825790971e-05
dalai,Hindu,0.9914539891346694,0.9914539891346694,0.0008443282758222387,0.0001042405472274914,0.007590255734349541,2.8160672201179427e-06,4.3702407113872254e-06
dalajeeth,Hindu,0.951974342615867,0.951974342615867,0.02019302601859306,0.006222401179563848,0.021512004252927874,7.4148067614378965e-06,9.081112628660305e-05
dalal,Hindu,0.963711665549038,0.963711665549038,0.03265804346259645,0.00025179737829310566,0.00330032097403416,7.036101852025694e-05,7.811617518000813e-06
dalavee,Hindu,0.9255505935321315,0.9255505935321315,0.033335261664793274,0.005901357976800714,0.03508437309853745,9.038822620042326e-05,3.802550153660701e-05
dalaveer,Hindu,0.9269624156695269,0.9269624156695269,0.04279386935514012,0.010776831318150297,0.019329074014711196,0.00011074116206814215,2.7068480403531418e-05
dalavi,Hindu,0.8421859296140467,0.8421859296140467,0.1154418075018864,0.013664790275847338,0.02795499757144354,0.0006588338698669464,9.364116690914127e-05
dalchand,Jain,0.7186631079642811,0.2676066298973471,0.008533035946361477,0.0005563570731579829,0.00437366092202542,0.7186631079642811,0.00026720819682688856
daleep,Hindu,0.7023154850969832,0.7023154850969832,0.16101381317311692,0.00355477838254872,0.13291008285054062,0.00010961967392732189,9.622082288338305e-05
dalei,Hindu,0.9122481929250945,0.9122481929250945,0.06784468342082967,0.0002712034137818594,0.019503084836670775,7.961508126576009e-05,5.322032235754912e-05
dalip,Hindu,0.8065336373107997,0.8065336373107997,0.055654178913043216,0.001045512379771097,0.1366934873180831,4.613194384940504e-05,2.705213445338553e-05
dalui,Hindu,0.8292707442609372,0.8292707442609372,0.1484257573600814,0.001615719899955667,0.02019825423983055,0.00017039152061475374,0.0003191327185804692
damodar,Hindu,0.9914815008308405,0.9914815008308405,0.0045679305484980105,0.0003816030210162723,0.0008718850499739568,0.0001957139865531671,0.0025013665631181243
damodaran,Hindu,0.9969213911949638,0.9969213911949638,0.0012925152833932441,0.00011741620659174298,0.0008207848866759427,9.176475248989505e-05,0.0007561276758852269
dandapani,Hindu,0.9974221459875201,0.9974221459875201,0.0008704853807571413,5.577437443553197e-05,0.0013817555881298262,0.00022528750551210506,4.455116364545811e-05
dange,Hindu,0.9698484323251141,0.9698484323251141,0.0027670985309246614,0.0006947522195672375,0.026372462748184698,9.770005801486371e-06,0.0003074841704080945
dangi,Hindu,0.9930538662946038,0.9930538662946038,0.0024810749539935107,0.0007018386520657264,0.0036030266613344235,1.7162357162837814e-05,0.00014303108083982695
daniel,Christian,0.9939652725927691,0.0054935422818060955,0.0005031727681970303,3.1717116743142254e-05,0.9939652725927691,3.940129081512812e-06,2.355111403094087e-06
darade,Hindu,0.9917538425939761,0.9917538425939761,0.00022947502666642225,5.9824926577211545e-05,0.0062428914966423995,0.00018748032742306616,0.0015264856287148718
darajee,Hindu,0.9169191372690778,0.9169191372690778,0.030311604388267948,0.0007395835874230901,0.05191814446633482,4.736754635839578e-05,6.416274253767006e-05
darasan,Hindu,0.9966953633437546,0.9966953633437546,0.00026971313584507145,2.818795745133789e-05,0.0029663228384265157,2.6924854046167163e-05,1.3487870476437472e-05
darsan,Hindu,0.9962286929127077,0.9962286929127077,0.0017929288382085105,0.0016885373450317646,0.0002549279586783905,2.3404794930189557e-05,1.1508150443300159e-05
darsanaa,Hindu,0.9917545231062481,0.9917545231062481,0.0038268030877612992,0.0010813522978808444,0.0032706063248272316,4.0841263031836265e-05,2.5873920250885915e-05
darshan,Hindu,0.9833951630421307,0.9833951630421307,0.0017775464887946194,0.014441402869520873,0.0003293885048482901,2.9708765708051036e-05,2.6790328997341834e-05
darta,Hindu,0.9934092383027405,0.9934092383027405,0.0007371096139395762,0.002971767509173589,0.0027070939278564243,0.00014198534845095395,3.28052978390488e-05
das,Hindu,0.9907646338916098,0.9907646338916098,1.8451961055436076e-05,0.00010631293444634063,0.00910494466925469,5.986774782372795e-07,5.057866155248345e-06
dasan,Hindu,0.9812215122377648,0.9812215122377648,9.435867795362906e-05,3.740113378435736e-05,0.018621359719497323,5.91160472749137e-06,1.945662627251292e-05
dasarath,Hindu,0.9801037716826976,0.9801037716826976,0.0007987425896890927,0.00028757776744880347,0.01864701811115578,5.683750199861031e-06,0.0001572060988089784
dasari,Hindu,0.9040128597006005,0.9040128597006005,0.015342910856326638,8.986000575300083e-05,0.0805436414986746,2.9316933575707793e-06,7.796245287794609e-06
dash,Hindu,0.9968049480805282,0.9968049480805282,0.00013488866913110559,0.00013347366390390234,0.0025273974837509263,9.028128412549295e-06,0.00039026397427352656
dasharath,Hindu,0.9954905000875762,0.9954905000875762,0.0011262338096734274,0.0005563177519207943,0.0024076371796354153,1.2736296195990875e-05,0.00040657487499819796
dasi,Hindu,0.9269513903664782,0.9269513903664782,0.0026760205388759637,0.03110078772139751,0.03926837283107107,1.2159214692481852e-06,2.2126207079584725e-06
datararam,Hindu,0.9984712286132387,0.9984712286132387,0.00018125395787984378,0.00017046367353197722,0.0005893290704221911,0.00036332311876321506,0.0002244015661640329
datt,Hindu,0.6003463656974046,0.6003463656974046,0.0010581320268045903,0.023177747009880557,0.0012177598253094737,0.3738059182156284,0.00039407722497237667
dattatray,Hindu,0.9902756453129149,0.9902756453129149,0.0015405128443368168,0.003996691348583933,0.003555578944260387,0.0005204377967106108,0.00011113375319331266
daud,Hindu,0.9646559169264294,0.9646559169264294,0.025994349767014063,0.00621479385974243,0.0026117236715800475,7.599644834209869e-05,0.00044721932689174306
daulat,Hindu,0.8581218265730475,0.8581218265730475,0.13504625175537982,0.0015131044500153181,0.004368664987736085,8.067716630289931e-05,0.0008694750675182783
daulataram,Hindu,0.9985152462450343,0.9985152462450343,0.0009287411707290135,9.330471944531951e-05,6.919407838213474e-05,3.5372607859312926e-05,0.0003581411785498856
dave,Hindu,0.9974281183387886,0.9974281183387886,4.1735615703160274e-06,1.3391621952218972e-06,0.0025542119051693867,1.0850433360445984e-05,1.306598915848311e-06
davi,Hindu,0.9153656736026745,0.9153656736026745,4.881885014727864e-05,1.6300279939873657e-05,0.08404810271333095,0.0005121890021495171,8.915551757927247e-06
daviadar,Hindu,0.9786304618581352,0.9786304618581352,0.0002923025134739142,4.359124163900463e-05,0.02085730037492099,0.0001634775211164835,1.2866490714658044e-05
david,Christian,0.8243647023162602,0.17506526849347565,0.0003402787718018615,6.874489827537516e-05,0.8243647023162602,0.00014871867785339797,1.2286842333384984e-05
daya,Hindu,0.9971209390786939,0.9971209390786939,1.6191365570443907e-06,2.1071791466482063e-05,0.002855062709151409,8.695858795599192e-07,4.3769825125643294e-07
dayaa,Hindu,0.7705774459115767,0.7705774459115767,0.001116843534332063,0.0009014823336655712,0.2273574317434271,1.916993409670912e-05,2.7626542901838637e-05
dayaanand,Hindu,0.9617124492329563,0.9617124492329563,0.0003808355088981476,0.00024337825739914818,0.037410060120154597,9.36047250616197e-05,0.00015967215553010867
dayaaraam,Hindu,0.702782045655881,0.702782045655881,0.003184442720554098,0.0016165684250330355,0.29218531904169004,4.613587747252788e-05,0.00018548827936949166
dayaasamkar,Hindu,0.8638577029387631,0.8638577029387631,0.0012905552783101456,0.0005772912120149555,0.12860440148793775,1.613753461563351e-05,0.005653911548358387
dayaavathee,Hindu,0.6165585672907936,0.6165585672907936,0.0015922533143204287,0.0010406811254193924,0.38075570575043366,1.736508322447868e-05,3.5427435808372515e-05
dayal,Hindu,0.9979589960342294,0.9979589960342294,7.10763388044395e-06,9.170015362741811e-05,0.0019415631619173722,3.998256919700799e-07,2.3319065325854836e-07
dayalan,Hindu,0.9980942539076912,0.9980942539076912,8.476846436048909e-05,0.00014525947815406708,0.0016695016314917702,1.558711909010182e-06,4.657806393454404e-06
dayanand,Hindu,0.998705110137128,0.998705110137128,2.028953417230392e-05,2.3002973048795717e-05,0.0012238490214983692,1.687030142508672e-05,1.087803272760384e-05
dayaram,Hindu,0.9939073050542742,0.9939073050542742,1.8209868065066814e-05,9.437320983577743e-05,0.0005965463565291091,1.706916789320387e-05,0.0053664963434027265
dayashankar,Hindu,0.9784342255557462,0.9784342255557462,0.00265947976835741,0.00021604525535259342,0.017528584509221647,0.0008770482899505309,0.00028461662137149046
deb,Hindu,0.9817432756118754,0.9817432756118754,0.013641088754574373,0.0004338438089039906,0.0021139317997346196,4.5659970594323925e-05,0.002022200054317297
debaasisha,Hindu,0.48276983894402453,0.48276983894402453,0.05331108159242709,0.008972910089687086,0.454807073507994,1.373594834869232e-05,0.00012535991751870922
debabarma,Hindu,0.9653465903710394,0.9653465903710394,0.028665452934404104,0.001246625039531054,0.002823315242224444,0.0002710005044183733,0.0016470159083826225
debanath,Hindu,0.9964096406011064,0.9964096406011064,0.000979256310230797,0.00026994161596990686,0.0015927116954845368,1.660662471382678e-05,0.0007318431524945903
debasharmi,Hindu,0.9767946253496419,0.9767946253496419,0.016352163472569303,0.0024087480332690924,0.004331389734632751,8.682739249428283e-06,0.0001043906706372019
debendra,Hindu,0.9746372025630936,0.9746372025630936,0.007722027347755026,0.0014016033699121248,0.014845108227060509,0.0008841713856847136,0.0005098871064941238
debi,Hindu,0.9463185164399679,0.9463185164399679,0.049628321905375083,0.0005972127183829274,0.0032698896792289103,9.254794183635237e-06,0.0001768044628613534
deei,Muslim,0.7514477544328254,0.23079902037830713,0.7514477544328254,0.0035562204060524023,0.013808114999439817,3.282578076089167e-06,0.00038560720529913804
deekshaa,Muslim,0.5345763751731885,0.26711972374204307,0.5345763751731885,0.01255700366577654,0.18435370223936054,2.1188403098968034e-05,0.0013720067765325343
deen,Muslim,0.9403833726489663,0.05573028775085445,0.9403833726489663,0.003137375102752346,0.0006533006996315273,2.5905370781107114e-07,9.540474408759798e-05
deenaa,Hindu,0.5428046487360007,0.5428046487360007,0.41552244681045253,0.0032358005634713937,0.03776845341829486,5.513416777676134e-06,0.0006631370550027652
deenaanaath,Hindu,0.7693902070777369,0.7693902070777369,0.0408410794728574,0.0031935702174622103,0.18544765210560005,1.73354019849265e-05,0.0011101557243586334
deenadayaal,Hindu,0.9451677440113374,0.9451677440113374,0.01183669201959053,0.0007105993978885315,0.04221476945687534,6.078897456509954e-06,6.41162168517971e-05
deendayal,Hindu,0.9520877112444456,0.9520877112444456,0.03271060275452461,0.004729696488492401,0.010401188623337488,1.0510562411219768e-05,6.029032678881972e-05
deep,Hindu,0.9528083854393417,0.9528083854393417,0.01793920294240867,0.006453571190033325,0.022593934135750924,8.081858601638324e-06,0.00019682443386362798
deepaa,Hindu,0.8874465416676243,0.8874465416676243,0.009895220768682824,0.002402370222220492,0.10004965603702266,3.0950233476627985e-05,0.0001752610709731561
deepak,Hindu,0.9677439839428101,0.9677439839428101,0.020711806468544695,0.003887561239497986,0.007531565493730743,1.7242863691342328e-05,0.00010783999172507418
deepchand,Hindu,0.971810698888621,0.971810698888621,0.013168910525743552,0.0019013475596118576,0.012362489580414098,0.00016746410151881338,0.0005890893440907006
deepikaa,Hindu,0.7919790500230719,0.7919790500230719,0.09095557085667247,0.010709595571726254,0.1058688343394264,3.563261067986338e-05,0.00045131659842314296
deepoo,Hindu,0.7547253632821387,0.7547253632821387,0.026056020858913596,0.0524453044716041,0.16649246838401935,1.1601288330748655e-05,0.000269241714993474
deepthi,Hindu,0.9782917469194701,0.9782917469194701,0.0037818347587499045,0.0037937657980400066,0.014046917292598476,2.9577795053679722e-06,8.277745163634227e-05
deevaan,Christian,0.8532499044082293,0.13773600114034923,0.007913765580500524,0.00048817667336326635,0.8532499044082293,1.4116276379832776e-05,0.000598035921177569
dehriya,Hindu,0.9693549785026754,0.9693549785026754,0.021265044306242945,0.0013389466443418422,0.007765424200791879,2.3429569179116123e-05,0.00025217677676895244
dehuri,Hindu,0.9748748476462167,0.9748748476462167,0.015125465849976512,0.0017672905756650427,0.007959779390022948,1.5344511080436412e-05,0.00025727202703794107
dei,Hindu,0.9195669968936582,0.9195669968936582,0.05668507701592907,0.0017948238203258063,0.01967589812544882,1.7602593499796125e-05,0.0022596015511383164
dekka,Hindu,0.7824200753130377,0.7824200753130377,0.057166682342078716,0.027952610223885385,0.027448497223089837,7.867837192615912e-05,0.10493345652598236
des,Hindu,0.8509914196141823,0.8509914196141823,0.0016131635017617805,0.00015979861755641522,0.14517664759853305,1.9000948641402636e-05,0.00203996971932492
desaaee,Christian,0.5609436503939605,0.3425782797200328,0.09456713124548775,0.0015043471621290693,0.5609436503939605,1.9981652218793046e-05,0.00038660982617104173
desai,Hindu,0.6158681686099908,0.6158681686099908,0.24171914445263323,0.0008132414498666052,0.14138625822393855,1.2910138561043238e-05,0.00020027712500980793
desale,Hindu,0.7823329746148853,0.7823329746148853,0.027856933729599156,0.00014102188408269306,0.18944058612083062,3.924199253087107e-05,0.00018924165807162113
desamukh,Hindu,0.9638234942004394,0.9638234942004394,0.006461915581261434,0.003521641086401276,0.02560261914479827,7.714292559005231e-06,0.000582615694540519
desapaamde,Hindu,0.954883500398926,0.954883500398926,0.017494890460919843,0.0007455759045163621,0.024504340805630284,0.00011882568208062991,0.002252866747927019
desaraaj,Hindu,0.6899787526020472,0.6899787526020472,0.030087400761028022,0.0010270349861266534,0.27775838365183664,0.00011585563889483827,0.00103257236006665
deshmukh,Hindu,0.9776308336531944,0.9776308336531944,0.01220158782213787,0.005883894018722203,0.003858119297842682,1.5740797710217453e-05,0.00040982441039253147
deshpande,Hindu,0.8680842603664538,0.8680842603664538,0.0061951022309778584,0.0011736046868196864,0.022017264563213377,0.0002956915750149525,0.10223407657752034
deshraaj,Hindu,0.8635201859520559,0.8635201859520559,0.000619590403120221,5.0233986835422574e-05,0.005920245596157234,2.7472638308789855e-05,0.1298622714235225
dev,Hindu,0.8844617380241534,0.8844617380241534,1.8919731585956366e-06,0.00030053154805292014,0.010593508828739925,3.814878065057054e-06,0.1046385147478302
deva,Christian,0.5267269838023217,0.4646858845125462,4.502003845925696e-06,8.759570209261964e-05,0.5267269838023217,1.5725503653368983e-05,0.008479308475540103
devaa,Christian,0.9727069595764083,0.026616595982375212,9.899150143553472e-06,3.4489763682648486e-05,0.9727069595764083,3.964321902116061e-06,0.0006280912054879483
devaaraam,Christian,0.8876286181214949,0.11088800878208559,0.0003156730922449924,0.0002490902597603224,0.8876286181214949,2.1314116072746053e-05,0.0008972956283414414
devaaram,Hindu,0.509459706372669,0.509459706372669,9.632893833380075e-05,0.000404826947755223,0.4769683418124319,0.00015484407320687457,0.012915951855603095
devadas,Christian,0.9038269469496093,0.09565075960210988,0.00010158022685386524,0.0002056980999674127,0.9038269469496093,6.041148921988739e-06,0.00020897397253745329
devakar,Hindu,0.8601503803635905,0.8601503803635905,0.00079794432723576,0.001349230137649797,0.13368500150675414,4.5234922161569044e-05,0.0039722087426082645
devakate,Hindu,0.7622405841001083,0.7622405841001083,0.00649220229288409,0.0014978363526560125,0.22695708472034587,7.883217323637527e-05,0.0027334603607693706
devakee,Christian,0.5298101208610386,0.4518718623558914,0.012756548948526788,0.003470368547970715,0.5298101208610386,1.5300284053476327e-05,0.002075799002519082
devan,Hindu,0.6002313862393539,0.6002313862393539,3.7258010845955225e-05,0.00019905375408741266,0.3891631373265484,8.839479938274292e-05,0.010280769869781633
devanaaraayan,Hindu,0.5660708958676484,0.5660708958676484,0.00018023925082330677,0.000234060454255143,0.4331434306249768,6.875662361967831e-05,0.0003026171786767891
devanthee,Hindu,0.5359425483950834,0.5359425483950834,0.0008679643379209123,0.0037258234631754707,0.4581933836528152,9.45388272472611e-05,0.001175741323757757
devar,Hindu,0.5911171044824693,0.5911171044824693,1.1511466023204181e-05,0.00011193247077975917,0.4081066529070514,1.4715809081223258e-05,0.0006380828645952458
devaraaj,Christian,0.71662950867073,0.2820876255216772,0.00031199965811743634,0.0003057499409100553,0.71662950867073,3.472307416958798e-05,0.0006303931343957607
devaraj,Hindu,0.5993553599193292,0.5993553599193292,0.00010477617277461033,0.00023167609191652145,0.3999656786202828,3.1898104952410835e-05,0.00031061109074437786
devare,Hindu,0.674468915204196,0.674468915204196,0.0001253010684266322,0.00016432202102460754,0.3250486589651261,2.5294179045131588e-05,0.00016750856218119395
devassy,Christian,0.9990501368322,0.0008352700018863213,2.944245222010262e-05,8.404906568247916e-05,0.9990501368322,6.009188357453872e-08,1.0415561274263732e-06
devee,Hindu,0.8565756528672595,0.8565756528672595,0.0015239663993184011,0.0015780885311760893,0.13349901375059722,2.0575592507299707e-06,0.006821220892398218
deveelaal,Hindu,0.6636407596737036,0.6636407596737036,0.004081767341515351,0.000516493542657704,0.3315316258758735,6.91024987119282e-06,0.00022244331637854693
deveesimh,Christian,0.5826488515253675,0.40778796073556645,0.007131882538555848,0.0021865163804917413,0.5826488515253675,1.8063084275201942e-06,0.00024298251159087932
devemdr,Hindu,0.8939193682810836,0.8939193682810836,0.04129847281079036,0.004604606706780295,0.04100138444823045,7.863076012435475e-05,0.019097536992991018
devendr,Hindu,0.7540521821572643,0.7540521821572643,0.0021240081335528794,0.00440372745309999,0.23582866685719733,0.00016125224044583736,0.0034301631584396407
devendra,Hindu,0.7243170656617822,0.7243170656617822,0.0020562931806127034,0.0031339208876633774,0.26608498468580816,0.00045927731753948046,0.003948458266593837
devendran,Hindu,0.9040291024636379,0.9040291024636379,0.001962172917682761,0.0012631600929860914,0.0905283808115146,0.0001683945237119717,0.0020487891904668702
deves,Hindu,0.5646882789158048,0.5646882789158048,0.000700097620498772,0.0005678630484442409,0.4312208969195932,1.0120531143147405e-05,0.002812742964515812
devi,Hindu,0.9854540811081528,0.9854540811081528,2.10989591420126e-05,0.001710825083666292,0.007213636740875645,3.3537380076532436e-05,0.005566820728086695
devidas,Hindu,0.9910859394548661,0.9910859394548661,0.0003182817024483886,0.0006563444442792865,0.007772073273772527,4.986111544287009e-06,0.0001623750130896302
devidin,Hindu,0.9016800388994705,0.9016800388994705,0.023709693422542907,0.0036129341413338647,0.07056765425204481,0.00012350286995973126,0.0003061764146481776
devilal,Hindu,0.9647535036507022,0.9647535036507022,0.003102318459461594,0.0012107059043820008,0.03069399128595017,2.992805732898192e-05,0.0002095526421751714
deviram,Hindu,0.9832408107567069,0.9832408107567069,0.001197429779318556,0.0008343980659191116,0.004315595294437699,3.578439949278278e-05,0.010375981704125063
devisimh,Hindu,0.8531428213159575,0.8531428213159575,0.020107848750284714,0.014545215287379345,0.11194580567265282,1.3435526927832374e-05,0.00024487344679739297
devji,Hindu,0.9426726478101284,0.9426726478101284,0.006924333772719373,0.002527664266974256,0.028246346690533643,2.7095373234557248e-05,0.01960191208640995
devkaran,Hindu,0.9811550906873722,0.9811550906873722,0.0018133228970338745,0.0009973328745801597,0.013719407747140198,3.981920477207577e-05,0.002275026589101518
devlal,Hindu,0.9523171052876468,0.9523171052876468,0.007345276530050984,0.0020408020455489556,0.037134473028212135,5.982965609155859e-05,0.001102513452449735
devnarayan,Hindu,0.9355776135935115,0.9355776135935115,0.00023211443163642567,0.000248821466686875,0.06331460355592725,0.000320581311642448,0.000306265640595231
devnath,Hindu,0.9930281412302876,0.9930281412302876,0.0006825947990138837,0.000962205515207216,0.004291762635243176,1.085883722428851e-05,0.0010244369830235823
dew,Hindu,0.9390427103703002,0.9390427103703002,0.004211962163197485,0.0022399234596014173,0.05066078423710344,5.51416407885733e-06,0.0038391056057188737
dewi,Hindu,0.7558836920768446,0.7558836920768446,0.054981839780173736,0.01768689699252757,0.16988417254202962,2.5593386017703656e-05,0.0015378052224066965
dhaamde,Hindu,0.9289107495813156,0.9289107495813156,0.051197848847721154,0.0030930593893010346,0.011544921342686986,2.2802033271558915e-05,0.005230618805703766
dhaapoo,Hindu,0.8684879975754911,0.8684879975754911,0.004133162376383186,0.010910346616570267,0.11612380350174287,0.00017253009077864554,0.00017215983903391894
dhaapoobaaee,Hindu,0.5328811696409076,0.5328811696409076,0.12793858861994412,0.022195514626903168,0.3160225360172641,0.0002169169030311236,0.0007452741919498014
dhage,Hindu,0.9709282985477887,0.9709282985477887,0.0030405975077595487,0.0041491616889767395,0.02135712203370871,6.254495405239239e-05,0.000462275267714083
dhakad,Hindu,0.9968355788201394,0.9968355788201394,0.0018252970460403376,0.0003415402298026803,0.0005270804161779028,1.8596753458348223e-05,0.00045190673438145687
dhala,Hindu,0.998602968335505,0.998602968335505,8.752190234160658e-05,0.00010055586202435737,0.0011822605685018112,4.734496119647054e-06,2.1958835507899735e-05
dhali,Hindu,0.986271084676079,0.986271084676079,0.007810984798210489,0.00105990946463619,0.004843038859269545,5.16807888922597e-06,9.8141229157459e-06
dhamendr,Hindu,0.9579752683753967,0.9579752683753967,0.02685366582474733,0.0026855706172984935,0.011232046149645092,0.0002527451662116688,0.001000703866700796
dhan,Hindu,0.9989126834964327,0.9989126834964327,3.95035531939661e-06,5.2824329610224864e-05,3.6665333726932566e-05,0.0002784279250238037,0.0007154485598870251
dhanagar,Hindu,0.9927982001517293,0.9927982001517293,0.00021937258845055615,0.0002602511787015397,0.005668349966787633,0.0007530803622668919,0.0003007457520643104
dhanalakshmi,Christian,0.602358928115678,0.37863264996296453,0.007086349710716699,0.011788634002963639,0.602358928115678,3.1969367940053525e-05,0.00010146883973706329
dhanamjay,Hindu,0.9391543392405863,0.9391543392405863,0.012149384203163369,0.0009822871228548399,0.04733307315271876,0.00011108795825604875,0.00026982832242066764
dhanapal,Hindu,0.9730447284365036,0.9730447284365036,0.00045023699870466434,0.0003260030721960174,0.0026201234603161747,0.02342947303597546,0.00012943499630400378
dhanapathi,Hindu,0.996607103497472,0.996607103497472,0.00020405704388786776,0.0001355561407206183,0.0005473929677979953,0.0009213737631356535,0.0015845165869858774
dhanaraaj,Hindu,0.9571785757173303,0.9571785757173303,0.0011501794279602715,0.0002727010719046003,0.04045074495023106,0.0002551542765830616,0.0006926445559904925
dhanasekaran,Hindu,0.9266830450015165,0.9266830450015165,0.0005503958655389444,0.00014221055920811705,0.07180843942690063,2.233519918112572e-05,0.0007935739476545113
dhanasyaam,Hindu,0.7752931881899405,0.7752931881899405,0.002686454685126463,0.0005959400631160997,0.22127258951683873,3.237212320040691e-05,0.00011945542177768168
dhanavade,Hindu,0.9953583229382698,0.9953583229382698,0.00012895905980759054,3.666670188236267e-05,0.0022620766014189355,0.0016445741155323066,0.0005694005830891127
dhande,Hindu,0.9840071144569517,0.9840071144569517,0.0002610066017112576,0.00022501325566725674,0.000836370635055961,0.0024757481380403806,0.01219474691257336
dhanee,Hindu,0.6586840580019246,0.6586840580019246,0.24999654184675568,0.0021255434039167383,0.08385631756710353,0.00019939961012453518,0.005138139570174937
dhaneeraam,Hindu,0.8148198806019945,0.8148198806019945,0.11604609989800936,0.0014316210134957322,0.06597585562171815,6.812489529237027e-05,0.0016584179694899162
dhanesbar,Hindu,0.9891337486422038,0.9891337486422038,0.003735091830500895,0.0001659131663532588,0.005578651532057619,0.0003703180759784863,0.0010162767529057041
dhanesvar,Hindu,0.9714339200992366,0.9714339200992366,0.0009053731462788316,9.578877969444025e-05,0.026924405976575926,0.00020346448096404796,0.00043704751725010953
dhani,Hindu,0.9939172135152126,0.9939172135152126,0.0006703292511738462,0.0003421125007487082,0.0046442406629737185,0.00024431414205052334,0.0001817899278407405
dhaniram,Hindu,0.992376058929402,0.992376058929402,0.0014603145838496781,0.00039997104264343967,0.0018742393990295529,3.822989093655208e-05,0.0038511861541387906
dhanji,Hindu,0.9868228659257535,0.9868228659257535,0.005234659319908758,0.0008267778531412548,0.0010431124068376503,5.167240347590222e-05,0.006020912090882855
dhanna,Hindu,0.9972680668351895,0.9972680668351895,1.9867981707941536e-06,9.438693227121895e-05,0.0025486526561981256,8.508058370455978e-05,1.8261944657296576e-06
dhannalal,Hindu,0.9749662421029179,0.9749662421029179,0.0010177287524360205,0.0027162620670359116,0.021162726618391706,0.0001257494636760231,1.1290995542440755e-05
dhanraj,Hindu,0.9884940570593895,0.9884940570593895,0.0016160910272403836,0.0011892637227585066,0.0035772307419101104,0.0004763625533979411,0.004646994895303338
dhanshyam,Hindu,0.9952619045204383,0.9952619045204383,0.000627119555697528,0.0022851403165267815,0.0017933328941358716,6.840529914017806e-06,2.5662183287665823e-05
dhansingh,Sikh,0.5503217546691993,0.4489280358092336,0.0005913226590377828,0.5503217546691993,0.00015864325490407813,1.3198344440562012e-07,1.1162418075768933e-07
dhara,Hindu,0.9997584136412397,0.9997584136412397,3.4120270038897284e-07,2.265690645291299e-05,1.9945293811289076e-05,0.00010365462685685868,9.498832893899017e-05
dharam,Hindu,0.9972533434433831,0.9972533434433831,1.0507690625640968e-06,4.521152207747269e-05,1.717960344387014e-05,0.0007764601317943886,0.0019067545302383832
dharampal,Hindu,0.99931207378627,0.99931207378627,3.698155793285817e-05,0.00012558364834496638,0.00014656374584856336,9.872123883236042e-05,0.000280076022771206
dharm,Hindu,0.9977362674006003,0.9977362674006003,4.8257106621854e-06,0.002186146526705714,3.374384462787307e-05,1.7521568707848886e-06,3.7264360532974936e-05
dharma,Hindu,0.9978551427403166,0.9978551427403166,5.405010241521548e-06,0.0020477793866461036,6.863153972599651e-05,8.968566130345871e-07,2.2144466456734258e-05
dharmaa,Hindu,0.992497719947478,0.992497719947478,1.793363680153785e-05,0.0036030835615717513,0.003816176324148803,2.848295214371505e-06,6.223823478551194e-05
dharmaindr,Hindu,0.961538648875001,0.961538648875001,0.0006039659327450222,0.03614077124923621,0.0011461469339026874,0.00036874217025918097,0.00020172483885597773
dharmalingam,Hindu,0.9856279131071825,0.9856279131071825,0.0019007592411341009,0.0017023010439061867,0.01074890502440104,1.8052936779487387e-06,1.8316289698421873e-05
dharmandr,Hindu,0.9890980231209564,0.9890980231209564,0.0017729879132294768,0.0050520185438918995,0.002919355672512817,0.0002573266523821763,0.0009002880970271599
dharmapaal,Hindu,0.9873959304559481,0.9873959304559481,0.0013115288914195293,0.00274935799852679,0.008423973264084223,7.335163493184809e-05,4.58577550894632e-05
dharmaraaj,Hindu,0.9058486166985318,0.9058486166985318,0.0017795039927733464,0.004662736390334415,0.08723254590360797,5.91250163819733e-05,0.00041747199837057923
dharmaraj,Hindu,0.9429747157956209,0.9429747157956209,0.0009115357177570522,0.002727813362183075,0.05315950608738748,4.446289416424938e-05,0.00018196614288706802
dharmaseelaa,Hindu,0.8932698249224851,0.8932698249224851,0.0006525399994649085,0.001252962696652629,0.10481509199644513,1.2517673734913623e-06,8.328617578776788e-06
dharmaveer,Hindu,0.9980576891643613,0.9980576891643613,0.00011351189432440604,0.0008768964271948583,0.000942277628727039,3.2555326459897366e-06,6.369352746246392e-06
dharmendr,Hindu,0.9840352422778309,0.9840352422778309,0.0023131690620378565,0.00829741273173389,0.004921885455340286,0.00011386029204614866,0.0003184301810111637
dharmendra,Hindu,0.9895108914102845,0.9895108914102845,0.001627435204826751,0.0037005689935100863,0.004655358756723398,0.0001842354520699912,0.0003215101825852698
dhavale,Hindu,0.9874622483539258,0.9874622483539258,0.0032389840208043876,0.0002566429833654166,0.006839957774142856,0.002102456959896838,9.9709907864536e-05
dhawale,Hindu,0.9895894048476264,0.9895894048476264,0.0025580949463756644,0.00019175166725613006,0.005448222176173788,3.931580185629538e-05,0.0021732105607115775
dheeraj,Hindu,0.8518772200450393,0.8518772200450393,0.13085296648441563,0.0008877278202937447,0.01630298796662546,1.4916363978742099e-05,6.418131964705912e-05
dheerendr,Hindu,0.8663750181474456,0.8663750181474456,0.09739406158528767,0.0045505640858178745,0.031460572456259085,0.0001240385306667866,9.574519452296399e-05
dhibar,Hindu,0.9777922132598769,0.9777922132598769,0.020123943357103182,0.0010858933097350285,0.0007569158620185254,0.0001106697045065015,0.0001303645067598737
dhiman,Hindu,0.9971122913304048,0.9971122913304048,0.0006791881590456687,0.00022161104657334197,0.0018540919496408395,2.4346145859472914e-05,0.00010847136847572962
dhobi,Hindu,0.9778505441342971,0.9778505441342971,0.019809289994259387,0.00016710110344941484,0.0018931381091856394,8.957010473954643e-06,0.00027096964833476145
dhoke,Hindu,0.9279069375687576,0.9279069375687576,0.015344932785230811,0.0018763148935154199,0.010350163267287191,7.221038187464307e-05,0.044449441103334174
dhole,Hindu,0.9492792139596447,0.9492792139596447,0.033756661959707036,0.00023529564973330465,0.016493840282776156,7.859730683322145e-06,0.00022712841745549804
dhoole,Hindu,0.9339339543642744,0.9339339543642744,0.04923514430485614,0.0003476990486639116,0.016357688130935574,6.294468075081679e-06,0.00011921968319474023
dhoolee,Hindu,0.7120511159820507,0.7120511159820507,0.2608057545504083,0.0006662556519340375,0.02635182829769778,3.6988647861476063e-06,0.00012134665312297588
dhoote,Hindu,0.9583866090284394,0.9583866090284394,0.0225040393493165,0.009280826709595714,0.008597258749909027,3.304956181321833e-05,0.0011982166009261441
dhoothre,Hindu,0.973635124168807,0.973635124168807,0.01152102177369591,0.005879203987597273,0.008534766550309167,2.4250777686524895e-05,0.000405632741904127
dhote,Hindu,0.9689044005325055,0.9689044005325055,0.011583305256387616,0.0019462092468140663,0.011532523606463835,4.431321773635926e-05,0.005989248140092261
dhotre,Hindu,0.9902839728349595,0.9902839728349595,0.002993093935436289,0.0011159377141386796,0.005119713180201354,1.933040994480527e-05,0.0004679519253194166
dhula,Hindu,0.9645846337540768,0.9645846337540768,0.016599766468006347,0.010993398655619713,0.000983785347189831,5.09294566242039e-05,0.006787486318483047
dhumaal,Christian,0.4694613525756037,0.2761998843940014,0.21893784257949597,0.023368082112124263,0.4694613525756037,0.00015612246356205156,0.01187671587521277
dhumal,Hindu,0.6193023100113206,0.6193023100113206,0.22771009754547453,0.02780769127901157,0.10527998722596445,0.00023548683079208072,0.019664427107436745
dhurve,Hindu,0.9961914083465644,0.9961914083465644,0.0012736748594399398,0.0006627025931794415,0.00181786139511177,3.790518427743725e-06,5.0562287276688265e-05
dibaakar,Hindu,0.9722583212711637,0.9722583212711637,0.01351807996069396,0.0010190193525240472,0.012019323357305638,5.5294159126528756e-05,0.0011299618991863162
digala,Hindu,0.8605427317079039,0.8605427317079039,0.04090726019852478,0.0011855676568100389,0.09695045834785303,9.004411967578704e-05,0.00032393796923262417
digar,Hindu,0.9320421897343735,0.9320421897343735,0.020730692713177092,0.0009719648398746234,0.04512832750562639,4.442088521027072e-05,0.0010824043217383579
dighe,Hindu,0.9520855467175842,0.9520855467175842,0.018330705215203906,0.0018279161303157202,0.027729390206170993,7.412243115226818e-06,1.9029487609934042e-05
dikshit,Hindu,0.9356707463380264,0.9356707463380264,0.05454544966178354,0.003975649478003527,0.005622655468883288,5.3106744925568715e-05,0.0001323923083778689
dilabaag,Hindu,0.7773489280346536,0.7773489280346536,0.12036437117110316,0.0013580093025580778,0.09982218340903495,3.60092709569004e-05,0.001070498811693394
dilasaad,Hindu,0.827055803153458,0.827055803153458,0.009563141628633738,0.00012369289075513744,0.16319841842296542,6.828510250649428e-06,5.21153939371111e-05
dileep,Hindu,0.6502165749824375,0.6502165749824375,0.04646082672399302,0.0021203279633244215,0.301133850490384,1.4212044469774238e-05,5.420779539125666e-05
dilip,Christian,0.87524772639153,0.12226998856776518,0.002088032633581813,0.00017015422574866507,0.87524772639153,2.3542760112918642e-06,0.00022174390536296919
dilshaad,Hindu,0.6618264760396503,0.6618264760396503,0.1685674436922751,0.004534399066246819,0.16438316692662538,8.885617421659897e-05,0.0005996581009858011
dimpal,Hindu,0.99463890234365,0.99463890234365,0.0031001412656193115,0.00040365500790657795,0.0017214015439344938,5.9511426439570315e-05,7.638841245001135e-05
din,Muslim,0.8499556217353251,0.14959768438988247,0.8499556217353251,0.00017845747965460288,0.00018574086459164973,8.209848428042852e-05,3.970462657351819e-07
dinabandhu,Hindu,0.9166968266883102,0.9166968266883102,0.08074258590482991,0.001278225119295267,0.0010043866760190273,7.223115052454039e-05,0.00020574446102097338
dinanath,Hindu,0.992128245102684,0.992128245102684,0.006378932368031148,0.0003672970901364035,0.000919840292773201,8.79949917671716e-05,0.00011769015460776984
dines,Hindu,0.7722307842572588,0.7722307842572588,0.16878022266123555,0.00011734818545450726,0.05630625045635175,0.002546245765639986,1.914867405937184e-05
dinesakumaar,Hindu,0.6242515793123293,0.6242515793123293,0.040337197565778665,0.0018673100668139247,0.3324672242280806,0.001002252888496458,7.443593850090155e-05
dinesh,Hindu,0.9290983275947681,0.9290983275947681,0.04336660135838112,5.398674378995194e-05,0.012404178705205025,0.015033217546029945,4.368805182578177e-05
dineshkumar,Hindu,0.9377542472875967,0.9377542472875967,0.019625952835096126,0.00041997864602809994,0.03847520493445987,0.0036021461804892413,0.0001224701163299607
dip,Hindu,0.9952486488333252,0.9952486488333252,0.0005565181967080073,5.0698714170935966e-05,0.004104635643607944,2.225636353570607e-05,1.724224865221523e-05
dipaalee,Hindu,0.6863314022956921,0.6863314022956921,0.048810674016785426,0.00042349359542711803,0.26422973652547627,6.055139949659375e-05,0.00014414216712240583
dipak,Hindu,0.993570290905501,0.993570290905501,0.0030966660806972524,0.0004230158782592174,0.002772426698743375,2.9003246315623026e-05,0.00010859719048321532
dipika,Hindu,0.9695152422081377,0.9695152422081377,0.018999542664001084,0.0012624391608057292,0.010089310036819486,4.0946694546952073e-05,9.251923568897619e-05
dis,Hindu,0.9594113616665659,0.9594113616665659,0.027093441343883105,0.00012674132726936958,0.013362070624784355,1.239134721470572e-06,5.145902775763992e-06
disoojhhaa,Hindu,0.8430531625130573,0.8430531625130573,0.11407041337502699,0.012642427811761706,0.030001722189594515,4.519121200290529e-06,0.00022775498935936244
divaakar,Hindu,0.8359689845496857,0.8359689845496857,0.0019769597802194497,0.0003000040527279265,0.1608741939965404,5.824264373488662e-05,0.0008216149770915591
divaan,Hindu,0.8762454200487683,0.8762454200487683,0.0026737030557630864,0.0001388852313700576,0.12062096420742971,5.5602300878135964e-05,0.000265425155790994
divakar,Hindu,0.9889147212743028,0.9889147212743028,0.0008860288256902153,0.00013004976233082257,0.00984884853422511,1.852476694145187e-05,0.00020182683650951606
divakaran,Hindu,0.992322339425961,0.992322339425961,0.0003669057036201485,6.665244224996968e-05,0.007053475288060944,1.2946987547621137e-05,0.00017768015256026585
divya,Hindu,0.9739842360542721,0.9739842360542721,0.005237455437719488,0.0004395584196343019,0.020297281902699166,1.0886214127321558e-05,3.0581971547598296e-05
divyaa,Hindu,0.8891614878633797,0.8891614878633797,0.0068767568062407984,0.0005979837936830823,0.10329704040501428,1.6195210187349398e-05,5.0535921494733665e-05
dkhar,Hindu,0.9233231492852187,0.9233231492852187,0.06976049498331638,0.005661349967587029,0.0002828436035898661,2.5090890341683208e-05,0.0009470712699463621
dod,Hindu,0.9951345416657865,0.9951345416657865,0.0023568340990731754,0.0003754194306434869,0.0004236765456189004,0.00029548062727844537,0.001414047631599396
dodamani,Hindu,0.7760329659147465,0.7760329659147465,0.0032183078397928365,0.00025232152975568773,0.21982272363495403,0.00022650199677940423,0.0004471790839713914
doloi,Hindu,0.869741604818111,0.869741604818111,0.0737085914591947,0.009619831529578808,0.046565968702155916,9.21110144858557e-05,0.0002718924764736119
dolui,Hindu,0.8530093409602068,0.8530093409602068,0.09968444134239676,0.0017009262810755463,0.044923532677548665,3.1328642596238355e-05,0.0006504300961758915
dom,Hindu,0.8883583972769566,0.8883583972769566,0.039820635490968495,0.001494432171629266,0.03327973697668866,3.1187761564715375e-05,0.03701561032219229
dongare,Hindu,0.9599508884991842,0.9599508884991842,0.004916686063237016,0.0007103594157939158,0.03269878986265684,3.519004353975273e-05,0.0016880861155881464
doo,Hindu,0.7740857622411771,0.7740857622411771,0.13729410758802357,0.0617026031762494,0.02545950214804893,0.00010847225952209986,0.0013495525869788051
doodeeyaa,Muslim,0.42484524009468544,0.4159355269935965,0.42484524009468544,0.029698528460938692,0.12887044004126805,4.4631316475747694e-05,0.0006056330930353576
doolee,Muslim,0.5790887538450672,0.3680771812377567,0.5790887538450672,0.003054742607197206,0.04960902320418314,1.1504623172786715e-05,0.00015879448262293844
doomgare,Hindu,0.8791029104892161,0.8791029104892161,0.035885325625893,0.0058327708862012835,0.07708235103503672,0.00020874967422304988,0.0018878922894296653
doosee,Christian,0.9731642085905325,0.006845692585486217,0.0058755365452027525,0.014109396613865276,0.9731642085905325,6.395125811508798e-07,4.526152332104497e-06
dora,Hindu,0.9945129082526087,0.9945129082526087,0.0023054124495562366,0.00019215946259240653,0.002829343799371355,5.135759027610727e-05,0.00010881844559513992
doshi,Hindu,0.752165979268827,0.752165979268827,0.04646051783769167,0.0101483308738625,0.15132523176448703,0.03922153283169635,0.0006784074234353804
doulath,Hindu,0.8924443483709494,0.8924443483709494,0.08392556012772094,0.009549532635141536,0.01277436274539375,2.4005024702924745e-05,0.0012821910960916286
douloi,Hindu,0.7422073719878145,0.7422073719878145,0.16335641660097344,0.04841757918564287,0.04540375128039266,0.00010438943689507954,0.0005104915082814363
droopadee,Hindu,0.9509347792844167,0.9509347792844167,0.03726800500283654,0.006302617590710049,0.004580425549353847,0.0001667493526214233,0.0007474232200614451
droopathee,Hindu,0.8597774560751218,0.8597774560751218,0.0476307408005216,0.03147899721631311,0.060708931738031616,7.30477948615646e-05,0.00033082637515050316
duasaasana,Hindu,0.6358421928300704,0.6358421928300704,0.0099188328978115,0.0003780676010516868,0.3537099504503345,7.312031781510302e-05,7.783590291682356e-05
dube,Hindu,0.9661181894484859,0.9661181894484859,0.023379281753183125,0.00037917157801571605,0.007260460762601614,0.0026115994175622175,0.0002512970401511971
dudekula,Hindu,0.8961949971260457,0.8961949971260457,0.056527998463617696,0.0039129370361213845,0.035573580026321605,7.36730261652139e-05,0.007716814321728594
dugee,Hindu,0.4046980069202547,0.4046980069202547,0.1811746215346882,0.010516536513312353,0.40317732752048097,0.0001653981325650169,0.0002681093786987423
dukhanee,Muslim,0.9024966722383847,0.09184045996660334,0.9024966722383847,0.0019051318379137015,0.002377837351714078,2.1226786652166932e-05,0.0013586718187321256
dukhi,Muslim,0.662428024249474,0.3203356509605517,0.662428024249474,0.012226247159850025,0.0030837272317273596,4.642173218763894e-05,0.00187992866620937
dulaaree,Hindu,0.7513084026520283,0.7513084026520283,0.08590027314471295,0.006395175365795702,0.1560362860864564,6.625246071455437e-05,0.0002936102902920432
dulare,Hindu,0.9926059856078006,0.9926059856078006,0.0047918280926152355,0.0007223221975280338,0.0017685543652964668,3.1617167502791374e-05,7.96925692568071e-05
dulari,Hindu,0.9686461805210499,0.9686461805210499,0.024019135618483654,0.0010123744850344544,0.006156794227507372,2.7410623338012568e-05,0.0001381045245866741
dule,Hindu,0.9732448670569064,0.9732448670569064,0.02490648672881187,0.0005349143229400807,0.0012329653393976078,1.954038627120903e-05,6.122616567295918e-05
dulichand,Hindu,0.9597777033114427,0.9597777033114427,0.029033234067294404,0.0014072755602601466,0.009242002040072885,0.00023658593461862402,0.00030319908631096037
durai,Hindu,0.9992326326367621,0.9992326326367621,0.00024594225925843885,0.00014604177117421993,0.00029486789286556613,1.0815776245788987e-05,6.969966369383916e-05
durairaj,Hindu,0.992641451022937,0.992641451022937,0.004263555119481969,0.0003164434488188414,0.002560224677781909,2.0340068970707348e-05,0.00019798566200963878
duraisamy,Hindu,0.9992808483126416,0.9992808483126416,0.00043943241662134427,6.448096756347347e-05,0.00020873783661662853,4.740540021258997e-07,6.026412554738464e-06
durga,Hindu,0.9997171584083611,0.9997171584083611,0.00011448136650737212,6.245204439758206e-05,7.184457367574013e-05,1.650682139970155e-05,1.7556785658511084e-05
durgaa,Hindu,0.9975704974421237,0.9975704974421237,0.0004190283129417267,0.00015614812789419322,0.0017722232037837172,3.367761810626528e-05,4.842529515070218e-05
durgaabaaee,Hindu,0.9182134595774898,0.9182134595774898,0.04206539359287827,0.001456093275330488,0.0378504575876409,4.585346295926338e-05,0.0003687425037014407
durgaavathee,Hindu,0.9530378705549025,0.9530378705549025,0.0010722525684306017,0.0005242342250649472,0.04527756150807653,2.9295653646181296e-05,5.878548987946294e-05
durgaprasad,Hindu,0.965452114346545,0.965452114346545,0.001969192079457325,0.00034196052087123003,0.032155490531209314,4.816611378979093e-05,3.3076408127606634e-05
durges,Hindu,0.9002076288883039,0.9002076288883039,0.003860647767924478,0.0008843828951588035,0.09497098434632807,3.0426136700788638e-05,4.592996558379466e-05
durjan,Hindu,0.9956515091560517,0.9956515091560517,0.002358334291959319,0.0005397780005769623,0.0014050321062356133,3.3774992465154635e-06,4.196894592998798e-05
dutta,Hindu,0.9978028489722529,0.9978028489722529,0.001230682961701875,0.0007046462120411019,0.00012310263418375292,9.038040578087818e-05,4.833881403948464e-05
duyoudhana,Hindu,0.9934985181165705,0.9934985181165705,0.0005830613717478208,0.003039479907712657,0.0026947310757330914,3.0073975131921277e-05,0.00015413555310377522
dvaarikaa,Hindu,0.8030229676084235,0.8030229676084235,0.008021340479683598,0.0006529446233061232,0.18796984831801472,0.00016101684966744027,0.00017188212090439903
dwarika,Hindu,0.9962064931545285,0.9962064931545285,0.0022516779286104317,0.0005104224298066298,0.0009500847200120372,1.1172025997810798e-05,7.014974104466013e-05
dwivedi,Hindu,0.9933891053554432,0.9933891053554432,0.0014737290427440605,0.0001844526813338756,0.004931569991265798,1.7921809324216691e-06,1.935074828055638e-05
eakesh,Hindu,0.7965931789604017,0.7965931789604017,0.014381916139343937,0.001320398696564829,0.18634751328542706,0.0009377524429232464,0.00041924047533919534
eamesh,Hindu,0.48953170112074995,0.48953170112074995,0.002202539210797219,0.0008509622195886011,0.4795594630625763,0.011978339443118215,0.015876994943169877
eekha,Muslim,0.9372712111631591,0.05756237680823985,0.9372712111631591,0.0015610433390317276,0.003350632428077169,5.294873093462357e-06,0.00024944138839853326
eesvar,Christian,0.6822464513170927,0.3084945155601652,0.008705752827153248,0.0004629748068742785,0.6822464513170927,4.183747929712756e-05,4.846800941733057e-05
ehan,Hindu,0.642642136138171,0.642642136138171,0.3312306096377396,0.0029477739590566356,0.022307716071711135,0.00048641297226010465,0.0003853512210617099
ehatoon,Muslim,0.6476909783507578,0.33257910964728965,0.6476909783507578,0.006140266451095426,0.013498679496140219,2.0655729605933634e-05,7.031032511096031e-05
ejaaj,Christian,0.7059799602430417,0.0642596361098622,0.22753543817086497,0.001958393622696223,0.7059799602430417,1.4003712882050826e-05,0.0002525681406528625
ekambaram,Hindu,0.9869146139786361,0.9869146139786361,0.0005004950166021953,3.9311352580668624e-05,0.0004907375681315571,0.0001793800405258323,0.01187546204352368
ekathaa,Christian,0.7437906905772962,0.2253881392213717,0.014123865674467386,0.0013528092350571421,0.7437906905772962,8.671268606533089e-06,0.015335824023200982
ekka,Hindu,0.6716876817869867,0.6716876817869867,0.15937988214843285,0.03869178788169062,0.11765565088083839,7.889883864077415e-05,0.012506098463410652
ellamma,Hindu,0.990092873968617,0.990092873968617,0.002000533009277408,0.00024309754843683754,0.007663085057896618,8.414160668518703e-08,3.2627416513642285e-07
ellappan,Hindu,0.9965018154290951,0.9965018154290951,0.00021618653471727428,2.502707620436252e-06,0.0032616543845506727,1.7817284195344703e-05,2.3659821190498925e-08
enkateshwarlu,Hindu,0.9719441862480076,0.9719441862480076,0.00025497182412190667,4.792697131544454e-05,0.027650318678583453,9.051914615921789e-06,9.35443633557289e-05
eomar,Christian,0.9725658258213502,0.02692562203588624,0.00027451754046069595,1.036830807738133e-05,0.9725658258213502,8.620565086293457e-07,0.0002228042377167721
eswaran,Hindu,0.9529020190212355,0.9529020190212355,1.4612334426599149e-05,9.506163201669397e-05,0.046975284774563794,1.1705238360922435e-06,1.1851713921175377e-05
eumar,Christian,0.8473766571386686,0.14973247094411393,0.0026126475127049155,0.00011258713979458377,0.8473766571386686,9.570247837297739e-05,6.993478634503876e-05
ewmar,Hindu,0.7208705446266701,0.7208705446266701,0.007610444306584745,0.001673386138777573,0.2697121534369952,3.240624513508935e-05,0.0001010652458374434
ezhumalai,Hindu,0.9093001349226166,0.9093001349226166,0.01854712787547621,0.0024114396859355727,0.06833475046723618,9.480419900665308e-06,0.0013970666288346185
fafa,Muslim,0.9998375668191419,0.0001595533143757673,0.9998375668191419,2.29681906472165e-06,5.43231702378429e-07,1.2216333090290344e-08,2.759938228808697e-08
fakir,Muslim,0.9864084900412139,0.01355407249536509,0.9864084900412139,3.046228692707461e-05,6.434553238611382e-06,3.6890809038093525e-08,5.037324462103616e-07
fam,Muslim,0.9912027313027651,0.008711287366707936,0.9912027313027651,5.613605668739865e-05,2.6332057532874008e-05,2.0389006223716186e-07,3.3093262445865247e-06
fareed,Muslim,0.9247025157093963,0.06717636718724285,0.9247025157093963,0.0012313895012583834,0.0068725912398139855,4.804931591092572e-06,1.2331430697426667e-05
farid,Muslim,0.959081045516797,0.04063567977461205,0.959081045516797,3.741611186833561e-05,0.00023893105997390985,1.928968841018933e-06,4.998567907683723e-06
faruk,Muslim,0.982909234972742,0.01661572765729312,0.982909234972742,0.0001248211234364422,0.00032129457789051633,7.149204563376315e-07,2.820674818135659e-05
farukh,Muslim,0.9862113111176244,0.013221511588484105,0.9862113111176244,0.0003564801610843964,0.00016171248044515062,6.927301261997568e-07,4.8291922235607565e-05
fathima,Muslim,0.3936638905510872,0.232752805055555,0.3936638905510872,0.36679974766527,0.006367284324628208,2.398007221049373e-05,0.00039229233124893733
fatima,Muslim,0.8865613962520533,0.11038730451500842,0.8865613962520533,0.000678245762090444,0.002332014657185337,2.871157001922512e-05,1.232724364317534e-05
fatma,Muslim,0.9079257603571097,0.062138335284409804,0.9079257603571097,0.025551955020993687,0.003391404724028183,4.103156881950915e-05,0.0009515130446391602
faujdaar,Hindu,0.6565063729958635,0.6565063729958635,0.30987688534269797,0.0049088781196260315,0.02808102174381798,6.048812295058057e-05,0.0005663536750440326
fernandes,Hindu,0.9043592155123564,0.9043592155123564,0.04981010891872351,0.0026407999200282117,0.0424307221582907,0.00012159687153365031,0.0006375566190675781
firoj,Muslim,0.9046016658655928,0.09125761447312881,0.9046016658655928,0.00037339151101979315,0.003686728482779617,2.9328459448126293e-06,7.766682153417325e-05
francis,Christian,0.9989580137630175,0.0006231833678558584,0.0004014687020576024,1.651834917393798e-05,0.9989580137630175,9.302800743286274e-08,7.227898877978677e-07
fre,Muslim,0.8929486388942358,0.08563848282922285,0.8929486388942358,0.0005026979941221248,0.02088375214004165,1.157348313952345e-05,1.4854659237836673e-05
furkan,Hindu,0.8046435518652792,0.8046435518652792,0.19269032116472104,0.0007100854461678252,0.0017384161099194548,1.3033953328420719e-05,0.00020459146058388752
gaade,Hindu,0.7615421527928634,0.7615421527928634,0.006895383631740468,0.0010278056099406131,0.20839028568628776,5.9361513271478335e-05,0.02208501076589613
gaadekar,Buddhist,0.6176555340292219,0.33354606132680364,0.0006934487247042925,0.00042579424802308494,0.047650353011087075,2.8808660160057634e-05,0.6176555340292219
gaadhave,Hindu,0.8957898171547714,0.8957898171547714,0.00022093743832393007,0.00022615716502303291,0.10356621389728488,6.652637942493015e-05,0.00013034796517212243
gaamdhee,Hindu,0.6570863117831741,0.6570863117831741,0.2704129656591759,0.00683545833109201,0.0645581109944271,1.474526660436671e-05,0.0010924079655264686
gaameeth,Hindu,0.47202391712762204,0.47202391712762204,0.2935679761947547,0.00938562638869593,0.2237060514811876,2.7793903987139054e-05,0.0012886349037526264
gaamgurde,Hindu,0.7030587053167832,0.7030587053167832,0.00744434450346219,0.2529722244522645,0.034455586384726115,4.518815710621593e-05,0.0020239511856578432
gaavade,Hindu,0.8422079157574808,0.8422079157574808,0.0016570772527754961,0.00018467304478301575,0.15344862052579625,0.0003204956472468294,0.002181217771917595
gaavamde,Hindu,0.9776349080890446,0.9776349080890446,0.0033699116397407536,0.00018712417263909317,0.014472963209963295,6.201519962824809e-05,0.004273077688984022
gaaveeth,Hindu,0.5834991802022942,0.5834991802022942,0.0012978236031252976,0.002384515866568824,0.41276999118137053,2.1010763117513114e-05,2.7478383523552482e-05
gaavith,Hindu,0.6971460691159057,0.6971460691159057,0.0027701025385808847,0.004353400513213675,0.29485470751890375,0.0001771112759439637,0.0006986090374520425
gaayakar,Hindu,0.9534802307612081,0.9534802307612081,0.001609494162777564,0.000981777807131857,0.04374212058044713,1.289844872451607e-05,0.0001734782397105094
gaayakavaad,Hindu,0.8240622372381631,0.8240622372381631,0.003036019811479646,0.000419631729473931,0.17223090517544135,0.00011338649454349992,0.00013781955089873298
gaayathree,Hindu,0.7617339196692892,0.7617339196692892,0.0027990792821959076,0.013956610653526975,0.22132322983618258,8.963792158599928e-06,0.00017819676664686533
gaaythree,Hindu,0.8473834128038218,0.8473834128038218,0.009770316118780315,0.004187858598313428,0.13849852994885084,1.1553362532926111e-05,0.00014832916770089234
gadaadhara,Hindu,0.9947304799224522,0.9947304799224522,0.00010618371469915295,0.00011828256341444977,0.004757067201503252,4.3616146869160555e-05,0.00024437045106188955
gaddam,Hindu,0.9576191001551246,0.9576191001551246,0.009943970284767754,0.0004399969318572278,0.030565804602394515,0.0007568259322237871,0.0006743020936321139
gade,Hindu,0.6853139495432906,0.6853139495432906,7.65699566217747e-05,3.452894302797457e-05,0.0003382517926744424,7.143346365584728e-06,0.31422955641801964
gadekar,Buddhist,0.6079504768033717,0.385216434635082,0.0006346245978164798,0.00034371759832780966,0.005832684287474705,2.206207792742239e-05,0.6079504768033717
gadge,Hindu,0.9509542590135798,0.9509542590135798,0.007831427155098686,0.0019194881499761997,0.03855896563639968,2.898969538243241e-05,0.000706870349563363
gadhave,Hindu,0.9929458272642933,0.9929458272642933,6.209152445744438e-05,8.00741179358506e-05,0.006788082461815655,3.7597933853438995e-05,8.63266976444519e-05
gadhavee,Hindu,0.9557535368224525,0.9557535368224525,0.0007544943093002517,0.0005133588375883806,0.04273997992524038,9.507436260844057e-05,0.00014355574281008112
gadia,Hindu,0.9921937768703434,0.9921937768703434,0.0018060409118564862,9.44701994503361e-05,0.00581470622261166,3.858268156702034e-05,5.242311417121318e-05
gaffar,Muslim,0.9992962119999633,0.0006782952409911082,0.9992962119999633,1.2676371156948083e-05,1.2343432844193327e-05,9.847556330082197e-08,3.744794810952716e-07
gafoor,Muslim,0.9391202767433722,0.05400822235003743,0.9391202767433722,0.0030212721160353833,0.003814145747546404,4.973444560212197e-06,3.1109598448413996e-05
gafur,Muslim,0.9609192657007309,0.038427247480270724,0.9609192657007309,0.0003177571133999351,0.00032644337448552114,1.562146955963533e-06,7.724184157070474e-06
gagan,Hindu,0.9712706836713351,0.9712706836713351,0.0018919472629380307,0.000917642418161354,0.024533367805534546,0.0005054746681623066,0.0008808841738688892
gaganadeep,Hindu,0.9790158687194112,0.9790158687194112,0.002104022281498343,0.0005494577759549929,0.017409803775327824,0.0001433097547397263,0.0007775376930679685
gagarai,Hindu,0.9544429412142527,0.9544429412142527,0.002339898327377009,0.0007077637906165267,0.04219458702233926,7.143437438776736e-05,0.00024337527102694852
gain,Hindu,0.9555059419284944,0.9555059419284944,0.01973924630868393,0.004751120076880836,0.019251677084367366,0.0006933297616237995,5.86848399494769e-05
gajaalaa,Christian,0.689199705126859,0.2551510127942559,0.05278613397235043,0.002232366599931615,0.689199705126859,3.352465039454994e-05,0.0005972568562084747
gajabhiye,Muslim,0.4781566480139116,0.47408378395379835,0.4781566480139116,0.004211471340794554,0.03449789871950432,2.8432013765180227e-05,0.00902176595822583
gajadhar,Hindu,0.9964718929640151,0.9964718929640151,0.0008900114336481317,0.0004267046650369912,0.0013610878350764778,1.2059355853753517e-05,0.0008382437463695659
gajanana,Hindu,0.9847733955879967,0.9847733955879967,0.00468014614237882,0.00032852912849253506,0.00898831923708157,0.000514949425168605,0.0007146604788817551
gajanand,Hindu,0.9868675812146511,0.9868675812146511,0.004693941780369359,0.00042673065426632287,0.005494788913290569,0.0005169428558083597,0.002000014581614403
gajaraaj,Hindu,0.7576596499668424,0.7576596499668424,0.033856637060374305,0.0013505706284516028,0.20446728908962156,8.26661652323405e-05,0.0025831870894778507
gajaraj,Hindu,0.9286137160005724,0.9286137160005724,0.012967043047120213,0.000386720454249558,0.05695404944947127,5.096119454104624e-05,0.0010275098540454147
gajendr,Hindu,0.9689611445625567,0.9689611445625567,0.01598474495893439,0.0015996707804027737,0.008200688396139555,0.0038027881034975093,0.0014509631984688982
gajendra,Hindu,0.9697751191719207,0.9697751191719207,0.00735588550114561,0.0009934051638523216,0.007858391157394487,0.011973705344981645,0.0020434936607054083
gajendran,Hindu,0.989958011354654,0.989958011354654,0.0036169317654588303,0.0003178086389794698,0.003303103197515109,0.0019226523508347102,0.0008814926925578327
gajeraa,Hindu,0.9247976453278595,0.9247976453278595,0.022344404300770067,0.0004075773198091292,0.05164480412425717,4.5098797103303916e-05,0.0007604701302009805
gaji,Buddhist,0.6597458017292899,0.30749259108003435,0.028987493942200692,0.0010691572001666387,0.0026210652900762205,8.38907582323749e-05,0.6597458017292899
gakendra,Hindu,0.9328373766065997,0.9328373766065997,0.019091303631359836,0.007644867265296896,0.037914332961976376,0.0015965665716561389,0.0009155529631114051
gala,Hindu,0.9586510587298231,0.9586510587298231,0.004106629162832054,0.0005375830793870956,0.03642499042774821,0.0001567520709287911,0.0001229865292806001
gamgaa,Hindu,0.5734883641874171,0.5734883641874171,0.044812255362168076,0.003032297420112798,0.3759525059238317,0.00026419126011573775,0.0024503858463544646
gamgaabaaee,Christian,0.4508079543208234,0.29609888627186826,0.2475530435323188,0.0035347843137272365,0.4508079543208234,7.87589771380609e-05,0.0019265725841240834
gamgaadevee,Hindu,0.7831587818838971,0.7831587818838971,0.0019897917819154025,0.0007883928413494008,0.19612406327133466,2.8251599828955546e-05,0.017910718621674312
gamgaaraam,Hindu,0.6084367667756821,0.6084367667756821,0.011986038696061059,0.0015392587573099957,0.3757746842048189,0.00016535098882862102,0.00209790057729949
gamgavva,Hindu,0.9487042591387318,0.9487042591387318,0.0016408932503947436,0.00021408509353688585,0.0484316742634667,0.000535640819441814,0.0004734474344282361
ganapath,Hindu,0.9568260329955753,0.9568260329955753,0.00017037761978685377,8.146351668532074e-05,0.0011704192089823289,0.03710706884531145,0.0046446378136589285
ganapathi,Hindu,0.9873169196603799,0.9873169196603799,0.00020436354285729004,5.316551464472966e-05,0.0006374216628893853,0.0035622690796803073,0.008225860539548125
gandhi,Hindu,0.9817144697468874,0.9817144697468874,0.0019669876751706008,0.0004133618522597355,0.002084081282349803,0.013381209814484055,0.0004398896288484884
ganes,Hindu,0.9754915286954932,0.9754915286954932,0.0021605866410450833,1.5302454351130097e-05,0.01888265182893474,4.528084629591242e-05,0.003404649533879785
ganesan,Hindu,0.9991314128465899,0.9991314128465899,0.00022893783826611,5.899893265902451e-06,0.0005471148746516105,8.801162291747264e-06,7.783338493455255e-05
ganesee,Hindu,0.5423259539212979,0.5423259539212979,0.004831413930309731,6.630728214134195e-05,0.45246856680050157,4.87418093147824e-06,0.0003028838848180461
ganesh,Hindu,0.9924317531776617,0.9924317531776617,0.0010881159485106706,8.848959291106056e-06,0.002454682826354689,0.00011858219440118891,0.0038980168937804817
ganga,Hindu,0.9876106802429739,0.9876106802429739,9.427163372644156e-05,0.00028696074375573626,0.008874687109132275,2.8316193200438034e-06,0.003130568651091615
gangadhar,Hindu,0.9986543910424617,0.9986543910424617,6.0383628628180625e-05,0.0001552962041286647,0.0004658327135854337,4.324476403124908e-06,0.0006597719347929394
gangadharan,Hindu,0.9977954304901089,0.9977954304901089,0.00011656422150966599,0.00016854105593903503,0.0012712183647716469,1.9915926810737075e-05,0.0006283299408600371
gangamma,Hindu,0.9790914226979351,0.9790914226979351,0.0005919364731644773,0.0013011637773942784,0.018949944328320114,6.152074707897673e-07,6.491751571528454e-05
gangaprasad,Hindu,0.864167509323044,0.864167509323044,0.00025113252766259276,0.00012318424935097808,0.13539120149663733,1.155922008135479e-05,5.5413183223658006e-05
gangaram,Hindu,0.9515158980511363,0.9515158980511363,5.0437228047148085e-05,0.0002553864067037739,0.009039136420892727,9.764306907795673e-06,0.039129377586312096
ganggaadhara,Hindu,0.9944633982476185,0.9944633982476185,0.00010911444846449687,0.00047079406826122606,0.0045446186424961356,1.98885434672867e-05,0.00039218604969249555
ganguli,Hindu,0.9397376280270398,0.9397376280270398,0.04336860063470153,0.002205297275763002,0.01230880241355513,5.60102117767302e-06,0.002374070627762781
gangwar,Hindu,0.9983242467720951,0.9983242467720951,3.2240983467142626e-05,0.00019160287663675494,0.0008754264973355421,8.624241880683018e-07,0.0005756204462773118
gani,Hindu,0.9091416028159481,0.9091416028159481,0.03543590690115307,0.00018713843134815256,0.05367325949820461,0.0010184638490616745,0.0005436285042845661
ganju,Hindu,0.8400162793034489,0.8400162793034489,0.10190633226817507,0.0008778765825796206,0.051988363429924446,0.00016896107492383918,0.005042187340948259
ganpat,Hindu,0.9405884663354358,0.9405884663354358,8.48018831853166e-05,5.1332812636995716e-05,0.00045981250652062924,0.00039639233131468225,0.05841919413090645
ganpati,Hindu,0.9951231194852537,0.9951231194852537,0.00017286184429748667,7.545406415864774e-05,0.001266019296644466,0.0005033365726130315,0.002859208737032606
ganta,Hindu,0.9269604729205235,0.9269604729205235,9.858909869879005e-05,0.005249206251308389,0.03501530114850313,0.015573066715530466,0.017103363865435695
gaonkar,Hindu,0.9923803377070608,0.9923803377070608,0.00021874267006800763,0.00012817041253134767,0.006810918422597911,5.5887365532331355e-05,0.00040594342220944034
garad,Hindu,0.982013733548756,0.982013733548756,0.0001249961584904955,7.070393043322796e-05,0.01682365408116738,6.748230951034029e-05,0.0008994299716427043
garai,Hindu,0.9768519476297887,0.9768519476297887,0.000392485338779645,5.635990175242681e-05,0.02256354498860189,1.018357632119932e-05,0.00012547856475610223
garg,Hindu,0.965160063882184,0.965160063882184,0.001847199484440539,0.002210042004617041,0.029980497391559117,9.777954565434726e-06,0.0007924192826336988
gari,Hindu,0.9625756100406488,0.9625756100406488,0.007617441519464839,0.00019083865691277865,0.02507827692044084,2.816437642487077e-05,0.004509668486107741
garib,Hindu,0.8315019554675179,0.8315019554675179,0.1597785459618696,0.0017863437644634577,0.005253266586397399,3.495333869966218e-05,0.0016449348810519265
garimaa,Christian,0.6368561892548847,0.27906142801745604,0.08185627652936048,0.0009330875810315603,0.6368561892548847,0.0002891101995004181,0.0010039084177667556
garud,Hindu,0.4058580530007722,0.4058580530007722,0.2125470615216523,0.005825809141922582,0.3496278268953457,6.992374845855216e-05,0.026071325691848612
gauda,Hindu,0.9611563118485844,0.9611563118485844,0.009304999783465634,0.015865520819977295,0.013038498451109052,7.197360085044329e-05,0.0005626954960133928
gaur,Hindu,0.9090362078087038,0.9090362078087038,0.0013481978148975992,0.08859750425645822,0.000931353922741646,3.952161686312117e-06,8.278403551260727e-05
gaurav,Hindu,0.9977164863725401,0.9977164863725401,0.00035824351690706403,0.0013279815766760472,0.00048035611506818077,2.152441259840291e-05,9.540800621024817e-05
gauri,Hindu,0.9791619639606196,0.9791619639606196,0.0017045789377201483,0.010188701644470503,0.00891041395162788,2.4322809510848448e-06,3.190922461083e-05
gaurishankar,Hindu,0.9959385168436882,0.9959385168436882,0.001027092741055926,0.00033273101510335196,0.002478531541020805,0.00011065216791305894,0.0001124756912186882
gautam,Hindu,0.9954924780622584,0.9954924780622584,0.0023791207964371486,0.0009448190926816019,0.000454646647511111,6.625572852210676e-06,0.0007223098282598193
gavade,Hindu,0.9424978719980631,0.9424978719980631,0.004568723047323425,0.00028483731527547464,0.043404589195023706,0.0004171919715736211,0.0088267864727408
gavaee,Hindu,0.7226608171734972,0.7226608171734972,0.11971793761151853,0.0028022149016307,0.15182060655854981,0.0005864353723754147,0.0024119883824282075
gavai,Hindu,0.6374462362374368,0.6374462362374368,0.02455099893504103,0.001116799635844117,0.11382712879621003,0.0014800111928416635,0.2215788252026263
gavalee,Hindu,0.7447141600391357,0.7447141600391357,0.20269796586006794,0.0006579139229543636,0.049258932458461725,0.0018440597736820933,0.0008269679456982752
gavhaane,Hindu,0.9086058061676103,0.9086058061676103,0.011709284889479062,0.0003532465094289597,0.07757081241281823,0.00010695623828148699,0.0016538937823819455
gavhane,Hindu,0.9841938783551332,0.9841938783551332,0.006741430627238296,0.0001550778114398682,0.007907678966449658,9.076804259352488e-05,0.0009111661971455424
gavit,Hindu,0.9561492938643054,0.9561492938643054,0.002510157269611904,0.0021820059117752992,0.03675229939756974,0.0010371829660119093,0.001369060590725806
gawali,Hindu,0.8346587411629696,0.8346587411629696,0.09143695704588667,0.0016376399935171936,0.0713992752717368,0.00022163659265191094,0.0006457499332377982
gawande,Hindu,0.9353750708719195,0.9353750708719195,0.010318108277597847,0.0007648497099110281,0.021090514723962586,0.0013346779345262917,0.031116778482082736
gayaa,Christian,0.6600538546375694,0.3389286694889082,0.0004780427858885131,0.000520711939917642,0.6600538546375694,4.8582345812006124e-06,1.3862913135226065e-05
gayaadeen,Hindu,0.836489733340734,0.836489733340734,0.02533398876431711,0.0022478863547637697,0.13562694824235982,6.290558646072287e-06,0.00029515273917936997
gayaaprasaad,Christian,0.7229110789653574,0.2767668557829379,0.00020181170651782245,9.90579388248357e-05,0.7229110789653574,1.3253493018921051e-05,7.942113343171264e-06
gayakar,Hindu,0.9904311750849134,0.9904311750849134,0.0006709139038634642,0.0006432684113036401,0.008172468625195705,5.8400592214795235e-06,7.633391550237117e-05
gayakawad,Hindu,0.9885811563936292,0.9885811563936292,0.0013926880807969499,0.0003227583395989058,0.009491065181494654,1.3536218841523816e-05,0.00019879578563842287
gayen,Hindu,0.5926841334217892,0.5926841334217892,0.008648281535651772,0.0016577874442822477,0.39693452964612713,7.0445057101801815e-06,6.822344643949262e-05
gedaam,Christian,0.5669549813491885,0.41660008120644276,0.015141431448976854,0.0011030340356642694,0.5669549813491885,1.0351077394824458e-05,0.00019012088233275276
gedam,Hindu,0.7647345177483371,0.7647345177483371,0.0206365989542257,0.0012437964055124955,0.213096456203604,1.0095011392468807e-05,0.00027853567692828464
geeta,Hindu,0.7614416395956556,0.7614416395956556,0.02506739582380173,0.014763651447082424,0.19861194153446554,2.3339993386051882e-05,9.203160560858357e-05
geetha,Christian,0.7873172195483326,0.1978730978932415,0.00886264358270667,0.005920960223955385,0.7873172195483326,2.9600359599388917e-06,2.3118715804103654e-05
geethaa,Christian,0.9372881392263362,0.05659533921828775,0.0041915624068701056,0.001910785218833782,0.9372881392263362,1.6240617719243393e-06,1.254986790028773e-05
geethaabaaee,Christian,0.8669947366151356,0.07803179025126011,0.05174435136191479,0.0031665553929990037,0.8669947366151356,3.3654932231553394e-06,5.920088546733513e-05
geethaadevee,Christian,0.7445377226088183,0.2522107786154322,0.0012910164909590118,0.00138441458670961,0.7445377226088183,2.083972104274394e-06,0.0005739837259766306
geethaanjjali,Christian,0.8463654967306687,0.11998836772829423,0.03169610841781143,0.0019246755899335853,0.8463654967306687,3.1512253388761427e-06,2.2200307953258062e-05
gendalal,Hindu,0.9265657019035467,0.9265657019035467,0.05996557833374177,0.001759126232090898,0.01165361949346874,2.810242345132717e-05,2.7871613700379484e-05
george,Christian,0.9999250276585481,7.289456080084265e-05,1.446542878782545e-06,6.057440975253875e-07,0.9999250276585481,1.752207914791792e-09,2.3741466762111204e-08
ghaadage,Hindu,0.9426122353157571,0.9426122353157571,0.014566316343793097,0.003119079041046031,0.03963005219373394,1.834031261537442e-05,5.3976793054273496e-05
ghadge,Hindu,0.9498184607298278,0.9498184607298278,0.025853462451181385,0.011179001955854579,0.01299993510434353,1.2886034958117198e-05,0.00013625372383463773
ghadi,Hindu,0.9961907166097638,0.9961907166097638,0.0024597332934493594,0.0011542465534359364,0.0001804344444290935,3.665972141549506e-06,1.1203126780332026e-05
ghanasyaam,Hindu,0.8532461927649359,0.8532461927649359,0.006916484256253398,0.0012633744909776522,0.1385336981280403,1.0477973629221925e-05,2.9772386163487416e-05
ghanshyam,Hindu,0.9956317266958483,0.9956317266958483,0.0007656239006530724,0.002659151623061199,0.0009387056543394515,1.1938126404013793e-06,3.5983134577270384e-06
gharami,Hindu,0.995609075803996,0.995609075803996,0.0014035894701993816,0.0022685549032296927,0.0003415700795987387,4.667958569722173e-05,0.00033053015727881524
gharat,Hindu,0.9983931825762487,0.9983931825762487,0.0002709210171574119,0.0009948454489405497,0.00024700210016843585,1.2274906024332463e-05,8.177395146044298e-05
gharath,Hindu,0.9984048681988938,0.9984048681988938,0.00010281040720055211,0.0010071119949010322,0.00039441848078354866,2.6728135132407275e-06,8.811810470746478e-05
gharida,Hindu,0.9951841245263385,0.9951841245263385,0.003931450524653445,0.0005451061543903841,0.00030997116306538745,2.9185441009224227e-06,2.642908745139596e-05
ghasi,Hindu,0.6629057605095048,0.6629057605095048,0.08683905950465567,0.11156939146523129,0.13868352553478625,8.194563869741439e-07,1.4435294348804159e-06
ghasiram,Hindu,0.8042406031913025,0.8042406031913025,0.07652547956759956,0.009730047083177751,0.1089175367828387,1.3150458802411567e-05,0.0005731829162791179
ghodake,Hindu,0.9659689078677799,0.9659689078677799,0.006374830396928964,0.0024727185109390906,0.02511019714928225,1.5359179939268008e-05,5.798689513065957e-05
ghodoi,Hindu,0.9813823924981071,0.9813823924981071,0.00916226745688737,0.005356784649327998,0.004005685253246917,9.41515166495196e-06,8.345499076564089e-05
gholap,Hindu,0.9872508558509443,0.9872508558509443,0.010633990630216698,0.00042648584661097804,0.0016708739823819352,1.369468510915842e-05,4.099004736938512e-06
ghoodake,Hindu,0.9585960970294086,0.9585960970294086,0.012582125142081598,0.004748586922857108,0.023995160988325045,1.3780255936991396e-05,6.424966139073039e-05
ghoolap,Hindu,0.9825947583533824,0.9825947583533824,0.014377221807132976,0.0005935561264863816,0.002422472912169521,8.969068228492585e-06,3.0217326001539558e-06
ghoorapade,Hindu,0.9935041623734876,0.9935041623734876,0.001140711014746269,0.0006181761462606418,0.004675890924536311,1.826026877049747e-05,4.2799272198649716e-05
ghorai,Hindu,0.9948553137288221,0.9948553137288221,0.0019505451778676266,0.0002744556073696149,0.0029139992740299953,9.770177031391835e-07,4.709194207649083e-06
ghorpade,Hindu,0.9953960515409119,0.9953960515409119,0.0005157800811809498,0.0008432960160433882,0.003046752966315604,8.136713996908997e-05,0.00011675225557896931
ghorui,Hindu,0.9807879599227788,0.9807879599227788,0.004364515533628802,0.0015921292323511065,0.013240247604510072,6.384715143253679e-07,1.4509235216971668e-05
ghosh,Hindu,0.9980234927467077,0.9980234927467077,0.0001133772684896525,0.0005579752789784925,0.0013042611571432072,3.764934193514242e-07,5.170552615375315e-07
ghoshal,Hindu,0.9977912316106079,0.9977912316106079,0.000491091205553812,0.00046371925592952163,0.0012520248894883615,8.653828387397438e-07,1.067655581514073e-06
ghuge,Hindu,0.9732631103901319,0.9732631103901319,0.0029607662557369287,0.007203070336011982,0.016531428951808536,1.9280497732932666e-06,3.969601653744055e-05
ghule,Hindu,0.9837211755634535,0.9837211755634535,0.007347091675113024,0.004546258803072387,0.0043056108750432216,3.1791144447388254e-06,7.668396887336638e-05
giaan,Christian,0.6649856150864726,0.3273512399702237,0.00665480590621548,0.0009232930496834176,0.6649856150864726,1.3585983381425743e-05,7.146000402354996e-05
giraase,Christian,0.9144855600792258,0.08163731951950233,0.00352129593529787,0.00031587214644946104,0.9144855600792258,1.5397863855833591e-06,3.841253313893194e-05
giradhaaree,Hindu,0.9452591621070465,0.9452591621070465,0.005614297209260513,0.0011492033541606716,0.04775083885080119,1.5042049529895928e-05,0.0002114564292013685
girajaa,Hindu,0.783078673304429,0.783078673304429,0.09484439358400981,0.001949693598526452,0.11984540918079699,1.0574801540216789e-05,0.0002712555306974429
girase,Christian,0.6598275125850259,0.32382893913775856,0.015336479871311847,0.0009444653565520017,0.6598275125850259,2.251205327356082e-06,6.0351844024316426e-05
girdhari,Hindu,0.9992093589286138,0.9992093589286138,0.000437253235342305,0.00012509103977294836,0.00021815518321316931,9.404480163125261e-07,9.20116504136252e-06
giree,Hindu,0.826519257964732,0.826519257964732,0.1285730439674045,0.0021964763368326483,0.04264582128998695,6.201004927195113e-06,5.919943611662218e-05
girees,Hindu,0.6599014700837064,0.6599014700837064,0.11678827704578718,0.002206569929729691,0.22102674486329707,1.4971180412726208e-05,6.196689706701085e-05
giri,Hindu,0.966687011941757,0.966687011941757,0.012146352340418123,0.00019317070577904024,0.020963526374312435,1.554475116986612e-06,8.384162616533447e-06
girija,Hindu,0.9793272825901266,0.9793272825901266,0.016836844940837654,7.716933430305474e-05,0.0037484495723234318,1.3003553701699842e-06,8.953207039000008e-06
girijaa,Hindu,0.9346020762401509,0.9346020762401509,0.03483274015378302,0.0002090506967441484,0.03032862292222687,3.4658925565622073e-06,2.404409453845279e-05
girish,Hindu,0.9604830697433356,0.9604830697433356,0.015233923797383258,0.00043623795998571865,0.023835524071441412,1.897608054501773e-06,9.346819799237762e-06
girraaj,Christian,0.5808528580505354,0.3674249781252486,0.04492551491613927,0.006191451600264731,0.5808528580505354,4.652865995944444e-05,0.0005586686478526795
girraj,Hindu,0.7651523280208519,0.7651523280208519,0.05125786484055038,0.005695617858661963,0.17749390436810555,5.7815360312316876e-05,0.00034246955151788575
gita,Hindu,0.9894529452592116,0.9894529452592116,0.005502740766351465,0.0023118758856089947,0.0021650507575442348,5.7770091623309855e-05,0.0005096172396602331
gite,Hindu,0.9329176342754135,0.9329176342754135,0.012757945403769623,0.004746944224598703,0.048343142623485665,5.83993514123161e-05,0.001175934121320193
githaa,Hindu,0.4956977673988471,0.4956977673988471,0.04927065881631112,0.01878788648602517,0.4358545004000938,2.2357982419508472e-05,0.0003668289163032585
githe,Hindu,0.6073471346716255,0.6073471346716255,0.07004518275361912,0.08657813188141618,0.23563662243134678,1.8484958313861e-05,0.0003744433036785489
gochhayta,Hindu,0.9743242074031278,0.9743242074031278,0.006067178124035716,0.006750613587464763,0.01276130478199994,1.3658801322935023e-05,8.303730204893054e-05
god,Hindu,0.9974825246923062,0.9974825246923062,0.0006293106158718125,8.460010747223318e-05,0.00015895416398668092,0.0004778321350914647,0.0011667782852715935
godse,Hindu,0.8347515085860588,0.8347515085860588,0.034188600302089665,0.0026000720982668,0.12803765578196735,0.00010068133394673396,0.000321481897670756
goel,Hindu,0.8664871032130566,0.8664871032130566,0.017033918601867756,0.001073258751479775,0.1152654319647568,2.4168513379700082e-05,0.00011611895545926606
gokal,Hindu,0.9842289953698731,0.9842289953698731,0.011420350618066568,0.0003850189834821443,0.003020732249529364,3.0865621458836645e-05,0.000914037157590029
gokul,Hindu,0.9907307525524169,0.9907307525524169,0.00563814427024604,0.0005722802554414766,0.0026499752510793454,1.375546593038464e-05,0.00039509220488568854
gole,Hindu,0.8863932883929929,0.8863932883929929,0.07691309519016906,0.00019001118153773373,0.03627164257755638,1.4740026094442445e-05,0.00021722263164930427
golla,Hindu,0.5816972959154191,0.5816972959154191,0.3846920737203866,0.0002529058874986553,0.033335729302926616,1.0865863629194932e-05,1.1129310139679674e-05
gond,Hindu,0.9521649407384254,0.9521649407384254,0.003115255923635473,0.00048588908474181256,0.04255542568760534,0.0007458234367740959,0.0009326651288177402
goobinda,Hindu,0.9946384956125307,0.9946384956125307,0.00304471262122744,0.001481926918792542,0.000797221108316534,1.354406098798491e-05,2.4099678144631535e-05
goodaavaree,Hindu,0.6814171727865778,0.6814171727865778,0.008955387533911417,0.0007637992469816987,0.30844609505695486,0.0002974584785542545,0.00012008689701999516
goodase,Hindu,0.8943781304457397,0.8943781304457397,0.007894123182650386,0.002194250859102777,0.0953830349605747,1.0802158693261818e-05,0.0001396583932390075
gooheel,Hindu,0.7331031613944405,0.7331031613944405,0.09568324522496605,0.005459675194616606,0.16571656517756225,3.108704814629317e-06,3.424430359989536e-05
goohel,Hindu,0.799099638374602,0.799099638374602,0.028047467977512234,0.0028237385977862026,0.16998528482963338,9.19377989291916e-06,3.4676440573345904e-05
goohil,Hindu,0.8437672826393005,0.8437672826393005,0.02397691243168578,0.006762403290869756,0.1253701325628521,4.1371498156515925e-06,0.00011913192547624612
gookul,Hindu,0.9572247447900613,0.9572247447900613,0.031012108339595376,0.004616542198967594,0.0065846862992331705,2.2578922673093558e-05,0.0005393394494697572
goolaapa,Hindu,0.9184757365891705,0.9184757365891705,0.025038737495884977,0.0009263609785735614,0.05529128515887531,0.0001782837993905381,8.9595978104931e-05
goole,Hindu,0.8687500442927365,0.8687500442927365,0.0962517789469406,0.0010519245577999548,0.03375742801517442,1.2999549822308646e-05,0.00017582463752595595
goomathee,Christian,0.9541163854264025,0.043819384663297455,0.001534843991563196,0.0004751504580024778,0.9541163854264025,2.877474287938678e-07,5.394771330565645e-05
goopaal,Hindu,0.8849150188817898,0.8849150188817898,0.04510992594659977,0.011090561461627204,0.05829132839228931,0.0003012008276777699,0.0002919644900161648
goopee,Hindu,0.6717438340145163,0.6717438340145163,0.16465403290457292,0.05711594899514577,0.10583307578115515,2.0356024383943147e-05,0.0006327522802259256
gooraa,Hindu,0.7536979863134757,0.7536979863134757,0.0666852681672461,0.004931515199505624,0.17426028874900212,6.584788890143998e-05,0.0003590936818690782
goorakh,Hindu,0.8846185926107887,0.8846185926107887,0.10999748156509294,0.004034607502020981,0.001240417302819471,1.946049929470637e-05,8.944051998312075e-05
goore,Hindu,0.8900896238063618,0.8900896238063618,0.0732575779323343,0.0022104001707536516,0.03433491249745404,2.056311745220124e-05,8.69224756440134e-05
gooree,Hindu,0.7161418054073522,0.7161418054073522,0.2128987526918022,0.005554608726539699,0.06531091586398062,1.1011769069735374e-05,8.290554125564009e-05
goorelaal,Hindu,0.7552551218882623,0.7552551218882623,0.05927193285311178,0.0012889775291084714,0.1841053500447454,4.365790037968847e-05,3.49597843923468e-05
goosaavee,Christian,0.8020038340009635,0.16443093125162658,0.013913028761363525,0.019577616928718386,0.8020038340009635,2.7188875037771528e-05,4.740018229013737e-05
goosvaamee,Christian,0.6142016169115818,0.2146607320179161,0.16144280108061568,0.007910540881405229,0.6142016169115818,3.966864131164603e-05,0.0017446404671695535
gootham,Hindu,0.8372960617680244,0.8372960617680244,0.0604350193600439,0.02725385016050328,0.07439694407247696,2.836726128273482e-05,0.0005897573776688502
goovardhan,Hindu,0.9763714810890354,0.9763714810890354,0.0007748869049771545,0.0014071683980807295,0.019231315401895297,0.00011047254499219177,0.0021046756610193884
goovimd,Hindu,0.8156650320567742,0.8156650320567742,0.1348261160552683,0.005545923530802774,0.0414217723247822,9.42456563281286e-05,0.0024469103760445133
goovind,Hindu,0.9699273612449976,0.9699273612449976,0.00030465420467946745,0.00239708942001845,0.02663774761017302,0.0003115797786699711,0.00042156774146134016
gop,Hindu,0.9717021607024388,0.9717021607024388,0.0002171389133695344,0.002077677185658243,0.02250995182742783,0.0006156976821084047,0.0028773736889970655
gopa,Hindu,0.978428244433487,0.978428244433487,0.0001544929923795616,0.0008572744167641672,0.00792906267499139,0.010170427395898135,0.0024604980864797333
gopal,Hindu,0.9538816476072245,0.9538816476072245,0.00020559913939023082,0.0021539512544410553,0.003949146079588474,0.03843798075642772,0.0013716751629279363
gopalakrishnan,Hindu,0.998401259369257,0.998401259369257,0.00026944347978924595,0.00030036620462329773,0.0009553312021178938,6.021866149042722e-05,1.3381082722138404e-05
gopalan,Hindu,0.9987545069797524,0.9987545069797524,5.2153925428878725e-05,0.0001504298313506322,0.0002176973910799966,0.0002442286755810526,0.0005809831968071409
gopeelal,Hindu,0.9149033307154288,0.9149033307154288,0.009456607318465638,0.000824352879088707,0.07474434393231762,3.526669035116408e-05,3.6098464348091695e-05
gopi,Hindu,0.6282279315206554,0.6282279315206554,0.0014451105699208604,0.005267054761388663,0.36429397345248404,6.635835775082262e-05,0.000699571337800288
gopinath,Hindu,0.9942872148079159,0.9942872148079159,0.0005691186469814773,0.0014506438968301628,0.0035503698908608537,2.25473416392653e-05,0.0001201054157722059
goradhan,Hindu,0.990343916883567,0.990343916883567,0.0011310907822977862,0.0003976317689821197,0.007599527954364499,4.3764021258311114e-05,0.0004840685895303465
gorai,Hindu,0.9933473840322173,0.9933473840322173,0.0028158890192585932,0.0001095381517677574,0.0036806413161282786,7.440885173332843e-06,3.9106595454627e-05
gore,Hindu,0.9754832833266153,0.9754832833266153,0.0015739347393669881,4.953492694569388e-05,0.02285121162657544,8.78059242188219e-06,3.3254788074812965e-05
gorelal,Hindu,0.9627992520553502,0.9627992520553502,0.012321476005220433,0.0003139501310798282,0.024508678514328835,4.058231527009185e-05,1.6060978750555933e-05
gosavi,Christian,0.6062460043897338,0.3728506810213946,0.0146567493993477,0.005040387139890106,0.6062460043897338,0.0002701028517449791,0.0009360751978888824
goswami,Hindu,0.7389590744986066,0.7389590744986066,0.004120449882033006,0.003509399822522169,0.2473442417469879,1.1492127942636453e-05,0.006055341921907843
gotam,Hindu,0.9897594706614314,0.9897594706614314,0.004280468864060704,0.0022481121407955038,0.0009241975336343748,4.308682017140713e-05,0.0027446639799064464
goundar,Hindu,0.9907723846416421,0.9907723846416421,0.007092655928431864,0.0007192300564448147,0.0012192193047101485,0.00014849216135129272,4.801790741980098e-05
gourav,Hindu,0.9992172664381674,0.9992172664381674,0.0003022642526965555,0.00021958053983788024,0.0002173889452320615,1.7960701858980278e-05,2.553912220698324e-05
gouree,Hindu,0.9583257908327505,0.9583257908327505,0.033820306594125334,0.0028433981834426465,0.00495400600413829,2.5147386970161076e-05,3.1350998572997616e-05
goureesamkar,Hindu,0.9693703910795438,0.9693703910795438,0.006266903303885503,0.0012048959545766873,0.016492372742818773,3.917083366359648e-05,0.006626266085511466
gousvaamee,Muslim,0.6667799839475191,0.2703554223344585,0.6667799839475191,0.0029023820439655723,0.05846793874813,2.181491505025705e-05,0.0014724580108763693
goutham,Hindu,0.9782980332077638,0.9782980332077638,0.002524004014909831,0.0018317406245800796,0.01728736524600917,8.308268745255246e-07,5.802607986263803e-05
govardhan,Hindu,0.978446175561121,0.978446175561121,0.000582219652349854,0.0006231439230628431,0.017339038920325196,0.00014572161373249627,0.0028637003294084713
govind,Hindu,0.990754396915899,0.990754396915899,2.827243500634338e-06,6.508720528904021e-05,0.008435415708586021,0.0003773431457472177,0.0003649297809780929
govinda,Hindu,0.9916851711993235,0.9916851711993235,1.8371941213057833e-06,2.8342731652541474e-05,0.007799613445029881,6.0772665104615426e-05,0.00042426276476812026
govindan,Hindu,0.8422522819435176,0.8422522819435176,9.865994908228764e-06,6.604969487251485e-05,0.15706304157019219,0.00011697345257210159,0.0004917873439373568
govindaraj,Hindu,0.9934965783716133,0.9934965783716133,2.0962863181658238e-05,6.959027549030722e-05,0.006303739327649155,4.594839436857797e-05,6.318076769714629e-05
govindarajan,Hindu,0.9829265489891005,0.9829265489891005,0.00014003999744490857,0.00011811076271372499,0.016741390054787628,1.5252244551422579e-05,5.865795140178062e-05
govindarasu,Hindu,0.9931469821565762,0.9931469821565762,0.0001296863064839284,0.0001464413347682972,0.006499540201685539,2.332341235707491e-05,5.402658812881023e-05
govindasami,Hindu,0.9975638228414195,0.9975638228414195,5.237443474368401e-05,3.872346309689574e-05,0.0022676745519555437,2.6736459490177333e-06,7.473106283501825e-05
goyal,Hindu,0.9422783488395704,0.9422783488395704,0.02049658900644523,0.019712185121082314,0.01741334373043316,3.3482521976774563e-05,6.60507804921813e-05
gudadee,Hindu,0.947282003240437,0.947282003240437,0.04486194824022024,0.0026087512400429324,0.0017914944747395298,2.067474792462986e-05,0.0034351280566354706
gudadoo,Hindu,0.9684274001561763,0.9684274001561763,0.019150891777919374,0.007712861613923328,0.003054851769891902,5.1694006017385866e-05,0.0016023006760716946
guddee,Muslim,0.7814621262979733,0.21411405573853048,0.7814621262979733,0.002239551744080633,0.001577244299815185,2.8839484653226704e-06,0.0006041379711349762
guddoo,Hindu,0.5906529420808602,0.5906529420808602,0.38990413370561355,0.012305473664213024,0.006206158066059909,2.777514681430534e-05,0.00090351733643923
guddu,Hindu,0.6186387916728693,0.6186387916728693,0.3747301441610099,0.0035352303438393315,0.0024233905570400314,3.9759256869699424e-05,0.0006326840083717586
gudee,Muslim,0.7148883055119756,0.2130355100741927,0.7148883055119756,0.009222509254196952,0.0011441752376452053,1.1633004267057127e-06,0.061708336621562825
gudiyaa,Hindu,0.8794635995490816,0.8794635995490816,0.07639591650946392,0.0023016166251374703,0.04173270044231614,1.2950138922831582e-05,9.321673507809188e-05
guha,Hindu,0.606260819445713,0.606260819445713,0.3316414588364803,0.05641638174120518,0.004646336192256938,2.235903238874736e-05,0.0010126447519557932
gujar,Hindu,0.7917763489228892,0.7917763489228892,0.10718718948555155,0.026271886072018916,0.022834375975764775,0.00010345437961042665,0.05182674516416517
gujaraathee,Hindu,0.5309492700649188,0.5309492700649188,0.02708554627276622,0.009169544921610739,0.42883432243165415,2.40014872941935e-05,0.003937314821755786
gulaab,Muslim,0.5957089737196506,0.3360310415620995,0.5957089737196506,0.005242062395993415,0.06002864980336098,4.1092954568020805e-05,0.002948179564327626
gulaabee,Muslim,0.9111955308488852,0.06574816172321543,0.9111955308488852,0.003455545955316231,0.0188219103358659,7.476412512449307e-06,0.000771374724204742
gulaam,Hindu,0.6104766259076535,0.6104766259076535,0.21818230619105897,0.007840034727788651,0.15388683089603555,4.554701009215759e-05,0.009568655267371143
gulab,Hindu,0.5596922802068195,0.5596922802068195,0.3045789514180097,0.001257691574693433,0.0009578619697974202,1.0460276777502869e-05,0.13350275455390237
gulabchand,Hindu,0.9230251457473229,0.9230251457473229,0.06251478046005239,0.00268360371884766,0.008539667842963438,0.0002470000268888368,0.0029898022039247713
gulabsinh,Hindu,0.5651081823426163,0.5651081823426163,0.4064826249915718,0.01605993892407099,0.011792113621733376,5.4439389024305694e-05,0.0005027007309833145
gulajaar,Hindu,0.8036824712956104,0.8036824712956104,0.11105897845358388,0.008647816942327595,0.04648231870088744,2.8465116653051083e-05,0.030099949490937503
gulam,Hindu,0.6212680736829496,0.6212680736829496,0.30760111574216503,0.0022005106559023152,0.0018516950586285278,6.018970017029161e-06,0.06707258589033763
gulanaaj,Hindu,0.9413133947826251,0.9413133947826251,0.02711094270079695,0.0010001242376516217,0.023230666377916914,6.67795677972896e-05,0.007278092333212018
gulasan,Hindu,0.9821707821494556,0.9821707821494556,0.007622461316198419,0.0004868431691801229,0.008704349239065521,6.0645764782805804e-06,0.0010094995496219138
gulisthaa,Christian,0.48020795991730647,0.3650408330667664,0.1484630712962146,0.006100172941113174,0.48020795991730647,8.915099463263267e-06,0.00017904767913585773
guljar,Hindu,0.8038851990455601,0.8038851990455601,0.160844984407912,0.012772752536134344,0.02182825282138554,1.2973884154997694e-05,0.0006558373048529523
gumjaal,Muslim,0.6400869038861964,0.23388460655246246,0.6400869038861964,0.010906592000417001,0.11480132733972043,2.6123585474850706e-05,0.0002944466357289024
gumjan,Muslim,0.6886498665574284,0.28683248323073984,0.6886498665574284,0.0057706094831689045,0.01765752563879828,1.3044779394666604e-05,0.001076470310469782
gunasekaran,Hindu,0.8382801941273018,0.8382801941273018,0.004719315987818871,0.0006628149294589712,0.15544508517677605,2.5583437954753343e-05,0.0008670063406893998
gund,Hindu,0.9839222391493846,0.9839222391493846,0.0014238856115899548,0.0015828898448651061,0.0007349393947946012,0.011992820646932236,0.0003432253524335535
gunjal,Muslim,0.5180242755242669,0.4246193566632532,0.5180242755242669,0.026853148710308892,0.028913847639870885,4.2246349535145106e-05,0.0015471251127650242
gupta,Hindu,0.9997975828346465,0.9997975828346465,4.8310277990460895e-05,0.00012076680836208588,2.8548385802956976e-05,7.278462215854709e-07,4.063846976264871e-06
gupthaa,Hindu,0.9592806866944116,0.9592806866944116,0.0025032264268377694,0.0024610853019355,0.03568852187048231,4.8261779048145644e-06,6.165352842793603e-05
gurabachan,Hindu,0.9679110538173198,0.9679110538173198,0.01684076108717115,0.00827343639056467,0.006507114706302612,2.2578895792485504e-05,0.0004450551028494363
guracharan,Hindu,0.9902047023171195,0.9902047023171195,0.0001143723152404587,0.003978746701208189,0.004913713648845583,4.122932352164387e-05,0.0007472356940643866
guradeep,Hindu,0.9880460674293176,0.9880460674293176,0.0024969069392821535,0.00500823093098209,0.003854192742043717,3.474053274894147e-05,0.0005598614256255393
guradev,Hindu,0.9891346901266783,0.9891346901266783,0.00013160089784735262,0.0019188553889132,0.0027989868415106904,2.6197389270251785e-05,0.005989669355780076
gurajat,Hindu,0.9961974178175476,0.9961974178175476,0.0009584063563795362,0.0022787622408327493,0.0005401150456402767,6.32027880234304e-07,2.466651171967538e-05
gurajeeth,Hindu,0.9453079954530523,0.9453079954530523,0.014432832204291542,0.02455182894511309,0.015643394256536096,6.3670005132691894e-06,5.758214049367031e-05
gurameeth,Hindu,0.9702725505552628,0.9702725505552628,0.01636481747963223,0.009128175906724474,0.0037151512902617667,1.7493661898776982e-05,0.0005018111062199444
guramel,Hindu,0.9961737255521652,0.9961737255521652,0.0007235430582351993,0.0015911234299179856,0.0011967646595362454,4.542609679183095e-05,0.0002694172033535429
guranaam,Hindu,0.9601755271901251,0.9601755271901251,0.017353400081526107,0.0053521803513873105,0.01445582134002778,0.00017498955183447627,0.00248808148509924
gurapreeth,Hindu,0.917835219848803,0.917835219848803,0.0011447436643618589,0.01931111281733389,0.061659149975070104,2.154623815623186e-05,2.8227456274913142e-05
gurasevak,Hindu,0.8324819005791425,0.8324819005791425,0.002384835820051962,0.0029051346939480325,0.16214726457979503,6.898749228718767e-06,7.396557783376056e-05
gurav,Hindu,0.998854338101117,0.998854338101117,5.754641813678276e-05,0.0009101736942718724,0.00013903979031688375,9.704162025114588e-06,2.919783413192871e-05
guraviadar,Hindu,0.9985950574491599,0.9985950574491599,7.829383808740331e-05,0.0001951095058412477,0.0010904915502976816,2.6341856405018987e-05,1.470580020884938e-05
gurjar,Hindu,0.9990612009899791,0.9990612009899791,5.4083871612054156e-05,0.0008527350865704791,3.143043043461235e-05,8.588641180045217e-09,5.410327626227731e-07
guru,Sikh,0.5601186077303343,0.4386908215573341,0.0004062476114439413,0.5601186077303343,0.0007437605264893249,2.0642358061556344e-07,4.035615081773648e-05
gurubaaree,Hindu,0.7246543615358216,0.7246543615358216,0.05629079965127389,0.06835294914421487,0.15034234492511894,5.028405679241397e-05,0.00030926068677833397
gurunathan,Hindu,0.9861495669043452,0.9861495669043452,0.0022593385067096964,0.004173869989740315,0.007092651266954573,3.792894261796363e-06,0.0003207804379883575
gurung,Hindu,0.8657216410482637,0.8657216410482637,0.010149419995911829,0.1189681298550999,0.005069195821653419,1.6932171814312216e-06,8.99200618895876e-05
gurusamy,Hindu,0.9955643828247845,0.9955643828247845,0.0011283852026093178,0.0026164234098266584,0.0006824033414838475,1.5792540829485932e-07,8.247295887219203e-06
gyaarasee,Christian,0.6657261696303818,0.32182317756500745,0.010846258142599558,0.001575481542847109,0.6657261696303818,4.519702463772393e-06,2.4393416700504206e-05
haajaraa,Christian,0.8059502391479862,0.18061433973036017,0.012333857327289319,0.0007807774507611653,0.8059502391479862,1.997446001822053e-05,0.00030081188358498887
haakim,Muslim,0.6972329525220979,0.15629299559992513,0.6972329525220979,0.008778298401938738,0.1375644340237102,1.5218276850737873e-05,0.0001161011754770659
haamde,Hindu,0.8000553440788676,0.8000553440788676,0.17480891487226183,0.004160443460378864,0.015624044507191338,1.4050481310615527e-05,0.005337202599989653
haaroon,Hindu,0.5294482703346751,0.5294482703346751,0.06183494464894314,0.020385142396498645,0.3880582927669252,8.138348304485407e-05,0.00019196636991318226
haarun,Hindu,0.5025715854888537,0.5025715854888537,0.17789849370435046,0.004372611316995184,0.31444047310116513,5.329471069664415e-05,0.0006635416779387888
habeeb,Muslim,0.9805615661164546,0.017350620017049324,0.9805615661164546,0.0011495602531078246,0.0009217316648912465,3.7964541345268607e-06,1.2725494362378632e-05
habib,Muslim,0.979384358799994,0.020568529365852253,0.979384358799994,3.911809906375952e-05,7.562724953336187e-06,1.1156775270405177e-07,3.1944238376579785e-07
hadapada,Hindu,0.9975597744400102,0.9975597744400102,0.0007575810338397251,0.0001693281846443052,0.0010158037551141026,0.0004533816802509565,4.41309061406915e-05
hafiz,Muslim,0.9997255180412172,0.00024704453740489183,0.9997255180412172,1.8299365645746705e-05,8.957037154619283e-06,3.6660289932805814e-08,1.4435828771095555e-07
haidar,Hindu,0.6455123295744285,0.6455123295744285,0.3493533456076865,0.0022464113224949355,0.002823327525789381,2.816504301786088e-05,3.642092658279084e-05
haider,Hindu,0.7079700525601416,0.7079700525601416,0.27062774633709946,0.0065928075578929,0.014616528543386327,1.552187106071206e-05,0.00017734313041930158
hajaare,Hindu,0.7291496292186083,0.7291496292186083,0.06740576398452337,0.006797498174823328,0.19652780119412447,2.7572140455405864e-05,9.173528746512718e-05
hajaaree,Christian,0.4262520245356894,0.4134117545949828,0.14668739287413846,0.013563504309914945,0.4262520245356894,1.2743307842169541e-05,7.258037743205821e-05
hajam,Hindu,0.4619395735901153,0.4619395735901153,0.4606928974394212,0.008660639324049615,0.06847750174484622,2.3153080439821454e-06,0.00022707259352351033
hajare,Hindu,0.8934195510456049,0.8934195510456049,0.05912784532827469,0.0029445512495035854,0.044450896476557006,9.48235991871045e-06,4.767354014125507e-05
hajarilaal,Hindu,0.8000951293678165,0.8000951293678165,0.03357853663420692,0.0005795660336069674,0.16572239397310298,2.892236987118846e-06,2.1481754279541458e-05
haji,Muslim,0.6379698093002669,0.15744593819008607,0.6379698093002669,0.07820443014492977,0.0703552477652985,6.251020186856713e-05,0.05596206439755024
hajong,Hindu,0.5513540507028301,0.5513540507028301,0.04678263888009525,0.03066897561136912,0.3710556507901076,1.4549151288252448e-05,0.00012413486430967749
hajra,Hindu,0.5956348159945882,0.5956348159945882,0.2430869233732992,0.00424769717474087,0.15633608641314894,8.76267242925934e-05,0.0006068503199302146
hak,Hindu,0.9685921292384094,0.9685921292384094,0.028841623793833888,0.0024946616133973186,5.906761478684882e-05,6.189815536179017e-07,1.1898758018995617e-05
hake,Hindu,0.6697553609305726,0.6697553609305726,0.30720961087644505,0.007489375003972704,0.0153005260420724,1.2079693783050072e-05,0.00023304745315411737
hakeem,Muslim,0.9350058919019737,0.05758120359868532,0.9350058919019737,0.0031338430958835796,0.00422565305181257,5.199274222939482e-06,4.820907742176735e-05
hakim,Muslim,0.8085215208170542,0.17977649696739395,0.8085215208170542,0.0077815716154544575,0.0038740819920361947,3.0384652833604877e-06,4.329014277780418e-05
halapathi,Hindu,0.9972920019900408,0.9972920019900408,0.0009201390220067277,0.00031749539268081104,0.00141929996301241,5.371535020868859e-06,4.5692097238456886e-05
haldar,Hindu,0.9985121372459318,0.9985121372459318,0.0003917234344452683,0.0004676642254801314,0.0006012006711889854,2.3934470345597988e-05,3.3399526080548867e-06
haleem,Muslim,0.732623975407683,0.25321230201091915,0.732623975407683,0.0016479790121382172,0.012432296668263215,1.9895274210338733e-05,6.355162678612527e-05
haleemaa,Muslim,0.5651291567725036,0.35948985610360235,0.5651291567725036,0.0018712992477325871,0.0733411931444522,7.057623082394779e-05,9.791850088531995e-05
halim,Muslim,0.603950634600558,0.23816438168321494,0.603950634600558,0.002412014713526112,0.155461959358995,2.1965478578436553e-06,8.813095847964578e-06
hameed,Muslim,0.9965144610912395,0.003247558815118324,0.9965144610912395,0.00011077016964335322,0.0001024779027621955,1.4888695197563559e-07,2.4583134284630895e-05
hameedaa,Muslim,0.9672637926434591,0.026317976253019907,0.9672637926434591,0.0003638897285490673,0.005954085230413893,1.8258161734925038e-06,9.843032838440416e-05
hamid,Muslim,0.5392334544730194,0.4497839912602808,0.5392334544730194,0.007023709985099076,0.0031864400417819755,5.39536893470355e-06,0.0007670088708842111
hams,Muslim,0.8942464363331836,0.04758432868134884,0.8942464363331836,0.03568602425698484,0.022442334886587027,1.4471964036517028e-06,3.9428645491966135e-05
hamsa,Muslim,0.7637499189997227,0.0441303067785736,0.7637499189997227,0.09721531208303698,0.0948414013521115,6.522692770364453e-06,5.6538093784983035e-05
hamsaa,Christian,0.4951560015063718,0.028303803958714294,0.43457041846041855,0.04189981160902052,0.4951560015063718,7.1948085267423515e-06,6.276965694800333e-05
hamsaraaj,Christian,0.45704670447108614,0.23082242503194256,0.2872182622956127,0.02432330935126852,0.45704670447108614,6.495227752652246e-05,0.000524346572563715
hamza,Muslim,0.9751719260015063,0.02234617461738933,0.9751719260015063,0.001137479237397819,0.0012853528325947167,2.353749059310607e-06,5.6713562052432445e-05
hanamamtha,Hindu,0.9758276071681148,0.9758276071681148,0.005153178052900967,0.00048329763474696196,0.017808892307343668,0.00010419511680551336,0.0006228297200880344
hande,Hindu,0.9788138178525697,0.9788138178525697,0.00011606314349449481,4.3029277659488755e-05,0.0002616121226983229,0.004556476057052318,0.01620900154652566
haneefa,Muslim,0.9955653670570067,0.004070100369058229,0.9955653670570067,3.6369000769690135e-05,0.0003181514479070274,9.043199595154644e-07,9.107805298654952e-06
haneeph,Christian,0.8845605123058179,0.0788604975191177,0.03597086639523222,0.0004744492456153791,0.8845605123058179,1.3054010273730245e-05,0.00012062052394309055
hanif,Muslim,0.9907924929549246,0.008933126822800506,0.9907924929549246,4.58552074102128e-05,0.00022550594471276226,1.7275607139582823e-06,1.2915094379159766e-06
hansa,Hindu,0.6367899227299284,0.6367899227299284,0.3539555892710998,0.003118089787801761,0.00604617253095682,2.056200611717041e-05,6.966367409601699e-05
hansada,Hindu,0.9690938938920629,0.9690938938920629,0.02812502504708292,0.0006629686377143009,0.001993690547078651,2.924069232085543e-05,9.51811837404228e-05
hansda,Hindu,0.8946181174451172,0.8946181174451172,0.001909222903311571,0.0018136936665499575,0.10152567227589548,3.688642270675357e-05,9.640728641926744e-05
hansraj,Hindu,0.9132907547901891,0.9132907547901891,0.029097081286742713,0.026502579645184043,0.03071013205972423,7.506947981316994e-05,0.00032438273834687096
hanumaan,Hindu,0.5963185880814347,0.5963185880814347,0.01033530247350841,0.000475074007285054,0.39258158531755477,5.725937442935195e-05,0.00023219074578772456
hanuman,Hindu,0.9989620147911017,0.9989620147911017,0.00010887364312844527,3.3336428937945887e-06,0.0008876024410086762,5.023245063221053e-06,3.315223680429932e-05
haq,Muslim,0.9985434143819614,0.0011503220196958403,0.9985434143819614,0.00018734975892969192,0.00011655176195890991,5.975795850236913e-07,1.7644978693537083e-06
har,Hindu,0.9996133008833687,0.9996133008833687,1.266240742494974e-06,0.00038433542973945986,1.7082867904748755e-07,3.1776466762328474e-07,6.088528024327541e-07
harabas,Hindu,0.9213560171649827,0.9213560171649827,0.0731320045026499,0.0009962485681493298,0.004239135528576285,4.0948686967907054e-05,0.00023564554867401333
harabhajan,Hindu,0.9636777807317608,0.9636777807317608,0.02942972095680474,0.0026398977902322113,0.004011802006219009,1.7838351257114806e-05,0.0002229601637260372
haradeep,Hindu,0.9834312932146079,0.9834312932146079,0.003909553284419114,0.0014019762471221787,0.010664261020506946,9.234564801531942e-05,0.000500570585328849
haradev,Hindu,0.9890146813161126,0.9890146813161126,5.898889463686176e-05,0.00023817698900005814,0.005019208761094273,6.859469711363457e-05,0.0056003493420424735
harajeeth,Hindu,0.9374804013930156,0.9374804013930156,0.014022011065966837,0.00953030243975411,0.038872483755271046,2.405047551828539e-05,7.075087047432699e-05
harajiadar,Hindu,0.9941349943477027,0.9941349943477027,0.001097523889110257,0.0006079994327613401,0.00279815146436199,0.00012220247100912265,0.0012391283950544181
haralal,Hindu,0.9444163751173574,0.9444163751173574,0.036683643762633875,0.0061725100961072055,0.012359797586231581,0.00020573025861716907,0.000161943179052743
harapaal,Hindu,0.8457408415285312,0.8457408415285312,0.004576485781491117,0.002217705682849678,0.14657243816431056,0.0008040314558884725,8.849738692877761e-05
harapreeth,Hindu,0.8335771761839367,0.8335771761839367,0.002283591026875107,0.010950924258533955,0.1530078659319487,0.00013747125784470873,4.29713408608395e-05
haraviadar,Hindu,0.9976608944483579,0.9976608944483579,9.431713296831995e-05,5.1164471782438427e-05,0.002050072568296451,0.000127962822095186,1.5588556499619217e-05
hardayal,Hindu,0.9845183369017753,0.9845183369017753,0.000795648900974368,0.011698652748550075,0.002971090986241368,4.976841311364491e-06,1.1293621147766425e-05
hardev,Hindu,0.9814927151997818,0.9814927151997818,0.00025506009466813047,0.015900181271607066,0.0014722559454908443,7.5163890320911795e-06,0.0008722710994201824
haree,Hindu,0.9791497602178952,0.9791497602178952,0.00768702521145748,0.002993656943354018,0.0101495901742006,6.3943784845239166e-06,1.3573074608254903e-05
hareejan,Hindu,0.8428888439071518,0.8428888439071518,0.11435296546829282,0.004623705883031681,0.03797090113160181,2.31772225816655e-05,0.00014040638734024555
hareelaal,Hindu,0.8512565918710467,0.8512565918710467,0.014477472654920142,0.0008977367065817235,0.13334009149207576,1.8978769390238762e-05,9.128505985467392e-06
hareeraam,Hindu,0.9477901267775458,0.9477901267775458,0.026913604069293075,0.0021341006438942616,0.023070522320000616,1.303699584483987e-05,7.860919342160193e-05
harees,Hindu,0.8107307098055379,0.8107307098055379,0.020233947875584544,0.003123315844715658,0.16586158379157837,2.308504979565733e-05,2.735763278790906e-05
hareesamkar,Hindu,0.9401817265360204,0.9401817265360204,0.006391621420158965,0.0018348298155830079,0.04262349682178035,3.4259651587401234e-05,0.008934065754869895
harendr,Hindu,0.9965930141747364,0.9965930141747364,0.000550992696311144,0.0008404300165270708,0.0018942111121510005,0.00010559848318358607,1.5753517090861347e-05
harendra,Hindu,0.9964521179371703,0.9964521179371703,0.00037429030310122435,0.0005484820066649792,0.002338231609385342,0.00025845952705475363,2.8418616623601556e-05
hareraam,Hindu,0.979562087176253,0.979562087176253,0.009459028506937623,0.0006492328228060459,0.010226272904301788,2.1406430338646213e-05,8.197215936271086e-05
haresh,Hindu,0.9952506315469832,0.9952506315469832,0.0022859133933440918,8.519381469356628e-05,0.0020686259021257206,0.000287516925107247,2.2118417746001634e-05
hari,Hindu,0.9998932529662884,0.9998932529662884,7.036227037527401e-05,2.375314597331835e-05,1.2086202791676725e-05,2.9586072395408534e-07,2.4955384749888005e-07
haridas,Hindu,0.996118920419197,0.996118920419197,0.0022728743012518696,0.0003052847454186467,0.0011395246756532712,2.981715109252903e-06,0.00016041414337013187
harihar,Hindu,0.9968058631605557,0.9968058631605557,0.0018095642438125418,0.00011948046123540233,0.0012586033396313318,2.4478608911547525e-06,4.04093387359377e-06
harijan,Hindu,0.9999588443269295,0.9999588443269295,3.475005812315907e-05,6.702387480547645e-07,5.4971981995685315e-06,1.4289854971005362e-08,2.2388814499306767e-07
harikes,Hindu,0.9905750824930543,0.9905750824930543,0.004733149610603768,0.0007287714027480285,0.003926622004732831,1.2770845514327218e-05,2.360364334684421e-05
harikrishnan,Hindu,0.9866031550237755,0.9866031550237755,0.005338582145576974,0.0013962885664304397,0.00661965939729566,2.626529738194705e-05,1.604956953942131e-05
harilal,Hindu,0.9943920855328582,0.9943920855328582,0.002683513284298829,0.0002504453377937549,0.002664386493591495,4.641297150808228e-06,4.928054306904658e-06
harinarayan,Hindu,0.965173271608614,0.965173271608614,0.0005410685336155048,0.00024103407546512265,0.03379895922281985,0.00021191154507007193,3.375501441535453e-05
harinath,Hindu,0.9963594922280932,0.9963594922280932,0.0010926893921389222,0.001072746496453877,0.001424736293099083,1.3564699561562816e-05,3.6770890653198094e-05
hariom,Hindu,0.7658102700575435,0.7658102700575435,0.17405340231441643,0.0045804667035172575,0.05516222566588355,3.124244027009965e-05,0.00036239281836912714
hariprasad,Hindu,0.9164469677532205,0.9164469677532205,0.00508512615621305,0.0007029102570443928,0.07769579036123041,2.7925061815620596e-05,4.128041047606997e-05
hariraam,Hindu,0.9190297827211701,0.9190297827211701,0.026353883662516727,0.027677250060797354,0.02592129222018351,4.4342092272042e-05,0.0009734492430601386
hariram,Hindu,0.9063036160398401,0.9063036160398401,0.0060181396003420725,0.08196340017477594,0.0020607700396288627,3.0428134279679743e-05,0.0036236460111332635
haris,Hindu,0.98066561949551,0.98066561949551,0.01283223041198519,0.0005011960785444436,0.0059948885571310005,3.029387809093556e-06,3.0360690203454373e-06
harisamkar,Hindu,0.9811232132701946,0.9811232132701946,0.0038366508919025393,0.0003790700099101203,0.002761900491625677,9.901133504685341e-06,0.011889264202862305
harischandr,Hindu,0.9535794920806147,0.9535794920806147,0.026540247267177238,0.0018990256744928604,0.017325390451997786,0.0004370682433239851,0.00021877628239335944
harish,Hindu,0.9720672413756539,0.9720672413756539,0.021699465851760982,0.0006778531369707989,0.0055327580676493016,1.3968819513833052e-05,8.712748451333048e-06
harishankar,Hindu,0.9465585742147471,0.9465585742147471,0.044200316042430986,0.00044920705431999335,0.007384215127660619,0.0010704319899552239,0.00033725557088624557
harishchand,Hindu,0.728378622510611,0.728378622510611,0.07412510650565628,0.007558095073120037,0.03952413021576547,0.15001586150083462,0.000398184194012528
harishchandra,Jain,0.6236164289612138,0.32630029533446936,0.03040535765873844,0.0025509613372665923,0.016571933725700358,0.6236164289612138,0.0005550229826114246
harisingh,Hindu,0.7281766159996748,0.7281766159996748,0.0057903875686204954,0.2654182631940326,0.0006145210163956881,1.5296194291286934e-07,5.925933350302652e-08
harisinh,Hindu,0.8817051084833188,0.8817051084833188,0.09200904661532383,0.010774996088739238,0.015468285421273622,3.512352716056192e-05,7.439864183925048e-06
harji,Hindu,0.9727048107142133,0.9727048107142133,0.00902314078939976,0.014515777250011703,0.002995024809213578,5.626162435219114e-06,0.00075562027472655
harpal,Hindu,0.9638712801744912,0.9638712801744912,0.0016230097254464615,0.03005407579636598,0.002511110478830848,0.00183189477241218,0.00010862905245323919
harprasad,Hindu,0.8884409783397219,0.8884409783397219,0.004610983702887097,0.002587500929750912,0.10420901652136078,8.551342822589869e-05,6.600707805342345e-05
harsh,Hindu,0.9591393273804238,0.9591393273804238,0.006629139876928056,0.03378425301281774,0.0003808675976710389,8.290316614082417e-06,5.8121815545143775e-05
harsha,Hindu,0.9502937999105087,0.9502937999105087,0.014109236925708353,0.034901123332485615,0.0005908925323294089,1.0283497736432302e-05,9.466380123133459e-05
harun,Hindu,0.7359096035030723,0.7359096035030723,0.24322639727899226,0.003159333448425107,0.017029842348123297,1.9086959640727353e-05,0.0006557364617462834
hasada,Hindu,0.5477125372710073,0.5477125372710073,0.022434606596672006,0.0008392781855869843,0.4288586273276152,4.5531806506430916e-05,0.00010941881261204465
hasain,Christian,0.6036252687728965,0.0760300449862268,0.3152430907035803,0.005073340268626508,0.6036252687728965,2.2767574221907732e-05,5.487694447931686e-06
hasan,Christian,0.9229468642106342,0.06263556778758364,0.013738175264661418,0.0006340236845626104,0.9229468642106342,1.192163532430566e-05,3.344741723380136e-05
hasda,Hindu,0.4804037052850116,0.4804037052850116,0.09826242368752622,0.006547496141088055,0.41441675286961355,8.063134301816617e-05,0.0002889906737424626
haseena,Hindu,0.49621946511634035,0.49621946511634035,0.06216047434925216,0.0026921443008728354,0.4388872400493824,1.7092957969499132e-06,3.896688835521603e-05
haseenaa,Christian,0.7473244326977224,0.20939765942686675,0.04150839512663332,0.001734465762390567,0.7473244326977224,1.6727018041225463e-06,3.337428458284782e-05
hasim,Christian,0.47906778062829936,0.05145281193520396,0.45977831939540137,0.009695967407524106,0.47906778062829936,1.2679946238093796e-06,3.852638947302054e-06
hasina,Hindu,0.3963438039352191,0.3963438039352191,0.3708392731845047,0.13029208115377658,0.10249601005188475,2.2823856228593077e-05,6.007818386356604e-06
hasmukh,Muslim,0.46809878060567434,0.3942565429795721,0.46809878060567434,0.08999854120249169,0.046802640844829706,0.00015032863316850168,0.0006931657342637257
hassan,Muslim,0.9353799740595001,0.004377356971717805,0.9353799740595001,0.034942495839552064,0.025289319406771787,3.5886825542169095e-06,7.26503990390005e-06
hati,Hindu,0.9944282703804347,0.9944282703804347,0.0050379766656276906,0.00018856813538563672,0.00033139443932392847,1.2838293623709708e-05,9.520856039722876e-07
hazari,Hindu,0.7839731870982611,0.7839731870982611,0.21130789572933506,0.0009109038668515919,0.003777016339324256,9.358509066172082e-06,2.163845716170579e-05
heenaa,Hindu,0.6645237303568087,0.6645237303568087,0.08790761601884219,0.006418454281149794,0.24100958355188173,5.950930855038341e-06,0.00013466486046247246
heera,Hindu,0.902514751742132,0.902514751742132,0.08448930457412063,0.0007914267851609866,0.012188951932636666,2.2652669986836167e-06,1.3299698951156824e-05
heeraa,Hindu,0.7551469734381576,0.7551469734381576,0.11596695698862805,0.0018207877673188,0.1269998014505635,9.352846185650752e-06,5.612750914636197e-05
heeraalaal,Hindu,0.5044808949149601,0.5044808949149601,0.10812695248091551,0.0015990315503735951,0.3857318662153196,1.4329735448492435e-05,4.692510298272454e-05
heeraamanee,Hindu,0.6021186284273065,0.6021186284273065,0.19317655597075498,0.0008566483862756824,0.20167072339275596,3.08883656852669e-05,0.0021465554572216643
heeralal,Hindu,0.8507373153865693,0.8507373153865693,0.1258091640775693,0.003285327076108046,0.02012857696193932,1.2655846802732151e-05,2.696065101107929e-05
hem,Hindu,0.9886576610912581,0.9886576610912581,0.008063401779117638,0.0003856374090631095,0.0028732228823425765,5.945945100189717e-06,1.4130893118489812e-05
hema,Hindu,0.9838177920643588,0.9838177920643588,0.014010980246818799,0.00028379440796340094,0.001838999573056328,3.796320086205922e-05,1.0470506940573225e-05
hemaa,Hindu,0.8206491065839997,0.8206491065839997,0.0336643782580021,0.001314079675443285,0.14421901697632614,9.116411791665556e-05,6.225438831205183e-05
hemalathaa,Christian,0.5982197314115314,0.3695847378289231,0.02932402002921027,0.00264271018006708,0.5982197314115314,4.976038005708958e-05,0.00017904017021114143
hemamth,Hindu,0.9130082222110307,0.9130082222110307,0.07428896507910547,0.004995216736970917,0.006769863214449878,3.925751524527455e-05,0.0008984752431976124
hemant,Hindu,0.989525906204124,0.989525906204124,0.002252573324764431,0.000860147871197776,0.0034947684586287006,0.003726286323050541,0.00014031781823473384
hemanth,Hindu,0.9858567999353455,0.9858567999353455,0.002043236514816474,0.0008728062484609591,0.010822234260747403,0.00033847190514554,6.645113548404956e-05
hemaraaj,Hindu,0.7567131647691517,0.7567131647691517,0.029313604797768046,0.0013607948996846367,0.2121091810085196,0.00022823512827649468,0.0002750193965996774
hemaram,Hindu,0.9906807744714413,0.9906807744714413,0.0020966182755885587,0.0003189917587400735,0.005792234791359679,0.00021105556668366845,0.0009003251361865281
hembram,Hindu,0.996137936021479,0.996137936021479,0.0007000587578107288,0.00015387994650508706,0.002886040114181405,3.329816298318366e-06,0.00011875534372534881
hemraaj,Hindu,0.9156293455686699,0.9156293455686699,0.038074471097058755,0.0008763755927821326,0.045199971076115016,3.0037784549507006e-05,0.0001897988808247019
hemram,Hindu,0.9919507709565265,0.9919507709565265,0.006402660060691665,0.00028806502552450916,0.0012638210287822735,7.875741694795111e-06,8.680718678043512e-05
hera,Hindu,0.99700516758522,0.99700516758522,0.0021420043002394,3.991967746406118e-05,0.0007836045456458238,7.545571091136953e-06,2.1758320339466095e-05
hetal,Hindu,0.9713413139813496,0.9713413139813496,0.003974096914154686,0.0013976129047162578,0.0222369494016765,0.001029311609702504,2.0715188400457603e-05
hetaram,Hindu,0.998798218326127,0.998798218326127,0.00017741673440827119,0.00023536183300435257,0.0004640653122661928,0.00011800778155739521,0.00020693001263685155
himaamsu,Hindu,0.447184286380146,0.447184286380146,0.21463842340701128,0.006544177266374633,0.33140033421610543,2.520653906955691e-05,0.00020757219129288802
himmath,Hindu,0.9250305822952729,0.9250305822952729,0.00420418144791412,0.00309653632597225,0.06763851323300837,1.3687526724047839e-06,2.8817945160058375e-05
hina,Hindu,0.9723017838133345,0.9723017838133345,0.011949865282629299,0.0025077856745945393,0.01298931447682517,0.00016887348894450432,8.237726367178823e-05
hinaa,Hindu,0.5651101352844073,0.5651101352844073,0.09208639677712091,0.0073295464610945256,0.33496185000147444,0.00021246365571758827,0.00029960782018530923
hira,Hindu,0.9911288589165488,0.9911288589165488,0.0005806166377479825,2.9040273122125925e-05,0.0008006798363288616,1.896389798443635e-05,0.0074418404382677016
hiraa,Hindu,0.8919537743035801,0.8919537743035801,0.011096936956313789,0.0005977162503596301,0.09078549193474279,7.746490266419282e-05,0.005488615652339568
hiralal,Hindu,0.9076950429814649,0.9076950429814649,0.07346114190610009,0.0022119855079658067,0.01587805315642952,9.59253316583501e-05,0.0006578511163814383
hiraram,Hindu,0.9885008969168823,0.9885008969168823,0.0021764812444512458,0.00040800806057691167,0.004627759584826241,0.00015517296976390297,0.004131681223499424
hirematha,Hindu,0.8920344078708818,0.8920344078708818,0.009108227696243913,0.0005558519785142205,0.09814987813064169,1.3645742820088899e-05,0.00013798858089838473
hitesh,Hindu,0.9629766573045314,0.9629766573045314,0.010677308831040669,0.001015684628953366,0.024612176903133637,0.00043866976843926706,0.00027950256390179954
hithes,Hindu,0.6117546633558275,0.6117546633558275,0.016761215926233718,0.019491607014224182,0.3519003019158901,1.3422953729998574e-05,7.878883409444671e-05
hivaale,Hindu,0.7330946809714677,0.7330946809714677,0.003326585116046858,0.00011770739930345704,0.26322821442927263,1.7999468799617678e-05,0.0002148126151095723
hivale,Hindu,0.9909931777420693,0.9909931777420693,0.0008554976754535787,2.0040154241623073e-05,0.00804428815085577,1.0888381244915645e-05,7.610789613492384e-05
hoda,Hindu,0.9992307454545492,0.9992307454545492,0.0003314140003199445,3.846486016208071e-05,0.0003439768087709746,1.170953252030516e-05,4.368934367751171e-05
horilal,Hindu,0.9820559031806367,0.9820559031806367,0.004105164721892291,0.0001262487651126358,0.013703453595050647,2.5777080702331477e-06,6.652029237482807e-06
hosda,Hindu,0.7214723281684225,0.7214723281684225,0.0009672757618358187,0.0007376907495935885,0.2767732362528839,1.4770502083033482e-05,3.469856518097143e-05
hosen,Christian,0.9350930082745618,0.06281377727595493,0.0010805729372308764,0.0010106477351191846,0.9350930082745618,4.962591928265182e-07,1.4975179404773155e-06
hota,Hindu,0.9979928561233287,0.9979928561233287,0.0011598036435818131,0.0005917972208630241,0.000144578251259488,9.062747519647243e-06,0.00010190201344731961
husain,Muslim,0.8910794196151165,0.0837585226453629,0.8910794196151165,0.011307287444880167,0.013840056026267688,3.8026821667926834e-06,1.0911586206112287e-05
husein,Muslim,0.7607525785368076,0.08701100023795377,0.7607525785368076,0.0181521946196251,0.13404289517796752,6.024038167886804e-06,3.530738947835838e-05
husen,Muslim,0.8033095807782237,0.04551067996337012,0.8033095807782237,0.014492350497507845,0.1366671321550273,7.773030767225577e-07,1.9479302794434075e-05
hushikesa,Hindu,0.9503511436657258,0.9503511436657258,0.03993683137254807,0.0022263928005561333,0.007259282581139705,1.0265316323854064e-05,0.0002160842637063949
hussain,Sikh,0.7892052567053759,0.0018134897409767356,0.20775919936216972,0.7892052567053759,0.0012214095419609812,1.3076042075167528e-07,5.138890959188081e-07
iadarajeeth,Hindu,0.9280662643136273,0.9280662643136273,0.006416663346237499,0.001629272909117123,0.06384599449349727,1.658009247683617e-05,2.5224845044063422e-05
iamdu,Hindu,0.9085293527214928,0.9085293527214928,0.07874300997708407,0.004563974073120346,0.00740823160797003,2.5167326342483227e-05,0.0007302642939900928
iamgale,Hindu,0.642071737918208,0.642071737918208,0.03396155039288144,0.001267725994096465,0.322076132859112,0.000300161263788024,0.0003226915719140782
iamgoole,Hindu,0.7964815593864006,0.7964815593864006,0.039973262952075865,0.0015751014064980578,0.1614335146221176,0.0003588482211709824,0.00017771341173680868
ibraahim,Muslim,0.62924289520957,0.3173511810820456,0.62924289520957,0.020533455740949762,0.03274268006194655,1.3805483482813166e-05,0.00011598242200520322
ibrahim,Muslim,0.5231439124850111,0.007366469873794103,0.5231439124850111,0.4687711004666013,0.0007138795119420144,7.000644244535655e-07,3.937598227102241e-06
ichlam,Hindu,0.7572514521344524,0.7572514521344524,0.07661454180071355,0.002995315159874791,0.16251331965144653,1.7404386654438584e-05,0.0006079668668583564
idrees,Christian,0.39229047681652435,0.253589322830742,0.3509178745244928,0.003014691213502504,0.39229047681652435,0.00013495321312260417,5.268140161573402e-05
idrish,Muslim,0.9165548485043218,0.06714506574602057,0.9165548485043218,0.0005774426210727332,0.0157020190375006,9.662173903728701e-06,1.0961917180538502e-05
ikabaal,Muslim,0.7580634773732453,0.15977173980156734,0.7580634773732453,0.0028365950420740833,0.07879304654574125,5.784380771920487e-05,0.00047729742965289075
ikram,Hindu,0.9369000868630616,0.9369000868630616,0.03618285963496028,0.0030211725411598877,0.0013801482019597877,0.0013160221881371105,0.02119971057072149
ila,Hindu,0.950006288935819,0.950006288935819,0.0004385907193500667,1.4406190122971813e-05,0.04953578791255947,2.582538667174677e-07,4.667988281810537e-06
ilango,Hindu,0.9906303290533822,0.9906303290533822,0.005485125241376407,0.00025947629332381085,0.002933700704604432,3.2857273080337836e-06,0.0006880829800051767
ilangovan,Hindu,0.986860046790099,0.986860046790099,0.004077623734852269,0.00025229505394542233,0.008206985175393314,2.3732884403248538e-05,0.0005793163613066534
iliyaas,Christian,0.9504918940159295,0.022171790266073348,0.027023786051553558,0.0003107176760970851,0.9504918940159295,3.2278795101991144e-07,1.4892023954455738e-06
ilyas,Christian,0.85724528404891,0.1288818720357846,0.012887446635795842,0.0009797927591406414,0.85724528404891,1.675572962460842e-06,3.928947406442722e-06
imam,Muslim,0.9400770300678551,0.044897992558923086,0.9400770300678551,0.0033269502023597027,0.011615681527257983,8.273048410386507e-06,7.407259519383651e-05
imaraan,Christian,0.7912896519581019,0.19829684929137367,0.009196962238426578,0.0007907916781303532,0.7912896519581019,0.0001286988762201892,0.0002970459577473809
imaraanaa,Christian,0.8788629860186252,0.11729902163657244,0.0032929563482330276,0.0002761801025354096,0.8788629860186252,8.92574778266932e-05,0.00017959841620724033
imarathee,Hindu,0.49557271706791384,0.49557271706791384,0.010178336860755288,0.0021196528017134587,0.4918693498732541,1.3762705148786782e-05,0.00024618069121458923
imran,Hindu,0.8397173867376148,0.8397173867376148,0.15010970280282618,0.0004897192583765751,0.008944590669236072,1.893603669244701e-05,0.0007196644952539648
inaamadaar,Hindu,0.8191656389133084,0.8191656389133084,0.06066364406580514,0.0027206650571913243,0.11697259362015353,0.00016930384699191493,0.00030815449654954626
inamadar,Hindu,0.805323523393809,0.805323523393809,0.17509917545901532,0.0023141895966187057,0.016885367789578287,0.00021787013266104193,0.0001598736283176306
indal,Hindu,0.9941553130572577,0.9941553130572577,0.004459224673378655,0.0006208675714595986,0.0007022087040332888,5.852198260064485e-05,3.8640112700820675e-06
indira,Hindu,0.9970184293300212,0.9970184293300212,0.0017379858620749837,0.00021025773991595594,0.0009688623819224886,3.185505528529015e-05,3.260963078005399e-05
indiraa,Hindu,0.9860196516664872,0.9860196516664872,0.003883039121019807,0.00046937210576435904,0.009497028478382174,5.405226530386469e-05,7.685636304261477e-05
indoo,Hindu,0.8852078164577074,0.8852078164577074,0.031068356964310914,0.057781276745636115,0.025470917511924287,0.0002687700710050884,0.00020286224941619933
indr,Hindu,0.6819362734024222,0.6819362734024222,0.0020789559298903483,0.1371200061261773,0.004343461786819194,0.17441771119507402,0.00010359155961692076
indraa,Hindu,0.7863079289036762,0.7863079289036762,0.008362321271135042,0.03149061586058041,0.12410786946017459,0.04858162710281237,0.0011496374016214282
indraavathee,Hindu,0.6887948473456434,0.6887948473456434,0.004179158908155733,0.006976635217172869,0.29856652888473667,0.001221048962286859,0.00026178068200423746
indradev,Hindu,0.9677238636150922,0.9677238636150922,0.0014160982046831688,0.004992769318864917,0.019142300072607765,0.002782556742364074,0.003942412046387868
indrajeet,Hindu,0.7975042620984203,0.7975042620984203,0.05817517252599579,0.09010411652436354,0.05122663726666444,0.0027825756133437467,0.00020723597121212914
indrajeeth,Hindu,0.7837643558765887,0.7837643558765887,0.043402859903893386,0.08271996841895006,0.08849497264705726,0.0014427806642509078,0.0001750624892597439
indrapaal,Hindu,0.7522844525380751,0.7522844525380751,0.006952982859668154,0.007021854058945058,0.20301605444500986,0.030593319068888045,0.00013133702941370824
indrapal,Hindu,0.9355889436594657,0.9355889436594657,0.002106805027333417,0.005310734486409196,0.022636707635137657,0.03427691694128167,7.989225037245327e-05
indravathee,Hindu,0.9105235745946789,0.9105235745946789,0.005408500226989214,0.007336045520515911,0.07507240336625491,0.0014727671351157203,0.00018670915644512876
indu,Hindu,0.9823442683868474,0.9823442683868474,0.002309600328548504,0.012038006062767276,0.0008052613635095273,0.0024356735226636885,6.719033566385248e-05
indumathee,Christian,0.5111285235465653,0.4770502532270452,0.0072811461947226985,0.004439892208119965,0.5111285235465653,2.530156310337994e-05,7.488326044349812e-05
ingale,Hindu,0.5496770267096605,0.5496770267096605,0.19450654667971276,0.009167569704121914,0.24641998302192042,3.3863520894308316e-05,0.00019501036369018506
ingole,Hindu,0.89924111857542,0.89924111857542,0.07267433274736908,0.005405745034239985,0.022621005090666158,9.126872228967858e-06,4.867168007581634e-05
iqbal,Muslim,0.9916249880310591,0.005497676889471264,0.9916249880310591,0.0008984864068723842,0.0019538417977111905,4.771691846320564e-06,2.0235183039773563e-05
iraphaan,Christian,0.616501904969499,0.3476968200779158,0.03405907408221678,0.0008600150798069086,0.616501904969499,0.0002168523522236169,0.0006653334383379508
irasaad,Hindu,0.5729323289037768,0.5729323289037768,0.06514822871132643,0.0007628803573462557,0.36075149293806563,3.789338813288905e-05,0.00036717570135216354
irfan,Muslim,0.9226264890960841,0.07628317296441928,0.9226264890960841,0.00021731794613370282,0.0008470750065022717,4.874523961999023e-06,2.1070462898713372e-05
irshad,Hindu,0.9758514094367049,0.9758514094367049,0.021264955623871724,0.0019945965127581545,0.0007191560278769956,1.0957173282603031e-05,0.00015892522550536186
isaalam,Hindu,0.42535628157187527,0.42535628157187527,0.2573122818533504,0.002504626877942068,0.3139958713617086,1.2322138347926e-05,0.0008186161967757837
isak,Hindu,0.5431395848434919,0.5431395848434919,0.4191866039906979,0.008986840946269684,0.028577723655604296,3.210831925507663e-06,0.00010603573201061069
isaraar,Hindu,0.7294219447546835,0.7294219447546835,0.03139431125225702,0.0016161463071460147,0.2371815220203554,4.8370376629649376e-05,0.0003377052889283043
isaraavathee,Hindu,0.5472056485849478,0.5472056485849478,0.009312110886873668,0.0010390657673947574,0.4422880681786532,2.4034842996457952e-05,0.00013107173913411678
isarath,Hindu,0.982103005286376,0.982103005286376,0.0020670877379105473,0.00045018183403088685,0.015017594225531948,4.20809321361675e-06,0.00035792282293741157
ishaq,Muslim,0.9844550665817231,0.013103522374662403,0.9844550665817231,0.0004442808803504289,0.001992595563400253,5.257837879723566e-07,4.008816075819689e-06
ishwar,Hindu,0.9990185549457393,0.9990185549457393,7.722389900198204e-06,1.4977632661441967e-05,0.0009118135393882624,6.313713412670618e-08,4.686835517662801e-05
islaam,Muslim,0.4919460537443575,0.07023183098188511,0.4919460537443575,0.0009147214049793575,0.4368473795127701,4.887104195780093e-06,5.512725181244485e-05
islam,Muslim,0.9881273684712093,0.009221871381434113,0.9881273684712093,0.00011128930669543599,0.0025290350242868813,3.141517827542302e-07,1.012166459140821e-05
ismail,Muslim,0.8196903602795812,0.003256056622153778,0.8196903602795812,0.17481124264478082,0.0022393839871755923,3.2489064921371437e-07,2.6315756595180918e-06
israil,Christian,0.9382201953843249,0.04498109089215544,0.01621499035202671,0.0005740315338417061,0.9382201953843249,8.44232223846491e-07,8.847605427400448e-06
israr,Hindu,0.7619692291609843,0.7619692291609843,0.08170268171280451,0.002601541345422045,0.15355044313326197,2.906459721099733e-05,0.0001470400503162838
itwari,Hindu,0.9410280304307345,0.9410280304307345,0.006233005192282349,0.001169428205505486,0.05143380649027622,1.1537372428219676e-05,0.00012419230877330116
iyasmin,Muslim,0.8186594903543859,0.14218737860581573,0.8186594903543859,0.005135701176286701,0.03400752325592654,5.492154655880813e-06,4.414452929230295e-06
jaadav,Hindu,0.983950770535318,0.983950770535318,0.0009472543192024534,4.380854805659652e-05,0.01499103651614919,4.074866628247175e-05,2.6381414991324115e-05
jaadejaa,Hindu,0.5463069972896482,0.5463069972896482,0.1253796014611314,0.0035922034852155127,0.3225405446651042,3.5935337909039095e-05,0.002144717760991732
jaadhav,Hindu,0.9680266544128295,0.9680266544128295,0.0019062431267618642,0.0006308662954052063,0.029206888418171047,4.704727260769678e-05,0.00018230047422450172
jaagesvar,Christian,0.7661259037519498,0.22891489663503775,0.004389864694150878,0.00046308026771844885,0.7661259037519498,5.6381006526641486e-05,4.987364461657726e-05
jaahid,Muslim,0.8982895077641142,0.065342329862468,0.8982895077641142,0.0020338566826587487,0.03426717770392141,2.09671003322243e-05,4.616088650542934e-05
jaahidaa,Muslim,0.6043237844663274,0.2186738273367709,0.6043237844663274,0.0023928242952292447,0.1744605663663615,4.7422723747579806e-05,0.00010157481156330544
jaakir,Muslim,0.8305538030171766,0.13412533005233168,0.8305538030171766,0.0017095078355414402,0.03351922362033834,2.4513403570153833e-06,8.968413425482686e-05
jaan,Christian,0.47068632273570343,0.38132650858009015,0.14378352310235856,0.003363984409310123,0.47068632273570343,6.644671342199004e-05,0.0007732144591155087
jaanakee,Hindu,0.5514406601565375,0.5514406601565375,0.16599100089053198,0.0037536601012863975,0.2784487375035962,2.6877732644382967e-05,0.0003390636154034231
jaane,Christian,0.43757169248826544,0.3922944733067309,0.16497069179906626,0.00105880767369855,0.43757169248826544,7.628369373715908e-05,0.0040280510385016744
jaanee,Muslim,0.543056218220141,0.12384111277303751,0.543056218220141,0.0009419037904899739,0.33104089942735754,1.5981075689371994e-05,0.001103884713284669
jaanendr,Hindu,0.5558955600237837,0.5558955600237837,0.13842011995147185,0.010401155848184202,0.2778420813119449,0.014346878307912382,0.0030942045567029703
jaavale,Hindu,0.8049822065974838,0.8049822065974838,0.05231595802728229,0.0005997393897216625,0.14013908090940674,0.0017566312281073382,0.0002063838479983604
jaaved,Hindu,0.7228402405344848,0.7228402405344848,0.025140000342057822,0.001116797225719573,0.25074840788813724,3.633233542406135e-05,0.00011822167417630283
jabbar,Muslim,0.9634840560149981,0.03454235143245275,0.9634840560149981,0.00037888677755877745,0.0015300787281106924,3.70772075707039e-05,2.7549839308889563e-05
jacob,Christian,0.9991496919207316,0.0005624835521601926,0.0002464600930827293,3.506519259472441e-05,0.9991496919207316,3.117427127941127e-07,5.987498717822446e-06
jadhav,Hindu,0.9992450799997247,0.9992450799997247,0.00010705848774312229,5.9229130072891184e-05,0.0005046462504625772,1.5321076939902794e-05,6.866505505687308e-05
jafar,Muslim,0.9982566861504832,0.0017022129023596014,0.9982566861504832,2.5070119754007948e-05,1.5392856114522628e-05,1.2736582348268818e-07,5.106054651049862e-07
jag,Hindu,0.9845578508015885,0.9845578508015885,0.003420818970392345,0.010922232383882539,0.001058232387090287,1.4305725442213173e-06,3.943488450250262e-05
jagadaale,Hindu,0.9180987067009985,0.9180987067009985,0.003996141694180849,0.0003427374071755901,0.07711494445213177,8.61697008377961e-05,0.0003613000446753128
jagadeep,Hindu,0.9784212059246342,0.9784212059246342,0.005697023755346715,0.00195534494360859,0.008795229878481303,3.093490004072719e-05,0.005100260597888436
jagadees,Hindu,0.9004842669957366,0.9004842669957366,0.04435685713538474,0.0027153664112673525,0.045706679150391116,5.039452594967526e-05,0.006686435781270635
jagadeesan,Hindu,0.9736511074283539,0.9736511074283539,0.012805360059501251,0.0009544765778638746,0.010532071571957685,3.8845924017803744e-05,0.0020181384383057745
jagadev,Hindu,0.9136859553037832,0.9136859553037832,0.0003017316033838897,0.0006113138233065941,0.005327778074325476,3.152479225416575e-05,0.0800416964029466
jagadisha,Hindu,0.9940112979141402,0.9940112979141402,0.003654612490954211,0.0002562090403346714,0.0020214372835279503,5.2060333073709916e-06,5.1237237735549126e-05
jagadishprasad,Hindu,0.978245873398974,0.978245873398974,0.0002998201581921565,6.800845883254802e-05,0.02135290814068459,7.575432017603946e-06,2.5814411299122792e-05
jagajeeth,Hindu,0.7621022349781914,0.7621022349781914,0.059558857647995254,0.023212148202140927,0.1548746733298216,3.15463350803543e-05,0.00022053950677038733
jagamoohan,Hindu,0.9110615825521723,0.9110615825521723,0.008969983472675773,0.01780018063030553,0.06185426677278296,2.852793442255884e-05,0.00028545863764074505
jagan,Hindu,0.8858311585001735,0.8858311585001735,0.0008477469352693915,0.0009010046638281678,0.11194325322034404,0.00014705471493228273,0.0003297819654524485
jaganaatha,Hindu,0.7257456740751558,0.7257456740751558,0.0022414464499802824,0.001184655798520767,0.27046705159400364,5.1701346144582905e-05,0.0003094707361949401
jagannaath,Hindu,0.8378041948661453,0.8378041948661453,0.0003288291197785413,0.0007232658650793433,0.1610337468455586,7.941721365443578e-05,3.054608978359328e-05
jagannath,Hindu,0.99762708781581,0.99762708781581,5.7596541266526556e-05,0.00012521251365565434,0.002165456953152237,1.4702512299986577e-05,9.94366381575663e-06
jagapaal,Hindu,0.6056235646452478,0.6056235646452478,0.009266422759827867,0.0016248482066374837,0.38301696672295044,0.00040001324891998446,6.818441641630032e-05
jagaraanee,Hindu,0.5014446047089935,0.5014446047089935,0.015850442255190028,0.0009591588560781944,0.4806601879594028,5.816620399382867e-05,0.0010274400163415528
jagaram,Hindu,0.9777766814547145,0.9777766814547145,0.0005573825820364187,0.0010609658916311722,0.018938237669772075,0.00010184412854810862,0.0015648882732976844
jagaranaath,Hindu,0.8137241086443174,0.8137241086443174,0.0008764070384067515,0.0009208297716837903,0.1840823264910722,4.0419992180478734e-05,0.0003559080623395146
jagarnath,Hindu,0.9774811241677128,0.9774811241677128,0.002595662350612198,0.008341755656918314,0.011009052581636827,2.6524131656859994e-05,0.0005458811114630877
jagaseer,Christian,0.5206373931920507,0.4279547313336284,0.04763327455333012,0.003737252725556989,0.5206373931920507,4.627473748849049e-06,3.272072168497821e-05
jagatap,Hindu,0.9945648605838393,0.9945648605838393,0.0007759659540474255,0.0007093286695622615,0.003770098361010128,0.00014199744141651623,3.774899012433734e-05
jagath,Hindu,0.9524551759661475,0.9524551759661475,0.00297236282527738,0.007672757649687203,0.03656187548425191,1.076981403566028e-05,0.0003270582606006262
jagathaap,Hindu,0.7364794943146786,0.7364794943146786,0.0033391627617055217,0.0031091073596632365,0.2568304979726709,2.944331663361557e-05,0.00021229427464833535
jagathaar,Hindu,0.7324538126342433,0.7324538126342433,0.007717674554411349,0.005810312105583648,0.2536377562067609,1.8356606453958688e-05,0.00036208789254704477
jagaveer,Hindu,0.9548382044080965,0.9548382044080965,0.016697322899659632,0.0017992119530887323,0.02659096582947304,3.126285460142345e-05,4.303205508083033e-05
jagdale,Hindu,0.95357084630325,0.95357084630325,0.031886094479618154,0.0013816993288018446,0.013041118737174841,3.1980943295979985e-05,8.826020785896828e-05
jagdev,Hindu,0.9863173959445386,0.9863173959445386,0.0010199859930618994,0.0053107708419203314,0.0065571752545749845,4.704600548795606e-06,0.0007899673653553974
jagdish,Hindu,0.9971927224497386,0.9971927224497386,0.001813662474959963,0.0004270783594703113,0.0005541633758389458,4.6235604352528596e-07,1.1910983948846316e-05
jageer,Muslim,0.6421109532719139,0.22112449983693863,0.6421109532719139,0.05266063416799457,0.08401238445580539,8.680980265314633e-06,8.284728708221634e-05
jageshwar,Hindu,0.9888778606697827,0.9888778606697827,0.00016742328333409906,0.00010021526031520929,0.010800606907048945,5.635920016485236e-06,4.8257959502613426e-05
jagmohan,Hindu,0.9259782708898493,0.9259782708898493,0.011526150011721914,0.008859266888009398,0.05349916469910144,2.8212248815649972e-05,0.00010893526250223059
jagruti,Hindu,0.9235259291972733,0.9235259291972733,0.04719064348203051,0.009749364655578888,0.019310226726862986,1.4285441275410692e-05,0.00020955049697906066
jaha,Muslim,0.7182798474006713,0.28072399791332714,0.7182798474006713,0.0007188733872359868,0.00025494823955628097,6.217129314315119e-06,1.6115929894938924e-05
jahan,Muslim,0.7184103277585556,0.2792605448336479,0.7184103277585556,0.0008876812375904039,0.0013066361955875962,3.169465555470587e-05,0.00010311531906358163
jahangir,Hindu,0.529059057337482,0.529059057337482,0.4638124109884281,0.0030855475957706725,0.0038686424788284997,1.5097048453366647e-05,0.00015924455103720058
jahar,Hindu,0.8725787450036241,0.8725787450036241,0.12436672371439232,0.002721284143854151,0.00028766227047185254,1.0902087628519117e-05,3.4682780028960624e-05
jaheer,Muslim,0.8976801099795012,0.09572699531952432,0.8976801099795012,0.0021292169622756066,0.00445112607451039,2.7568573192230035e-06,9.794806869278441e-06
jahir,Muslim,0.8136329441308957,0.18476708632900424,0.8136329441308957,0.0005311953620978749,0.0010336362146900308,3.6297622589882715e-06,3.15082010532262e-05
jai,Muslim,0.5438891596084426,0.4392621059396497,0.5438891596084426,0.0004024146496614284,0.013948693180900055,0.0024849806812558876,1.2645940090179544e-05
jaibun,Muslim,0.8831938531132507,0.10879399471401516,0.8831938531132507,0.0016295061568626643,0.006294420926152661,6.23024424418651e-05,2.5922647276668266e-05
jain,Jain,0.9972522221895439,0.0016362919925227222,0.001104513950384501,1.6200250037518264e-06,5.348771409738852e-06,0.9972522221895439,3.0711353522573726e-09
jainab,Muslim,0.9695935590799324,0.027616348857632814,0.9695935590799324,7.989640409310842e-05,0.0002489880741180636,0.0024597372110613243,1.4703731619572704e-06
jaisvaal,Christian,0.485268878588477,0.43396976254638636,0.07980158467652577,0.0008002253098290691,0.485268878588477,0.00011142457103968172,4.812430774180631e-05
jaiswal,Hindu,0.9600258600042725,0.9600258600042725,0.03221284326419784,0.0001690226106865534,0.007588488836670566,1.0573860800890128e-07,3.6795455646629488e-06
jakir,Muslim,0.9787392296711648,0.020961759539237314,0.9787392296711648,0.00015507945306648268,0.00013798082926537943,1.4912791009654566e-07,5.80137935585209e-06
jaleel,Muslim,0.7612616435805127,0.08393292731630969,0.7612616435805127,0.0007237140298243781,0.1540549122953814,5.9796525991007844e-06,2.082312537281369e-05
jalil,Christian,0.7774686418537176,0.01865449088579992,0.20319331828094603,0.0006816207049282384,0.7774686418537176,4.5046993336498047e-07,1.4778046750290066e-06
jam,Muslim,0.6744668329532004,0.31160864950576045,0.6744668329532004,0.0008742550684849035,0.01187854495490653,3.2573320127961824e-07,0.0011713917844464283
jamaadaar,Hindu,0.5042132646127522,0.5042132646127522,0.02699698257357458,0.0005830271491792084,0.46789569644329976,5.6439557450797585e-05,0.0002545896637435092
jamaadar,Hindu,0.74506284387446,0.74506284387446,0.10056151175170243,0.0006487190982350467,0.15333670446100858,0.00010228500150448302,0.00028793581308950356
jamaal,Muslim,0.4349989936009801,0.23387655588489586,0.4349989936009801,0.0011061165361370934,0.3298656024386011,3.0160180969753898e-05,0.00012257135841618972
jamaatia,Christian,0.6162482510385079,0.3229973986807079,0.05995647039245182,0.000712220105851364,0.6162482510385079,3.2849118609219834e-05,5.28106638717763e-05
jamadar,Muslim,0.5537933925453569,0.44206350073930717,0.5537933925453569,0.0004601099741234499,0.0035034480231877,1.640079617093706e-05,0.0001631479218537847
jamal,Muslim,0.7820893237759595,0.20051294052285165,0.7820893237759595,7.180163326732032e-05,0.017307233003325623,6.5231155204239856e-06,1.217794907553092e-05
jamanaa,Christian,0.47496496649532277,0.46526032087859015,0.059000973324967995,0.0002555144381902645,0.47496496649532277,8.226648996314968e-05,0.00043595837296560405
jameel,Muslim,0.9803275531698975,0.010298137993069362,0.9803275531698975,0.00013146126820170757,0.009205273585814498,3.664066401539373e-07,3.720757637676922e-05
jameela,Muslim,0.9400501970886633,0.048549216228498095,0.9400501970886633,0.0002518844863627142,0.011079484837472843,2.2779168920796517e-06,6.693944211069052e-05
jameelaa,Muslim,0.8797953880981413,0.05245975476581054,0.8797953880981413,0.00037344828961181144,0.06726003176863289,4.0039839203449315e-06,0.00010737309388302892
james,Christian,0.9062260883172396,0.065205895337169,0.02776967338200154,0.00014084079157761098,0.9062260883172396,2.021376048873212e-05,0.0006372884115236262
jamgam,Hindu,0.6692107724131318,0.6692107724131318,0.24163052686781317,0.003810480383059758,0.08260693610511273,6.733194332684956e-05,0.002673952287555746
jamil,Muslim,0.8807733578578419,0.08811513027414308,0.8807733578578419,0.0018790564785221434,0.02877181255431949,9.003828367092241e-07,0.00045974245233678615
jamna,Muslim,0.7006275602790505,0.29105167984429026,0.7006275602790505,0.0010390328986373378,0.006713652466070673,1.1434809615690281e-05,0.00055663970233547
jamuna,Hindu,0.9163563652397143,0.9163563652397143,0.059331783143768774,0.010915146414567147,0.013328539772057514,6.047062894362302e-06,6.211836699774571e-05
jamunaa,Hindu,0.7633817577022308,0.7633817577022308,0.11489151614227174,0.013996840200456277,0.10758358393484896,1.3757846042126824e-05,0.00013254417415020387
jan,Hindu,0.963703131188382,0.963703131188382,0.02859222126648834,0.00011791262553774213,0.004859212939020247,3.675677455258437e-06,0.00272384630311655
jana,Hindu,0.9960624427383362,0.9960624427383362,0.0008272611595723993,6.2567030745770764e-06,0.0027234042607567916,7.945007093010806e-06,0.0003726901311668593
janaardan,Hindu,0.9076813387758724,0.9076813387758724,0.015115622347432736,0.0024027437331037922,0.07388057248869004,0.00012271217721473236,0.0007970104776860217
janak,Hindu,0.9965504296012969,0.9965504296012969,0.0015967757408702013,3.5935836325146717e-05,0.0017618271222710105,2.177370618766761e-06,5.2854328617890846e-05
janaki,Hindu,0.9940403769236703,0.9940403769236703,0.004781944928205521,6.989773422112747e-05,0.001083293811825074,1.4154840174887088e-06,2.307111806037894e-05
janakiraman,Hindu,0.9867353102391148,0.9867353102391148,0.0067753619875318555,0.00016883795370556837,0.0051437451437718615,1.8703895008236544e-05,0.0011580407808676888
janardan,Hindu,0.8837339921650921,0.8837339921650921,0.0354369234411115,0.0017813533383755562,0.0746749999915636,0.000216058585677308,0.004156672478180192
jangali,Hindu,0.7262619145076701,0.7262619145076701,0.22441879927375688,0.0026942546595775155,0.04574464127570736,7.507798485996695e-06,0.0008728824848020171
jangam,Hindu,0.9689033445250174,0.9689033445250174,0.005240488903882095,0.000673060996563383,0.004044124338386399,5.387013247489648e-07,0.02113844253482581
jangid,Hindu,0.9833603959698188,0.9833603959698188,0.013601067821621585,0.0011523437582142844,0.0015743593166316165,1.2519406164770964e-06,0.00031058119309738946
janki,Hindu,0.9921206794887734,0.9921206794887734,0.00581989027038179,0.00013385350832134015,0.001563352816010932,0.00012516071765967792,0.0002370631988528758
japhar,Hindu,0.8608423277819843,0.8608423277819843,0.09961456947394763,0.004334690774007083,0.03498268737729215,8.602096247826948e-05,0.0001397036302907552
jaranail,Hindu,0.9380857026471017,0.9380857026471017,0.00435568171169287,0.0006799274920440099,0.056694374664652894,1.8320874599173456e-05,0.00016599260990919195
jareenaa,Hindu,0.7697046822825372,0.7697046822825372,0.055539181997743624,0.002131211098461773,0.17251693704953144,8.142209564615731e-06,9.9845362161465e-05
jasabeer,Muslim,0.996579363380234,0.0027699651308063147,0.996579363380234,0.00022636112972557998,0.00042300570346796927,2.2908972383089998e-07,1.0755660420879879e-06
jasapaal,Christian,0.5051770839616104,0.4433725234830234,0.049429435941567665,0.0016801295515375533,0.5051770839616104,0.0002727651235986824,6.80619386620655e-05
jasapreeth,Christian,0.7084917993169397,0.27445967888109474,0.010037087599202188,0.006956114442589895,0.7084917993169397,3.4044768430422546e-05,2.1274991743091255e-05
jasavamth,Hindu,0.9307186216003084,0.9307186216003084,0.0068362606929525055,0.0009057939895446311,0.06023161695829456,0.0003416365141888831,0.0009660702447110521
jasavanth,Hindu,0.9334369674909034,0.9334369674909034,0.0011096037659784393,0.0009677655488596054,0.04222292838065512,0.02202073856345001,0.00024199625015321403
jasavath,Hindu,0.8767301925796925,0.8767301925796925,0.0066040117616044305,0.001342033082754955,0.11498439455475133,0.0002049358484791465,0.000134432172717773
jasaveer,Hindu,0.8931874746006163,0.8931874746006163,0.021152719813506058,0.0010318141248576494,0.08458872007496436,3.002287255842802e-05,9.248513497190114e-06
jasaviadar,Hindu,0.9122287359320496,0.9122287359320496,0.003465359647638586,0.00022428902428343647,0.08392911859219049,0.00012662890287032697,2.586790096745375e-05
jashi,Hindu,0.5723163089936676,0.5723163089936676,0.23022105926050418,0.006312945020435585,0.18941514568881587,4.220115830859339e-05,0.001692339878268226
jashoda,Hindu,0.9592194268109101,0.9592194268109101,0.014919660913843646,0.0013704777574586639,0.023994546506620217,0.0001327478744332877,0.0003631401367339434
jashu,Hindu,0.7491352065242276,0.7491352065242276,0.13862118580043056,0.024733509807085108,0.08636325490392613,7.779621908042828e-05,0.0010690467452502028
jasoodaa,Hindu,0.6702719882999931,0.6702719882999931,0.11640103004976496,0.012861644492206151,0.20000738744950106,3.8413740063082756e-05,0.0004195359684717322
jaswant,Hindu,0.8932164707752812,0.8932164707752812,0.0006394440223992403,0.006678556029670293,0.09823372541081028,9.848953070852626e-05,0.0011333142311301817
jat,Hindu,0.9991788480553302,0.9991788480553302,0.00018711025809841207,0.0006088761827551855,2.0109626121327162e-05,1.1447295988118244e-08,5.044430398971946e-06
jatav,Hindu,0.9999992108475247,0.9999992108475247,4.1599020466014837e-07,8.9621351938281e-08,2.6242696538465085e-07,3.758554568625876e-09,1.735539885253417e-08
jathiadar,Hindu,0.9802278969618193,0.9802278969618193,0.0021441289454943863,0.0022840631998752234,0.015256572031190603,3.6549854661928852e-06,8.368387615445322e-05
javaahar,Hindu,0.9411450355613108,0.9411450355613108,0.025296541875706874,0.0011253563905652374,0.03197926716900529,0.00032289941756533943,0.0001308995858464506
javale,Hindu,0.9336025263453037,0.9336025263453037,0.053608287543720455,0.00017665891479579746,0.010846190090483541,0.0016742598626134856,9.207724308280557e-05
javed,Hindu,0.9588780709166216,0.9588780709166216,0.016590799327108333,0.0003777243491550071,0.024088813600360127,1.613705773301557e-05,4.845474902188327e-05
jawahar,Hindu,0.9963404885223452,0.9963404885223452,0.0026358702323340715,0.00016706618798024522,0.0007987542473953451,8.705225886026893e-06,4.911558405904707e-05
jawahir,Hindu,0.957519175849097,0.957519175849097,0.0358094933990501,0.0003770722847799349,0.0061215963426612995,1.8634138998038487e-05,0.0001540279854136485
jay,Hindu,0.8781411946536882,0.8781411946536882,0.0019293931835294537,0.0011135331602082472,0.11880495648104451,2.6447010213534826e-06,8.277820508264863e-06
jaya,Hindu,0.8883127080613773,0.8883127080613773,0.00011452148437770756,0.00016401342995878986,0.11140482431612471,2.1590667417328382e-06,1.77364141973128e-06
jayaa,Christian,0.7307559539063381,0.2673693908167902,0.0013046933326746456,0.0005513076334169308,0.7307559539063381,7.119590152386833e-06,1.1534720627743323e-05
jayakumar,Hindu,0.8696446451630164,0.8696446451630164,0.014403689955827637,0.0024120770520307745,0.11243622018435885,0.001041723747432116,6.164389733403819e-05
jayalakshmi,Hindu,0.8448519724854486,0.8448519724854486,0.0037274519468857652,0.010197793250337775,0.14120154896868026,4.300925129067474e-06,1.6932423518506113e-05
jayamaalaa,Christian,0.5952680720909983,0.39769061390833893,0.006369169793012556,0.0006204685603963162,0.5952680720909983,2.0043560549837936e-05,3.1632086704057364e-05
jayamma,Hindu,0.9624212280483214,0.9624212280483214,0.0008175336048914158,0.0016814089491849144,0.035078039185708045,4.836599496856587e-07,1.3065519446143889e-06
jayanthee,Hindu,0.642051714363841,0.642051714363841,0.001971449796109291,0.004597972017597383,0.35127614848755856,4.2072928089430326e-05,6.064240680425193e-05
jayanti,Hindu,0.9379934120684839,0.9379934120684839,0.0001831025844938298,0.0018403910574116664,0.05874528157578667,0.0011448244651364567,9.298824868774261e-05
jayapaal,Hindu,0.6754777304267909,0.6754777304267909,0.003788520453023284,0.0006989536419257944,0.3199261236072946,9.1227467040706e-05,1.7444403924569927e-05
jayapal,Hindu,0.9588032552433011,0.9588032552433011,0.0011238355013597897,0.0007168033566119488,0.03922339243729658,0.00012104703543022586,1.1666426000420574e-05
jayaprakaas,Christian,0.5670174746154587,0.4239867948389721,0.007064155699995434,0.0017421621795232608,0.5670174746154587,0.00012559491868186913,6.381774736867445e-05
jayaprakash,Hindu,0.7952499381928799,0.7952499381928799,0.013741606758908802,0.0033849765684711166,0.18681185633586178,0.0005723725220156048,0.000239249621862864
jayaraam,Hindu,0.9041982706701538,0.9041982706701538,0.0014321237027969005,0.0008218920081884949,0.09318986328762034,1.9633524644825224e-05,0.0003382168065958561
jayaraj,Hindu,0.965556377864555,0.965556377864555,0.001091706569583409,0.0006013654773915275,0.032617362651565854,2.4246865454692267e-05,0.00010894057144971509
jayaram,Hindu,0.9966076738398336,0.9966076738398336,6.993505137878691e-05,0.0001814497487771051,0.0018567257725871694,1.5273149215291305e-05,0.0012689424382079193
jayaraman,Hindu,0.996976030656658,0.996976030656658,7.558174959841071e-05,4.8581996982996154e-05,0.002147943772899945,9.918185326266377e-05,0.0006526799705982899
jayashri,Hindu,0.9611887897236503,0.9611887897236503,0.005321014114526416,0.00025995037642021103,0.031589231753406166,4.4526313948697694e-05,0.0015964877180481192
jayasimh,Hindu,0.7161247021758427,0.7161247021758427,0.05385300092382347,0.0029204084571022504,0.22709387130607253,2.7911802385461907e-06,5.225956920649665e-06
jayasree,Hindu,0.7917206128256407,0.7917206128256407,0.07511934571242605,0.0019914219264974514,0.1311273910219993,1.1365081174572315e-05,2.986343226196397e-05
jayasvaal,Christian,0.6679786274587789,0.3271787215607322,0.004294666000623705,0.00047580461018829136,0.6679786274587789,4.5914363683829133e-05,2.6266005993222756e-05
jayasval,Hindu,0.8714738802808756,0.8714738802808756,0.005473997347000535,0.0005877241729311542,0.12236711537899733,7.170495292341683e-05,2.5577867271870272e-05
jayaveer,Hindu,0.9386600814670554,0.9386600814670554,0.010166055168857777,0.0010904437073402367,0.050040075001480215,3.084524190660917e-05,1.2499413359815428e-05
jayesha,Hindu,0.6124490564991072,0.6124490564991072,0.024971280526235054,0.000989463415390391,0.3611056857442375,5.7782875774902444e-05,0.0004267309392549207
jaykaran,Hindu,0.9851938457534082,0.9851938457534082,0.0007809808044432591,0.00044983405140568833,0.012843255045270523,6.290240502116041e-05,0.0006691819404511961
jaynarayan,Hindu,0.8977656659681417,0.8977656659681417,0.0008680882750192468,0.00044525474557876525,0.10051861531598266,0.00031900581773393544,8.336987754385512e-05
jaypal,Hindu,0.9777903311699484,0.9777903311699484,0.0045218220034395785,0.0013428301174854475,0.0162741248899127,5.07020954517251e-05,2.0189723761935075e-05
jayprakash,Hindu,0.9320079264905253,0.9320079264905253,0.0036404948848996195,0.002503909732850767,0.06005574256987968,0.0014526230473056066,0.00033930327453899245
jayshri,Hindu,0.8130125324104867,0.8130125324104867,0.09736799737119108,0.011445027412432104,0.05557474641005777,0.018748177682330953,0.0038515187135015343
jaysingh,Sikh,0.5705136980444371,0.423013942744882,0.005324739447733997,0.5705136980444371,0.0011472055906484111,3.303457247233601e-07,8.38265739924085e-08
jayveer,Hindu,0.9018940495544269,0.9018940495544269,0.036545204698691054,0.0019382901483110933,0.05958527657663432,7.2364021329339194e-06,2.9942619803894154e-05
jeenath,Hindu,0.9786204391933818,0.9786204391933818,0.011363231732834872,0.0055729610287786144,0.0041981155225229196,1.4982849603269272e-06,0.00024375423752121808
jeeraa,Hindu,0.6695034104034674,0.6695034104034674,0.2418306910875387,0.006507056207039764,0.08204898394027053,1.0136900944828503e-05,9.972146073873283e-05
jeet,Hindu,0.6738709440416593,0.6738709440416593,0.04344460950161242,0.27296196125188965,0.009710317251146123,2.597693719144332e-06,9.570259973345165e-06
jeeth,Hindu,0.7357079082615023,0.7357079082615023,0.03813581523325844,0.14638995161190185,0.07973803990598889,4.548683532321649e-06,2.3736303816054682e-05
jeethendr,Hindu,0.865386854027069,0.865386854027069,0.005095345762357796,0.08627935607836437,0.04316170491480528,3.2563923605492224e-05,4.41752937978805e-05
jeethoo,Hindu,0.7628577664720967,0.7628577664720967,0.03052102021239789,0.09412218638912247,0.11245985469317905,3.2987541290932596e-06,3.5873479074938906e-05
jeeva,Christian,0.8614737047208876,0.13230262441800317,0.00560683496135486,0.0005821497203211905,0.8614737047208876,1.7965654302546793e-06,3.28896140029758e-05
jeevan,Christian,0.658843197748608,0.3349430095845292,0.0054795862807265954,0.0006086806354309412,0.658843197748608,9.892261579203316e-06,0.00011563348912592674
jeganathan,Hindu,0.9868774496809198,0.9868774496809198,0.002112190529243904,0.00023056354805801776,0.010555107808830365,1.2766368558226018e-05,0.000211922064389643
jena,Hindu,0.9980058812487789,0.9980058812487789,0.00033095776647083954,3.1855208999184345e-05,0.0016258122874829228,1.1741565473750386e-06,4.319331720744364e-06
jetharam,Hindu,0.991257489816188,0.991257489816188,0.0005954357611772543,0.0014978804772233442,0.005641621409199183,0.0005914121297271199,0.0004161604064847526
jethavaa,Hindu,0.7156915997787979,0.7156915997787979,0.003209367958377504,0.00123090074906991,0.27923989713639247,0.0005377560265412548,9.047835082079767e-05
jha,Hindu,0.9003845934801643,0.9003845934801643,0.09808019710113092,0.0008219744691038018,0.0006784830277981208,4.331262198701955e-06,3.0420659604291783e-05
jhhaa,Hindu,0.657783397762238,0.657783397762238,0.27308166278491963,0.02194415585687941,0.046981741333511226,3.0060361881719656e-05,0.0001789819005699484
jhhaade,Hindu,0.8923228270873681,0.8923228270873681,0.059367650623093356,0.0072139757635958784,0.038688233302622305,3.202894599138799e-05,0.002375284277329073
jhhaalaa,Hindu,0.5347950445355046,0.5347950445355046,0.1543285737945708,0.008757223019730975,0.3019176589729542,3.2511958334973275e-05,0.00016898771890444796
jhharanaa,Hindu,0.9800818638088609,0.9800818638088609,0.005844253209365083,0.0018814941020476692,0.011922335411577754,9.329321200555297e-05,0.0001767602561432173
jhhuni,Hindu,0.822504227270653,0.822504227270653,0.172683401372571,0.002505922271147906,0.002224406439237607,6.867687983327304e-06,7.517495840711155e-05
jhhunu,Hindu,0.6925876225627586,0.6925876225627586,0.29907970189173794,0.004160426371175279,0.003949120736151132,1.0242330011277084e-05,0.0002128861081658053
jignesh,Hindu,0.8974661168784551,0.8974661168784551,0.05189299218728067,0.0013400633319957593,0.048040599176844966,0.0001406156994439876,0.001119612725979197
jindal,Hindu,0.9535603187147486,0.9535603187147486,0.03481291299340669,0.0081584310043639,0.0028729632197807926,0.000267581479326196,0.00032779258837381206
jitender,Hindu,0.73974312483782,0.73974312483782,0.06194346411189211,0.1606697655658918,0.03234380399278107,0.00014656663322327768,0.005153274858391791
jitendra,Hindu,0.9481694818477933,0.9481694818477933,0.028011989069633834,0.008166488466863873,0.011595040115488247,0.0014029920243118924,0.002654008475908616
jithemdr,Hindu,0.4803323487427317,0.4803323487427317,0.4495931321091563,0.048873851538537856,0.01760019729616411,8.455913568213578e-05,0.0035159111777278785
jithendr,Hindu,0.7472363681973152,0.7472363681973152,0.015353956153126727,0.20765509374339844,0.0264448385250487,0.0002796005100010089,0.003030142871109935
jiyalal,Hindu,0.9552063746911571,0.9552063746911571,0.034147207147978566,0.0016733509988811268,0.008933441230122047,6.801280122197934e-06,3.282465173890101e-05
jnjaan,Hindu,0.6031294132800462,0.6031294132800462,0.24866734246422384,0.005212686625418426,0.14133696388807376,9.404546897731499e-05,0.0015595482732603
jnjaanamathee,Christian,0.9261881191589597,0.06971856406369728,0.003744894263975668,0.00028493467876454764,0.9261881191589597,3.905913978576475e-06,5.958192062429245e-05
jnjaanavathee,Hindu,0.7778600065014508,0.7778600065014508,0.025150338946601358,0.0021457814790505265,0.19432598473297488,0.00020239306616418894,0.0003154952737582276
jnjaanee,Muslim,0.6097068513092536,0.2323661198671139,0.6097068513092536,0.0016151000216692122,0.15432197517065144,2.8000251939801076e-05,0.001961953379372002
jnjaanthee,Hindu,0.540794836530975,0.540794836530975,0.03924940663446568,0.012982526814926175,0.4063759606918588,5.3325512582126546e-05,0.0005439438151922353
jogadand,Hindu,0.9830880750031439,0.9830880750031439,0.003809711926394461,0.00217680386032143,0.01028990133446822,0.0001550643747967115,0.0004804435008752573
jogi,Hindu,0.8800946092253298,0.8800946092253298,0.010165248567923666,0.08387090702777289,0.02583664794485499,3.7400301973138523e-06,2.8847203921475494e-05
john,Christian,0.988333216932041,0.001608810256388524,0.008305102332904326,0.0017505893793935056,0.988333216932041,6.255718673235227e-07,1.655527405323814e-06
johnson,Christian,0.9963942148927185,0.0018877712168804334,0.0013456550412051576,0.0003655445703195457,0.9963942148927185,2.4758665761391074e-07,6.566692218574363e-06
johny,Muslim,0.8835135030469868,0.015265941285073125,0.8835135030469868,0.0069378444344560496,0.09427039263489735,4.2473974976933015e-06,8.071201089092754e-06
jokhan,Hindu,0.7255476039258562,0.7255476039258562,0.2662038304884348,0.004615161180764046,0.0030942586830994255,0.00017159086960208164,0.00036755485224339833
jokhu,Hindu,0.8824536682049591,0.8824536682049591,0.0910710378823318,0.016905318079726277,0.008076837227114277,0.00010017310913467998,0.001392965496733922
joogadamd,Hindu,0.93836245509762,0.93836245509762,0.039832189877538414,0.008140578881402905,0.01180209950629735,5.18437079107576e-05,0.001810832929230612
joogee,Christian,0.5280695086429654,0.27267709970985693,0.1164396966217046,0.08272214287110571,0.5280695086429654,4.77336390435312e-06,8.677879046308583e-05
joogendr,Hindu,0.9212913023536957,0.9212913023536957,0.006247066277436518,0.05816005312124934,0.014161646868449795,6.902156277631322e-05,7.090981639221815e-05
joogiadar,Hindu,0.9590701165556009,0.9590701165556009,0.011030140469910004,0.007220971719932366,0.02261920946303938,2.0729644614520536e-05,3.883214690317295e-05
joogindr,Hindu,0.7984100566915672,0.7984100566915672,0.025473460519848584,0.1599250757788555,0.01561869381395045,0.0004862275048551169,8.648569092326517e-05
jooharaa,Hindu,0.7592961760105554,0.7592961760105554,0.010306425345228668,0.009438741939854528,0.22065463191801266,4.44975130825963e-05,0.0002595272732660209
joolee,Muslim,0.6888155857900095,0.14747665374538263,0.6888155857900095,0.003407103033058751,0.16025733720645674,2.674817518663553e-06,4.064540757371292e-05
joosee,Christian,0.9942845666922876,0.0003406238892687306,0.0008147361207253993,0.004559884672385001,0.9942845666922876,2.658475922152682e-08,1.620405738216177e-07
jooshee,Christian,0.7203440843319251,0.062239475356941104,0.15633076508814722,0.061027907846516766,0.7203440843319251,1.8326050058839612e-05,3.9441326410983316e-05
joothee,Hindu,0.29167486502594364,0.29167486502594364,0.2721316378428165,0.17711459552659742,0.25891388448267716,1.3285468592172054e-05,0.00015173165337311053
jose,Christian,0.999998785395809,3.2056913769752974e-07,7.060508731512666e-08,8.232631423814504e-07,0.999998785395809,4.7845740231647806e-11,1.1897795473636575e-10
joseph,Christian,0.9999999735829239,1.1777610046135371e-08,2.720637331704089e-09,1.1908612976020779e-08,0.9999999735829239,3.599704337721605e-12,6.615717839539237e-12
joshi,Christian,0.7109513250587909,0.2834879920288425,0.0034289701298377854,0.0020856322900547016,0.7109513250587909,2.223702348671263e-05,2.3843468987530057e-05
jothi,Hindu,0.7262149277598013,0.7262149277598013,0.007346818539419634,0.030770499081631517,0.23541478533024013,1.8419705947378667e-05,0.00023454958296001646
joy,Christian,0.7660280651224826,0.09770208230480495,0.012604409391632888,0.12354993308695959,0.7660280651224826,6.61675994193523e-05,4.934249470065597e-05
jubaidaa,Hindu,0.6418413678041758,0.6418413678041758,0.30505838265116547,0.0027803759461450363,0.04959184882898669,0.00022427266872558895,0.0005037521008013999
jubedaa,Hindu,0.7471412356462408,0.7471412356462408,0.12232928901822777,0.0009091924843540555,0.1290812995121243,0.0002858192342100219,0.0002531641048429218
juber,Hindu,0.8109819467556766,0.8109819467556766,0.14715407622775842,0.0006362606080771427,0.03061720548237603,0.01036307664146621,0.0002474342846457766
jugal,Hindu,0.8815178020448887,0.8815178020448887,0.10121820845043904,0.0005905264461783747,0.01574317492848733,0.0008397221585864355,9.056597142000666e-05
julee,Muslim,0.8765551605746084,0.10473572765386392,0.8765551605746084,0.0004962439934118959,0.018090218140478,8.780458902910528e-06,0.00011386917873511424
julekhaa,Muslim,0.7624789818133872,0.21904175949943536,0.7624789818133872,0.000985882554399446,0.01699509673382899,4.455850662499338e-05,0.00045372089232395503
jumma,Muslim,0.9957578103922261,0.0029555373138119507,0.9957578103922261,0.0003795531762441054,0.0009039109553295088,4.556005972434036e-07,2.7325617912699853e-06
jumman,Muslim,0.9750999534609666,0.02012382910669842,0.9750999534609666,0.0006971334479288567,0.0040502026197610135,4.151516675116256e-06,2.4729847970111446e-05
jyoothi,Sikh,0.3698025986340363,0.28151310243133043,0.10708123634393177,0.3698025986340363,0.24071686490429103,2.1469952813304405e-05,0.0008647277335972527
jyothi,Hindu,0.6018516579401575,0.6018516579401575,0.05209241320051822,0.07929305308512036,0.2649679229504382,2.8336105831170515e-05,0.001766616717934449
jyoti,Hindu,0.6588558012479082,0.6588558012479082,0.11624876231089161,0.05183672706865029,0.16759574522515674,6.208926601832283e-05,0.00540087488137484
jyotsana,Hindu,0.9435583525099928,0.9435583525099928,0.021075584181187264,0.0070321199684916244,0.0275234902083362,9.507263743257453e-05,0.000715380494559479
kaahu,Hindu,0.9704226213887347,0.9704226213887347,0.010807247096720174,0.0013929870355147004,0.0170636891955962,1.1558860316667161e-05,0.00030189642311739595
kaajal,Christian,0.6448148711187749,0.1760177156164786,0.17558542273408717,0.0032894090237329805,0.6448148711187749,1.905060087253649e-05,0.0002735309060538476
kaajee,Muslim,0.4677328320789151,0.23300554859583703,0.4677328320789151,0.005754074771293682,0.29307090029545346,1.0101486270098634e-05,0.0004265427722305349
kaajhhee,Hindu,0.5396753456797906,0.5396753456797906,0.32611019431468313,0.011156800888529413,0.12273325052677725,1.3927948043950055e-05,0.0003104806421755943
kaakade,Hindu,0.8343020772612504,0.8343020772612504,0.07319709568812979,0.0020942990625180597,0.07558147063352501,0.00012568584423095088,0.01469937151034574
kaalaa,Christian,0.6858032838715102,0.2552630408729076,0.05678742853850891,0.0018002177588407468,0.6858032838715102,3.733454756096707e-05,0.00030869441067159914
kaale,Hindu,0.4533414703210955,0.4533414703210955,0.11096179469579008,0.0008166892542032046,0.4341511855703878,0.00010526304425410396,0.0006235971142693793
kaalee,Muslim,0.5727351694101567,0.15184319557661688,0.5727351694101567,0.0011992486433286208,0.27392462869692713,2.3683968074719034e-05,0.00027407370489593703
kaaleecharan,Hindu,0.9198845286673331,0.9198845286673331,0.00548473365647376,0.0007055705930781176,0.07358699073797977,3.255244456882941e-05,0.00030562390056653046
kaaliaaa,Christian,0.7239923782551281,0.1720072221271553,0.1025138904475009,0.00141666110537403,0.7239923782551281,1.506855777885787e-05,5.477950706278355e-05
kaaloo,Christian,0.5329785642823264,0.3422334639962478,0.10901860509128201,0.015325951803474241,0.5329785642823264,9.549128631449545e-05,0.0003479235403549805
kaalooraam,Christian,0.5502941037498187,0.38867763421711643,0.05604985710549992,0.004594151218414219,0.5502941037498187,5.9130382888590894e-05,0.0003251233262621016
kaalu,Hindu,0.5052947570425951,0.5052947570425951,0.2892919665276588,0.003095026125805315,0.20042882537896506,0.00011562858452052504,0.0017737963404553033
kaamanee,Hindu,0.38001077071792627,0.38001077071792627,0.2241133733446408,0.000818531850730601,0.35679566193955237,0.00011519383450383117,0.038146468312646176
kaamathaa,Christian,0.9472015115145302,0.050584992022117296,0.0018611602072756198,0.0001929611843971864,0.9472015115145302,3.0916742693524217e-06,0.000156283397410418
kaambale,Hindu,0.8862780002262998,0.8862780002262998,0.058691107677630965,0.000640474987639488,0.04938269210646914,0.00011913158206427141,0.0048885934198962975
kaamesvar,Hindu,0.6049627417558513,0.6049627417558513,0.012153672987740225,0.0005220115973186345,0.38075966233659625,0.00029825870271913167,0.0013036526197744954
kaaminee,Hindu,0.44050757290293213,0.44050757290293213,0.3602781496062681,0.010402779508633886,0.1879091678208197,4.8082285728777245e-05,0.0008542478756175749
kaamta,Hindu,0.7872160003807593,0.7872160003807593,0.14647255846285445,0.004839454055340733,0.0424054414016657,0.00023930422383242368,0.01882724147554735
kaamthaa,Hindu,0.5600973502656422,0.5600973502656422,0.07050030025993416,0.005363332627110541,0.35840368562389874,5.2430348770134244e-05,0.005582900874644171
kaamthi,Hindu,0.8182736264209524,0.8182736264209524,0.05786726114376808,0.008630510312625232,0.1059620959029841,3.894800654081707e-05,0.009227558213129235
kaanaa,Christian,0.6316596315071813,0.34314470341313474,0.023110918663588154,0.0009034564898186973,0.6316596315071813,0.00014515406359776536,0.0010361358626793293
kaanaaraam,Christian,0.5067174013757105,0.4791325942412351,0.011873546467027912,0.0009677033391352356,0.5067174013757105,0.0001223103117031389,0.0011864442651882377
kaanade,Hindu,0.8410243486209428,0.8410243486209428,0.015242926065003482,0.0007949441717810234,0.11500323012257714,0.00013998316921176837,0.02779456785048358
kaanjchana,Hindu,0.9335164301862907,0.9335164301862907,0.0039011662497373534,0.000623641241756943,0.06112022566646606,0.00012632287646682262,0.0007122137792822727
kaanthaa,Christian,0.717730449702079,0.2806829976948589,0.0006128449355066783,0.0006470805350412321,0.717730449702079,5.1458216424903194e-05,0.0002751689160891264
kaanthee,Christian,0.5885347192456615,0.3910510621493576,0.011588517968024407,0.008343869775503525,0.5885347192456615,5.3558367945159595e-05,0.000428272493507899
kaapase,Christian,0.6880758274925747,0.30019278247568587,0.010699089064820796,0.0008723097142724041,0.6880758274925747,0.00010614320393326232,5.3848048712741106e-05
kaaramde,Hindu,0.9756933159368136,0.9756933159368136,0.007450189061365736,0.0012399587815034765,0.004067648279355075,4.500619695618169e-05,0.011503881744005807
kaaree,Hindu,0.5352424808766105,0.5352424808766105,0.07536540379493578,0.004413599982156971,0.3847278117643392,3.863944789146594e-05,0.0002120641340661741
kaaroo,Hindu,0.7068811979259205,0.7068811979259205,0.04264395702436917,0.01979260628236544,0.22998807613782005,9.620680235357126e-05,0.0005979558271712647
kaarthik,Hindu,0.6361870588759577,0.6361870588759577,0.011583357177278876,0.012651297580149433,0.339145524652041,1.700941109406484e-05,0.000415752303479039
kaasaar,Christian,0.7874076277268205,0.1590457329062792,0.05200664595334554,0.001358724491023398,0.7874076277268205,2.7798643253274126e-05,0.000153470279278284
kaasee,Christian,0.9493933890659148,0.031001004637000708,0.019024963403466252,0.0005626828731558463,0.9493933890659148,7.590872163470942e-07,1.720093324602247e-05
kaaseenaath,Christian,0.7321585489775289,0.25771929866616966,0.008582747249365235,0.0014425767277362659,0.7321585489775289,1.5431862429532671e-06,9.528519295700428e-05
kaaseeraam,Christian,0.647739779170875,0.29048058707598357,0.06016494829520566,0.0014934112768162009,0.647739779170875,5.147997377691166e-06,0.00011612618374174028
kaashi,Hindu,0.5554364125430532,0.5554364125430532,0.05907709498886335,0.0011377744768657702,0.3826049230881134,5.0570555906236156e-05,0.0016932243471980332
kaasi,Christian,0.8151609474876664,0.12009109652568273,0.05890431387577123,0.005808075173517323,0.8151609474876664,5.804214793605387e-06,2.976272256861819e-05
kaasim,Christian,0.7760267545058283,0.07605333312559374,0.14464658856786902,0.003244674386601475,0.7760267545058283,3.4121021711266986e-06,2.5237311936464024e-05
kaatakar,Hindu,0.8809099509722168,0.8809099509722168,0.0322508480821921,0.005294078976165385,0.07630847279371966,0.00020246244153147188,0.005034186734174597
kaate,Hindu,0.8271052749284293,0.8271052749284293,0.020065474511177413,0.0009913606434058934,0.1475826796146131,0.00014561045752645675,0.004109599844847748
kaavale,Hindu,0.8797128182182589,0.8797128182182589,0.028025108683206307,0.0004019890263199439,0.08927600407158691,0.0022555764883380363,0.0003285035122896243
kabir,Hindu,0.5726255423381347,0.5726255423381347,0.4261870123475904,0.00018975565027975856,0.0009592151755102868,1.5556068603034602e-06,3.691888162479231e-05
kabithaa,Hindu,0.4484193989132517,0.4484193989132517,0.39286193158542554,0.008444128010842747,0.15000718498468582,1.8288292925412745e-05,0.00024906821286882334
kachare,Hindu,0.9567708681308252,0.9567708681308252,0.002325776456921589,0.0022261996937062924,0.03649582025224822,2.5298581076090135e-05,0.0021560368852225173
kachhap,Hindu,0.8069263636187348,0.8069263636187348,0.054109684260664495,0.0725569786204212,0.0651910240216644,0.00015134007344873827,0.0010646094050663442
kadam,Hindu,0.9123069003272662,0.9123069003272662,0.07930927582447932,0.00019600854932199917,0.0034323006027773065,0.0010684691013522932,0.003687045594802658
kadar,Hindu,0.8530431185172744,0.8530431185172744,0.14449215190929515,0.0002676020361603637,0.0007150381789035261,0.0011225764586103085,0.00035951289975627153
kadeeja,Muslim,0.7320581071462985,0.2615468158720619,0.7320581071462985,0.001441968764702011,0.003918582081432838,1.541492834768205e-05,0.0010191112071568109
kader,Hindu,0.9690270853643654,0.9690270853643654,0.022331580545166152,0.0014976181141909807,0.0027258221644966404,4.442061887093486e-05,0.004373473192909753
kadir,Hindu,0.8908562056257536,0.8908562056257536,0.10689319404766348,0.00012855087378138943,0.001903886659399312,3.686551869330077e-05,0.00018129727470894387
kadoo,Hindu,0.8365593879434992,0.8365593879434992,0.1413186096319102,0.009800226786426865,0.009986630057165885,0.00012741891389434984,0.002207726667103602
kadu,Hindu,0.9569119886419948,0.9569119886419948,0.028460395287991217,0.00259374576358093,0.0013863800578518852,0.0007475595989730897,0.009899930649608172
kaganaatha,Hindu,0.8695949553358049,0.8695949553358049,0.003662590920383457,0.0011578039231240741,0.12482685825837735,0.00011921406354028019,0.0006385774987694989
kahar,Hindu,0.9719216840004311,0.9719216840004311,0.026005979246533348,0.0017651992717492566,0.00021655018026148475,2.0787710690211707e-05,6.979959033463382e-05
kailaas,Christian,0.5111807486512575,0.4653528629080724,0.02147491281507177,0.0019040727641238338,0.5111807486512575,6.906136597154571e-06,8.049672487734245e-05
kailaasee,Christian,0.7888850174246995,0.19603606405955232,0.014094479369094333,0.0009605661053055064,0.7888850174246995,1.2390948361284898e-06,2.263394651221561e-05
kailas,Hindu,0.9618385028872851,0.9618385028872851,0.0005380011851040976,0.00013596696948210262,0.03748012559934122,1.8009169310640438e-07,7.223267094375215e-06
kailash,Hindu,0.9837425015530754,0.9837425015530754,0.00026409669701168395,5.057004649523944e-05,0.01593213228971872,2.750952446292825e-07,1.0424318454290645e-05
kailashchand,Hindu,0.9833431314506812,0.9833431314506812,0.0009661150746617166,0.0002688337057101523,0.015141288202117022,0.0001944104644288678,8.622110240099826e-05
kailashchandra,Hindu,0.9868591743278559,0.9868591743278559,0.0008176679493728028,0.00015994016103687816,0.009953453132951044,0.0019155610486255462,0.0002942033801579234
kaisar,Hindu,0.901832450801653,0.901832450801653,0.07724954291753731,0.0015236071429050742,0.019276637301666465,6.932436729327881e-06,0.00011082939950881792
kajal,Hindu,0.5767367940639018,0.5767367940639018,0.3772471346663569,0.0036167781757165344,0.042151022348278444,1.757348375126876e-05,0.00023069726199495387
kaji,Hindu,0.44487234637952633,0.44487234637952633,0.2129264979644862,0.0023104340343869907,0.003016116515444332,7.058545599444713e-05,0.33680401965016166
kajod,Hindu,0.9443079086519865,0.9443079086519865,0.03046514973541248,0.002927935676801343,0.021139438920217364,0.00013387148975889336,0.001025695525823297
kakade,Hindu,0.9457079839575931,0.9457079839575931,0.04279984369808236,0.0018562599675429306,0.004560587720836392,6.067495442239882e-05,0.00501464970152262
kala,Hindu,0.9946795475663137,0.9946795475663137,0.004373513361247742,9.174380039527804e-05,0.0007727318127349638,1.6153749374945153e-06,8.084808437078517e-05
kalaa,Hindu,0.7042823503136617,0.7042823503136617,0.06588411975684645,0.0017786711936055774,0.22760731318440924,2.83248892498374e-05,0.0004192206622270063
kalaabaaee,Muslim,0.4000442958522924,0.30430104375106953,0.4000442958522924,0.002919774477877954,0.29215754348617223,1.8517165770125985e-05,0.0005588252668179137
kalaavathee,Hindu,0.58847615143255,0.58847615143255,0.010532664384369148,0.0013527902675693922,0.3994879664244392,1.9916375499129265e-05,0.00013051111557314468
kalam,Hindu,0.8889904868488911,0.8889904868488911,0.10361894999425894,0.0005204895438546317,0.0018273980565868453,2.200418168331223e-06,0.005040475138240235
kalavati,Hindu,0.9602303926938147,0.9602303926938147,0.02745983097541728,0.0017208160333075963,0.01010634208639529,0.0004047631720968213,7.78550389683344e-05
kale,Hindu,0.924538353199316,0.924538353199316,0.038607157062186474,0.000179525386238934,0.036027710852412756,5.2237410872991e-05,0.0005950160889727257
kaleem,Muslim,0.8788752751737842,0.110488356967832,0.8788752751737842,0.0008241513204126629,0.009664763125987207,1.620284557681568e-05,0.00013125056640700397
kali,Hindu,0.82329729275195,0.82329729275195,0.16094617445189816,0.00029364137026727623,0.015452775482772815,1.110112801158863e-06,9.005830310807432e-06
kalicharan,Hindu,0.97135405438698,0.97135405438698,0.004721635957646283,0.0005298297078855667,0.023079039739823747,1.280234115500727e-05,0.00030263786650935306
kalidas,Hindu,0.9441470388571087,0.9441470388571087,0.021652221967400378,0.0013041304136466652,0.03286434394858695,4.317769537913782e-06,2.794704371953091e-05
kalim,Muslim,0.6582294065634484,0.12933430141209024,0.6582294065634484,0.0005699648632192266,0.21183532529537497,1.7023322275163791e-06,2.9299533639712706e-05
kalimuthu,Hindu,0.9390743434262696,0.9390743434262696,0.010536540131286076,0.00221324493531017,0.048156740550827346,6.598206327035062e-07,1.8471135674278954e-05
kalindi,Hindu,0.9863772978978308,0.9863772978978308,0.010233998785328881,0.0003728994538732289,0.00299675238752347,1.0539841377160589e-05,8.511634066343579e-06
kaliya,Hindu,0.9279984836618337,0.9279984836618337,0.04663458258132682,0.0004006910262486133,0.024963620269329908,7.289601057365729e-07,1.8935011550237612e-06
kaliyamurththi,Hindu,0.9609675189542914,0.9609675189542914,0.002685717244572658,0.00158535355430948,0.034754631765289146,1.4538420575935496e-06,5.324639479859212e-06
kaliyan,Hindu,0.9731658006248428,0.9731658006248428,0.00834017640413571,0.0001919664111543613,0.018298615760545842,1.2681202252331888e-06,2.172679096001622e-06
kaliyaperumal,Hindu,0.9835741503867952,0.9835741503867952,0.0069108787461205565,0.0002522842113470676,0.009249453198872246,2.495577905639152e-06,1.073787895943691e-05
kaliyappan,Hindu,0.9946890727164072,0.9946890727164072,0.0010784387587762113,0.00010336404055832435,0.004107370696015883,1.6305956815206398e-05,5.447831427153155e-06
kalla,Hindu,0.5813640543579597,0.5813640543579597,0.35476361650532034,0.0007996468023181921,0.0628548847769813,0.00020538818164760883,1.2409375772945491e-05
kalloo,Hindu,0.42455100023671816,0.42455100023671816,0.24937606315593908,0.012082275330493684,0.31374496542546987,0.00015784592981566656,8.784992156355197e-05
kallu,Hindu,0.8421271304584587,0.8421271304584587,0.08781222380520737,0.0002342205151313468,0.06979658858939265,1.0333728738388983e-05,1.95029030717712e-05
kalo,Hindu,0.9073052765811703,0.9073052765811703,0.02690068921342889,0.003564149169536776,0.06180471346440587,0.0001186436772763498,0.0003065278941816188
kaloo,Hindu,0.7268842694513497,0.7268842694513497,0.10451321013421494,0.020377502555624483,0.1477860069857916,9.116754714582088e-05,0.00034784332587360796
kalpana,Hindu,0.9860342552869723,0.9860342552869723,0.005005903744561192,0.00036913129133457335,0.008464864778862536,5.580002710071455e-05,7.004487116841048e-05
kalpanaa,Hindu,0.949433986210789,0.949433986210789,0.010115149478091105,0.0007190969656150843,0.03952363050798709,8.333489482304696e-05,0.00012480194269468055
kalpesh,Hindu,0.8837824105878256,0.8837824105878256,0.030028655415247185,0.0012397445177531213,0.08462369832818005,0.0001086605584146436,0.00021683059257925964
kalu,Hindu,0.8178045558611439,0.8178045558611439,0.16756408930597272,0.0005926979830826755,0.007078206286168374,4.294253969447042e-05,0.006917508023937861
kaluram,Hindu,0.9896982532050655,0.9896982532050655,0.007768117385503037,0.00037940822797775383,0.0014319726347447575,2.7297317667188903e-05,0.0006949512290416445
kalusingh,Sikh,0.9042892477461529,0.09448896909853365,0.0011977248271283773,0.9042892477461529,2.404601132074651e-05,4.055206659457064e-09,8.261657611643326e-09
kalyaan,Hindu,0.7465380331706822,0.7465380331706822,0.020601338770852958,0.0029107383962888567,0.2298074174746725,3.114110938451696e-05,0.00011133107811901726
kalyaanee,Hindu,0.5476469237906083,0.5476469237906083,0.08350351836748807,0.0018599537931008265,0.3666723197911374,2.1146500957162313e-05,0.0002961377567083528
kalyan,Hindu,0.9790863597072809,0.9790863597072809,0.001382809085699052,0.0008491561928911757,0.01865911411599626,7.867064728577535e-06,1.4693833404109958e-05
kalyanasundaram,Hindu,0.9101209441873971,0.9101209441873971,0.0033361198377413028,0.0009485342381386991,0.08545779304966364,8.034510935833543e-05,5.626357770067834e-05
kalyani,Hindu,0.9790536581507653,0.9790536581507653,0.002481426929587288,0.0005959590274353786,0.017849774437151796,8.954276056430756e-06,1.0227179003936996e-05
kamal,Hindu,0.9641673592879443,0.9641673592879443,0.028276555813377353,6.574749806045265e-05,0.00746045308803387,1.978264354140652e-05,1.0101669042652055e-05
kamalaa,Hindu,0.7512777747951357,0.7512777747951357,0.01051621812075232,0.00019047392827103952,0.2379218449975542,1.7063601769692788e-05,7.66245565172073e-05
kamalaabaaee,Hindu,0.4743639214962471,0.4743639214962471,0.11647899626796135,0.0007348081144885945,0.40817378018645356,1.6934691559501644e-05,0.00023155924328990043
kamalaadevee,Hindu,0.8647024719558896,0.8647024719558896,0.0006805061702244319,0.0001015864585247111,0.13317481940701897,3.897250490675829e-06,0.0013367187578515291
kamalaavathee,Hindu,0.6075790687116347,0.6075790687116347,0.003344567306856858,0.0003015739686784409,0.38871296219343776,1.3129948662620414e-05,4.869787072962578e-05
kamalajeeth,Hindu,0.9536182548618007,0.9536182548618007,0.011372422764790807,0.001840538909791575,0.03308661920597625,3.90908792208316e-06,7.825516971858375e-05
kamalasimh,Hindu,0.8351074571569844,0.8351074571569844,0.017456670571106156,0.0012654852100160874,0.14615706191475095,2.533758714297882e-06,1.0791388428064414e-05
kamalee,Muslim,0.5437529250423635,0.3988159424829091,0.5437529250423635,0.0005688894795476007,0.05677592910126106,2.405130381345899e-05,6.226259010537343e-05
kamales,Hindu,0.847049550589339,0.847049550589339,0.05624681187334444,0.00026093446191379497,0.0963460636566275,5.15354248669023e-05,4.510399390861452e-05
kamalesh,Hindu,0.9428837712318849,0.9428837712318849,0.022789183078423612,0.00018005654893300354,0.03400720225004472,8.160049999363591e-05,5.818639072009636e-05
kamalsingh,Hindu,0.5351676568505322,0.5351676568505322,0.07480931376803071,0.30216360722262725,0.08785216046316034,4.243234585217685e-06,3.018461064315391e-06
kamar,Hindu,0.928031601326461,0.928031601326461,0.042066975564804696,0.0026505137182445734,0.026859050366362762,0.0002689122351775822,0.00012294678894951176
kamaraj,Hindu,0.89745496289543,0.89745496289543,0.00840528192690589,0.0004708965051733489,0.09330038421751358,0.00025544415526386504,0.00011303029971318318
kamari,Hindu,0.8545388058810579,0.8545388058810579,0.04166901619918256,0.0004692278524091154,0.10325383171616682,4.18511476875186e-05,2.726720349612551e-05
kamat,Hindu,0.9227394457208237,0.9227394457208237,0.030561410139736483,0.0004071664927382138,0.04587344859180264,6.099833665104553e-05,0.0003575307182479485
kamble,Hindu,0.8787173161184462,0.8787173161184462,0.10093352218865782,0.0006465688854143811,0.01656272744531692,0.0024074075906892747,0.0007324577714753859
kamchan,Hindu,0.9968357670286746,0.9968357670286746,0.0007344768124108009,0.00011873440223027035,0.0010007919324135153,0.00010780391137040452,0.0012024259129004456
kamila,Hindu,0.9083939395318232,0.9083939395318232,0.08284403752270803,0.0009476037864127184,0.007083884862827576,3.6278537617041185e-06,0.0007269064424666992
kamla,Hindu,0.5880295009945532,0.5880295009945532,0.40899608409204613,0.0003751746342380523,0.0024528639432031514,8.264839729511047e-06,0.0001381114962298074
kamlesh,Hindu,0.9597232812330428,0.9597232812330428,0.025291176894185353,0.00018964961884927026,0.014668879092110855,2.7633208524224e-05,9.937995328734534e-05
kamruddin,Muslim,0.9994078189903844,0.0005509385732799034,0.9994078189903844,6.133157495938603e-06,3.4809364502918075e-05,5.27830088080478e-08,2.4713132793019804e-07
kamti,Hindu,0.8692166126382467,0.8692166126382467,0.11817512522313735,0.002339697206170136,0.006407054233648481,8.489918204889968e-05,0.003776611516748221
kamu,Hindu,0.9694895518208523,0.9694895518208523,0.023775187180940925,0.0012422531535225317,0.005442147932844837,2.5707111624943427e-06,4.828920067661014e-05
kana,Hindu,0.9984105311745358,0.9984105311745358,2.5522449751667953e-05,8.859287765552557e-07,0.0014646975645749261,7.385809842078664e-05,2.4504783940215546e-05
kanade,Hindu,0.9812658168393174,0.9812658168393174,0.0027927723734761122,0.0001346407780918156,0.012151686668294807,7.229676364099492e-05,0.0035827865771786995
kanagaraj,Hindu,0.679648107396919,0.679648107396919,0.001103449516371611,0.00015710839071909191,0.31850744545463394,0.000451151795809717,0.00013273744554669767
kanaka,Hindu,0.9919416978455587,0.9919416978455587,0.001084078410935484,8.985000611209983e-05,0.006808129972462997,2.9955541319438703e-05,4.6288223611153744e-05
kanakalathaa,Hindu,0.7397973980662309,0.7397973980662309,0.03827541385982659,0.0028249023146216007,0.2187469883869802,3.0086415588538676e-05,0.000325210956752326
kanaram,Hindu,0.9964331513675939,0.9964331513675939,0.00012877489868662686,2.3264398948684272e-05,0.002637664646220858,0.00015944053209314098,0.0006177041564566889
kanaujiya,Hindu,0.9952963783220071,0.9952963783220071,0.0030551902255645936,0.00016404479005495737,0.0012065120097259265,5.372016017050853e-06,0.0002725026366301848
kanchan,Hindu,0.6597549850848353,0.6597549850848353,0.0013140595037328582,0.00039462509075426127,0.33838355010960114,3.8203260948360935e-05,0.00011457695012813049
kandan,Hindu,0.999006444369291,0.999006444369291,0.0005626786953121355,5.140237609678735e-06,0.0002374246098252103,0.00011600043251172152,7.23116554501695e-05
kandasamy,Hindu,0.9998750482920521,0.9998750482920521,7.797475949474681e-05,3.597199911973415e-06,4.152920907722418e-05,2.8300620068291404e-07,1.5675332631352283e-06
kanhaiya,Hindu,0.9158702867561923,0.9158702867561923,0.025663118184916834,0.00044976058242808997,0.05568022433566266,0.0022593706170866107,7.723952371354856e-05
kanhaiyaa,Hindu,0.772151191264916,0.772151191264916,0.036708480557106335,0.0007333907508524801,0.18843304997654473,0.0018549782027732654,0.000118909247807225
kanhaiyaalaal,Hindu,0.5514632939942762,0.5514632939942762,0.03415417370971587,0.0005830696895293815,0.4130850617989005,0.0006479009507700818,6.649985680800898e-05
kanhaiyalal,Hindu,0.9328272722995243,0.9328272722995243,0.03295828744670124,0.0009420044932885628,0.03294613491942928,0.00028584465564585266,4.045618541077868e-05
kani,Hindu,0.9705861733782845,0.9705861733782845,0.006703623550195278,7.250092847042145e-05,0.022423015518343182,0.00014631127309894945,6.837535160794797e-05
kanji,Hindu,0.9454085415471488,0.9454085415471488,0.04210541172974701,0.00038893932885110296,0.002725779455525597,2.8375344826029864e-05,0.009342952593901329
kanku,Hindu,0.9846747494100994,0.9846747494100994,0.00971023241543219,0.0001698897828916346,0.0035442453287944666,0.0009438590604806899,0.000957024002301628
kannaiyan,Hindu,0.9891187461305573,0.9891187461305573,8.019902580422246e-05,2.916290348069515e-05,0.010767185356464343,3.508619781067364e-06,1.1979639125267024e-06
kannan,Hindu,0.9997180512350852,0.9997180512350852,1.3313563810221407e-06,9.69773583457619e-07,0.00027409707525086376,5.457225251670656e-06,9.333444766547391e-08
kannappan,Hindu,0.9972357860552322,0.9972357860552322,3.6731891858250256e-06,3.918149315605204e-06,0.00025253133248954654,0.002503979677932053,1.115958448669301e-07
kanniyappan,Hindu,0.992041795502915,0.992041795502915,0.0015759073859323107,0.00018890792226309856,0.006020083098820114,0.0001294764366168626,4.38296534525914e-05
kanojiya,Hindu,0.64513768392505,0.64513768392505,0.0812539557288829,0.01167052554043401,0.11081532123954481,0.00013583326201232416,0.1509866803040761
kanr,Hindu,0.9834779924322864,0.9834779924322864,0.005608682928950123,0.0008411008163738254,0.0074478694234806405,0.00030721009923130013,0.0023171442996778374
kanta,Hindu,0.9801501409187492,0.9801501409187492,1.9837522246579888e-05,0.00217649296249886,0.0004007190083157731,0.012660965377724756,0.004591844210464719
kanti,Hindu,0.9871261738627133,0.9871261738627133,5.310387351317625e-05,0.0006015645365634697,0.0014567005712737445,0.010638461641525517,0.00012399551441083468
kantilal,Hindu,0.9900223101958049,0.9900223101958049,0.0007477854595344168,0.0004755763040601544,0.0068359587767237015,0.001883639684416669,3.472957946031631e-05
kanu,Hindu,0.9713811396779696,0.9713811396779696,0.015491991812538368,7.844227801029894e-05,0.01239020265625265,8.210764381647228e-05,0.000576115931412706
kanwar,Hindu,0.962930812915307,0.962930812915307,0.02979757750555821,0.00012462789319136984,0.006824910764905401,1.960065819918186e-05,0.0003024702628387626
kapil,Hindu,0.9399495031243386,0.9399495031243386,0.010032700069430512,0.0009033479137433475,0.04906710886441675,3.0154905107090564e-05,1.718512296380539e-05
kapila,Hindu,0.982473416271632,0.982473416271632,0.0042974825906408045,0.0002488828988146643,0.012953000209848286,1.163666289305759e-05,1.558136617143761e-05
kapiladev,Hindu,0.993587994311572,0.993587994311572,0.0001926301105883805,7.319322058645431e-05,0.005878745377749589,6.347644688814363e-06,0.00026108933481492773
kapoor,Hindu,0.9327514711933479,0.9327514711933479,0.028875616877908173,0.01434298344125927,0.02388642149031076,7.346965210783608e-05,7.003734506605102e-05
kapse,Hindu,0.5266056686513101,0.5266056686513101,0.056574198876164626,0.0042893898683204635,0.41232991500262356,0.00011879142035527445,8.203618122600523e-05
kar,Hindu,0.9686773746148221,0.9686773746148221,9.178943482359185e-06,8.084974129922963e-05,3.884597248222922e-05,2.9254845791605964e-05,0.031164495882122677
kara,Hindu,0.9934878190860047,0.9934878190860047,8.23400480485086e-07,7.3087991833302915e-06,3.699506754225942e-05,3.781063569470065e-05,0.006429243011094573
karaale,Hindu,0.8803180888046277,0.8803180888046277,0.008025203934590802,0.0005832469449498515,0.10948512144674973,0.00016315275491788822,0.0014251861141639983
karale,Hindu,0.9542321260412889,0.9542321260412889,0.009820485876064771,0.0006465163733499473,0.027742761600361248,0.00025202396859044665,0.0073060861403444755
karam,Hindu,0.8299068795824041,0.8299068795824041,6.813781915008755e-07,9.965370566974474e-06,3.2634331487311287e-06,4.098506601076536e-05,0.17003822516967798
karamajeeth,Hindu,0.9899729881629714,0.9899729881629714,0.004192958201815932,0.002503723120380811,0.002000703212299462,7.223218981734374e-05,0.0012573951127149898
karamali,Hindu,0.9972840031006777,0.9972840031006777,0.0008914607526248209,6.306778311990032e-05,0.001503219399801233,9.422908733191933e-05,0.00016401987644466178
karan,Hindu,0.9986801508263004,0.9986801508263004,2.693585165673682e-06,6.375113362541679e-06,0.00010798981457468024,8.530155249727697e-06,0.00119426050534717
karanail,Hindu,0.9848787661897843,0.9848787661897843,0.0010252843326053228,0.0006322867327860571,0.013177567108111798,2.017372154303497e-05,0.00026592191516929936
karanasimh,Hindu,0.9624295337587251,0.9624295337587251,0.006508091405326032,0.0006461430657416377,0.03032808595013338,1.2035908422053568e-05,7.610991165183075e-05
karande,Hindu,0.990466725945882,0.990466725945882,0.00034832725164109354,0.0001141675845040021,0.002946718525517398,7.414611091214547e-05,0.006049914581543361
karansingh,Hindu,0.5019354425254297,0.5019354425254297,0.001992702383364467,0.494463841528191,0.0016058634580444263,4.576654575765521e-07,1.692439512942982e-06
karathaar,Hindu,0.948463515177416,0.948463515177416,0.00131287297709177,0.0008760566471475009,0.04802318859054979,1.883547800188547e-05,0.0013055311297929804
kareem,Hindu,0.8592280864040397,0.8592280864040397,0.10640221479379325,0.013729285155511667,0.020129896788865047,7.315140943074677e-05,0.0004373654483597628
karim,Muslim,0.5712662860861406,0.41414625220018286,0.5712662860861406,6.033141656307796e-05,0.012832270226748798,0.0008920539297541275,0.0008028061406105189
karm,Hindu,0.9974341023591534,0.9974341023591534,0.00012373112686412478,0.0016287969550490221,0.0001999851308783915,7.617491328834003e-06,0.0006057669367261954
karmakar,Hindu,0.9945743960254649,0.9945743960254649,0.001688292809981082,0.001507461366388669,0.001987953818327178,1.2408391501724144e-05,0.00022948758833652442
karn,Hindu,0.9167059247749347,0.9167059247749347,0.0043269751079627015,0.04403480231098132,0.010425824579876392,0.00018564553295320825,0.024320827693291715
karoonaa,Hindu,0.7340660084766559,0.7340660084766559,0.016680720757325185,0.008699360070005848,0.2395027745558883,0.00014801771588106557,0.000903118424243605
karri,Hindu,0.914638647032096,0.914638647032096,0.005792886725758093,0.0024221891709668287,0.07639249820989256,3.7045771411553954e-05,0.0007167330898748763
karshana,Hindu,0.995740797935641,0.995740797935641,0.001052492142096619,0.0018138061893269134,0.0011939819593844434,2.754979240259843e-05,0.0001713719811485574
karthik,Hindu,0.8931509550677793,0.8931509550677793,0.0034308388627552508,0.01511679475597528,0.08769015938877164,1.1981054673545762e-05,0.0005992708700448553
karthikeyan,Hindu,0.7664169162365683,0.7664169162365683,0.011994862410723589,0.007499330008483951,0.2138190988949395,2.3382511767588875e-05,0.00024640993751704024
karunaa,Christian,0.5441949998275948,0.40494828859258314,0.046290795844795424,0.0011601422552704327,0.5441949998275948,6.441460759195298e-05,0.0033413588721643377
karunakaran,Christian,0.7646670939280282,0.22960594434577306,0.00401847738154876,0.0006055306005006669,0.7646670939280282,3.613885619894483e-05,0.0010668148879501504
karunanidhi,Hindu,0.9563633274666351,0.9563633274666351,0.01827399712563414,0.0006436866691355334,0.024293407286783527,4.6422260902643244e-05,0.0003791591909090109
karuppaiya,Hindu,0.9964807115157925,0.9964807115157925,0.0013736345210142674,0.0007307632099374284,0.0012287380714484804,9.740712283284404e-06,0.00017641196952393316
karuppan,Hindu,0.9989580063062058,0.9989580063062058,4.413205419222749e-05,0.0003223723662018459,6.830380934752625e-05,8.235649615886108e-06,0.000598949814436955
karuppanan,Hindu,0.9991857019006555,0.9991857019006555,0.00011048025415726693,0.00021736607745600218,0.00024487812725786177,1.3898460046723315e-05,0.00022767518042643843
karuppannan,Hindu,0.9995162026897956,0.9995162026897956,7.566755595840662e-05,0.0001427986902973563,0.0002181892040318937,1.6648184561636858e-05,3.049367535514479e-05
karuppasami,Hindu,0.992811724036975,0.992811724036975,0.0047195592369799425,0.0005296590530962484,0.0015046734687254458,1.1323946846551434e-05,0.00042306025737657226
karuppusami,Hindu,0.9811814836493034,0.9811814836493034,0.014126978481463054,0.0011849997326275094,0.0030788594335046603,6.280621362623866e-06,0.00042139808173853225
kasabe,Muslim,0.9917913512760631,0.006765896231699107,0.9917913512760631,4.8780290550395955e-05,0.001386668258583125,7.611759766803854e-07,6.5427671274714265e-06
kasam,Hindu,0.7936764342288576,0.7936764342288576,0.10756896322952098,0.00017019678474160794,0.09825319851236179,5.057068453204523e-06,0.000326150176064665
kasameer,Muslim,0.9221027501972068,0.07041310890501244,0.9221027501972068,0.0001578868323251309,0.0072071500463530645,1.6603327370994057e-06,0.00011744368636572265
kasar,Hindu,0.6422522755644794,0.6422522755644794,0.21379635159261656,0.0014199062522353611,0.14228121146132328,1.7502001714186765e-05,0.00023275312763120965
kashi,Hindu,0.9485104175495468,0.9485104175495468,0.018962040691722613,0.00017445949490230028,0.005207148499868713,1.9535350319454372e-05,0.027126398413640205
kashid,Hindu,0.7395904974298088,0.7395904974298088,0.2360489770179901,0.000837768457841729,0.010415235989341631,0.0005136313164648659,0.012593889788552925
kashinath,Hindu,0.9882828133086347,0.9882828133086347,0.005318939178763709,0.0007382117054803652,0.0023861548080905404,3.825382628333498e-05,0.003235627172747338
kashiram,Buddhist,0.8207439674625273,0.1783570884565109,0.0006253801287574992,2.451320098866327e-05,0.00024511928971223475,3.931461503471248e-06,0.8207439674625273
kashyap,Hindu,0.9988851994847113,0.9988851994847113,0.0001393326708930941,5.6519749540187e-05,0.0009107626263524783,1.8721957688014905e-06,6.313272734329554e-06
kasim,Muslim,0.8831602621110012,0.08861193443941358,0.8831602621110012,0.002468913729011733,0.025748002849289384,8.750017299904444e-07,1.0011869554009888e-05
kasinathan,Hindu,0.9825327524444416,0.9825327524444416,0.007483558556996922,0.0030471888860672263,0.006869962316059199,7.364875523480394e-06,5.917292091149341e-05
kasthooree,Hindu,0.5217488356412681,0.5217488356412681,0.10319488953353147,0.007718953126686334,0.3672705489859444,3.797310880061579e-06,6.297540168965399e-05
kasthuree,Hindu,0.7859285998741994,0.7859285998741994,0.09115083076002438,0.010065136732887298,0.1126006855312341,2.3646980762895817e-05,0.0002311001208918898
kataaraa,Hindu,0.7905300537943425,0.7905300537943425,0.007878719903276715,0.0009359337312917309,0.19987276954510183,0.00022714628863267466,0.0005553767373545221
kate,Hindu,0.9935755558452785,0.9935755558452785,0.0014850554925312156,6.462004313002054e-05,0.0025439954877773513,3.482989788825766e-05,0.0022959432333945905
kathirvel,Hindu,0.9834009214601018,0.9834009214601018,0.0014806459041015953,0.0006485013697420514,0.014392086928007855,2.3848474875455896e-06,7.545949055927901e-05
katiyar,Hindu,0.7447898602520406,0.7447898602520406,0.08819275081343601,0.009147439691868882,0.15705945724050555,0.0006946320806806417,0.00011585992146837704
katkar,Hindu,0.966708753780373,0.966708753780373,0.02112333683487013,0.004539317452690216,0.005251927217733772,0.00010098254045777715,0.0022756821738751476
katre,Hindu,0.9831449590175555,0.9831449590175555,0.006145884846672783,0.0007853136251782475,0.009747107497547931,2.230158984215732e-05,0.00015443342320316488
katta,Hindu,0.9927487361802616,0.9927487361802616,0.004028207034489063,0.00123537320091889,0.0010782849702113597,0.0006133364786457134,0.00029606213547361294
kaur,Sikh,0.9998258155437161,0.00017377778108238005,2.623458658267603e-07,0.9998258155437161,1.307442178754594e-07,3.778744766570274e-10,1.3207243548529252e-08
kaushal,Hindu,0.8589754042121147,0.8589754042121147,0.041344406777051076,0.09556218603597039,0.003732610156846146,9.610292842146975e-06,0.00037578252517563634
kaushik,Hindu,0.9223575560362581,0.9223575560362581,0.06812844456841159,0.007934278006926188,0.0012156084105662654,4.73797848808939e-06,0.00035937499934985784
kavade,Hindu,0.9443679802762626,0.9443679802762626,0.004587336731380958,0.00024788096715536596,0.04764083791650023,0.00037438612792447596,0.0027815779807764725
kavalajeeth,Hindu,0.9718732676106284,0.9718732676106284,0.010534041116443252,0.0024083768287024624,0.014923071572481853,4.161737895983338e-05,0.00021962549278403275
kavale,Hindu,0.9605253366686798,0.9605253366686798,0.020441658452234505,0.0002113880421430755,0.01633699452363392,0.002309862280136233,0.0001747600331726765
kavi,Hindu,0.9255147553996893,0.9255147553996893,0.018327414240133854,0.0006207963849518131,0.05469522745530545,0.0005467696667219063,0.00029503685319742215
kavita,Hindu,0.9895048682298054,0.9895048682298054,0.004403153135427257,0.0006940870666710328,0.004589747427062906,0.000421488538931499,0.00038665560210188307
kavitha,Hindu,0.9377394077278463,0.9377394077278463,0.01660586896728471,0.0043187138492094875,0.04074893617465347,0.00010514985646733621,0.00048192342453871775
kavithaa,Hindu,0.807758605142868,0.807758605142868,0.025137146832175206,0.0050364251043625635,0.16134422247564675,0.00012629879030434522,0.0005973016546430575
kaynthi,Hindu,0.9610385381466834,0.9610385381466834,0.00044499338873146724,0.0025279165022947412,0.03592891782211969,7.105148379537626e-06,5.252899179122678e-05
kayyum,Hindu,0.7965648824141933,0.7965648824141933,0.1008372330111577,0.014747386088109745,0.08778433081090078,7.35172147247056e-06,5.8815954165884194e-05
kazi,Muslim,0.9896806432259672,0.009142875168721075,0.9896806432259672,0.0003393412750799856,0.0007618686264695964,2.2825381453794665e-06,7.298916561680552e-05
kedaar,Hindu,0.8467200984931227,0.8467200984931227,0.015102084407575257,0.0015996331209001094,0.13626863809927914,3.4402244238357966e-05,0.00027514363488453627
kedar,Hindu,0.9950856404018963,0.9950856404018963,0.0033825320258338795,0.00021517545922967858,0.0012724765151364045,9.326542911569251e-06,3.4849054992373134e-05
keerthi,Hindu,0.7223428781925387,0.7223428781925387,0.08328799082760827,0.023173580891871437,0.17098049826531642,1.0798219135057706e-05,0.00020425360353032578
kelaa,Hindu,0.7029392184198452,0.7029392184198452,0.007942979166852554,0.0008008074238987952,0.2882121772174192,3.2657264196900464e-05,7.21605077873997e-05
kelaas,Christian,0.7037839591739755,0.28934070045138055,0.006173258754092642,0.0006622909451671149,0.7037839591739755,1.0892349897820975e-05,2.8898325486406294e-05
kemdre,Hindu,0.5352867277558438,0.5352867277558438,0.45315107400754345,0.0033763147342826807,0.005941033768610894,0.0005109012784085345,0.0017339484553107146
kena,Hindu,0.9944526862768976,0.9944526862768976,0.0005435701540034835,0.00014291297930686144,0.004812037841786576,3.3865701771320647e-06,4.54061778283431e-05
kendre,Hindu,0.9733772015685145,0.9733772015685145,0.009250658755862885,0.003242625624627138,0.012029606782932925,0.0017846515903121264,0.0003152556777502904
kesaba,Hindu,0.6973453478747119,0.6973453478747119,0.29489888113780743,0.00038292258307690957,0.0072625244400744025,1.6311207125678554e-05,9.40127572036524e-05
kesar,Hindu,0.9810728707606309,0.9810728707606309,0.005364610438266718,0.0001867952453060282,0.013337219434819927,1.1450062800271868e-05,2.7054058176243017e-05
kesaree,Hindu,0.9111253054470979,0.9111253054470979,0.02446858875059173,0.0006465409933308324,0.06372374116019404,1.1558753599240885e-05,2.426489518625562e-05
kesari,Hindu,0.9523841521181406,0.9523841521181406,0.029429583664172674,0.00010048181162162253,0.01806363262732921,7.5316018934799e-06,1.4618176842035447e-05
kesav,Hindu,0.9940934071300508,0.9940934071300508,0.00014220204182004598,1.2367645214795702e-05,0.0057315332157386965,1.27342880035934e-05,7.755679172096395e-06
kesavan,Hindu,0.9976142176896748,0.9976142176896748,6.0175389503974476e-05,7.3361931729287136e-06,0.00202686754790799,0.00026882582056246145,2.257735917782705e-05
kesee,Christian,0.8940385255345605,0.10310010809536482,0.002627955927930086,0.00022634401734111914,0.8940385255345605,5.913112980709885e-07,6.475113505392655e-06
keshari,Hindu,0.998106874878664,0.998106874878664,0.0008822068322388308,7.502565486640887e-05,0.0008693077206190676,3.343904531700829e-05,3.314586829441556e-05
keshav,Hindu,0.9968656971347543,0.9968656971347543,9.097506597672798e-05,2.5287760601181312e-05,0.002607718934932272,0.00018842844513185063,0.00022189265860376737
keval,Hindu,0.8538142169380339,0.8538142169380339,0.009613196498413355,0.0021492265673317915,0.13303708468804867,8.598372901654238e-05,0.0013002915791556881
kevat,Hindu,0.8405469062871228,0.8405469062871228,0.0016385258410857332,0.001613138359752797,0.1550982863841675,4.0784143929517665e-05,0.0010623589839415222
kha,Muslim,0.9704870888538539,0.029288717437255887,0.9704870888538539,0.0002064053061880345,1.2605218875527681e-08,5.979325766507655e-08,1.771600422579171e-05
khaa,Muslim,0.8617276691389243,0.1313302369868682,0.8617276691389243,0.003014293278217828,0.0036982775174507288,9.416481357804047e-06,0.0002201065971809911
khaade,Hindu,0.7269348361495976,0.7269348361495976,0.24224468891399617,0.0037717574889905695,0.017349416597727832,3.8021778232247214e-05,0.009661279071455307
khaalid,Muslim,0.9146893531882345,0.0683618854865073,0.9146893531882345,0.0035465868995250577,0.013365742610221172,7.305659707102085e-06,2.912615580491703e-05
khaamdekar,Hindu,0.5649686846707733,0.5649686846707733,0.02787246218010775,0.0014108180470347505,0.0028631593324508946,8.245686437738162e-06,0.4028766300831957
khaamt,Muslim,0.6879252203036132,0.2893638853706119,0.6879252203036132,0.0070389920208111835,0.007355709229018934,4.0660491801156643e-05,0.008275532584143652
khaan,Muslim,0.5754615212284813,0.40072325733387343,0.5754615212284813,0.005066318372549127,0.018004478631297754,4.6702074877726165e-05,0.0006977223589207558
khaateek,Muslim,0.5724773155406319,0.33796780951145333,0.5724773155406319,0.006704912595041165,0.07982001269020156,3.188186295278427e-05,0.0029980677997193013
khaathoon,Hindu,0.7972326638825374,0.7972326638825374,0.08006976819133672,0.029570553375150552,0.0926404410016902,9.844887882655991e-06,0.0004767286614023459
khaathun,Hindu,0.6985883725712557,0.6985883725712557,0.22941958063462406,0.03870391049828919,0.02914123424888281,3.425928488550785e-05,0.004112642762062772
khaatoon,Muslim,0.7966092617600004,0.17156511555310064,0.7966092617600004,0.009021785475611973,0.022572583853188142,1.7019288990102933e-05,0.00021423406910868814
khadar,Hindu,0.470584154156528,0.470584154156528,0.1481609289828479,0.3769405704546987,0.0010267809866297511,0.00022631895276286026,0.0030612464665326806
khadase,Hindu,0.9088136160735483,0.9088136160735483,0.026252518858005093,0.02529465252823015,0.038227235213469955,1.1176380483304839e-05,0.0014008009462633587
khade,Buddhist,0.7359785626379198,0.21862809602465239,0.041816157569633125,0.003545751952851745,2.4196570011705466e-05,7.235244931331688e-06,0.7359785626379198
khadeeja,Muslim,0.9558693419640463,0.04020931182716621,0.9558693419640463,0.0021029365808575414,0.0005024367828442687,4.172644151450648e-06,0.0013118002009342609
khadse,Hindu,0.5671131718578801,0.5671131718578801,0.40018600283661226,0.01822906813805727,0.013326392209896818,1.8324730067479852e-05,0.0011270402274859643
khairanaar,Hindu,0.9742794388885354,0.9742794388885354,0.019467573748492124,0.00045716569945573253,0.005534535906826085,1.5367785720562964e-05,0.0002459179709701606
khairanar,Hindu,0.9925848864334037,0.9925848864334037,0.006623482382106197,9.303365275118515e-05,0.00056615888186902,6.162645880307559e-06,0.00012627600398932605
khaire,Hindu,0.8908203618249942,0.8908203618249942,0.10823143822248726,0.0003328711470332549,0.0005824172018890271,2.214980508191567e-06,3.069662308805403e-05
khaleel,Muslim,0.8324712299841139,0.1544977698117178,0.8324712299841139,0.0011191396995613484,0.01186793731766301,7.762759301055607e-06,3.616042764296759e-05
khalid,Muslim,0.7440705109784659,0.24181366932710438,0.7440705109784659,0.011937052098652102,0.002144613248167278,8.105856170350715e-06,2.604849144018389e-05
khalik,Muslim,0.8586310386979114,0.13939081476014126,0.8586310386979114,0.0017735303548123403,0.00018666619532398858,1.405972092973616e-06,1.6544019718157587e-05
khalil,Muslim,0.7103901282335535,0.278918526687263,0.7103901282335535,0.0036136415763399436,0.007065262853640673,2.0955787744737e-06,1.0345070428497629e-05
khamdaagale,Hindu,0.5657881511294752,0.5657881511294752,0.3894620938464106,0.009673948260011642,0.0325574472117612,0.00010663844709460658,0.0024117211052467817
khamdaare,Hindu,0.7740398921816825,0.7740398921816825,0.21088889588642057,0.009861906182678168,0.0043938956998133645,2.0344512415385995e-05,0.00079506553698997
khan,Muslim,0.9295131840395018,0.07042807556421077,0.9295131840395018,3.7534340365714844e-05,4.590671945366071e-08,3.234900198371931e-07,2.083665918241481e-05
khanam,Hindu,0.9501806612975563,0.9501806612975563,0.04863086258677913,0.00023304665307881232,0.0007147536830756641,3.003219595454377e-05,0.00021064358355559325
khanda,Hindu,0.9650669056751091,0.9650669056751091,0.03447830579647182,2.782364055479355e-05,2.6819726246311426e-06,0.00018122773992645515,0.00024305517531299814
khandagale,Muslim,0.6150039863017939,0.38353006521623484,0.6150039863017939,0.0001925921626461465,0.0005403059027840541,0.00037258126630575943,0.0003604691502353536
khandare,Hindu,0.9692133370001272,0.9692133370001272,0.030164231853597574,0.00012716422532064927,9.876897048210971e-05,0.00034593726654706864,5.0560683925357114e-05
khandekar,Buddhist,0.9790039887807377,0.02060595707794048,0.0001591339624315673,8.134494218068796e-05,0.0001417120141156632,7.863222593886502e-06,0.9790039887807377
khandelwal,Hindu,0.9898556392323871,0.9898556392323871,0.0062744760033409345,0.0005385295355190199,0.002910525840315604,2.3206154946368542e-05,0.00039762323349102106
khanna,Hindu,0.9998194438684244,0.9998194438684244,5.67344449317691e-05,2.584372658554937e-05,9.543704898724737e-05,2.3402389815675446e-06,2.0067208962918033e-07
kharaade,Hindu,0.9719011412268878,0.9719011412268878,0.0030153476137982816,0.0008502586717993951,0.0035754063713274078,7.209647465884422e-05,0.020585749641528355
kharaath,Hindu,0.9703327410445656,0.9703327410445656,0.0057971013420145155,0.004875291990716393,0.015442673303941237,5.140418985456671e-05,0.003500788128907919
kharade,Hindu,0.98417666112937,0.98417666112937,0.0023950339371404407,0.0006235870850359045,0.0015714502003766168,6.272816060810424e-05,0.011170539487468887
kharat,Hindu,0.9221566669568291,0.9221566669568291,0.0010700928440931254,0.0007149076175417762,8.841024107389761e-05,8.006313994436963e-05,0.07588985920051812
khare,Hindu,0.9968005655753559,0.9968005655753559,0.0027552258654705074,0.00033018402853537076,3.6735536752225965e-05,3.7977145061505376e-06,7.34912793800033e-05
kharwar,Hindu,0.9990062011668027,0.9990062011668027,4.260903127589552e-05,0.0008948431841400815,2.8315790514489554e-05,2.5001697418112534e-07,2.7780810292677938e-05
khathree,Hindu,0.888713726870922,0.888713726870922,0.10649442331967995,0.0029294013927979473,0.0016242334939368548,2.3693153666361844e-06,0.00023584560729688933
khatik,Muslim,0.6643755742421252,0.33530123349538943,0.6643755742421252,0.000292629734624351,2.1303900418486217e-05,2.106466227447204e-06,7.152161214971224e-06
khatri,Hindu,0.7981311100416472,0.7981311100416472,0.1997459993962268,0.0018669070011099887,0.00020437637431227208,2.483053551930351e-06,4.9124133152008014e-05
khatrin,Hindu,0.8924896588267887,0.8924896588267887,0.10383043446487097,0.0031195869221033417,0.0005340665185291827,4.008483257055255e-06,2.2244784450603758e-05
khatua,Muslim,0.6724038503567182,0.32419654219779004,0.6724038503567182,0.002402709020890215,0.0007277817127160168,2.00334988752055e-05,0.0002490832130101142
khatul,Muslim,0.7284421329272871,0.2703607365783895,0.7284421329272871,0.0008148492913490859,0.00018583663301509787,5.849852233130312e-06,0.00019059471772602432
khatun,Muslim,0.9858325297610063,0.01404818705147374,0.9858325297610063,8.60508267096168e-05,1.9398869325586566e-05,7.06536331428145e-07,1.312695515343176e-05
khedakar,Hindu,0.8787911876438554,0.8787911876438554,0.08460989859182513,0.003779130731441579,0.030008695440342265,3.828381437381752e-05,0.0027728037781617875
khedekar,Buddhist,0.6435257604748261,0.3413333534425654,0.00877840713778423,0.0011325687159763362,0.0052207458887586706,9.164340089115892e-06,0.6435257604748261
khedkar,Hindu,0.9285876209799875,0.9285876209799875,0.06334405774138895,0.0021209979892606408,0.0026144941947027975,1.6376051807963824e-05,0.0033164530428521255
khelaavan,Hindu,0.9777063323531416,0.9777063323531416,0.0030213760704370656,8.115782434442801e-05,0.018779654245744282,0.0003361212798275773,7.53582265050853e-05
khem,Hindu,0.9580794917348153,0.9580794917348153,0.04113718803529723,0.0004971910809866341,0.00018217107186445882,1.5828450437479298e-06,0.00010237523199256945
khemchand,Hindu,0.9917321986249678,0.9917321986249678,0.005034110755047453,0.0004252090904619803,0.0009350306649285903,0.0010887433203054552,0.0007847075442887702
khetaram,Hindu,0.9970734670756384,0.9970734670756384,0.0014514280387107111,0.0005570961078218017,0.00044657944619735257,6.423666845368447e-05,0.0004071926631780055
kho,Hindu,0.8050941679322603,0.8050941679322603,0.19249020923515334,0.0010457559376754013,0.0002954743415583012,1.106346402208131e-06,0.001073286206950467
khobragade,Buddhist,0.9994095707330317,0.0005585557699906113,1.8494137273344858e-05,3.4772750545286676e-06,9.739733494817803e-06,1.6235115502606284e-07,0.9994095707330317
khon,Hindu,0.8964130773317937,0.8964130773317937,0.05738985319407194,0.0015590759412543573,0.04421031020588786,5.256369035654238e-06,0.00042242695795667703
khoobraagade,Hindu,0.8330671146280024,0.8330671146280024,0.01771082434166765,0.0016398054882072425,0.02177713904256433,5.8830932604591234e-05,0.12574628556695366
khooth,Hindu,0.7292580162859105,0.7292580162859105,0.18846528373872373,0.07630612316754312,0.005364684675260717,1.2289368693484285e-05,0.0005936027638685228
khot,Hindu,0.8385352153223252,0.8385352153223252,0.1535496263167602,0.00563695216006458,0.0007962497207237896,8.315852333209114e-06,0.0014736406277930146
khurseed,Hindu,0.6172607742528431,0.6172607742528431,0.349856390158906,0.023813478602544368,0.008931926750232458,3.819724520194591e-06,0.00013361051095386346
khursheed,Muslim,0.6495854772138385,0.303144913897261,0.6495854772138385,0.04375564670766514,0.0032925444971800503,1.2672141847045154e-05,0.00020874554220815122
khusaboo,Muslim,0.995443787117474,0.00318637228147177,0.995443787117474,0.0012137218183580498,0.00014153843712880302,9.86012276614564e-08,1.4481744339574829e-05
khusabu,Muslim,0.9933686507445968,0.006077912773068712,0.9933686507445968,0.00037947040342479473,0.00016603903292258104,3.9000863962521987e-07,7.53703734745067e-06
khusanumaa,Hindu,0.8208844922838511,0.8208844922838511,0.07479563017648928,0.0022729217725063785,0.10087785812584885,1.485228169062973e-05,0.0011542453596137367
khusee,Muslim,0.9063047764491526,0.0484848622795708,0.9063047764491526,0.018569954194862858,0.026543846692170244,4.34193048138049e-07,9.612619119528808e-05
khushiram,Hindu,0.774254993319492,0.774254993319492,0.027177369936982936,0.0054623911173184,0.0009862046640416575,1.1789935447866939e-05,0.1921072510267171
kiran,Hindu,0.9789073570848235,0.9789073570848235,0.009198482160063698,0.00014656319525804438,0.004942384333060461,9.16876971792513e-06,0.006796044457076549
kisan,Hindu,0.9892956431574355,0.9892956431574355,0.00036715570585126695,0.00024107841488479572,0.0015265034901660464,5.947199634868804e-06,0.008563672032027281
kisanaa,Hindu,0.980481221476486,0.980481221476486,0.0018045243033544764,0.000315916503333471,0.01597844049914509,2.0485819275425585e-05,0.0013994113984056983
kisanalaal,Hindu,0.9117696369174192,0.9117696369174192,0.00664207715794838,0.000631947588526504,0.08044153702813701,2.6530154966572166e-05,0.0004882711530022803
kishan,Hindu,0.9985794720859862,0.9985794720859862,0.0002689789056596487,0.0002314175430337521,0.0008831374230150353,4.018740605714481e-07,3.659216824485568e-05
kishanaram,Hindu,0.9984556896871343,0.9984556896871343,0.00010066938977645553,5.779444134400256e-05,0.0011942842754250416,7.818795932757759e-06,0.00018374341038730993
kishanlal,Hindu,0.9782682857909283,0.9782682857909283,0.007262373368034436,0.0010316660116418367,0.013383913492704963,9.388134635075128e-06,4.437320205544702e-05
kishna,Hindu,0.9805059741453775,0.9805059741453775,0.00232651590791,0.0012667021777718881,0.015834447502054233,8.625545687897903e-06,5.77347211985049e-05
kishor,Hindu,0.8854411222853946,0.8854411222853946,0.00014599752095932606,5.507676923762057e-05,0.11423897261311207,6.827126667990621e-07,0.00011814809862968575
kishori,Hindu,0.9252725453130631,0.9252725453130631,0.0004945808436263466,4.8687059400457714e-05,0.07414288599290982,6.084144750313425e-07,4.069237652492655e-05
kishorilal,Hindu,0.9658570816800455,0.9658570816800455,0.000563261324720304,5.615779077965328e-05,0.0335080577336661,9.859297461788932e-07,1.4455541042078894e-05
kishun,Hindu,0.9739598353707392,0.9739598353707392,0.01573189912306646,0.0038619394285658755,0.006190653492040867,4.697046988708906e-06,0.000250975538598894
kisk,Muslim,0.7171450817033979,0.2675360847956768,0.7171450817033979,0.002045310070029758,0.013223549884601588,7.867684789506192e-07,4.918677781506008e-05
kisku,Hindu,0.6550976247762951,0.6550976247762951,0.31424809460468334,0.004148347653209172,0.026401935650672077,3.7742661004489705e-06,0.00010022304903990677
kisoor,Hindu,0.6962565365234746,0.6962565365234746,0.21650783303637325,0.02306817176727773,0.06391876377033542,4.325178476268362e-06,0.00024436972406272046
kisooree,Hindu,0.6010502270180577,0.6010502270180577,0.25344336181855176,0.012165563682609886,0.13322602325781022,3.626469720370011e-06,0.00011119775325004155
kisun,Hindu,0.945216306525305,0.945216306525305,0.01277885529405269,0.0013220388645515376,0.04061251716515416,3.456952740469966e-06,6.682519819620454e-05
koch,Christian,0.8937902844229975,0.10516048347664228,0.00021521202976905823,0.0007994295172971516,0.8937902844229975,8.295889082229452e-07,3.376096438577781e-05
kokare,Hindu,0.922569607891096,0.922569607891096,0.005207825462402892,0.0016707512039702186,0.04570216741569669,0.00012939929621855843,0.024720248730615763
kokate,Hindu,0.8411201842539208,0.8411201842539208,0.027992680767330833,0.0027675854233078574,0.11736617411581395,0.00014979348430968197,0.010603581955316852
kokila,Hindu,0.48132617044015663,0.48132617044015663,0.06498378484583654,0.004395924957859895,0.4486728264752374,6.424760794995676e-05,0.0005570456729595634
kol,Hindu,0.803335559446024,0.803335559446024,0.009919096823719716,0.0013568929016786369,0.18536297190200254,4.099059670386865e-06,2.1379866904791574e-05
kole,Hindu,0.7637682256330761,0.7637682256330761,0.012826987780846516,0.0005155882581161416,0.22281916282775083,6.35948320192414e-06,6.367601700849261e-05
kolekar,Hindu,0.8468582558155343,0.8468582558155343,0.008852920154645947,0.0010364403265966514,0.1387684964184416,2.482141408902372e-05,0.004459065870692285
kolhe,Hindu,0.9285785109901725,0.9285785109901725,0.01522215162062462,0.0012762640493568077,0.05488775583116836,5.131265180380864e-06,3.018624349718671e-05
koli,Hindu,0.6968955066394037,0.6968955066394037,0.07676154747920132,0.001148587933147321,0.22518168177498216,2.8495489366134183e-06,9.82662432895163e-06
kolita,Hindu,0.982511020694579,0.982511020694579,0.007399632218031825,0.0012301099854549603,0.00880448550118682,2.07596467467375e-05,3.399195400058919e-05
komal,Christian,0.7873758866070455,0.20148419033386686,0.010046937289904911,0.0008313300803622938,0.7873758866070455,1.416854270748315e-05,0.00024748714611298067
komar,Christian,0.8191966927997735,0.16176628996201553,0.01736277469222893,0.0009732210253665906,0.8191966927997735,1.9906479742436178e-05,0.0006811150408729265
konai,Hindu,0.6578142119751585,0.6578142119751585,0.0003755039731368941,0.0005202472682176117,0.3412473714611506,3.501801305389771e-06,3.916352103081395e-05
konda,Hindu,0.6886499651091463,0.6886499651091463,0.0007924505244095283,0.0002638054168044672,0.3101579953130657,4.905836460080861e-05,8.672527197316836e-05
kondamma,Hindu,0.6163100321183546,0.6163100321183546,0.013340557280196626,0.006361597583107062,0.36389953292580207,1.6023953892023217e-05,7.225613864775561e-05
konyak,Christian,0.8117960236037349,0.17931069774338254,0.005339331517474539,0.0035149454357954212,0.8117960236037349,2.042849331097773e-05,1.857320630157411e-05
kookaate,Hindu,0.7504565129359968,0.7504565129359968,0.029659219773969767,0.008044424954073747,0.20879847528535397,0.00010379738563519559,0.002937569664970436
kookanee,Hindu,0.5508353455791684,0.5508353455791684,0.30095349005938693,0.0053033958712661875,0.14072019765158192,5.998461751208342e-05,0.0021275862210846223
kookare,Hindu,0.9697204271513074,0.9697204271513074,0.006000008192189649,0.0038521232158146,0.019426111106893025,4.592032170042158e-05,0.0009554100120951531
koolee,Muslim,0.4946082153205885,0.11683713469462562,0.4946082153205885,0.007498163829065728,0.38096960346131975,4.490255226254676e-06,8.239243917410655e-05
koolekar,Hindu,0.6232844043880004,0.6232844043880004,0.022135763175205755,0.003641744449118896,0.3428536575967591,3.0800057909841666e-05,0.008053630333005912
koolhe,Hindu,0.43967264886669755,0.43967264886669755,0.15697406510815606,0.015858692719443762,0.3873605676452038,1.6916134502663732e-05,0.00011710952599592637
koomal,Christian,0.91985571625527,0.06609486292777332,0.009768577586846992,0.004119468759757162,0.91985571625527,9.253330024194753e-06,0.00015212114032822383
koorade,Christian,0.4986175990576176,0.4591655413016445,0.01886571881031878,0.020318281652129542,0.4986175990576176,8.55653646004421e-05,0.0029472938136892797
koore,Christian,0.5834413570980732,0.2467311299484187,0.1118014188793729,0.05789918986904346,0.5834413570980732,3.254417307119716e-05,9.436003202048765e-05
koosalyaa,Christian,0.9620031893491834,0.016269280622652628,0.0029348193799069206,0.018785808291216902,0.9620031893491834,2.8666383130729848e-06,4.0357187269454265e-06
koothaaree,Christian,0.6814264584226453,0.25315732013128794,0.03216723819725464,0.03309713063885573,0.6814264584226453,3.193140790361034e-05,0.00011992120205273466
kor,Hindu,0.5348643642201627,0.5348643642201627,0.0007440343439093595,0.0008098094542575161,0.4635270366042586,2.9482547943960296e-05,2.5272829467922016e-05
kora,Hindu,0.6368071289829902,0.6368071289829902,0.001244736517590428,0.0004677473984287589,0.3610364228302389,0.00037409997703308256,6.986429371869224e-05
korade,Hindu,0.7686552225981224,0.7686552225981224,0.0023108940802962783,0.0005926044145280716,0.2263599333669971,0.00019946088415515856,0.0018818846559008257
kore,Christian,0.5039121221958982,0.49442709405727253,0.0014213760596109837,0.00020621221966619395,0.5039121221958982,2.1824550699762725e-05,1.1370916852309985e-05
kori,Hindu,0.945790219230443,0.945790219230443,0.0008825396518980791,6.473336411650957e-05,0.05325805735107418,2.0848986724328385e-06,2.3655037956332295e-06
korra,Hindu,0.7496727890919802,0.7496727890919802,0.001062418152076182,0.0010639674845988316,0.2480573734089867,4.155526685468498e-05,0.00010189659550352833
kota,Hindu,0.9777374732830468,0.9777374732830468,0.002275563358648333,0.00628748637117474,0.013262172151364384,0.0001282460146781623,0.00030905882108771753
kotal,Hindu,0.9450392218557827,0.9450392218557827,0.010658514308165546,0.006037621003975453,0.0377026503281153,0.0004416868857346247,0.00012030561822607524
koteswararao,Hindu,0.7877163270131275,0.7877163270131275,0.0006447905766316586,0.0007093528108212231,0.2106944587325999,6.07261262047966e-05,0.00017434474061519192
kothari,Hindu,0.5712249112453281,0.5712249112453281,0.025416469650359604,0.026450899847301326,0.3163770691334357,0.060263347808695064,0.00026730231488019025
kousal,Muslim,0.4604408664900052,0.3047338323826246,0.4604408664900052,0.04628479299360194,0.1884123881525404,2.2305362188970222e-05,0.00010581461903892251
kousalaa,Christian,0.523771981181945,0.3125366557348588,0.14615118759866005,0.01740499295835727,0.523771981181945,1.5418529651559072e-05,0.00011976399652738103
kousalyaa,Christian,0.5165353539202336,0.36918166152942966,0.0970256647206281,0.01717593300158733,0.5165353539202336,1.7837091838038827e-05,6.354973628309222e-05
kousar,Muslim,0.46066339061329614,0.37009057715311255,0.46066339061329614,0.08569027221544415,0.08338037290636847,1.947725662869806e-05,0.00015590985515000276
kousilyaa,Christian,0.7192274138533196,0.20842039050025057,0.04181408933312316,0.030512493118990878,0.7192274138533196,5.2058566192661884e-06,2.0407337696635103e-05
koya,Sikh,0.7609309241047467,0.010916076696913508,0.22199817119360235,0.7609309241047467,0.006072126085340544,3.100385455522215e-05,5.169806484158749e-05
koyal,Sikh,0.5818104823387494,0.1058503906852097,0.2857267842982081,0.5818104823387494,0.026508848267014874,4.5481556000940255e-05,5.80128548169764e-05
kra,Hindu,0.992314189995128,0.992314189995128,0.0029871734634333512,0.0002431106717829314,0.002259614410740817,0.0002567319328778108,0.001939179526037234
kraanthi,Hindu,0.8848636125133675,0.8848636125133675,0.0002583193211008043,0.0011969281808017107,0.11300307799036133,0.00010968769719015578,0.000568374297178339
kripaa,Hindu,0.7454221162174092,0.7454221162174092,0.0013347898634800924,0.0002840702472497036,0.25279885055134077,3.25252678769002e-05,0.0001276478526433758
kripaal,Hindu,0.7613000412481895,0.7613000412481895,0.004998681099939018,0.0004952173577220318,0.23307780874309725,4.4222361372584666e-05,8.402918967948035e-05
krisan,Hindu,0.9881147923096598,0.9881147923096598,0.004665606356089863,0.00036256407399384177,0.0067348422098158405,1.1167161245135305e-05,0.00011102788919518095
krisanaa,Hindu,0.9673005704424849,0.9673005704424849,0.00642361448423299,0.00035727230159063306,0.025788260751126835,2.3181355155996562e-05,0.00010710066540870462
krishan,Hindu,0.9981550587668271,0.9981550587668271,0.0006427126121247327,0.00017807196194131596,0.0010202104892126057,1.0310361929905808e-06,2.9151337012004017e-06
krishn,Hindu,0.9561216841341312,0.9561216841341312,0.005296744678247326,0.0021280102272575943,0.03643589277881029,1.2510203193465236e-05,5.157978360039447e-06
krishna,Hindu,0.955513161025351,0.955513161025351,0.002451019029900982,0.002394595615745784,0.039602152198959524,3.2878191124474685e-05,6.1939389181623475e-06
krishnaa,Hindu,0.7059050749857337,0.7059050749857337,0.02562316655034964,0.006234079849316541,0.2621112832845176,7.74821957818638e-05,4.891313430051243e-05
krishnaabaaee,Hindu,0.4574053791126755,0.4574053791126755,0.13950682993479308,0.006506379201208502,0.3964113972375601,4.5594943884337014e-05,0.00012441956987855346
krishnaavathee,Hindu,0.6046535085294107,0.6046535085294107,0.00700339723831966,0.002786233328464934,0.3854816737699918,3.674884194492855e-05,3.843829186795389e-05
krishnakumaar,Hindu,0.7508039387267499,0.7508039387267499,0.02263095679746473,0.005605163579106423,0.22076437444125263,0.00012066507535410253,7.490138007198473e-05
krishnakumar,Hindu,0.8493710710364355,0.8493710710364355,0.02244701377727694,0.004776553634231074,0.12310527102074272,0.00023838394674926722,6.170658456457488e-05
krishnamoorththi,Hindu,0.9569395108043477,0.9569395108043477,0.006896240736994118,0.010841200184694727,0.025270331832649175,1.3904185448746614e-05,3.8812255865616116e-05
krishnan,Hindu,0.974885191905487,0.974885191905487,0.0003938622376396996,0.00042013898165056365,0.024287966802807173,9.36758259395345e-06,3.47248982171481e-06
krishnankutty,Hindu,0.9026812407860334,0.9026812407860334,0.07494008945837635,0.0015237667859895488,0.02079193060373443,3.3151043121483775e-05,2.9821322744780606e-05
krishnapaal,Hindu,0.9053362520164375,0.9053362520164375,0.00799883095953477,0.0019147132288008875,0.08425342909879079,0.00047436305046508903,2.241164597111427e-05
krishnapal,Hindu,0.9813904763862539,0.9813904763862539,0.002134721778875668,0.0015944571531662068,0.01418828170207378,0.0006798925298538002,1.2170449776636776e-05
krishnasamy,Hindu,0.9906483658128412,0.9906483658128412,0.00227373672858639,0.0003984727053330507,0.006669133951694361,3.957921258856478e-06,6.332880286204197e-06
krishnaveni,Hindu,0.9111912639125084,0.9111912639125084,0.00941281131470834,0.0016884099319792666,0.07764649715752676,4.309432902140038e-05,1.792335425582862e-05
ksheerasaagar,Hindu,0.5011286700838272,0.5011286700838272,0.061453577090092845,0.0018242520359350908,0.4354964483347578,2.6255679675749644e-05,7.079677571123113e-05
kshirasaagar,Hindu,0.6119877139200429,0.6119877139200429,0.03621057796095438,0.0030912393608028862,0.34625843403367984,0.00015516264957489607,0.0022968720749449874
kshirasagar,Hindu,0.8291880832133036,0.8291880832133036,0.048943058629064874,0.014498018025036951,0.10399425343755785,0.0007450843459767531,0.0026315023490598864
kshirsagar,Hindu,0.8837420733248791,0.8837420733248791,0.06989001232268513,0.017440344717475645,0.028017010973278,0.00040049045218984566,0.0005100682094920371
kuber,Jain,0.7598303027477528,0.23040786376903938,0.0036437598936298367,0.00014953337898567393,0.005892667573735483,0.7598303027477528,7.587263685685699e-05
kui,Hindu,0.6867397277206524,0.6867397277206524,0.19813070949039394,0.020326025626087367,0.09425420504088736,4.605817452659499e-05,0.0005032739474524297
kujur,Hindu,0.825276782189482,0.825276782189482,0.1577462982679784,0.005022074641085746,0.01117467639673558,6.0163019900119204e-05,0.0007200054848183307
kuladeep,Hindu,0.9858056030039368,0.9858056030039368,0.006577939094832496,0.0010688029619355087,0.005817454446598319,1.2170993034320811e-05,0.0007180294996624731
kulajeeth,Hindu,0.9127798300880265,0.9127798300880265,0.0338482487461168,0.02389774007461377,0.028065765486024526,1.0551858386600746e-05,0.0013978637468317749
kulakanee,Hindu,0.7448460303707896,0.7448460303707896,0.1994114857583538,0.002639099401869444,0.05105616395041764,0.00021482437875021643,0.0018323961398194178
kulakani,Hindu,0.9502504110318447,0.9502504110318447,0.022121829768919528,0.001970498444601566,0.02499203331184089,0.00030497746443532034,0.00036024997835780133
kulakarnee,Hindu,0.8699305213564783,0.8699305213564783,0.054743755420482224,0.0208433842552464,0.05051919833397014,0.00013897217819693915,0.0038241684556262158
kulandaivel,Hindu,0.9940667342063955,0.9940667342063955,0.0027789979305839663,0.00018907403098270424,0.0028939363922587447,1.0708160605235348e-05,6.0549279173830374e-05
kulavath,Hindu,0.9793619051047148,0.9793619051047148,0.003539735897579491,0.002000343165174996,0.014372076767928144,0.00023143592752975344,0.0004945031370728792
kulaviadar,Hindu,0.9849903943319509,0.9849903943319509,0.004777148070774659,0.0009868379981037814,0.008965469409058317,0.00015974505204471281,0.00012040513806758334
kuldeep,Hindu,0.914522035554081,0.914522035554081,0.02100275155138833,0.047651467642761604,0.016390986062752088,1.4867662732058092e-05,0.00041789152628493175
kulkarni,Hindu,0.8530087911094943,0.8530087911094943,0.04659713509426287,0.04112240400622252,0.03598129227249902,0.00010411826991272911,0.02318625924760871
kumaar,Christian,0.5563799359760128,0.41577974781291,0.022535551954895244,0.004799994092445646,0.5563799359760128,0.00020155325512092575,0.00030321690861545336
kumaaree,Christian,0.6448767350263758,0.3282625746689039,0.023171314446631782,0.003516477498706115,0.6448767350263758,7.247816460902568e-05,0.00010042019477344282
kumaari,Hindu,0.5062561686037975,0.5062561686037975,0.029572817996391998,0.0018331500245591917,0.4620831194823787,0.0001080155132612807,0.00014672837961140646
kumaavath,Hindu,0.5226985636876648,0.5226985636876648,0.002096330455242691,0.0013846163751032533,0.4732814854590414,0.000261238848096365,0.00027776517485132994
kumakum,Hindu,0.723322069677782,0.723322069677782,0.052557953389239874,0.012773338840079,0.21065780935607317,0.00037069023894937907,0.000318138497876484
kumar,Hindu,0.7531114785415519,0.7531114785415519,0.00044683365728041884,0.0005208687047565953,0.240894642236895,0.004948359874226567,7.781698528954867e-05
kumaran,Hindu,0.8451845189656988,0.8451845189656988,0.00015121459007708498,6.389200714808863e-05,0.1542455903181269,0.0002704668993200081,8.43172196288975e-05
kumarasamy,Hindu,0.9968930708431857,0.9968930708431857,7.75959280640866e-05,1.6078708126645718e-05,0.0030090520847689847,2.0481850120019367e-06,2.1542508425806907e-06
kumaravel,Hindu,0.9352922671365633,0.9352922671365633,0.0003810903462945752,0.00012036777939705404,0.06412077287323117,7.242149485318767e-05,1.3080369660664568e-05
kumare,Hindu,0.9398054332092632,0.9398054332092632,0.0009637415445656382,0.00025608788688091273,0.05835278360000447,0.0005970254131750808,2.4928346110865997e-05
kumaresan,Hindu,0.9587767665217227,0.9587767665217227,0.007053386052004646,0.0005423526933206694,0.03274060334753013,0.0008361662453281812,5.0725140093942435e-05
kumari,Christian,0.7149538620912294,0.28413340576914525,0.000705779860077255,6.817428780642516e-05,0.7149538620912294,0.00012980670611207416,8.971285629540435e-06
kumavat,Hindu,0.9754758992030724,0.9754758992030724,0.0019921832288517243,0.0003979723971509526,0.021686760029211574,0.0003503032322148777,9.688190949844098e-05
kumbara,Hindu,0.9801587828205551,0.9801587828205551,0.013666661816124597,0.0006002778446861152,0.0038228437314103613,0.0003329722064290703,0.001418461580794703
kumbhaar,Hindu,0.827716067897404,0.827716067897404,0.15303747916811267,0.00215001269041384,0.016400849301132208,6.463528581809881e-05,0.0006309556571192214
kumbhar,Hindu,0.8113433108404261,0.8113433108404261,0.18636201468593305,0.0012301518154180142,0.0007182348449266772,5.427043688008626e-05,0.000292017376416206
kumbhare,Hindu,0.9269588012600721,0.9269588012600721,0.07096649511319669,0.0006066351201707678,0.0012938054335502793,4.741873659718683e-05,0.00012684433641290817
kumdan,Hindu,0.8100565539799424,0.8100565539799424,0.153755646935152,0.00788359049328965,0.026791968252707975,0.00017751112246085674,0.001334729216447149
kumhar,Sikh,0.6542730362558663,0.3449464113809753,0.00045440190348123823,0.6542730362558663,0.0003149506382062264,9.209901842937506e-07,1.0278831286681898e-05
kumthee,Hindu,0.5615044008822067,0.5615044008822067,0.22302840144659752,0.03922580553598241,0.175509358314288,2.321415806825489e-05,0.0007088196628572303
kumuda,Hindu,0.8808213930162108,0.8808213930162108,0.07390106057413676,0.006447237897462268,0.03856681167240006,4.2098613325282755e-05,0.00022139822646505492
kumudinee,Muslim,0.5572043537685699,0.4161916480791799,0.5572043537685699,0.001771924941881559,0.024749976359854972,4.501790707346326e-05,3.7078943440109455e-05
kumvar,Hindu,0.7915722945329977,0.7915722945329977,0.0187813833440989,0.0082222805281189,0.1809615444960941,0.0001845195147441751,0.0002779775839461828
kunaal,Christian,0.4819224934254895,0.2314314446967972,0.280464004507496,0.005859486557046756,0.4819224934254895,9.187561234508863e-05,0.00023069520082547374
kundan,Hindu,0.9862223418571151,0.9862223418571151,0.0009342977872552749,0.000656403780060112,0.01149440044901535,0.00017680834851488506,0.0005157477780392358
kundu,Hindu,0.9873178616183631,0.9873178616183631,0.004523285365343999,0.002285648182545104,0.001793982056136419,0.0032840477573720184,0.0007951750202394643
kuni,Hindu,0.8460405949077373,0.8460405949077373,0.10527634252543452,0.003330798520546074,0.04524960081048257,1.326981438241298e-05,8.939342141709293e-05
kunjan,Hindu,0.8594932536155854,0.8594932536155854,0.08501650397067305,0.013847027016530837,0.03817842256047452,6.437212567215496e-06,0.0034583556241689025
kunjiraman,Hindu,0.9618480533608283,0.9618480533608283,0.019146888005128655,0.0008610534872350653,0.009512007130894177,4.3007688537245716e-05,0.008588990327376386
kunju,Hindu,0.49454835242580963,0.49454835242580963,0.35337819794546926,0.01164526418494276,0.13963882673946681,1.2322756672202389e-05,0.000777035947639361
kunthalaa,Hindu,0.8113697400872621,0.8113697400872621,0.0017540848406487261,0.0018051529464965963,0.18473813611696854,1.2755771004335023e-05,0.00032013023761955946
kunthee,Hindu,0.5560001095228267,0.5560001095228267,0.037502110983695,0.04930554810370261,0.356694084888482,1.6839933449542365e-05,0.0004813065678441343
kunwar,Hindu,0.9739997339037925,0.9739997339037925,0.01198954298080641,0.000957659265707531,0.01286400850940446,7.944471353504419e-06,0.00018111086893570015
kuppan,Hindu,0.9997178108250341,0.9997178108250341,2.45834868344424e-05,0.00011592186039765353,0.00012492061522185406,1.3857764632065187e-05,2.9054478796805083e-06
kuppusamy,Hindu,0.9986068810669821,0.9986068810669821,0.0008337130667081897,0.00017254627229466166,0.0003838823274448051,5.690507397004716e-07,2.4082158305203024e-06
kuraishi,Hindu,0.8048194681620823,0.8048194681620823,0.16636452484493658,0.001745166420268572,0.02692153926307597,2.1750976409161223e-05,0.00012755033322744117
kuresee,Christian,0.5903096655930369,0.029245009872766264,0.38019658916112997,0.00022289482619763175,0.5903096655930369,2.3337567736316876e-05,2.502979132938595e-06
kureshi,Muslim,0.965483054991577,0.028613785427506793,0.965483054991577,3.4822491680357405e-05,0.005429715389565535,0.0004252963857404327,1.3325313929644806e-05
kuriakose,Christian,0.9997884286977172,0.00014803830923179525,2.3442544653300017e-05,3.9980415332987336e-05,0.9997884286977172,2.4789621373685172e-08,8.524344351190838e-08
kurian,Christian,0.9997124772892575,0.0002765153186921239,6.017789425085763e-06,4.8802197068806614e-06,0.9997124772892575,2.4167845281700843e-08,8.521507315805697e-08
kuru,Hindu,0.8451086418316467,0.8451086418316467,0.014059941885226272,0.006398738057387327,0.13434725275639273,4.092500456463402e-06,8.13329688904932e-05
kusam,Hindu,0.9165877078383322,0.9165877078383322,0.06272494478139631,0.001499834908687046,0.019041186893524034,3.668287643167628e-06,0.00014265729041718588
kusamaa,Hindu,0.5867464413650426,0.5867464413650426,0.10640612920649384,0.0017486621064636478,0.304756980545988,9.46556901641956e-05,0.00024713108584762766
kushwaha,Hindu,0.9999726742756692,0.9999726742756692,1.722026317843139e-05,1.4269058896737926e-06,7.00752167897542e-06,1.2405249212354084e-08,1.658628334727375e-06
kusum,Muslim,0.40208158198457106,0.39792699321636155,0.40208158198457106,0.017952155625564934,0.1817404374210541,9.781749991574279e-06,0.0002890500024568974
kusumaa,Christian,0.7986395763329255,0.11715409977767897,0.0809343218845153,0.0031116019785803533,0.7986395763329255,1.15590603642142e-05,0.00014884096593560547
kusumalathaa,Christian,0.8807490988815392,0.1009430388751323,0.01684133867878269,0.0013354124317231809,0.8807490988815392,3.4571879570284556e-06,0.00012765394486560024
kute,Hindu,0.8299778582634768,0.8299778582634768,0.05327516885789546,0.002218664169309596,0.11386430896049973,3.637520067153345e-05,0.0006276245481469399
kuttan,Hindu,0.9964043866607288,0.9964043866607288,0.00307213147536198,0.00014868192817859757,0.00032003850024644233,2.150228202775653e-05,3.3259153456247954e-05
kuttappan,Hindu,0.9998845028893691,0.9998845028893691,4.6632893861702995e-05,1.1691540428486144e-05,4.2912803156049613e-05,1.3810589788530407e-05,4.4928339626009967e-07
kutti,Hindu,0.6991434169938147,0.6991434169938147,0.29365441589589586,0.001604700360253347,0.005549555572902331,3.2959571382267944e-05,1.4951605751639038e-05
kutty,Hindu,0.5027818401032723,0.5027818401032723,0.28773265245227314,0.02223846562389737,0.18721924763115316,8.188926698824472e-06,1.960526270527764e-05
kuvar,Hindu,0.5343181596461598,0.5343181596461598,0.009094447883442023,0.0009925005430919942,0.45542552359059374,7.419837364215451e-05,9.516996307010874e-05
laabh,Hindu,0.5988337908248836,0.5988337908248836,0.30436850397238446,0.002444378777116195,0.09408384171330302,6.563633804516531e-05,0.0002038483742673249
laad,Christian,0.5901314443280802,0.3971394727894652,0.011770029862615689,0.0005786990630591678,0.5901314443280802,9.757474206734933e-05,0.0002827792147126007
laadoo,Hindu,0.6793829872427579,0.6793829872427579,0.03823009886437208,0.0062125868426074985,0.27542878412804633,8.35197991559224e-05,0.0006620231230602555
laakhan,Hindu,0.6963941456807663,0.6963941456807663,0.2914779270142539,0.003071538449142256,0.008877743920508578,2.0668022815248245e-05,0.00015797691251376696
laal,Christian,0.7029372666022192,0.19291902462054855,0.10259228274801178,0.0014420461723775922,0.7029372666022192,6.009592810757882e-05,4.928392873515425e-05
laalaa,Christian,0.8676783709151527,0.10569695353004209,0.02579361860328909,0.0007524534106391561,0.8676783709151527,2.0236742534374967e-05,5.836679834267594e-05
laalaaraam,Christian,0.780137920060185,0.20913349906369486,0.009846672056942273,0.0006720126449588887,0.780137920060185,3.2202845924213186e-05,0.00017769332829485623
laalabaaboo,Muslim,0.8104253133209596,0.08794765805789395,0.8104253133209596,0.0020773184368708814,0.09926149854421631,1.0668815714722404e-05,0.00027754282434467307
laalabaabu,Muslim,0.6471961901030017,0.17323820212514346,0.6471961901030017,0.0007167874795554551,0.17862207322028933,4.725233181335252e-05,0.00017949474019675053
laalabahaadur,Hindu,0.9132810326389241,0.9132810326389241,0.0497016261670728,0.0017233079195722097,0.03461592428341554,6.812756811411015e-05,0.0006099814229009661
laalachand,Hindu,0.9692353393676781,0.9692353393676781,0.0017409725606968673,0.001047013869348789,0.027282355379751527,0.00026695068022151975,0.0004273681423032705
laalajee,Hindu,0.4047302876222678,0.4047302876222678,0.2014812960273362,0.002652251005352209,0.3906963121759292,9.341958247546576e-06,0.00043051121086696485
laalaman,Hindu,0.6019511180726327,0.6019511180726327,0.049181089648762104,0.001267232592262278,0.34619908130599547,9.327804534432345e-05,0.001308200335003251
laalamanee,Christian,0.4137391521815655,0.40401069724720456,0.17137495016455323,0.0010746414562721402,0.4137391521815655,5.4483328503078486e-05,0.009746075621901629
laalamathee,Christian,0.9505651743316038,0.04260878042554848,0.0064728471004319174,0.0003161455419003062,0.9505651743316038,1.0051810106121603e-06,3.604741950480975e-05
laalamunee,Hindu,0.7269901762604117,0.7269901762604117,0.18891310187328203,0.0011240771377118578,0.08280004170675546,8.310053163175649e-06,0.00016429296867577812
laalaraam,Christian,0.5470494445826821,0.4415055329816475,0.010321349567881881,0.0005895638508195556,0.5470494445826821,3.6348871783792445e-05,0.0004977601451850786
laalasaa,Christian,0.9528084415347021,0.04220429279799119,0.004878928161358476,9.950540987116312e-05,0.9528084415347021,2.2433699596963356e-06,6.5887261175062495e-06
laalasimh,Christian,0.7504947343749052,0.22118820301355316,0.025200137957355206,0.0031082413000555506,0.7504947343749052,2.1596148316305882e-06,6.523739299132654e-06
laalathaa,Christian,0.9612763527236282,0.031294858737742015,0.0068885341947507875,0.0004901648410413155,0.9612763527236282,2.5560148222007764e-06,4.753348801565271e-05
laalathee,Christian,0.8001690653283632,0.13683145590568724,0.05965338883391187,0.003280159917922263,0.8001690653283632,3.914530505640584e-06,6.201548360971512e-05
laalbahadur,Hindu,0.8756205885117838,0.8756205885117838,0.09361527957486926,0.007235318425313854,0.022468753621913584,0.00017015238761278474,0.0008899074785070456
laalchand,Hindu,0.9041348583257929,0.9041348583257929,0.008011847491870705,0.0005430928272345258,0.04188925781471482,0.04511566464451497,0.00030527889587236417
laalee,Christian,0.6308691890053063,0.07850222644537726,0.2899761933086053,0.0005844882593053346,0.6308691890053063,1.6616465461710003e-05,5.12865159442461e-05
laaloo,Christian,0.8175507351585781,0.13318021321313103,0.04371655779903661,0.005449845138207683,0.8175507351585781,4.851505803335509e-05,5.413363301334273e-05
laalta,Hindu,0.45440669243113563,0.45440669243113563,0.28117757948029026,0.0022638383136981775,0.2616354636452318,0.00038664085320817035,0.00012978527643591186
laalu,Christian,0.5481660111296518,0.2834923039746256,0.16626601909256208,0.001646125540702355,0.5481660111296518,8.823248307484019e-05,0.00034130777938333045
laamdage,Hindu,0.5251883547577566,0.5251883547577566,0.24490476699578081,0.011076378213925197,0.21721157757963022,5.158742687524279e-05,0.0015673350260318065
laamde,Hindu,0.8089714409868152,0.8089714409868152,0.11228009972615899,0.0023351283129820475,0.06977257383809188,1.637269052324473e-05,0.006624384445428641
laamjevaar,Christian,0.8806265611347416,0.11593231826878218,0.003017403992523398,0.00027877424995071374,0.8806265611347416,1.410717329995508e-05,0.00013083518070218956
labhu,Hindu,0.9863896230301888,0.9863896230301888,0.012824290558720908,0.00028532102890147865,0.00024128831253355436,6.013231023386825e-06,0.00025346383863185786
lachhaman,Hindu,0.8376242970343754,0.8376242970343754,0.097567965546921,0.016344898791556567,0.047740847685654786,4.793882372121794e-05,0.0006740521177712608
lad,Hindu,0.9980174454332409,0.9980174454332409,0.0003948805568802263,1.66267912663393e-05,0.0015291958547530072,1.5380687956256593e-05,2.6470675903197532e-05
ladoo,Hindu,0.938871085729657,0.938871085729657,0.03594192060710617,0.004236158492367814,0.020584501705915005,4.545440769778667e-05,0.00032087905725627154
laduram,Hindu,0.9959456752936646,0.9959456752936646,0.0010324749710347255,0.00037556147756603593,0.0020056700813156124,4.0744674394601735e-05,0.0005998735020243684
laha,Hindu,0.7583933122434956,0.7583933122434956,0.23039688459482421,0.003290184733635863,0.007439608996146029,6.675663106491665e-05,0.00041325280083344575
laishram,Hindu,0.9977069325226469,0.9977069325226469,0.0006272964148940265,5.324914384923001e-05,0.0002069861199254082,5.182714490564928e-07,0.0014050175272356253
lakda,Hindu,0.8888937121619489,0.8888937121619489,0.09594451287022931,0.002733579494560852,0.011756981906385704,0.00012290508816065827,0.0005483084787145213
lakhan,Hindu,0.9703370269772041,0.9703370269772041,0.028582463829130003,0.001043021013173874,2.1092294879654834e-05,2.127960840698399e-06,1.4267924771485227e-05
lakhanlal,Hindu,0.9594020088971322,0.9594020088971322,0.03700875651228674,0.001565455937996123,0.001984637293722024,1.4524383687992357e-05,2.4616975175122852e-05
lakhaveer,Hindu,0.699444984000693,0.699444984000693,0.199839507098576,0.07141126417166214,0.02881632226347445,0.00036392796030946525,0.00012399450528510943
lakhaviadar,Hindu,0.9726546747700198,0.9726546747700198,0.01734908435107112,0.0034741119138832007,0.006273008898840646,0.00018760494358625133,6.151512259879023e-05
lakhee,Hindu,0.5347688046928902,0.5347688046928902,0.4476622230070909,0.010219656248185962,0.007256705247919626,5.428791613177541e-06,8.718201230023896e-05
lakkar,Hindu,0.544343011078746,0.544343011078746,0.3143219324210967,0.11272563671827988,0.024073316035180946,0.0019336240488850318,0.0026024796978113738
lakra,Hindu,0.9880211075336361,0.9880211075336361,0.006765985649938603,0.0005713436293063564,0.004420269315374621,0.00010498165057903391,0.00011631222116537014
lakshaman,Hindu,0.9507542861874979,0.9507542861874979,0.03697425459142279,0.0026211239612654986,0.00953602718401689,4.16099644269961e-05,7.269811137006127e-05
lakshara,Hindu,0.9949138708079103,0.9949138708079103,0.001461133101821999,0.002130972397631458,0.0014666811637275578,1.1215837573093161e-05,1.6126691335647757e-05
lakshhmana,Hindu,0.9578049878561313,0.9578049878561313,0.018948943259993002,0.011990682651091643,0.011189539963930557,3.155319855682148e-05,3.429307029690563e-05
lakshhmi,Hindu,0.8110217627265799,0.8110217627265799,0.06564989874974714,0.09332521222411695,0.02995547677287378,9.221889876566908e-06,3.8427636805610715e-05
lakshhmibaayi,Hindu,0.8134589414768144,0.8134589414768144,0.08169522747517584,0.053647111202174975,0.05113563738885123,1.1134672089111399e-05,5.1947784894636796e-05
lakshmamma,Hindu,0.9067324616711854,0.9067324616711854,0.019732819142586476,0.053030274609972,0.02049038263674576,3.8408943372077095e-06,1.0221045173441513e-05
lakshman,Hindu,0.9910168121769245,0.9910168121769245,0.0017233947732276517,0.0034226617789201237,0.003826595690095998,3.7329237582890177e-06,6.802657073624942e-06
lakshmanan,Hindu,0.9977996795215811,0.9977996795215811,0.0004842747487520565,0.00048561500617281313,0.0012226714840262393,3.305624745868157e-06,4.453614721823663e-06
lakshmansingh,Hindu,0.7258137237578646,0.7258137237578646,0.0003009046238764427,0.2737629255162636,0.00012240918469272092,2.120479414397472e-08,1.5712508472151135e-08
lakshmee,Hindu,0.8041049800916549,0.8041049800916549,0.07208310800731886,0.06242554017697239,0.06121440403090878,7.9908534005265e-06,0.0001639768397445208
lakshmeebaaee,Hindu,0.4386733602498985,0.4386733602498985,0.19308293775353758,0.07233357645053695,0.2955950675901826,1.5904408868141467e-05,0.0002991535469759146
lakshmeedevee,Hindu,0.8847642377147715,0.8847642377147715,0.02533926254303032,0.02391048785427206,0.06489502144266115,2.877220085104085e-06,0.0010881132251799872
lakshmeedhara,Hindu,0.9816378860862978,0.9816378860862978,0.004299234169953295,0.008077121173076324,0.005872765652707109,9.170030595882885e-06,0.00010382288736967951
lakshmeenaa,Hindu,0.9255504938911588,0.9255504938911588,0.0172319779127954,0.011256493707410142,0.04577649848451365,2.310252695327937e-06,0.00018222575142659412
lakshmeenaaraayan,Hindu,0.9025393434019449,0.9025393434019449,0.0019343588991029906,0.0026151371580513958,0.09281542715957547,5.984660443719802e-06,8.974872088132948e-05
lakshmeepriaa,Hindu,0.5522910084528352,0.5522910084528352,0.003977529150852503,0.009596277769088692,0.4341037364235178,4.449760554167321e-06,2.699844315158805e-05
lakshmi,Hindu,0.8524672457401464,0.8524672457401464,0.0027132122544866926,0.05236830763579912,0.09243913529627139,2.2162632784403744e-06,9.882810017800149e-06
lakshmibai,Hindu,0.9217866480687437,0.9217866480687437,0.023743067583945166,0.022898941945684436,0.03148263681487623,1.2378374837190357e-05,7.63272119133698e-05
lakshmidevi,Hindu,0.9187406263202184,0.9187406263202184,0.002764404609184752,0.023276338096921555,0.055136995423888675,7.818213945224587e-06,7.38173358412582e-05
lakshminarayan,Hindu,0.9049656239439228,0.9049656239439228,0.0016920066167040628,0.004385685018170386,0.08878289215127165,0.00012929596260946873,4.4496307321630955e-05
lal,Hindu,0.9959597556609264,0.9959597556609264,0.0025110115485307972,4.631374990083795e-05,0.0013829190485493193,9.981538424423096e-05,1.8460784852348276e-07
lala,Hindu,0.99227123965179,0.99227123965179,0.0027403492722601146,0.00015891475906488543,0.004811567104844823,1.424655103840486e-05,3.6826610017256715e-06
lalallan,Hindu,0.9361871019838122,0.9361871019838122,0.059807315245729846,0.00021590085319997493,0.0037409058243928124,4.454636094107786e-05,4.2297319240287615e-06
lalallu,Hindu,0.9260038303767564,0.9260038303767564,0.055001046880445346,0.0003315037163923588,0.018647430433278083,1.2327460073221518e-05,3.861133054684513e-06
lalan,Hindu,0.9960393931892387,0.9960393931892387,0.0027262615097006335,0.00015184367132576964,0.0010424064698115185,2.166868816198239e-05,1.842647176147527e-05
lalathaa,Christian,0.7798526947162138,0.19667461910185985,0.021135464100286896,0.00220543339442894,0.7798526947162138,1.0136940903921908e-05,0.00012165174630666121
laleethaa,Hindu,0.5212630890958911,0.5212630890958911,0.09391650640079012,0.004611082381632289,0.3800792696548714,5.201137555922671e-05,7.804109125580481e-05
lali,Christian,0.5939872469325941,0.2921629146092753,0.1127040478370895,0.0011188850180826643,0.5939872469325941,2.5881263299888364e-05,1.0243396585865262e-06
lalita,Hindu,0.9496526792422187,0.9496526792422187,0.026032137309000968,0.0032214472730870093,0.020797299704713404,0.00026003744829548886,3.639902268429137e-05
lalith,Hindu,0.7034129939580374,0.7034129939580374,0.08208634459954249,0.06761986861462577,0.14667621368390504,0.0001390826620461801,6.549648184319863e-05
lalithaa,Hindu,0.5815192889787979,0.5815192889787979,0.0878309981279522,0.025037792911948843,0.30542885130405284,8.802531354215156e-05,9.504336370607646e-05
lalji,Hindu,0.8891667196390892,0.8891667196390892,0.10515789678748456,0.0008090700261482208,0.004644412602765307,3.622644645676455e-05,0.00018567449805576813
lallan,Hindu,0.9584082350154477,0.9584082350154477,0.03880980977197559,8.12014438062101e-05,0.0026516075537863014,4.658578245995415e-05,2.5604325240161444e-06
lalloo,Hindu,0.6426396545543245,0.6426396545543245,0.1743975875095488,0.008243262480340434,0.17453148610636107,0.00016623445615916138,2.177489326613683e-05
lallu,Hindu,0.9556778917333336,0.9556778917333336,0.023567538113766485,7.902273515804631e-05,0.020668657222894272,5.630940944135901e-06,1.259253903536734e-06
lalman,Hindu,0.9290508144993052,0.9290508144993052,0.05347139998033475,0.0005064809805035066,0.016822662713985918,9.722547952195092e-05,5.1416346348486834e-05
lalmani,Hindu,0.8977939276546356,0.8977939276546356,0.05279868160987566,0.00044232763584953547,0.04881571896374934,0.00011805926495670717,3.1284870933431596e-05
lalsingh,Sikh,0.9009560943770746,0.07149380492137693,0.0071735062864705865,0.9009560943770746,0.020376187625760264,3.3712385647740784e-07,6.966546103231474e-08
lalu,Hindu,0.941834500287898,0.941834500287898,0.048797688150319866,0.0002852344503653144,0.008887725298987284,0.00011284772652529346,8.200408590456787e-05
lama,Hindu,0.9302294871108923,0.9302294871108923,0.05420467951211103,0.00019183895371051304,0.014807096200942551,8.273956012112454e-05,0.0004841586622226139
lamani,Hindu,0.5452431457122922,0.5452431457122922,0.0025552475779306626,4.938726007321218e-05,0.4518398813475746,0.0001151197901816085,0.00019721831194789501
landage,Hindu,0.6452406495879249,0.6452406495879249,0.3453654425234208,0.0006136732368801269,0.008078264211655153,0.00032302730507628843,0.00037894313504262494
lande,Hindu,0.9879626509377786,0.9879626509377786,0.002969150226134383,0.00027666590138602663,0.003130467120812436,0.0005897056246401052,0.005071360189248507
lanjevar,Hindu,0.9246738532040505,0.9246738532040505,0.006599281699328747,0.0005529916772682282,0.06800639966149435,3.938169117207283e-05,0.00012809206668628432
lata,Hindu,0.9963532259250126,0.9963532259250126,0.0029322502156272027,0.00019078893702192937,0.00043753038673984376,5.8541552451491225e-05,2.7662983147049805e-05
latha,Christian,0.653697439438021,0.3367786234738421,0.006781036770372327,0.0023947362816439904,0.653697439438021,3.2704826741502153e-06,0.0003448935534464217
lathaa,Christian,0.8917224946448302,0.09848956890589797,0.008314566840442425,0.0013099638033899608,0.8917224946448302,3.992900194123588e-06,0.00015941290524537592
latheef,Muslim,0.8190070684594719,0.11053193507231729,0.8190070684594719,0.004492753906705085,0.06591174019096149,3.5099587812301733e-06,5.299241176297916e-05
latif,Muslim,0.9922010355521378,0.007454005347109391,0.9922010355521378,6.914265381112771e-05,0.0002732761983189993,1.7552693273769237e-06,7.849792954742925e-07
lavakus,Hindu,0.7768158400322173,0.7768158400322173,0.06686482406576737,0.003710013915077302,0.15136004940310654,0.0011221786143764856,0.00012709396945502423
lavanya,Hindu,0.8922193755314413,0.8922193755314413,0.008143549213719209,0.0009986193767062151,0.09265392427626666,0.005882663303738399,0.00010186829812822475
laxmi,Hindu,0.9256811147504799,0.9256811147504799,0.06325822989692957,0.002674401991358761,0.006187399775991509,0.0019343134834959635,0.00026454010174419864
layek,Christian,0.5306479358050014,0.38233761984838904,0.08540060789501268,0.0012293517622611063,0.5306479358050014,8.753075106848948e-06,0.00037573161422904797
leela,Hindu,0.5613847171895108,0.5613847171895108,0.18153615148212468,0.00021022691050077936,0.25684994456339966,8.64108375781926e-06,1.031877070636543e-05
leelaa,Christian,0.7805760695450227,0.14470683816650876,0.07451503646399028,0.00018308291033184375,0.7805760695450227,6.902073490850864e-06,1.2070840655646e-05
leelaabaaee,Christian,0.5716644753875942,0.10800717839315271,0.31970641399804983,0.0005640365378503738,0.5716644753875942,6.782810026325024e-06,5.111287332659495e-05
leelaavathee,Christian,0.7520580424217097,0.23614429106802712,0.011428205614564504,0.0003429201669044847,0.7520580424217097,8.4190894788121e-06,1.8121639315503835e-05
leelamma,Christian,0.8587772461049915,0.11718747386544848,0.022894213720923744,0.0011301464496044084,0.8587772461049915,1.5620608258425764e-06,9.357798206095124e-06
lekh,Muslim,0.912306278035777,0.08128441099996006,0.912306278035777,0.0003488593293940072,0.005795060424216205,4.966392665418187e-06,0.0002604248179871524
lekharaaj,Hindu,0.9286886161793656,0.9286886161793656,0.019510758966644722,0.00109662928008486,0.04656586904136576,0.00017970934197206168,0.00395841719056683
lekhraj,Hindu,0.952280541253429,0.952280541253429,0.04226949487348867,0.00022250327472288418,0.004305778012677213,1.3185286490531341e-05,0.0009084972991916611
lenka,Hindu,0.967359816836323,0.967359816836323,0.0003793312024473738,3.720553320597498e-05,0.03221112496136539,6.7154891826847925e-06,5.805977475413613e-06
lepcha,Hindu,0.6516508505067359,0.6516508505067359,0.0041732364391400675,0.0012414571105687936,0.34281377911627703,2.1198778154493803e-05,9.947804912378906e-05
let,Hindu,0.8311130268971757,0.8311130268971757,0.0028970262985329527,0.0009088342295956985,0.16491119669454074,0.00013492704911387789,3.4988831041099615e-05
letchmanan,Hindu,0.9549527578016274,0.9549527578016274,0.015279761050582897,0.0019572502580899884,0.0275979315169903,8.456639282372731e-05,0.00012773297988559037
lila,Hindu,0.7235093007613742,0.7235093007613742,0.017238551168325726,8.000886927610087e-05,0.2591664691393384,8.205393729691497e-07,4.849522312357181e-06
lilaavathee,Christian,0.7571853426618556,0.2378743887362822,0.004570667938487501,0.00034614141206543956,0.7571853426618556,4.604447216004077e-06,1.8854804093358015e-05
liladhar,Hindu,0.9939308046984612,0.9939308046984612,0.0007279480276469691,0.00012595138045087836,0.0051962247238479,1.7162283888297527e-06,1.735494120441461e-05
linga,Hindu,0.9163418260649555,0.9163418260649555,0.0029418937815742377,0.0019485997451990113,0.07876388364013905,1.4881514725213487e-07,3.64795298493908e-06
lingamu,Hindu,0.9659776358362546,0.9659776358362546,0.0019118355751335744,0.0007093905440584969,0.03139783912505441,1.2094970815941034e-07,3.177969790803681e-06
liyaakath,Christian,0.704834187766708,0.13259235333576336,0.15688577708718682,0.005578868509552564,0.704834187766708,6.288435552239774e-06,0.00010252486523689382
liyakat,Muslim,0.9010813063822758,0.08165139031869469,0.9010813063822758,0.002897375781309152,0.014346241809286975,5.577899842092553e-06,1.810780859119376e-05
lodhi,Hindu,0.9741475859579324,0.9741475859579324,0.00791086512434943,0.001562083371793156,0.01461420039431995,0.0014443820252131284,0.0003208831263915883
lohar,Hindu,0.969800628147671,0.969800628147671,0.01413052837293028,0.0021932475138193514,0.013843603723020296,4.412830052101999e-06,2.7579412506929373e-05
lohra,Hindu,0.9149064844990279,0.9149064844990279,0.0470319129609696,0.0033481817438319942,0.032082641279330006,5.3114928324141666e-05,0.002577664588516436
lokanathan,Hindu,0.9858228705874692,0.9858228705874692,0.0011435689184789762,0.00025339932065904214,0.012502000141362787,2.469482675623066e-05,0.00025346620527381963
lokesh,Hindu,0.9777926291085414,0.9777926291085414,0.002632296495289568,0.00045479785480173623,0.018708872180806357,0.00016692328541312816,0.0002444810751478388
lokhande,Hindu,0.9659735332507109,0.9659735332507109,0.026879588589296337,0.001744358529445199,0.002149925787694167,0.0003723440083730851,0.002880249834480458
londhe,Hindu,0.6987084938284719,0.6987084938284719,0.013464504637575678,0.002158847397360391,0.2853398520234108,0.00015491595167357438,0.0001733861615078868
loohaar,Christian,0.7917654727984559,0.1628645465403886,0.031310908668398696,0.013950902359404629,0.7917654727984559,2.8729838671191734e-05,7.94397946809017e-05
lookanaatha,Hindu,0.7419268572676824,0.7419268572676824,0.004228579017532267,0.0014814840292539807,0.25199675936950805,3.810133110784971e-05,0.0003282189849154711
lookendr,Hindu,0.9174274418844159,0.9174274418844159,0.01910703066749665,0.012760712231523023,0.04959766232673873,0.0005514557054846542,0.0005556971843409469
lookes,Hindu,0.7102787652135696,0.7102787652135696,0.0165212651838852,0.005064583948639494,0.2677672219432735,7.771995503645941e-05,0.00029044375559565856
lookhamde,Hindu,0.7419407023087998,0.7419407023087998,0.23772055618823346,0.016003512322029356,0.0019983350855284332,1.4065544282582483e-05,0.0023228285511263497
loomdhe,Hindu,0.6509698946877532,0.6509698946877532,0.15146067802177457,0.010256922865400815,0.18594278053420651,2.6633721663004658e-05,0.0013430901692017513
loskor,Christian,0.9548459016693585,0.018325641133846392,0.02056446451100793,0.006246085208103583,0.9548459016693585,1.2111755775844216e-05,5.7957219077924825e-06
lyngdoh,Hindu,0.7714342690471785,0.7714342690471785,0.022750110498831404,0.015916145403541037,0.18980470746645375,1.3989344225411737e-05,8.077823976987528e-05
maa,Christian,0.9602530007326696,0.03438806055989471,0.0047475935490385035,0.0005488224467482254,0.9602530007326696,1.9821472482026643e-05,4.270123916686552e-05
maachhee,Christian,0.4407316148500309,0.43738998447992405,0.09866145711405971,0.023009923297178884,0.4407316148500309,1.4227247512872073e-05,0.00019279301129363242
maadasami,Hindu,0.9845989208463224,0.9845989208463224,0.001354690087306675,9.521633189327582e-05,0.01385701302064692,2.3188572966861043e-06,9.18408565341539e-05
maadhaba,Hindu,0.9696131669074569,0.9696131669074569,0.013087978824458895,0.0009056847093715531,0.016029469643428003,2.5870228379683825e-05,0.00033782968690488816
maadhabee,Hindu,0.6699111472486224,0.6699111472486224,0.26325384133360014,0.0064690293579274145,0.05995319810287295,3.607589247452472e-05,0.0003767080645026063
maadhav,Hindu,0.942971922549751,0.942971922549751,0.0011781264599282368,0.0006905671048243721,0.05490994914252411,8.654945474030571e-05,0.00016288528823180684
maadhuree,Hindu,0.9022890456702248,0.9022890456702248,0.05529715408544021,0.0041131260036593184,0.037924835592169,5.5798381737810806e-05,0.0003200402667689811
maakhan,Hindu,0.6755958126116204,0.6755958126116204,0.3107487297358924,0.005521476147013372,0.007894712054992476,2.4667856503398556e-05,0.00021460159397808474
maalaa,Christian,0.9135216759425191,0.07223298031224092,0.013465744099230945,0.000714736863832824,0.9135216759425191,1.5642495415151923e-05,4.922028676109846e-05
maalathee,Christian,0.8004839909078794,0.1362679448931124,0.058264310421268936,0.004904405667450699,0.8004839909078794,4.24157007499485e-06,7.510654021342294e-05
maalee,Christian,0.6331802527851613,0.07438526706956655,0.2913266907790926,0.0010205266243418043,0.6331802527851613,1.9442546024122348e-05,6.782019581353167e-05
maamdavakar,Hindu,0.9017479906306478,0.9017479906306478,0.010660275194989346,0.00172515627081399,0.08364803974661136,0.0004070749199060337,0.0018114632370314918
maamgee,Christian,0.9857493174087374,0.008451187740085919,0.005261474292200696,0.0005079883800541562,0.9857493174087374,3.484284082978214e-06,2.654789483888411e-05
maamgeelaal,Christian,0.9690510479971564,0.025451262761624086,0.005261385955134857,0.00022166344310735485,0.9690510479971564,5.7306463585250245e-06,8.90919661871813e-06
maan,Christian,0.8189503419679552,0.16767637513188696,0.011291096355478545,0.001694248953764129,0.8189503419679552,9.237436089161285e-05,0.0002955632300235397
maanaa,Christian,0.8398402687828876,0.14935246790636653,0.009649926670324126,0.0008365333007643584,0.8398402687828876,9.152639512573881e-05,0.00022927694453157236
maanakar,Hindu,0.8294823499247445,0.8294823499247445,0.00255771420425477,0.0012106766615967708,0.1660640255844974,9.818895526457423e-05,0.0005870446696418393
maanasa,Christian,0.6980034322030827,0.29688373793468714,0.0047679532145580945,0.00019825153644090524,0.6980034322030827,5.9485716791617154e-05,8.713939443939768e-05
maanasee,Christian,0.903239738195569,0.08679371702846567,0.00960456027855344,0.00033557179029201835,0.903239738195569,4.359997111627709e-06,2.2052710008066075e-05
maanasimh,Christian,0.6276429485591964,0.32652887955126475,0.04371316057508633,0.0020707515225281982,0.6276429485591964,1.355782235606377e-05,3.0701969568240096e-05
maanathee,Hindu,0.7600441729415554,0.7600441729415554,0.008152743329486376,0.0023908007672804373,0.22905928186188537,1.787340750261096e-05,0.0003351276922898717
maane,Christian,0.7327890740222258,0.23658272928160537,0.027534719022156172,0.0006904957586730416,0.7327890740222258,0.00011091136027373963,0.0022920705550657115
maangilal,Hindu,0.9289469510853499,0.9289469510853499,0.005884939752313002,0.0009867886117047352,0.06411315716969251,1.1860251482949623e-05,5.6303129457221614e-05
maanik,Christian,0.503208638941238,0.4611950529601324,0.022634693726974495,0.011702526483827826,0.503208638941238,0.0009301105507310065,0.00032897733709623416
maari,Christian,0.5205611587609881,0.4390737371881411,0.03911136401261707,0.001136247517480456,0.5205611587609881,4.342044261706912e-05,7.407207815622324e-05
maaruthi,Christian,0.5457834782796991,0.44726317003247046,0.003878275391539457,0.0029686043910047313,0.5457834782796991,3.779323328378072e-06,0.00010269258195796718
maasilamani,Christian,0.9339978585796143,0.0632556533779544,0.0025429312234993653,0.00017720627239229368,0.9339978585796143,5.160668810658942e-06,2.1189877728988307e-05
maatadeen,Hindu,0.9284995903587346,0.9284995903587346,0.046767827290351005,0.002332642359229646,0.02192380447492176,3.468927586912207e-05,0.0004414462408939316
maathaa,Christian,0.9266018618606614,0.06787472704165257,0.004109534411029485,0.001281436549008517,0.9266018618606614,5.619291339442241e-06,0.00012682084630861407
maathaiyan,Christian,0.5987070022903928,0.4004122965770766,0.0006167847111489116,0.000247666765589127,0.5987070022903928,1.775402628573821e-06,1.4474253163998207e-05
maayaa,Christian,0.8217274621736399,0.16748014361324437,0.009029075798809467,0.0017088110199279536,0.8217274621736399,1.923524585175424e-05,3.5272148526540524e-05
maayaabaaee,Christian,0.8176817410936088,0.12821246104725614,0.05190684450493543,0.0021032500158468213,0.8176817410936088,1.3008481493966708e-05,8.26948568588589e-05
maayaadevee,Christian,0.5758583022445308,0.42112782382780306,0.0013597291130947133,0.0008910796216174023,0.5758583022445308,8.078034601512019e-06,0.0007549871583524058
maayaavathee,Christian,0.780609211560762,0.2154500709383173,0.002870882481140553,0.0010299351821007473,0.780609211560762,1.286688358468682e-05,2.703295409477633e-05
madaavee,Hindu,0.7749330851162399,0.7749330851162399,0.010506175629673709,0.0009689382974984852,0.21340356073687744,5.8949247804397615e-05,0.000129290971906034
madan,Hindu,0.9835810155442094,0.9835810155442094,0.0015041105542737269,0.0003286233978417359,0.012587150727134984,0.00023754252324548764,0.0017615572532948068
madanalaal,Hindu,0.7594499072383807,0.7594499072383807,0.013155256568871286,0.0012626544000078697,0.22579719858934055,0.00012281404101797215,0.00021216916238164812
madane,Hindu,0.7605871359478076,0.7605871359478076,0.031719072142220084,0.0014580370723130231,0.10972540513214277,0.0005110796045482411,0.09599927010096819
madanlal,Hindu,0.948130335088193,0.948130335088193,0.015416876771681636,0.0011647558345448345,0.03500700556513145,0.0001121973534410946,0.0001688293870080131
madara,Hindu,0.9868943351029789,0.9868943351029789,0.008736961335817011,0.00042113493319477675,0.0033609670471375073,0.000203228337911299,0.0003833732429603627
madavi,Hindu,0.977323301089499,0.977323301089499,0.0005744987302654625,8.03411944001873e-05,0.021870346874024817,0.00011495894687329076,3.655316493730363e-05
madeenaa,Hindu,0.5790862982337197,0.5790862982337197,0.395631940179134,0.003764723862692151,0.02033208532264111,1.4339331164984584e-05,0.0011706130706480398
madhav,Hindu,0.9992277089937949,0.9992277089937949,0.00012752246275958237,0.000174355727185843,0.00033911486837708433,1.722435062670309e-05,0.00011407359725603626
madhavan,Hindu,0.9993303097972006,0.9993303097972006,9.84969414590163e-05,8.392589382897535e-05,0.0002585035281192275,0.0001254054633220238,0.00010335837607020907
madhavi,Hindu,0.9920852324135064,0.9920852324135064,0.0012917714774529551,0.0007318037810633126,0.0055692721859562765,0.00012656315611235446,0.00019535698590874643
madhoo,Hindu,0.9658154171710859,0.9658154171710859,0.02300880420826651,0.005729564342176466,0.004640216288509115,9.826298339453774e-06,0.0007961716916225046
madhu,Hindu,0.9477162223858019,0.9477162223858019,0.0182860493264991,0.011905030079333693,0.0005522695431060297,1.714265196603012e-05,0.02152328601329346
madhubaalaa,Hindu,0.7766094793006612,0.7766094793006612,0.08227767783708985,0.0059907912801161044,0.13087346434211816,0.00027693678101365553,0.00397165045900109
madhukar,Hindu,0.7051713790781,0.7051713790781,0.003093999585046321,0.001708312061379174,0.0008366237731608095,2.677429875284346e-05,0.28916291120356075
madhusoodana,Hindu,0.8411870306663263,0.8411870306663263,0.1217574137054702,0.01784879348252872,0.017848167832262046,6.963309834552467e-05,0.001288961215067221
magan,Hindu,0.9504803173079306,0.9504803173079306,0.002478996681466193,0.001590697110068228,0.033328877930822336,0.011508316245116487,0.0006127947245962963
magar,Hindu,0.8842822300636686,0.8842822300636686,0.01103551446862898,0.02438850766142501,0.07151310324881333,0.007338214365542106,0.0014424301919219024
magdum,Hindu,0.8944900568966102,0.8944900568966102,0.08737360756080823,0.0065875885522897306,0.01107763479080827,0.00020388875525279905,0.0002672234442305958
magul,Hindu,0.7057868642353954,0.7057868642353954,0.25318018407868653,0.02347380870216427,0.015103343360757679,0.00026772651792107693,0.002188073105075062
maha,Hindu,0.9987976688275106,0.9987976688275106,0.0011664808480744003,2.2353200553567654e-05,9.259418501753945e-07,1.1817727734395567e-05,7.534542768105721e-07
mahaa,Hindu,0.9540981126415277,0.9540981126415277,0.04041518937440547,0.0007968600907715214,0.004567767434578328,8.292179678999028e-05,3.9148661927140085e-05
mahaabeer,Muslim,0.9002392333921154,0.09715187540470539,0.9002392333921154,0.0015118531173241327,0.001078164259010687,7.439096128081735e-06,1.1434730716324826e-05
mahaadeek,Hindu,0.7303483677790636,0.7303483677790636,0.241084725510618,0.002461479600345208,0.02348324907184764,5.4473133900943656e-05,0.002567704904224696
mahaadev,Hindu,0.9911548210604055,0.9911548210604055,0.0009363488125264144,0.0003258364458696506,0.0053450667841081915,4.49883801013474e-05,0.002192938516988611
mahaadevi,Hindu,0.9938068684164671,0.9938068684164671,0.0007673003447126785,0.0004734857404791531,0.0038548222636739116,6.427872534586723e-05,0.0010332445093212104
mahaajan,Hindu,0.8316114238278766,0.8316114238278766,0.10062505165257489,0.002622356698165019,0.06480842466652717,5.5007020013127024e-05,0.0002777361348430362
mahaale,Hindu,0.8904463338636621,0.8904463338636621,0.0845721232150987,0.0006640082424397172,0.024130985242543455,0.00011927121403074762,6.727822222538413e-05
mahaaveer,Hindu,0.9816701351197386,0.9816701351197386,0.009744164595807044,0.00047519340159661274,0.008065982342691508,3.7515009061550165e-05,7.009531104820047e-06
mahabir,Hindu,0.9877164790379165,0.9877164790379165,0.012238290525817012,1.9083942415415952e-05,2.414245147707164e-05,7.629800609825524e-07,1.2410623131819586e-06
mahaboob,Muslim,0.9440209035530946,0.05405140103104732,0.9440209035530946,0.0013241698177175272,0.0005727843179404048,1.0960176804224529e-05,1.9781103395805717e-05
mahadev,Hindu,0.9005060184108682,0.9005060184108682,1.0060993589216975e-05,1.2960962821166566e-05,3.969106554649902e-06,6.569429012605884e-06,0.09946042109715418
mahadevan,Hindu,0.9812713588145672,0.9812713588145672,0.0001391332700532202,7.395148683378591e-05,0.0006319380893739264,4.627490797608576e-05,0.0178373434311957
mahadik,Hindu,0.9024535221682953,0.9024535221682953,0.09604347607561191,0.0007190704477549698,0.0003619488448351771,9.301627531426685e-05,0.00032896618818805735
mahah,Hindu,0.9293557174502692,0.9293557174502692,0.06993152213722485,0.0006295363061513518,3.98099616304014e-05,3.575087645260619e-05,7.663268271639367e-06
mahajan,Hindu,0.8253255916534982,0.8253255916534982,0.116087175740886,0.04848592457814177,0.009844425876607908,2.942480854073652e-05,0.00022745734232528306
mahakuda,Hindu,0.985229947462652,0.985229947462652,0.011773731322059715,0.0008639062670030264,0.002043875324790964,3.062950900679706e-05,5.791011448750116e-05
mahakura,Hindu,0.9963120638287822,0.9963120638287822,0.002333998809888829,0.00014054590772511036,0.0011869565111342151,1.2974246016699932e-05,1.3460696452732734e-05
mahalakshmi,Hindu,0.8040007746732477,0.8040007746732477,0.0035043353652745154,0.008396415053049763,0.18407037832935666,8.616702039817991e-06,1.947987703150349e-05
mahaldar,Hindu,0.9996384090869264,0.9996384090869264,0.00019435211980555397,8.627972562593859e-05,7.232560108055939e-05,7.65567785140484e-06,9.777887104402535e-07
mahale,Hindu,0.9978166329991809,0.9978166329991809,0.0017658669168647305,5.2477103266911074e-05,0.00035159938040397326,9.083933287834902e-06,4.339666995841813e-06
mahali,Hindu,0.9986192037672095,0.9986192037672095,0.0012943507601207932,4.4444013220908306e-05,4.131071287653934e-05,5.500476833196164e-07,1.4069888895482099e-07
mahalingam,Hindu,0.9983071930872872,0.9983071930872872,0.0009398668238946301,0.0001122441519387184,0.0006390790332234461,2.5559382791871214e-07,1.3613098283946577e-06
mahamad,Muslim,0.9951482436783172,0.00452050669807206,0.9951482436783172,0.0003184215441279338,8.87176441048602e-06,1.489775777058203e-06,2.4665392951243016e-06
mahammad,Muslim,0.7240319452993143,0.06728921158495901,0.7240319452993143,0.20832715407600022,0.00034468210935385184,1.557274964004689e-06,5.449655408623051e-06
mahamood,Muslim,0.8631912391065575,0.12498191271179919,0.8631912391065575,0.010382153567102098,0.0012778535659230743,3.5147144704409256e-05,0.0001316939039137625
mahana,Hindu,0.9955927400764069,0.9955927400764069,0.003886349754422829,6.34033110446901e-05,0.00034278839588534866,8.879231966888236e-05,2.5926142571082736e-05
mahananda,Hindu,0.9972046279876806,0.9972046279876806,0.0022325474398883966,5.8550944916089926e-05,0.0003667345752989927,7.165800756681016e-05,6.588104464911352e-05
mahanta,Hindu,0.992759411733466,0.992759411733466,0.0011143271098490442,0.0016701427713202309,0.0005552701698229197,0.0035033381205293135,0.000397510095012591
mahapat,Hindu,0.9951032898217338,0.9951032898217338,0.003479016016297146,0.00044109095330796387,0.0005547397913604601,0.00039870837383764894,2.315504346297906e-05
mahapatra,Hindu,0.9982656391547948,0.9982656391547948,0.0008875492808773286,0.00030486337631853834,0.000429668509659609,7.620598947233188e-05,3.60736888774002e-05
mahara,Hindu,0.9996089596448577,0.9996089596448577,0.00023281525888116226,7.643970421541266e-05,1.738778976170732e-05,5.160694290395159e-05,1.279065938005236e-05
maharaj,Hindu,0.9987294983659124,0.9987294983659124,0.0008664670162483361,0.00010211247194682608,0.0002240153458668542,5.4144787238375544e-05,2.376201278723597e-05
maharana,Hindu,0.999491508332065,0.999491508332065,0.0002548533224077889,5.554042261078499e-05,0.00013049305384638246,4.937280920178353e-05,1.8232059868075437e-05
mahat,Hindu,0.9998947143645761,0.9998947143645761,9.76648574741461e-05,6.473716700687511e-06,2.2916491903790668e-07,6.524358807732471e-07,2.654604494050312e-07
mahathaab,Hindu,0.9683006192664203,0.9683006192664203,0.025624351501100446,0.0010336691714324933,0.004983540139581052,6.436512795419262e-06,5.138340867029244e-05
mahato,Hindu,0.9999531178266489,0.9999531178266489,3.962563790134404e-05,6.472803182878605e-06,4.7164140134893486e-07,1.702321607280995e-07,1.4185870465592216e-07
mahaveer,Hindu,0.9728288781112577,0.9728288781112577,0.00206061256952247,0.00020723887496990078,0.0010963263498570725,0.023803492148353145,3.4519460393118197e-06
mahboob,Muslim,0.9530029886567472,0.04299677811043876,0.9530029886567472,0.0023621067029943924,0.001594001295902562,1.2030980446675068e-05,3.2094253470312286e-05
mahebub,Muslim,0.6887555814585626,0.30112879843429713,0.6887555814585626,0.0021999896469005633,0.0076863447726756295,0.00018479066634536005,4.449502121858234e-05
maheepaal,Hindu,0.8139629774566756,0.8139629774566756,0.08612460641633048,0.005735184179584626,0.09409023360332158,5.435318786034546e-05,3.264515622749114e-05
mahemdr,Hindu,0.6071133064752604,0.6071133064752604,0.3792585553788695,0.010755937761883546,0.0025680907987715765,9.347205723486317e-05,0.00021063752798018362
mahendiran,Hindu,0.9971431222707775,0.9971431222707775,0.0018862185437333485,0.000450288309120836,0.00047467471000360963,7.34845107655966e-06,3.834771528790033e-05
mahendr,Hindu,0.9777605369843778,0.9777605369843778,0.0021826850665868404,0.019472628180676615,0.0004936176393225549,7.032057871330711e-05,2.0211550322741116e-05
mahendra,Hindu,0.9922875219156023,0.9922875219156023,0.0006261920959835598,0.006601984737290488,0.00034724930874638056,0.00011564638697127316,2.1405555406074897e-05
mahendrakumar,Hindu,0.9691943475261784,0.9691943475261784,0.00937384370432467,0.008091654222389777,0.012062315614100214,0.0011952292182008837,8.260971480615232e-05
mahendrasimh,Hindu,0.971222274623679,0.971222274623679,0.011110244721560558,0.012479960124481269,0.0051364278139929545,3.5372399631574306e-05,1.572031665467495e-05
mahes,Hindu,0.9668550475299774,0.9668550475299774,0.008196717752614808,0.0012962867944383534,0.023634609785134958,1.3917447223948039e-05,3.420690610697627e-06
mahesbara,Hindu,0.9887001421060394,0.9887001421060394,0.0038458174487178707,0.00038887728043652766,0.006787889649458456,0.0002448355437867697,3.2437971560954214e-05
mahesh,Hindu,0.9958644183445813,0.9958644183445813,0.00105566889847578,0.00015521713670460052,0.0029005617618886232,2.0328933795234658e-05,3.8049245544500376e-06
maheshkumar,Hindu,0.973639423648317,0.973639423648317,0.003885809394360403,0.0007879136531565548,0.021477109537120658,0.0001660733634018289,4.367040364327589e-05
maheshwari,Hindu,0.9987211275954404,0.9987211275954404,0.0001078901246874162,1.8522035808458114e-05,0.0011448409703602902,1.2278788509251898e-06,6.391394852678673e-06
mahesvar,Hindu,0.9461685369482701,0.9461685369482701,0.00238982715563123,0.0005118681478506106,0.05085979690292339,5.710881421976422e-05,1.2862031104716443e-05
mahesvaree,Hindu,0.680840635675744,0.680840635675744,0.00420719016562753,0.000757704936038757,0.314150377055962,3.453381666864728e-05,9.558349959000934e-06
mahethaa,Hindu,0.8817182148974858,0.8817182148974858,0.00825716979572805,0.0039748082325014745,0.10594997188708946,6.720358499449795e-05,3.263160220049081e-05
mahiadar,Hindu,0.9604467620074331,0.9604467620074331,0.03503868222713408,0.0007329614488400858,0.003706838922278552,5.248911967367167e-05,2.2266274640359127e-05
mahimaa,Hindu,0.7119971918464677,0.7119971918464677,0.21782254488956315,0.006790195891480302,0.06320457733338922,9.610100003416488e-05,8.93890390653218e-05
mahipaal,Hindu,0.9200068700014047,0.9200068700014047,0.06266596731364847,0.0005986726809057092,0.016625507071434065,6.989353337825541e-05,3.3089399228923874e-05
mahipal,Hindu,0.9800615638721614,0.9800615638721614,0.018046036429745182,0.00047793566725065975,0.001352838178756286,4.5195671952766395e-05,1.6430180133506205e-05
mahli,Hindu,0.6408416891097779,0.6408416891097779,0.33913654940087856,0.0033905154635201994,0.01656829369860397,2.8555120437579726e-05,3.439720678175188e-05
mahmad,Muslim,0.9977219305463575,0.0018909847605818278,0.9977219305463575,0.000364763629295677,1.979974423109877e-05,7.975821526745456e-07,1.7237373813464872e-06
mahmood,Muslim,0.83354106641463,0.14405863086732498,0.83354106641463,0.01947530949351849,0.002786408682140236,4.3104162358600827e-05,9.54803800279409e-05
mainaa,Hindu,0.5447304233553797,0.5447304233553797,0.33482985015683714,0.017729217050968894,0.10187891810205209,0.0006587346760217075,0.00017285665874056645
maiti,Hindu,0.885765757709078,0.885765757709078,0.06411699789428858,0.0151753975027133,0.03471316606443017,7.792846260985596e-05,0.00015075236688005914
majeed,Muslim,0.9430276170862181,0.046536812492461985,0.9430276170862181,0.004663322975850117,0.005691172183247434,3.584783078569179e-06,7.749047914393e-05
majhi,Hindu,0.9702646333050216,0.9702646333050216,0.02379815814142751,0.002879223384358563,0.0029205150145189657,8.416150845301035e-06,0.00012905400382794027
maji,Buddhist,0.8506292913478176,0.0887917371516922,0.05812050349524879,0.001791280300273609,0.0006434456057926364,2.3742099175203505e-05,0.8506292913478176
majid,Muslim,0.8436447137087024,0.10509317606582749,0.8436447137087024,0.003773523639930627,0.00266005503161588,6.80012968025866e-05,0.04476053025712103
majumdar,Muslim,0.6005624351333457,0.38514421367918333,0.6005624351333457,0.003199661581446928,0.010190486602560396,0.00019125483480990477,0.0007119481686538561
makavaanaa,Christian,0.5135116337204425,0.4660058022940067,0.018654259376880894,0.0007880104909075251,0.5135116337204425,0.0006347849192622422,0.00040550919850011036
makbul,Muslim,0.8724774317973146,0.11503665620698764,0.8724774317973146,0.0027740463186497234,0.009648039449647514,2.2110220116807644e-05,4.171600728353359e-05
makhan,Hindu,0.921115631554689,0.921115631554689,0.07341852212120933,0.005345147522142621,6.782830743509793e-05,6.7654420201204684e-06,4.610505250349546e-05
maksud,Muslim,0.5615826255810489,0.3759914742781778,0.5615826255810489,0.01443846476990812,0.04783436511612585,3.0106310190725274e-05,0.00012296394454852804
mal,Hindu,0.9817169920470414,0.9817169920470414,0.010293694912814346,0.0003408164635198114,0.007306124951267114,0.000341344985042577,1.0266403146301397e-06
mala,Hindu,0.9884722824074819,0.9884722824074819,0.0002950985445145509,5.6656375852725056e-05,0.011145180161403293,1.38656293750974e-05,1.6916881372461575e-05
malakar,Hindu,0.9792416873543971,0.9792416873543971,0.0020188623843479404,0.001442561094438633,0.016991950517083017,4.676241759839192e-05,0.00025817623213473563
malakeeth,Hindu,0.7497325270901958,0.7497325270901958,0.018788239466400247,0.016978658534939378,0.21439476058385737,2.7776880666600523e-05,7.803744394062853e-05
malakhaan,Hindu,0.9638109776939966,0.9638109776939966,0.02551554765573497,0.0027226678914168082,0.007809794826420646,2.0877005446826967e-05,0.0001201349269841665
malaram,Hindu,0.9910845784326939,0.9910845784326939,0.000720946946369543,0.00022972340687387355,0.005756260549986413,6.105105312138204e-05,0.0021474396109546602
malek,Muslim,0.8610006193313734,0.08356370963309591,0.8610006193313734,0.0004819607967027288,0.054701600703547903,6.548939970934346e-05,0.00018662013557087546
malhotra,Hindu,0.9434841746312327,0.9434841746312327,0.033429955464496446,0.006028369241491679,0.016660066146319333,6.775698173680957e-05,0.00032967753472298134
mali,Hindu,0.8887981310912478,0.8887981310912478,0.08445491212374377,0.00039903380047570186,0.026344875518512115,2.8736800057735324e-06,1.7378601469799283e-07
malik,Muslim,0.837390651519781,0.15770153665556805,0.837390651519781,0.000776622833729475,0.004123074792464869,3.5007759745069224e-06,4.61342248200364e-06
malkhan,Hindu,0.574460982466271,0.574460982466271,0.396218855323364,0.025815351650832374,0.0030904029014084083,6.925794563387598e-05,0.00034514971249036933
mallamma,Hindu,0.9438434455122713,0.9438434455122713,0.03837282586694959,0.0016873658100791224,0.01608885666431868,3.838682295722802e-06,3.6674640855367945e-06
mallappa,Hindu,0.8970939781538829,0.8970939781538829,0.004035836708961585,2.049013876572799e-05,0.0029580398888591963,0.09589155440474821,1.0070478216823693e-07
mallavva,Hindu,0.9709513904598602,0.9709513904598602,0.01517935695138343,0.000307167866278275,0.012551288378629236,0.0010024660080422585,8.33033580664551e-06
mallayya,Hindu,0.7208779324666534,0.7208779324666534,0.0019161875088691555,6.876957741940768e-05,0.27713649668249496,5.070992085072812e-07,1.0666535466382461e-07
mallik,Muslim,0.8100828734017937,0.1874694363741009,0.8100828734017937,3.811973849364389e-05,0.002409012345752541,4.069218145431951e-07,1.5121804448797465e-07
mallikaarjuna,Hindu,0.8325566256799893,0.8325566256799893,0.1346214192847943,0.00035898093369854384,0.03242500729374235,1.0493654430663462e-05,2.7473153344844045e-05
malviya,Hindu,0.6960815017036863,0.6960815017036863,0.089715540133894,0.0014938420958981345,0.21265374101267245,3.77592300671449e-05,1.761582378185384e-05
mamata,Hindu,0.8058727673119751,0.8058727673119751,0.16866595495770473,0.001425281158726255,0.02359175014979243,0.00025248698679250134,0.0001917594350090793
mamathaa,Christian,0.9239723593587548,0.06565866803435867,0.009765516904509032,0.0005155449145314499,0.9239723593587548,4.5798727856959644e-06,8.333091506019093e-05
mamathaabaaee,Christian,0.8467057166297071,0.07684177035806929,0.07514562848130846,0.0011129085589052985,0.8467057166297071,5.798466072295534e-06,0.00018817750593771028
mamdal,Muslim,0.8313400917989764,0.1610908249454324,0.8313400917989764,0.006115373548186527,0.0011720779855079369,2.3787015219973185e-05,0.00025784470667688484
mamgal,Hindu,0.540221539184977,0.540221539184977,0.3725530725544846,0.010937061483211257,0.07524754875662933,0.00045720419298363527,0.0005835738277141556
mamgalaa,Hindu,0.5260859603211223,0.5260859603211223,0.16467864939007174,0.007077163698868652,0.3011870044151883,0.0003475394498904891,0.0006236827248584794
mamgalee,Muslim,0.6442118168673548,0.2632705377478137,0.6442118168673548,0.004255915487571984,0.08769208716490433,0.00014856475084492547,0.00042107798151039814
mamidi,Hindu,0.5301607264881706,0.5301607264881706,0.4453313999992404,0.0025795050623563954,0.021784391845831932,1.3861756010238058e-05,0.0001301148483904118
mamjeeth,Hindu,0.7300342922047042,0.7300342922047042,0.1696934280203416,0.07509035862772223,0.02510326354365931,8.85029057700887e-06,6.980731299583174e-05
mamjoo,Muslim,0.7639706414553245,0.15247510629522895,0.7639706414553245,0.045063697810562464,0.03823098852576257,2.560573837454251e-05,0.00023396017474680328
mamjoodevee,Hindu,0.8553332934623163,0.8553332934623163,0.06065045094517801,0.012508835280213244,0.06863920427257643,1.4332902191621541e-05,0.002853883137524384
mamju,Muslim,0.9413503258565913,0.05492620863349031,0.9413503258565913,0.0012621393686058691,0.0023295817454903806,1.6382718839393714e-05,0.00011536167698300089
mamjulaa,Muslim,0.8033034081383666,0.15764024327610138,0.8033034081383666,0.0019710942444807976,0.03596156384651098,6.782229862409942e-05,0.0010558681959162847
mamjunaathha,Hindu,0.5747360936178062,0.5747360936178062,0.34759312622413374,0.014367616933783453,0.06258482475444634,6.712354649336793e-05,0.0006512149233369813
mamsaa,Muslim,0.783943418608749,0.056401042804730725,0.783943418608749,0.008443971509358036,0.1511411508274869,1.3402127352030043e-05,5.7014122323361747e-05
mamta,Hindu,0.6915307117047315,0.6915307117047315,0.2886125751180343,0.0072359625737519915,0.006111135665844595,0.00022469770698253666,0.006284917230655254
man,Hindu,0.9911712359861479,0.9911712359861479,0.0001283773347643027,2.0086096667587662e-05,0.006200228236732104,0.001002679310638412,0.0014773930350497509
mana,Hindu,0.9972184113853375,0.9972184113853375,3.453972374675749e-05,1.7610496856972674e-06,0.002564836053099362,0.00014165072927482735,3.880105885599667e-05
manabhar,Hindu,0.9728081271512276,0.9728081271512276,0.02590787450985285,0.0002722141786748326,0.0009049273056322911,6.052419383159124e-05,4.633266078097221e-05
manadeep,Hindu,0.9724468216397246,0.9724468216397246,0.008505491431411388,0.0006445851010870455,0.017629870719334816,5.662369633046748e-05,0.0007166074121118513
manajeeth,Hindu,0.9000059058715489,0.9000059058715489,0.03892202605098323,0.006439083411562424,0.05445007492007176,3.047297435335634e-05,0.0001524367714803688
manajiadar,Hindu,0.984718110267,0.984718110267,0.005015616825955289,0.0003375053587365362,0.0052034089373323095,0.00013482788844398075,0.004590530722531582
manakar,Hindu,0.9914220060991057,0.9914220060991057,0.0004989734429119173,0.00018189455109504093,0.0076578359234327304,4.5926349734242814e-05,0.0001933636337206278
manal,Hindu,0.8530404422509771,0.8530404422509771,0.030922799990948335,0.0005301002601904193,0.11510307992931408,0.0002923677143630107,0.00011120985420715018
manamoohan,Hindu,0.9447415021902323,0.9447415021902323,0.0032342122743879444,0.004007461151811034,0.047800634476707286,4.232987354983151e-05,0.0001738600333116794
manapreeth,Hindu,0.6793655669557591,0.6793655669557591,0.0032330052925930715,0.0024100913887975723,0.314297543239514,0.0006510544786772787,4.273864465898114e-05
manaram,Hindu,0.9957674273941765,0.9957674273941765,0.00015197062962660812,3.2133851200045045e-05,0.0030866925398383145,0.00019772413339214803,0.0007640514517664138
mandal,Hindu,0.9591440309834153,0.9591440309834153,0.0403634614244013,1.9924509843792924e-05,0.0002547804135523335,0.0001564907542263586,6.131191456070504e-05
mandavakar,Hindu,0.9857499378329475,0.9857499378329475,0.0017558235430541536,0.00012275562537573012,0.010923995179770959,0.0009226137155838389,0.0005248741032678045
mandi,Hindu,0.9996667780647096,0.9996667780647096,0.0001110443552522506,3.915109457427421e-06,0.000118723936035353,7.059856909644329e-05,2.8939965448886023e-05
mane,Hindu,0.5458851774848581,0.5458851774848581,0.006896282207824551,6.304719176374035e-05,0.02933891833785216,0.00022965162146510422,0.41758692315623636
manee,Muslim,0.4772433144146651,0.3602817158894183,0.4772433144146651,0.0010812419749142337,0.1392355755483077,7.769329393118419e-05,0.022080458878763448
maneeraam,Hindu,0.6965316710799337,0.6965316710799337,0.19508319910990818,0.0012834848630210798,0.10350004070161518,4.479447983505477e-05,0.003556809765686705
manees,Christian,0.554097547083237,0.2593045161867074,0.18224261105882963,0.0007534660535034128,0.554097547083237,6.783019673792701e-05,0.0035340294209845803
maneesh,Hindu,0.513782593825729,0.513782593825729,0.10885240818339427,0.0007477136413760867,0.3717699148234287,0.00023837164930778812,0.004608997876764219
maneeshaa,Christian,0.4626929352149927,0.4457295256385873,0.08820290136687244,0.0008411656212420842,0.4626929352149927,0.00014702107927115792,0.0023864510790342548
manga,Hindu,0.9872646825789654,0.9872646825789654,0.0005176735685157096,0.00039552173688066594,0.008058901828992788,3.7738633621230335e-06,0.0037594464232834075
mangal,Hindu,0.8815408534945194,0.8815408534945194,0.05620912892232334,0.0019973348401511304,0.05809515303229027,7.108481948749269e-05,0.002086444891228324
mangalaram,Hindu,0.9266312788830838,0.9266312788830838,0.015546189410988644,0.0016295047384384575,0.051577939142671225,0.00012354162580331711,0.004491546199014387
mangaru,Hindu,0.6438675377692318,0.6438675377692318,0.011771736585034543,0.0011409739111223089,0.10286561632548055,1.833712746118683e-05,0.2403357982816695
manghu,Hindu,0.9840284167621357,0.9840284167621357,0.006188783265528764,0.009169450995353965,0.0005646262277471168,1.3878445603404729e-06,4.7334904674135787e-05
mangi,Hindu,0.9961342151731597,0.9961342151731597,0.0017257901381365355,0.00043720026333139613,0.0015417898144418686,6.842636380766702e-06,0.00015416197454950809
mangla,Hindu,0.9842876894320067,0.9842876894320067,0.011450754383449682,0.0004615073679676938,0.003680204728134921,9.554081766051016e-06,0.00011029000667496671
mangu,Hindu,0.9952125658458134,0.9952125658458134,0.002327368057433269,0.0007584738264849185,0.000503270919532903,2.173771489095499e-06,0.0011961475792466164
mani,Hindu,0.7784664696761198,0.7784664696761198,0.0004268113842235447,1.902030770998505e-05,0.2205899622342282,0.00047150554089271554,2.6230856825840206e-05
manik,Hindu,0.9621983434522389,0.9621983434522389,0.0006919096067149813,0.00039547622002540346,0.027364040161026004,0.009292832077651423,5.739848234316822e-05
manikandan,Hindu,0.9764558709668735,0.9764558709668735,0.009158007593490568,0.0003882626877226113,0.012155761052217806,0.0017027465498317608,0.00013935114986390618
manikkam,Hindu,0.8433122582187919,0.8433122582187919,0.009666812993689667,0.013893055075474333,0.13256731680392858,0.00039143846417704503,0.00016911844393861298
manilal,Hindu,0.9505571403070698,0.9505571403070698,0.0017857060391863258,0.00010398528171252298,0.04748001667267568,4.772210987779727e-05,2.5429589477922658e-05
maniram,Hindu,0.9917775608975643,0.9917775608975643,0.0006255883802985434,7.776536944878318e-05,0.0027393684297895293,2.3645537972702842e-05,0.0047560713849261966
manish,Hindu,0.7305871579540799,0.7305871579540799,0.07519108260989402,0.001075141002511727,0.1929984019659114,6.886226982160128e-05,7.935419778162964e-05
manisha,Hindu,0.7818692092052134,0.7818692092052134,0.15914671033318709,0.0011334865701771429,0.05775924944055704,3.696211069735293e-05,5.4382340167980856e-05
manishaa,Hindu,0.6014910466467338,0.6014910466467338,0.17763547526835716,0.0015581111642936176,0.21917927686741104,4.814901078664366e-05,8.794104241786497e-05
manivannan,Hindu,0.9627586064717458,0.9627586064717458,0.0006546079863837655,0.00011078727588643137,0.03631929708648722,0.00013677347754205776,1.9927701954698802e-05
maniyan,Hindu,0.6594116354941337,0.6594116354941337,0.0040662202898915645,0.0003412481717416892,0.3360920860174873,4.537641884006697e-05,4.343360790559293e-05
maniyar,Hindu,0.7524160289796953,0.7524160289796953,0.04379351932284201,0.002837211823985066,0.200690066219584,8.942402911192164e-05,0.00017374962478167616
manjhi,Hindu,0.9835203446600332,0.9835203446600332,0.013680840323660818,0.00048810163962693985,0.0021416127089649056,1.022565080774265e-05,0.00015887501690632841
manjjalathaa,Christian,0.5617879040264809,0.34028801954346943,0.09317229212457985,0.0039541948347853175,0.5617879040264809,2.2195033352524332e-05,0.000775394437331929
manjoo,Hindu,0.6534671800222827,0.6534671800222827,0.27120711890000904,0.018318042914526596,0.05583966905797705,0.00018919607845514983,0.000978793026749703
manju,Hindu,0.7263930581764736,0.7263930581764736,0.2493361604445975,0.0006575759347499679,0.009660510522196674,0.00015005951611709892,0.01380263540586522
manjula,Hindu,0.8783791234051451,0.8783791234051451,0.05631157899236401,0.0018159778869847926,0.014289140398211221,0.00017611721272102314,0.0490280621045736
manjur,Hindu,0.6339158245738961,0.6339158245738961,0.3543650342551271,0.001231272482513531,0.008112230256829507,9.253920467552089e-05,0.002283099226958322
manna,Hindu,0.9062806995859828,0.9062806995859828,8.970167941794049e-05,0.00015517277670417992,0.08833670644713504,0.0051356091269729705,2.110383787017705e-06
mannan,Hindu,0.9852031719104892,0.9852031719104892,0.0001223182246518555,6.241481585899823e-05,0.014145045270907836,0.00046461555257196164,2.434225519959513e-06
mannee,Christian,0.569940444199101,0.3140267371440935,0.11475167734456668,0.0008434886787759545,0.569940444199101,0.0003173312590011263,0.00012032137446178402
manohar,Hindu,0.9164832456499122,0.9164832456499122,0.0042674703983538766,0.0025074095090119554,0.07285649384367797,3.02922336367486e-05,0.0038550883654073103
manoharan,Hindu,0.953086903171325,0.953086903171325,0.0025766019052998993,0.0010742958085510576,0.041021292648843,7.220561000731895e-05,0.0021687008559736418
manoharlal,Hindu,0.8601907701054773,0.8601907701054773,0.008310626098265158,0.0013065066782044653,0.129603120697817,3.664799273828653e-05,0.0005523284274978035
manoj,Christian,0.7055161883747811,0.06352065061429116,0.010486492444052909,0.004531993017485983,0.7055161883747811,0.001045382069254132,0.21489929348013448
manojkumar,Christian,0.709318755593356,0.2733718706459904,0.00204884482697161,0.0013156902394115255,0.709318755593356,0.0023336809601501567,0.01161115773412043
manoohar,Hindu,0.7510452238614351,0.7510452238614351,0.08214325611038525,0.017645453679891558,0.14722708601858134,9.701135214024535e-05,0.0018419689775665308
manooj,Muslim,0.43793643542650323,0.2642942086613309,0.43793643542650323,0.01587248716984809,0.24937013039131684,0.0003502431619482364,0.03217649518905266
manoojakumaar,Christian,0.4445873784678193,0.3549817421576283,0.19127288956066088,0.006942705446102451,0.4445873784678193,0.0002954834504198137,0.001919800917369161
manooka,Hindu,0.7425814092441934,0.7425814092441934,0.17362813773775157,0.006506132296103139,0.06706693299990284,0.00034671960093854626,0.009870668121110511
manooramaa,Hindu,0.6362545809645287,0.6362545809645287,0.12511467267273083,0.0027462205530164,0.2333392531390765,0.0007131028590926041,0.0018321698115549502
manooranjjana,Hindu,0.8574371385699996,0.8574371385699996,0.11042830306551901,0.0010188539214322908,0.02823615320860738,0.00018212015227987436,0.0026974310821618196
manphool,Hindu,0.8502748498074504,0.8502748498074504,0.09669933665063776,0.0010267194057221444,0.05166811103719669,6.526403022291493e-05,0.0002657190687702752
mansharaam,Hindu,0.9157713746226719,0.9157713746226719,0.05683501994943732,0.006781097640937296,0.019786653400086368,0.0001444714555044214,0.000681382931362773
mansoori,Muslim,0.8856228955881439,0.09664345113612112,0.8856228955881439,0.0036028072023863377,0.013810046217735366,6.559946665986587e-06,0.00031423990894708276
mansukh,Hindu,0.8530826557642197,0.8530826557642197,0.11148364441573104,0.014644296689737421,0.01578788574177287,2.0403450293532453e-05,0.004981113938245441
mansur,Hindu,0.7351701253232128,0.7351701253232128,0.23277258611435672,0.004081272874583826,0.02776217481497891,6.530418826808719e-05,0.00014853668459984117
mansuree,Hindu,0.5005954463485695,0.5005954463485695,0.46352382482165244,0.002268900596278742,0.033408018434805994,0.0001493482626234576,5.446153606994787e-05
mansuri,Hindu,0.5520939288356776,0.5520939288356776,0.3259832938198505,0.002882542687081572,0.11889674655369217,4.022798997328868e-05,0.00010326011372498158
mantala,Hindu,0.9864842408330212,0.9864842408330212,0.00018865294911665843,0.0009408003338974789,0.009113919558275299,0.0028458372646545586,0.0004265490610348916
mantri,Hindu,0.9855187577226464,0.9855187577226464,0.0009834291482384845,0.002160832808046087,0.010405295806266725,0.0006730579453974194,0.00025862656940465063
manu,Hindu,0.5191089420434118,0.5191089420434118,0.05069103609806295,0.00031772659030613774,0.4261544197241587,0.00041280180390757703,0.003315073740152711
mar,Hindu,0.9435295938114056,0.9435295938114056,0.00079553665034046,0.00047364550494197747,0.05420050559376017,0.0009800246535739627,2.069378597806663e-05
maraathe,Christian,0.8006140880670957,0.1954044335528987,0.0028362794862907756,0.0009822364157404597,0.8006140880670957,2.12173765109768e-05,0.0001417451014634499
maradi,Hindu,0.9671014772818766,0.9671014772818766,0.0014114928086109483,9.500734272067567e-05,0.031159960939006918,0.0001517092241241539,8.035240366063198e-05
marak,Hindu,0.9142295127469213,0.9142295127469213,0.05682980258411523,0.0014638544709676326,0.026284035081692622,0.0009677050889423362,0.00022509002736083758
maran,Hindu,0.7322562570771599,0.7322562570771599,0.00017225886296571232,4.557807690566553e-05,0.2670373762435646,0.00022603875347977412,0.0002624909859244066
marandi,Hindu,0.9543842430421562,0.9543842430421562,0.0004268224981993085,2.5819292857809253e-05,0.04499714524239998,9.843145537423296e-05,6.753846901246414e-05
marathe,Hindu,0.7599808925195443,0.7599808925195443,0.0010129468345450323,0.0005283557656481974,0.23815455258684545,1.866213754861087e-05,0.0003045901558682889
mardi,Hindu,0.9352664045843725,0.9352664045843725,0.04098027544737515,0.00657876711558018,0.016657161026222247,0.00037073513052696903,0.0001466566959229273
mari,Hindu,0.5928377141430877,0.5928377141430877,0.0016761386014143038,1.2188907734458012e-05,0.40546371864486574,9.26112888653552e-06,9.785740111804611e-07
mariamma,Christian,0.9912680014895232,0.008594622936192332,6.982979792497894e-05,6.731222791953314e-05,0.9912680014895232,9.447374051278018e-08,1.3907469945096255e-07
marimuthu,Hindu,0.9991325629284525,0.9991325629284525,0.0002360235777044759,6.511948430613987e-05,0.0005652683742574945,1.9535789750765683e-07,8.302773817213686e-07
mariyam,Christian,0.5902486062837562,0.37436198781584296,0.034922512473973336,0.00045365880580037707,0.5902486062837562,6.1511503726710395e-06,7.083470254474321e-06
mariyamma,Christian,0.857840417737443,0.12308328307047926,0.017605057613854145,0.0014668779018525214,0.857840417737443,1.960423147035465e-06,2.4032532242603424e-06
mariyappan,Hindu,0.9975399715933209,0.9975399715933209,0.0002261902904119891,2.282002691429091e-05,0.0021949391638725105,1.441907788748556e-05,1.65984759270885e-06
maruthamuthu,Hindu,0.9766432114815273,0.9766432114815273,0.0019333159593516956,0.0015315292975834507,0.019874053032475063,1.1047665979096745e-06,1.6785462464629396e-05
maruti,Hindu,0.9266826601476643,0.9266826601476643,0.06569425822226073,0.00035745833045760925,0.0072265952558714566,2.4730742262795755e-05,1.4297301482977233e-05
mary,Christian,0.8022388606850772,0.1715938208169535,0.004566986669193223,0.021547387374274914,0.8022388606850772,3.4649514986071446e-05,1.829493951497026e-05
maseeh,Christian,0.7116224035919902,0.17325680095654472,0.11129335311436342,0.0038179630198853652,0.7116224035919902,1.7730441656950462e-06,7.706273050397544e-06
maske,Hindu,0.7682419809042792,0.7682419809042792,0.04832567352219719,0.0019324043341051329,0.1814828561383262,1.7768308236002888e-06,1.53082702686529e-05
mastan,Hindu,0.44711278610392996,0.44711278610392996,0.36813339308133025,0.008993989521627454,0.17557055085292322,7.420083365543623e-05,0.00011507960653358539
mate,Hindu,0.9363742406050861,0.9363742406050861,0.0044324660405752865,0.0002547791698565966,0.05658354997811174,0.00010773103567649204,0.0022472331706937894
mathai,Christian,0.9990059359068865,0.0009876432597307303,3.4794129025163073e-06,2.7100510674755092e-06,0.9990059359068865,2.646372211015703e-09,2.2872304059243521e-07
mathapati,Hindu,0.6620514736375717,0.6620514736375717,0.004632022044939324,0.0025790532336954007,0.33046478133273693,0.0001934404027560533,7.922934830064447e-05
mathe,Christian,0.9978089012548695,0.0021774387290431495,5.670056338137887e-06,7.492783185015659e-06,0.9978089012548695,9.515909432796702e-09,4.876606546176247e-07
mathew,Christian,0.9999609716634613,3.8500125868374555e-05,2.313694729774904e-07,2.848135042432353e-07,0.9999609716634613,2.8982830920047745e-10,1.1737864623999941e-08
mathiyazhagan,Hindu,0.9087896221234011,0.9087896221234011,0.007884921878032355,0.002385305366769765,0.08073769419404186,2.447442109373172e-05,0.00017798201666102643
mathura,Hindu,0.9980464567794453,0.9980464567794453,0.00013289208545618853,0.0004155285543246549,0.001150318592893328,1.1057152874199139e-05,0.00024374683500620804
mathuraa,Hindu,0.9905269487380286,0.9905269487380286,0.00029351378799381437,0.0006130356256072191,0.008177624163780687,1.769381636165629e-05,0.0003711838682278477
mati,Christian,0.6150848174325042,0.3761153938998891,0.00744568959757335,0.0006319385698916178,0.6150848174325042,0.0007101457592016385,1.2014740940062662e-05
matta,Hindu,0.9856292463726215,0.9856292463726215,0.00558359700049019,0.0020251457247593106,0.005681629378913703,0.0009447936807332879,0.00013558784248211196
mau,Hindu,0.8795896319157994,0.8795896319157994,0.0964258201201225,0.019620975785465424,0.003642281163150195,0.00022900157645565721,0.0004922894390068408
maurya,Hindu,0.9923591399172471,0.9923591399172471,0.0012850105267978693,0.004947235209873245,0.0014034195253855017,1.2166778373428718e-06,3.978142858826641e-06
maya,Hindu,0.8357666047181199,0.8357666047181199,9.826098187861009e-05,0.00022181870634637102,0.1639110728924143,1.4948821709687634e-06,7.478190700317012e-07
mayamk,Hindu,0.8997994167647693,0.8997994167647693,0.004694539530831307,0.0016769403506268223,0.09345583236059006,6.524190979619503e-06,0.0003667468022030567
mayaram,Hindu,0.9937239090731163,0.9937239090731163,0.0001353799239627742,0.00029450601665714354,0.0043227104900256915,2.0161390858108776e-05,0.0015033331053801796
mayilsami,Hindu,0.574332083355094,0.574332083355094,0.22865947935343284,0.010673887731590857,0.18611745158209686,1.8689521517272906e-05,0.00019840845626805355
md,Muslim,0.9972071038949234,0.002179745258855473,0.9972071038949234,0.0001502957003911599,6.776402896302557e-07,1.3928679986498158e-07,0.0004620382187404841
meena,Hindu,0.9637342102979797,0.9637342102979797,0.03347897094607562,0.0001721236646287179,0.0014001859012079808,1.2167500627305148e-07,0.0012143875151018968
meenaa,Hindu,0.8467940546248975,0.8467940546248975,0.10356554411240557,0.0008469579239453848,0.046921057848157297,1.3779183528660195e-06,0.001871007572241398
meenaadevee,Hindu,0.9306253379365862,0.9306253379365862,0.0044833179457167294,0.00048242480368002386,0.05145504871739774,1.16139167632922e-06,0.012952709204942759
meenaakshee,Hindu,0.5404505154225986,0.5404505154225986,0.3584890193066403,0.006186281349738393,0.09455822734720222,1.2593624839302208e-06,0.0003146972113365981
meenakshi,Hindu,0.9661721684064779,0.9661721684064779,0.024657803164020956,0.003878400845873444,0.005161968859214766,1.7112932307729932e-06,0.00012794743118191355
meenoo,Muslim,0.8394940254712431,0.13280198449409014,0.8394940254712431,0.008286288832473924,0.018601711260299882,2.2193053585054456e-06,0.0008137706365343843
meenu,Muslim,0.5609650728540553,0.402027878550133,0.5609650728540553,0.0022868880776362316,0.034106268002550476,2.1532180821027173e-06,0.0006117392975429879
meer,Muslim,0.9678200884024158,0.03124441218709497,0.9678200884024158,0.00042312634829920324,0.0004493752022852443,1.8771865337573402e-07,6.281014125121918e-05
meeraa,Muslim,0.6952586634345934,0.27772003223066716,0.6952586634345934,0.0012201339657897004,0.025269753003027414,6.133999230817546e-06,0.000525283366691522
meeraabaaee,Muslim,0.8511813271601208,0.10565196984320745,0.8511813271601208,0.0012278794963632743,0.041571252607289264,4.098551609240301e-06,0.00036347234140986386
meeraadevee,Hindu,0.8779832946148736,0.8779832946148736,0.04470884952496342,0.0014215595437944207,0.06849166508697155,7.563021162568359e-06,0.007387068208234605
meghaa,Hindu,0.9732141731096403,0.9732141731096403,0.01590970714470312,0.0023884107142515694,0.008461399217005682,1.8667590109896295e-06,2.4443055388310108e-05
mehar,Hindu,0.8286506726114994,0.8286506726114994,0.15116244864403586,0.015283492805293206,0.004399209069803995,0.00016291200907770032,0.0003412648602898091
meharoon,Hindu,0.7184554069623551,0.7184554069623551,0.20675429243440577,0.03219221110052934,0.0421641405820279,0.00013956191167612399,0.00029438700900577167
mehathaa,Hindu,0.756151563965562,0.756151563965562,0.07074747631742355,0.00936944832764441,0.16294540611399488,3.263393617527637e-05,0.0007534713391998617
meher,Hindu,0.9434508451996079,0.9434508451996079,0.047274405623503366,0.0023292619260944216,0.006800263135116187,5.257149352995722e-05,9.265262214847508e-05
mehra,Hindu,0.9507269968890538,0.9507269968890538,0.03778046625687095,0.00225372301031348,0.0026716428351992536,0.00011018840688055077,0.006456982601682076
mehta,Jain,0.9057794673162638,0.06407917609798217,0.020599715809239263,0.007366150337074322,0.001992987149575459,0.9057794673162638,0.00018250328986481253
mejar,Hindu,0.5238009486611739,0.5238009486611739,0.4171244774129288,0.007953673776804131,0.05038440380172346,2.9871458485396864e-05,0.0007066248888843202
mekala,Hindu,0.9290041787759667,0.9290041787759667,0.03760290441816061,0.0009260396568842289,0.027864062373963477,1.5713253369913775e-05,0.004587101521655013
mekoo,Christian,0.734771928464396,0.11839883168558926,0.08314938539308045,0.057206157153495994,0.734771928464396,2.473301576844296e-05,0.006448964287669935
meman,Hindu,0.6015437000479096,0.6015437000479096,0.38294330500398144,0.0013664155006494628,0.011076629442593317,0.0012326902534917732,0.0018372597513744834
menakaa,Hindu,0.8831337279121462,0.8831337279121462,0.015782104671067,0.0016143507656026662,0.0991542823070634,2.3353557122474874e-05,0.00029218078699801343
menon,Hindu,0.9134495331836033,0.9134495331836033,0.0067584195258985425,0.0011333175444582918,0.07828272077936833,9.550046112412384e-06,0.00036645892055893925
mer,Hindu,0.9466309307519915,0.9466309307519915,0.039721427364309815,0.0004286522528609054,0.012469377457088959,7.367643594484079e-06,0.00074224453015423
meraaj,Hindu,0.7536327968847317,0.7536327968847317,0.09136146249958994,0.0016005058882746122,0.15178308770978455,5.34432519205283e-05,0.0015687037656987551
meri,Hindu,0.9156698449750578,0.9156698449750578,0.05556747209139852,0.00025972211554542364,0.0284094953611209,4.2732283815949385e-06,8.919222849575725e-05
meshram,Buddhist,0.9812720005607845,0.018724285794064162,1.3783369707697055e-06,1.496000462359961e-07,1.9323514040603856e-06,2.5335673044913455e-07,0.9812720005607845
mesraam,Hindu,0.618635965532326,0.618635965532326,0.07529488229669926,0.001004661513838878,0.30212631098743026,6.885607336383384e-05,0.0028693235963418964
mesthree,Hindu,0.7780404090480834,0.7780404090480834,0.023193667950431717,0.0019194872105165414,0.19646849706377303,2.1890974095255777e-05,0.0003560477531000887
mestri,Hindu,0.8044055020901494,0.8044055020901494,0.06264522334981716,0.0026458640274314095,0.1299715104409077,5.1303598551470825e-05,0.000280596493142929
mete,Hindu,0.904982781938908,0.904982781938908,0.00995207879426037,0.0021745251999904587,0.08081573320687599,0.0002848889443687098,0.0017899919155966735
mevaa,Christian,0.9198767416318763,0.07847583768867945,0.0009800792868935382,0.00028226873796136103,0.9198767416318763,1.4991004573643196e-05,0.0003700816500155004
mevaalaal,Christian,0.8891032415382769,0.10345339394310986,0.006830878845073791,0.0004908980449498579,0.8891032415382769,1.6438731223969867e-05,0.00010514889736564484
mewalal,Hindu,0.9534696062903507,0.9534696062903507,0.025352096408221565,0.002444051717855393,0.018631231362949165,1.0052935178266099e-05,9.296128544499568e-05
mewaram,Hindu,0.9925310863576099,0.9925310863576099,0.0009527293586132613,0.0006168048305159249,0.00498303270363623,1.544418832366871e-05,0.0009009025613009146
mhaathre,Hindu,0.9249349752887102,0.9249349752887102,0.006621408064024515,0.00428378940504412,0.06375083253785507,1.3593469344419747e-05,0.00039540123502151904
mhaske,Hindu,0.45957996433138737,0.45957996433138737,0.08424163091470645,0.01749266549731953,0.43862100974772633,2.7717705388438358e-06,6.195773832156138e-05
mhatre,Hindu,0.9778733601909313,0.9778733601909313,0.013909766265801137,0.004057884976845438,0.004071715601410947,1.069872821637087e-05,7.657423679480902e-05
mia,Hindu,0.7535359445386776,0.7535359445386776,0.0701847276777043,0.004124882477777088,0.17209358337669173,4.7835549507661435e-06,5.60783741984392e-05
mian,Hindu,0.613826977226007,0.613826977226007,0.0220790615076367,0.003374051423328709,0.360601109925886,1.4600600863605202e-05,0.00010419931627793602
midya,Hindu,0.7354467283967756,0.7354467283967756,0.12744710506536472,0.05228848980055554,0.083823315579698,5.808920047653224e-05,0.0009362719571297406
milan,Hindu,0.9312950735598675,0.9312950735598675,0.05610526155055279,0.00044799474469268583,0.011876607725362595,7.031809445730749e-06,0.0002680306100785409
mina,Hindu,0.771784462839813,0.771784462839813,0.07981193330175168,0.11499485883891727,0.0321959010077415,0.0011172982021205647,9.554580965619793e-05
minaa,Christian,0.4181296829681233,0.39382948589396405,0.13555419296715399,0.051698030065581234,0.4181296829681233,0.0005861317903320591,0.00020247631484541286
minaakshee,Muslim,0.37270953438394455,0.2504654283706397,0.37270953438394455,0.0738482071527122,0.30288296943514126,4.1496155182702894e-05,5.236450237962757e-05
minakshi,Hindu,0.8512656151027174,0.8512656151027174,0.05892481609642454,0.0620402369437858,0.02763553675383993,6.121433732603695e-05,7.258076590612735e-05
minathee,Hindu,0.9254917424519431,0.9254917424519431,0.018392025939066962,0.019770999865866664,0.03614760142016351,4.7584224784461624e-05,0.00015004609817498204
mini,Christian,0.8290306361307326,0.15733281082950937,0.007441459176585217,0.006178393853879908,0.8290306361307326,1.2148751128541082e-05,4.5512581644264305e-06
minj,Muslim,0.6973702087908525,0.1961611593761704,0.6973702087908525,0.08404780697075989,0.022249421542860304,2.57065012153584e-05,0.00014569681814161233
minya,Hindu,0.5228770601472168,0.5228770601472168,0.22825785169515128,0.026520703134846856,0.22223561063200903,7.554835664013163e-05,3.322603413600837e-05
mir,Muslim,0.8382129915432828,0.15853840560774762,0.8382129915432828,0.0019898547569404297,0.0011479037560589394,8.265601989888143e-07,0.00011001777577123302
mira,Hindu,0.6315012922343183,0.6315012922343183,0.35686666867052963,0.004614227945895789,0.0035254204669167323,1.409104569333462e-05,0.0034782996366460573
mirdha,Hindu,0.9825286025883453,0.9825286025883453,0.015357593066655696,0.0012763345844894148,0.0007183473035043836,4.4097391651574575e-06,0.0001147127178402466
misaal,Hindu,0.4527109339229311,0.4527109339229311,0.2851293663414139,0.004168187598083543,0.25778314956539816,2.0216233836342197e-05,0.00018814633833701903
misal,Hindu,0.778634255964387,0.778634255964387,0.17857551841497063,0.0016236017234807921,0.04109990311544094,3.8966397414939085e-06,6.282414197913336e-05
mishra,Hindu,0.9953098947943073,0.9953098947943073,6.721453367779119e-05,1.1854175293725136e-05,2.8875975143121017e-05,1.1516699197034711e-07,0.004582045354586246
mishri,Hindu,0.9588098541843127,0.9588098541843127,0.002057920205726819,0.00021787614100372967,0.001512813794016503,8.591646513103957e-06,0.037392944028427244
mishrilal,Hindu,0.9834798996059433,0.9834798996059433,0.00729670731236688,0.0005574236632677886,0.007692201059703986,1.470103902253807e-05,0.0009590673196956912
misraa,Hindu,0.594257583020567,0.594257583020567,0.03435698582202227,0.001586164138470214,0.3695880843050659,5.898867023588402e-06,0.00020528384685088348
misree,Hindu,0.8764199125813387,0.8764199125813387,0.06418775883440755,0.001530430448684904,0.057843527245403425,7.634871003659395e-07,1.760740306515258e-05
misreelaal,Hindu,0.7324150578925396,0.7324150578925396,0.03918246176334145,0.000618094592678005,0.2277707790196235,4.036253274504837e-06,9.570478542954024e-06
misthree,Hindu,0.9144583666256222,0.9144583666256222,0.020793869141364375,0.0025341707660093272,0.062148565164665145,2.009539048051385e-06,6.30187632908797e-05
mistri,Hindu,0.9782469248007771,0.9782469248007771,0.013045464096260694,0.0010579924424163883,0.00763841987564083,8.014486787089284e-07,1.0397336226349995e-05
mithaa,Christian,0.466209445971662,0.3529134477924876,0.15136090368320176,0.028863156743707853,0.466209445971662,2.210135555064726e-05,0.0006309444533901811
mithales,Hindu,0.8393437601275876,0.8393437601275876,0.022336968116242816,0.0022051664910831864,0.13596129634741053,1.159302671361579e-05,0.00014121589096210914
mithiles,Christian,0.5106777995485239,0.4425262186024288,0.03906489338106831,0.0075278958008357785,0.5106777995485239,1.4253837755810054e-05,0.0001889388293872208
mithun,Muslim,0.4990803390961279,0.35272653120101244,0.4990803390961279,0.09801307092679566,0.04451675923123679,3.5867971351595994e-05,0.005627431573475655
mitra,Hindu,0.9649427441507956,0.9649427441507956,0.013685951747050272,0.012801709978457148,0.007818695181554104,5.5597060707720063e-05,0.0006953018814350529
mittal,Hindu,0.9273245418834093,0.9273245418834093,0.03939884505276764,0.007443721580698772,0.00741339163219434,0.01816282207911883,0.0002566777718112249
mivi,Hindu,0.7249458968688071,0.7249458968688071,0.02476976676497414,0.0029201226055285555,0.24696446993230087,3.276429191939264e-05,0.00036697953647012274
miya,Muslim,0.9967350248471712,0.003024057325540282,0.9967350248471712,9.209329534007148e-05,0.00014867941356017645,2.946428519886867e-08,1.1565410300938223e-07
miyan,Muslim,0.9671812135213514,0.030718182179535498,0.9671812135213514,0.00017989284982155993,0.0019191489806954375,5.719581233911648e-07,9.90510472521262e-07
mobin,Hindu,0.7707724372002112,0.7707724372002112,0.19444360982540432,0.010899634045499547,0.023776723556315136,4.9590878132201365e-05,5.800449443766301e-05
mochi,Hindu,0.9133069139075409,0.9133069139075409,0.009060152762969561,0.005098348646957143,0.07231335616851792,7.172039019037472e-06,0.00021405647499535865
modak,Hindu,0.8861991450874055,0.8861991450874055,0.09517693299278535,0.0052098739491704335,0.010743081901513312,0.0011338361695537986,0.001537129899571573
modi,Muslim,0.35623443499371465,0.30724623951170316,0.35623443499371465,0.0017331745344511234,0.010828537174606788,0.3207627601554527,0.0031948536300716933
mogan,Hindu,0.9526285769367036,0.9526285769367036,0.018262720221837263,0.009289806034550749,0.019004215078498386,0.00016308048132187875,0.0006516012470879446
mohamed,Muslim,0.8537138273550257,0.137859762180756,0.8537138273550257,0.0053099026731308644,0.0029888884683198997,3.435617365269136e-06,0.00012418370540250975
mohammad,Sikh,0.801818549435955,0.005068837035650253,0.19297200998530506,0.801818549435955,0.00013999033437129033,3.365014672510852e-08,5.795585717754081e-07
mohammed,Muslim,0.8891454691412127,0.00419612574553592,0.8891454691412127,0.10659511151720732,6.221761573068214e-05,2.8713100236295004e-08,1.047267213219021e-06
mohan,Hindu,0.8889107259296947,0.8889107259296947,1.8265835425778587e-05,0.00028512964406024975,0.11076142272744381,1.0869920372371329e-05,1.3585943003403569e-05
mohanan,Hindu,0.992617348030507,0.992617348030507,9.678713857775234e-06,3.532113376554234e-05,0.007323118972511614,7.933703210323307e-06,6.599446147597158e-06
mohanlaal,Christian,0.5098135144292532,0.4868530697723736,0.0024642683662007545,0.0008106991680938211,0.5098135144292532,2.63213639004367e-05,3.212690017822729e-05
mohanraj,Hindu,0.9573261504311297,0.9573261504311297,0.0009396233959004847,0.0013737936322949556,0.03951640397923207,0.0001279478110630011,0.0007160807503799779
mohanram,Hindu,0.9777534292524044,0.9777534292524044,0.000978862158738101,0.0019699533731785427,0.01806394109878942,8.955866052029738e-05,0.0011442554563694314
mohansingh,Sikh,0.6694752254817892,0.3272600484269734,0.0008527320259092805,0.6694752254817892,0.002411630546090071,2.0046212832686835e-07,1.630571097316213e-07
mohanty,Hindu,0.9684513095552562,0.9684513095552562,1.1349204475395582e-05,0.0008597606313933023,0.030584508453889082,7.795503266117355e-05,1.51171223248478e-05
mohd,Muslim,0.5539013533847713,0.32350338774887255,0.5539013533847713,0.06414971740299638,0.05732625426239396,9.175651105870623e-05,0.0010275306899070683
mohite,Hindu,0.9171802742644118,0.9171802742644118,0.047273331965112526,0.007125770757649028,0.02806915750437627,4.523549748676358e-05,0.00030623001096376836
moideen,Muslim,0.8547593491283471,0.002037372065899127,0.8547593491283471,0.14308446382609333,0.0001100043179904977,5.054109843851385e-07,8.305250685779932e-06
moidu,Muslim,0.70555271669926,0.016689184499018864,0.70555271669926,0.27554044819652673,0.002129609836954481,3.2424858639080714e-05,5.561590960084262e-05
moirangthem,Hindu,0.9643059205891163,0.9643059205891163,0.021169297599032855,0.00976860362558965,0.0037330973716715268,5.95002141969585e-06,0.0010171307931697816
mol,Muslim,0.8948387629684178,0.09819667936402063,0.8948387629684178,0.0014164049789543544,0.005517128964403815,9.56260084995645e-06,2.1461123353387173e-05
molla,Muslim,0.9876994793074859,0.011016522255585207,0.9876994793074859,5.5488642387241025e-05,0.0012274294980879651,7.369287788336597e-07,3.433676746031597e-07
molya,Hindu,0.755377534664787,0.755377534664787,0.14270557812868095,0.005582409428799244,0.09627003271816889,2.204053063433978e-05,4.24045289295858e-05
momin,Muslim,0.956921763769069,0.014823760983597037,0.956921763769069,0.005825230130269024,0.02236669046214537,6.288612331298259e-06,5.626604258839259e-05
mondal,Hindu,0.7897540060388222,0.7897540060388222,0.2070916043982672,0.0001345375426166941,0.002991155620757078,2.0364023557565827e-05,8.332375979332255e-06
monika,Hindu,0.8621486516858515,0.8621486516858515,0.050952702071420296,0.006503609134549433,0.08005990116618004,0.0001350193560296041,0.0002001165859693093
moo,Sikh,0.729257250026607,0.06474523514599795,0.201969408939129,0.729257250026607,0.003907992477355878,9.934726768848451e-06,0.00011017868414133053
moodee,Muslim,0.7020154703176653,0.259209785035736,0.7020154703176653,0.034724017559549555,0.0033460685971130276,1.4134398087572127e-05,0.0006905240918485186
moohamad,Muslim,0.950824844609958,0.02696681190305668,0.950824844609958,0.021560774879324007,0.0006189481482780824,1.7893773685573373e-06,2.683108201467862e-05
moohammad,Sikh,0.9076731935437311,0.007275718991445251,0.0847711320114004,0.9076731935437311,0.0002784838406120632,6.104994130829203e-08,1.410562869834313e-06
moohan,Hindu,0.7726952982554186,0.7726952982554186,0.0280787436481432,0.0751632123132496,0.12379060669655968,4.844279636818062e-05,0.00022369629026069732
moohanalaal,Christian,0.5099225057131086,0.47168898126660763,0.011547380484005856,0.0067446497094780416,0.5099225057131086,3.616217105716058e-05,6.032065574271136e-05
moohanasimh,Hindu,0.7947426474996115,0.7947426474996115,0.031228772527615977,0.012115670970692454,0.16187699176801448,1.0061461022751205e-05,2.5855773042575152e-05
moohanee,Hindu,0.4144627330966107,0.4144627330966107,0.28175613885541245,0.024368495094168885,0.27869608287533537,2.982175984610776e-05,0.0006867283186266875
moohar,Hindu,0.7917684429103203,0.7917684429103203,0.07214035991160928,0.11730021495258401,0.018623469352566178,1.528972896798967e-05,0.0001522231439522709
mooheethe,Hindu,0.5102151934613801,0.5102151934613801,0.07493255391070557,0.1319693821308169,0.2828230891538666,8.64997545062643e-06,5.113136778022926e-05
moohinee,Hindu,0.5753648923244737,0.5753648923244737,0.32276766943774826,0.04895968673001492,0.05277145593166633,2.4490338998656418e-05,0.00011180523709792206
moohith,Hindu,0.649194410689641,0.649194410689641,0.06990490461741992,0.25950447630932366,0.021160666281817106,1.3416043085493625e-05,0.00022212605871283164
moohithe,Hindu,0.5931588702767427,0.5931588702767427,0.07572786004013442,0.28107895259878296,0.0498521824758414,1.0596423495123484e-05,0.0001715381850033082
mookkan,Hindu,0.9087586775645422,0.9087586775645422,0.03847980718189557,0.043931261531456704,0.008442789683007578,6.445326884089083e-05,0.0003230107702571901
mool,Muslim,0.6505304571984795,0.31503134441447506,0.6505304571984795,0.02574067792475428,0.00865143813633331,7.875689878276301e-06,3.8206636079452496e-05
moolachand,Hindu,0.9863955732960626,0.9863955732960626,0.007475787591806045,0.0027935810141568964,0.002792414776098351,0.00018009372642965277,0.00036254959544659523
moolchand,Hindu,0.9777402616545469,0.9777402616545469,0.015734637154750788,0.0014572556743204798,0.004523586436372698,0.00041116569583883264,0.000133093384170224
moolchandra,Hindu,0.9831991732571352,0.9831991732571352,0.010710167872345642,0.0006992363580564734,0.003928637705408052,0.0010838261123836395,0.00037895869467117224
moolee,Muslim,0.772801477413679,0.19575822335836934,0.772801477413679,0.005585398502889212,0.025800713840791085,3.5181789002215607e-06,5.066870537125775e-05
moomeen,Muslim,0.6131495537290336,0.3357290507317931,0.6131495537290336,0.021344195132133845,0.02857759284186064,2.964401456969347e-06,0.0011966431637219304
moominaa,Muslim,0.3734204804586855,0.2618614443184971,0.3734204804586855,0.0814837335815174,0.28267046989413347,0.00012573321329770054,0.0004381385338688095
moonaa,Christian,0.5799468466331851,0.27035740699549626,0.09694259806656569,0.05229907845693619,0.5799468466331851,9.924081904258124e-05,0.0003548290287740229
moonaalisaa,Christian,0.6387529498131067,0.1147647603212046,0.23836829033668322,0.00803356376892381,0.6387529498131067,1.6763572512554785e-05,6.367218756922378e-05
moonee,Muslim,0.49979248601832493,0.22795430606416864,0.49979248601832493,0.03987941825626516,0.23206467574441028,2.408496966498036e-05,0.0002850289471659921
moonikaa,Hindu,0.5855074760702912,0.5855074760702912,0.11745094777076083,0.05725679708506842,0.23921798404526504,0.0001704406237780979,0.00039635440483649665
moonoo,Muslim,0.5579334543097793,0.05073248515572128,0.5579334543097793,0.2814452699191793,0.10900203092133423,2.2762798419994866e-05,0.0008639968955660123
moore,Hindu,0.6095076631375316,0.6095076631375316,0.3158310538977867,0.03057193870883702,0.04400016236206825,2.8233981093272204e-05,6.094791268308681e-05
mooree,Muslim,0.5309659910145695,0.3739777870491605,0.5309659910145695,0.03572826384873736,0.059272673132587626,1.0201975930829607e-05,4.508297901421308e-05
moorthi,Hindu,0.9364405964003414,0.9364405964003414,0.014485684651230284,0.02937803954226498,0.0196405824412814,4.652147671558147e-06,5.044481721041742e-05
mooryaa,Hindu,0.6583655679525547,0.6583655679525547,0.09980063842390262,0.039537179798782955,0.2022061031659583,1.83474523079436e-05,7.21632064935198e-05
moosa,Sikh,0.9369700029948508,0.002577517313475476,0.05273313353083985,0.9369700029948508,0.007708181634683112,4.151514477393333e-06,7.013011673503595e-06
moote,Hindu,0.449622029539292,0.449622029539292,0.21702731446180445,0.31228976620997895,0.019514944120491262,0.00010639143452380544,0.0014395542339095669
moothee,Sikh,0.46849864435802085,0.228852475163361,0.24330245906632866,0.46849864435802085,0.059203601275180595,1.0290708229041182e-05,0.00013252942887972738
mootheelaal,Hindu,0.5359989759457452,0.5359989759457452,0.11325006563470656,0.046236595976408036,0.3044491290588549,1.9526904889006363e-05,4.570647939633759e-05
more,Hindu,0.9567023336860752,0.9567023336860752,0.007679305475038673,0.0003659500625752545,0.03522166267585573,1.4782545686505024e-05,1.596555476873143e-05
morya,Hindu,0.9391180839466762,0.9391180839466762,0.011864338237633191,0.0033538004221959072,0.045632100485291684,8.599845862494497e-06,2.3077062340655403e-05
mote,Hindu,0.8759677618689053,0.8759677618689053,0.0415350532790957,0.03477519504184551,0.04305755804648823,0.00019936411509500205,0.004465067648570338
moti,Hindu,0.9582442538383107,0.9582442538383107,0.011372040232008957,0.022610304846375558,0.007221354121339372,5.257317111104578e-05,0.0004994737908543116
motilal,Hindu,0.9568552679487561,0.9568552679487561,0.0050253145161221575,0.0015141080400994545,0.03651021791553184,4.7891564648039316e-05,4.720001484226991e-05
motiram,Hindu,0.5992142083106238,0.5992142083106238,0.0013138569067554229,0.0015990479512951491,0.002156171634592055,1.7227681305694488e-05,0.3956994875154278
mou,Muslim,0.5777323422078119,0.2380241331681467,0.5777323422078119,0.1788685465824076,0.0049828387129685035,5.2039888532460086e-05,0.0003400994401327503
mouhammad,Muslim,0.5305453426763901,0.012625245213466014,0.5305453426763901,0.4566841888767743,0.00013500771787972857,3.061126373787824e-07,9.909402852556411e-06
mubaarak,Hindu,0.779734055408876,0.779734055408876,0.15546318098447526,0.0035288915990927374,0.06053348755326967,0.0003177958681335236,0.0004225885861529901
mubarak,Muslim,0.715011594928206,0.27997250490251996,0.715011594928206,0.0010496861301587494,0.0033351441551850674,0.0004559053444548554,0.0001751645394753758
mudi,Hindu,0.8239259949191535,0.8239259949191535,0.16884832345709433,0.000529551015888687,0.006675696939448901,3.450025690609023e-06,1.6983642723865628e-05
muduli,Muslim,0.49092221890947435,0.42155588579780473,0.49092221890947435,0.007305192883021481,0.08011878385685177,1.4396060641249914e-05,8.352249220648529e-05
mugamadu,Hindu,0.9311949791989663,0.9311949791989663,0.05616395882217804,0.0016080414617548379,0.010748888336846516,5.866077551069421e-05,0.0002254714047436663
muhammad,Muslim,0.503908625306893,0.005095030281364509,0.503908625306893,0.4908332342150436,0.00015964596074336253,1.566710275507465e-07,3.3075649280275075e-06
muhammadali,Muslim,0.8985765501794971,0.023531595181779857,0.8985765501794971,0.07744720337555154,0.000440753279316043,5.516744915985222e-07,3.3463093637254124e-06
muhammed,Muslim,0.8240892204983766,0.0034364105515300994,0.8240892204983766,0.17238957608033562,7.987127089048394e-05,1.1720437442194777e-07,4.804394492465877e-06
mujaavar,Hindu,0.759462787673826,0.759462787673826,0.0706436485067384,0.0015808358603821469,0.16751819865382572,0.0004363377341109103,0.0003581915711169471
mujavar,Muslim,0.6381592306857141,0.3401539726728564,0.6381592306857141,0.001214141155622309,0.020003441389860887,0.00022850226018708697,0.00024071183575934756
mukes,Hindu,0.9722488438979855,0.9722488438979855,0.003715387014775609,0.0009129262565153552,0.022965092048965834,3.4455741376670856e-06,0.00015430520762002743
mukesakumaar,Hindu,0.7877765857027343,0.7877765857027343,0.0074666044913087246,0.004340913537228618,0.2001686633450216,5.648945737222935e-05,0.000190743466334548
mukesh,Hindu,0.994604854237444,0.994604854237444,0.0008496322261848765,0.00018688837428246444,0.004224572686852453,1.0864942940764939e-05,0.00012318753229536002
mukhajee,Muslim,0.6237768914829904,0.27665444227429103,0.6237768914829904,0.08239613454183908,0.016702618156476633,1.0017844578763806e-05,0.0004598956998240012
mukhajjee,Muslim,0.5387749814780469,0.3800208802861126,0.5387749814780469,0.06906645767925439,0.011558488098174956,1.6364776565869495e-05,0.0005628276818453003
mukhathiaar,Hindu,0.9144094404221695,0.9144094404221695,0.013564517214690519,0.04159534159762571,0.029666751076780785,5.97291005797063e-06,0.0007579767786755066
mukherjee,Hindu,0.9951432074945462,0.9951432074945462,0.0027165285663827278,0.0018558413349078389,0.000273311117499907,2.2817726476100198e-07,1.0883309398527254e-05
mukhi,Hindu,0.7613011648955512,0.7613011648955512,0.1506088458525124,0.08289707202887313,0.004355504416417956,6.257136924799982e-06,0.0008311556697204979
mukhiya,Hindu,0.5889926982029928,0.5889926982029928,0.3503264526828356,0.04213110065296616,0.018237897962428383,1.3804796349556068e-05,0.0002980457024274446
mukhopadhyay,Hindu,0.9983852370049078,0.9983852370049078,0.0001932159956873965,0.0008820142655681536,0.0005222110384202687,1.6758980391642339e-06,1.5645797377246567e-05
mukhtar,Hindu,0.5113977484951656,0.5113977484951656,0.20786624097975062,0.27487468306537105,0.003678870664161813,0.0014164595380085142,0.0007659972575424458
mukhthaar,Hindu,0.615779022877274,0.615779022877274,0.12825138665371996,0.10428387684980607,0.1507144688725468,0.000106307793965365,0.0008649369526877585
mukta,Hindu,0.7860846308152141,0.7860846308152141,0.16933728361503278,0.03503152356555154,0.008590943984344138,9.206031499783852e-05,0.0008635577048595708
mukthaa,Hindu,0.6861122810330217,0.6861122810330217,0.036584419654290684,0.022152198403213405,0.2546134500831616,1.5682083521840787e-05,0.0005219687427908357
mukul,Hindu,0.9475558873069133,0.9475558873069133,0.024371682896986695,0.009149965716944472,0.018239055565098167,6.387977302016974e-06,0.0006770205367556381
mula,Hindu,0.9601685581938958,0.9601685581938958,0.03246481554839188,0.0010206280753498765,0.005721300662949361,2.0868006171614454e-06,0.0006226107187959187
mulaanee,Muslim,0.38115173829315574,0.2723912625016029,0.38115173829315574,0.0013403026340635213,0.34304565781344265,1.479400805767891e-05,0.0020562447496775592
mulani,Hindu,0.9115788217721784,0.9115788217721784,0.0815056599046789,0.0005940912383510368,0.005755602516334162,1.254735346773431e-05,0.0005532772149897044
mularaam,Hindu,0.9081563188640709,0.9081563188640709,0.010125861776762174,0.0015175341971364446,0.07895904090852678,1.8388937252987065e-05,0.0012228553162507204
mule,Hindu,0.8582833669351055,0.8582833669351055,0.08852725604847277,0.0008159922726154159,0.052314095140867045,2.1913766480474634e-06,5.709822629117419e-05
mulik,Muslim,0.6485938202606055,0.3256926423997673,0.6485938202606055,0.004233572519328185,0.02139144782904907,2.9863172888605174e-06,8.553067396122106e-05
mulla,Muslim,0.9858099271283794,0.009113457002237858,0.9858099271283794,0.0013280693483060928,0.003745314032453887,2.446362861328406e-06,7.861257612193193e-07
mullaa,Muslim,0.863301653699494,0.0200316416542145,0.863301653699494,0.002539253063784586,0.11411277055942581,8.847586530370254e-06,5.8334365508809275e-06
mumathaaj,Christian,0.9160322201648965,0.07890367973446899,0.0038174101623274586,0.001151584535586164,0.9160322201648965,2.1002883900410524e-06,9.30051143309065e-05
mumde,Hindu,0.6490686502527518,0.6490686502527518,0.3310699019872471,0.011659895016918371,0.005364259259149385,5.535847318335387e-06,0.002831757636614864
mumdhe,Hindu,0.7534484225012359,0.7534484225012359,0.2277866719151473,0.008933283150560283,0.009462889872813386,6.9410940371898105e-06,0.0003617914662059257
mumsee,Christian,0.42136342253161674,0.20840175331831437,0.3510571185632995,0.01916471069137087,0.42136342253161674,6.829339077638268e-07,1.2311961490593978e-05
mumtaj,Muslim,0.8905312048071665,0.09804492756988993,0.8905312048071665,0.005767601478962286,0.004896304489953476,3.704165467903152e-05,0.0007229199993487609
munaa,Hindu,0.614067286034907,0.614067286034907,0.21448997679109877,0.003656899225138489,0.1676477063679888,3.596497963964032e-05,0.0001021666012273049
munda,Hindu,0.9998341665542988,0.9998341665542988,0.00011446288058493136,1.4696496417328923e-05,2.899957378213592e-05,6.10629294892162e-06,1.5682019679544625e-06
munde,Hindu,0.9959892392144928,0.9959892392144928,0.002518320993716363,0.00035736556576174757,0.0009987322036258568,1.629798143395061e-05,0.00012004404096926043
mundhe,Hindu,0.9962463758578968,0.9962463758578968,0.0023398235525625808,0.00027406837455093327,0.0011047093610143128,1.7298503758697062e-05,1.772435021661906e-05
munee,Hindu,0.5661152187787135,0.5661152187787135,0.4129377007521019,0.0011878802443748317,0.019706473257077035,4.265362025926581e-06,4.846160570673226e-05
muneer,Hindu,0.5527454042462312,0.5527454042462312,0.43217841761080844,0.0017468537047362251,0.013289973522533628,5.976085379487439e-06,3.33748303111091e-05
munees,Hindu,0.5617403213420054,0.5617403213420054,0.281981782062733,0.0015053037571025835,0.1547024832388996,1.2767164200914941e-05,5.734243505845079e-05
munes,Hindu,0.9616645420207153,0.9616645420207153,0.020105916348750075,0.0001279804804693356,0.018076634575685938,8.472719634928868e-06,1.6453854744467577e-05
munesvar,Hindu,0.9581021946188819,0.9581021946188819,0.00376372648214682,0.00011071525130210631,0.0379622326499242,3.474921366436946e-05,2.638178408050042e-05
muni,Hindu,0.9729094528681002,0.9729094528681002,0.0266098760200246,0.00010125215207331161,0.00037837493576357346,2.7361884082798e-07,7.704051972537013e-07
munir,Hindu,0.8195007942970116,0.8195007942970116,0.17835033149986698,0.0004786020434206468,0.0016197224503018213,2.4647312612006436e-06,4.808497813773735e-05
munisamy,Hindu,0.9774674155066321,0.9774674155066321,0.021063303077915336,0.0002749705241072755,0.0011895152123069387,5.102534965747393e-07,4.28542554175861e-06
muniyaa,Hindu,0.9382584015383435,0.9382584015383435,0.04989077364156513,0.0004641524746255978,0.011381050117768856,1.2558660700466377e-06,4.366361626987383e-06
muniyan,Hindu,0.9937813618303822,0.9937813618303822,0.004819709804231818,8.440037692352927e-05,0.0013130003987007698,5.108466733259806e-07,1.016743088309623e-06
muniyandi,Hindu,0.9990331775266944,0.9990331775266944,0.0008399540395386054,1.6036298305599074e-05,0.00010952910647202669,6.508238064739029e-07,6.522051829525169e-07
muniyappan,Hindu,0.9986925072214913,0.9986925072214913,0.0008892763710003767,6.741143321425967e-05,0.00033112467951602133,8.205894048883612e-06,1.1474400728948352e-05
muniyasamy,Hindu,0.9895044308517342,0.9895044308517342,0.009341352654008612,0.00013368058365395382,0.0010183348547729094,4.1979777768927425e-07,1.7812580528480823e-06
munna,Hindu,0.9215235368987315,0.9215235368987315,0.06909792447488733,0.00041756612324391347,0.008880175906594626,7.7771598946986e-05,3.0249975957832362e-06
munnaa,Hindu,0.5586213100394322,0.5586213100394322,0.3192376775940647,0.0020609414187207904,0.11990574080874036,0.00014351553570927895,3.0814603332571626e-05
munnaalaal,Muslim,0.3704072484360739,0.3374245116228797,0.3704072484360739,0.0022834721902981765,0.28975375478259796,9.03103430946518e-05,4.0702625055770974e-05
munnalal,Hindu,0.820263190808168,0.820263190808168,0.14391408541473383,0.0030132293537465864,0.03271759443275044,7.953526823425946e-05,1.2364722366898608e-05
munnee,Muslim,0.5509073620853963,0.37678616904417656,0.5509073620853963,0.0008000665860671929,0.07146705351627711,1.392418088435721e-05,2.5424587198509786e-05
munneebaaee,Muslim,0.6391722113964754,0.11692861791934542,0.6391722113964754,0.001939347874332829,0.24187954239653467,2.0206426098535883e-05,6.0073987213168566e-05
munneedevee,Hindu,0.7841798537962369,0.7841798537962369,0.10275884293890059,0.001712583112893212,0.11061021259117008,6.498781098625685e-06,0.0007320087797006181
munneelaal,Hindu,0.5929889192390341,0.5929889192390341,0.12829014436297154,0.00033620517568582,0.2783564165884648,1.8518200549496465e-05,9.796433294321813e-06
munni,Hindu,0.7754100884437172,0.7754100884437172,0.21838576235284166,0.0002774748954639574,0.0059056920068085205,1.8661595258231517e-05,2.3207059102957726e-06
munnilal,Hindu,0.9705263873147361,0.9705263873147361,0.022962688984486574,0.00014876836897870067,0.006347758250061202,1.0231510409784322e-05,4.165571327554694e-06
munnu,Hindu,0.8605464914956464,0.8605464914956464,0.12935570411106145,0.0005726453099597818,0.009505973600064273,1.0896696849101016e-05,8.288786418738596e-06
munsee,Hindu,0.36998305692827743,0.36998305692827743,0.28665751540559664,0.011987017784224759,0.33134912858542503,2.4561369844699597e-06,2.0825159491690266e-05
munshi,Hindu,0.8245468353716567,0.8245468353716567,0.13223692100811035,0.023988178228609276,0.019143890020412238,1.8785055840623365e-05,6.53903153707934e-05
munshilal,Hindu,0.9560140225993878,0.9560140225993878,0.025795473961176252,0.0028398098905063696,0.015322474726484389,7.74020760074946e-06,2.0478614844612523e-05
munta,Hindu,0.9490602330370191,0.9490602330370191,0.036204486947093203,0.010808014515003942,0.0032931854045623226,0.0002185737673185114,0.0004155063290025428
munusamy,Hindu,0.996264789160485,0.996264789160485,0.003512033626310928,7.937399053736604e-05,0.00014281364063582782,9.125407906104155e-08,8.983279517085756e-07
mur,Hindu,0.9996474141541316,0.9996474141541316,3.057787542769261e-05,0.00019446592639455054,0.0001274786209858028,1.4345505190673885e-08,4.907755510346037e-08
mura,Hindu,0.9999496858067464,0.9999496858067464,1.4226596807392741e-05,1.2393277618075318e-05,2.2851106243953893e-05,1.6784361575948522e-07,6.753689686027114e-07
muraaree,Hindu,0.958876541482892,0.958876541482892,0.0032854080445408685,0.0007582767828067348,0.037057144637175715,5.714244317823079e-06,1.6914808266801593e-05
muraarilal,Hindu,0.9940590256829174,0.9940590256829174,0.00046740363790921387,4.904735132276224e-05,0.005419920040402546,1.796077599951596e-06,2.8072098481892485e-06
muraleedhar,Hindu,0.9638456053819102,0.9638456053819102,0.02500416532365564,0.0020301635194461577,0.0089847272008438,1.6339318820099265e-05,0.00011899925532391262
murali,Hindu,0.9674146761841916,0.9674146761841916,0.012517281679674693,0.0006824513356462414,0.019375730251918615,2.872451118122045e-06,6.988097450692774e-06
murat,Hindu,0.9997996427928587,0.9997996427928587,6.204757477499844e-05,4.843226740659903e-05,8.358999528734186e-05,7.813637809534487e-07,5.506005891289185e-06
murilidhar,Hindu,0.846486605234762,0.846486605234762,0.0013400752663091456,0.0017923115041035575,0.15035810991527618,6.321197336531029e-06,1.6576882212475956e-05
murli,Hindu,0.9785640721108458,0.9785640721108458,0.006398519808453809,0.0007277991103361566,0.014305996998808915,7.754554886876754e-07,2.836516066882648e-06
murma,Hindu,0.9940107772399631,0.9940107772399631,9.041482676794548e-05,0.0008243554106069675,0.005073981859176695,1.675387464428065e-07,3.031247387533708e-07
murmoo,Hindu,0.9134272623842311,0.9134272623842311,0.006323153374654708,0.055367214170445024,0.024870440461540796,2.049478553660057e-06,9.880130574784313e-06
murmu,Hindu,0.5192416512906689,0.5192416512906689,0.0001699762813019599,0.001429481568481317,0.479157980940967,4.4632345271722887e-07,4.6359512821604767e-07
murt,Hindu,0.9976592094853153,0.9976592094853153,6.762788812617286e-05,0.0008007812934621548,0.0014717611815045428,1.7206952959972367e-07,4.4808206198634984e-07
murugaanandham,Hindu,0.9988346924448682,0.9988346924448682,0.00010791754043294102,0.0003073338239868708,0.0007179443105668362,4.990464563115342e-06,2.712141558180013e-05
murugaiyan,Hindu,0.9987756172913843,0.9987756172913843,0.00020678318307975694,4.531910394838281e-05,0.0009705888767693105,3.8665700819424614e-07,1.304887810017929e-06
murugan,Hindu,0.9999810231333527,0.9999810231333527,5.237012089738908e-06,2.7761770524465714e-06,1.0677506862982793e-05,6.513274389576647e-08,2.2103789831649576e-07
murugesan,Hindu,0.996832606765374,0.996832606765374,0.0006356870183996232,0.0001371776875884924,0.00238979654350994,1.494309076208738e-06,3.2376760517994233e-06
musa,Muslim,0.6916668908003921,0.2540575725426195,0.6916668908003921,0.003063364798671425,0.05120184160141772,6.486332299800376e-07,9.681623669231411e-06
musahar,Hindu,0.6007967482851303,0.6007967482851303,0.3885473373471864,0.007261229548386232,0.003353021596090526,2.306453652974155e-05,1.85986866767392e-05
muslim,Muslim,0.950219070563776,0.017583938337327267,0.950219070563776,0.0011356961982117364,0.031055514472137828,5.537803402649359e-07,5.226648206773879e-06
mustafa,Muslim,0.9996825900618462,0.00028780237047857336,0.9996825900618462,1.579623013327958e-05,1.3681558985761133e-05,3.175619798760182e-08,9.802235816953553e-08
mustak,Muslim,0.9811635649569802,0.014923850417809354,0.9811635649569802,0.00110277795026583,0.002800853287943529,1.2466045805571255e-06,7.706782420317347e-06
mustaqim,Muslim,0.9846161832209627,0.010246202066730412,0.9846161832209627,0.0008144275881208044,0.004311684710015878,2.0054722921409005e-06,9.496941878256795e-06
musthaak,Muslim,0.49446590101229787,0.12447414088171947,0.49446590101229787,0.007323858065063155,0.37368016705136947,4.6199662653575925e-06,5.1313023284587184e-05
musthafa,Muslim,0.9935347616385077,0.005402485124998099,0.9935347616385077,0.0002354734602091482,0.0008256280333226847,2.1809783517989543e-07,1.433645127290274e-06
musthakeem,Muslim,0.8986276007801307,0.07717987928877368,0.8986276007801307,0.00334677779936002,0.020820978929654357,1.4230231468590895e-06,2.3340178934271358e-05
musthaphaa,Christian,0.5626646797185514,0.15314603020347983,0.28046812168539975,0.003658058773620444,0.5626646797185514,1.646983587440436e-05,4.6639783074216804e-05
muthu,Hindu,0.817304080859979,0.817304080859979,2.589059429164044e-05,0.014054269211282725,0.16860603230390644,3.2520345239686267e-08,9.694510194865495e-06
muthuchchaami,Hindu,0.5145365256497446,0.5145365256497446,0.0010902215952026714,0.01046703895606003,0.47379909110980234,1.9879953517169003e-06,0.00010513469383854781
muthukrishnan,Hindu,0.9307265984994368,0.9307265984994368,0.004400492720124619,0.003600335476125598,0.06122237044209914,7.872369167745812e-06,4.233049304599786e-05
muthukumar,Hindu,0.8752149523348363,0.8752149523348363,0.0018758474968264356,0.0027672971442871527,0.1200481277474505,1.3988874578581157e-05,7.978640202106913e-05
muthusamy,Christian,0.6830721393193966,0.3076255854413957,0.0012618562612360814,0.00802473131211612,0.6830721393193966,2.4637294107220954e-07,1.5441292914336578e-05
mutthaiah,Hindu,0.9915318009948025,0.9915318009948025,0.0013312511635010767,0.0004564695495566735,0.006674398126875752,7.348283643660585e-07,5.345336899324591e-06
naadaar,Hindu,0.5944273815024881,0.5944273815024881,0.010073602103672313,0.0013747786367580839,0.39369697254172126,0.00017781986624825283,0.00024944534911216956
naaeek,Christian,0.7907070117931542,0.06159487337234826,0.14366204863415014,0.0032085842192832153,0.7907070117931542,2.073361400353761e-05,0.0008067483670607483
naagappa,Christian,0.7249673972352846,0.2667503319889629,0.0004938710647149571,0.00013661492783095501,0.7249673972352846,0.007642745926616968,9.038856589612281e-06
naagapure,Christian,0.5346269153058466,0.41858332772185813,0.03441707275750568,0.002926782729212512,0.5346269153058466,0.009183005396839907,0.00026289608873724865
naagare,Christian,0.7013594452327945,0.2842856927459567,0.007742490157036201,0.003058389394422373,0.7013594452327945,0.0028132731694855005,0.000740709300304804
naagendr,Hindu,0.7125815363982103,0.7125815363982103,0.010014255286572833,0.017077562895680253,0.25925377145310036,0.0008031910736685859,0.0002696828927677169
naagesvar,Christian,0.8405637851263095,0.15795482713736445,0.0011583476901522315,0.000207666390729973,0.8405637851263095,8.707270701962502e-05,2.830094842437577e-05
naajamaa,Christian,0.9520191985962758,0.032427488507508845,0.01532017264710359,0.00017866779073404967,0.9520191985962758,6.869587936976023e-06,4.760287044084821e-05
naajareen,Christian,0.7641130713111846,0.197362904201565,0.03596848164496484,0.0024895461785972906,0.7641130713111846,9.195305396992684e-06,5.6801358291580175e-05
naajim,Christian,0.3993621757530809,0.2268980838068599,0.3512120796569543,0.005165826576517537,0.3993621757530809,0.00019512267802848654,0.01716671152855881
naajiyaa,Christian,0.5612889991372769,0.3695081922433359,0.06366405580001595,0.004078640068283076,0.5612889991372769,7.414747786409831e-05,0.0013859652732239876
naaraayan,Hindu,0.5828268898158724,0.5828268898158724,0.0024665867914205513,0.00099524724224694,0.41350849720699834,0.00010639796920604423,9.638097425571722e-05
naaraayanee,Christian,0.5464669454391742,0.4448626393462228,0.00777788254020669,0.000634294601089759,0.5464669454391742,6.310151521366911e-05,0.00019513655809290178
naaraayna,Hindu,0.5631950042522291,0.5631950042522291,0.0034843449658000804,0.0009481295719360658,0.43217763271267445,9.429959467816154e-05,0.00010058890268226661
naasir,Christian,0.9747939869988247,0.013275416357358395,0.011617784515553111,0.00030773326972536523,0.9747939869988247,2.1240229660653054e-06,2.954835572535055e-06
naath,Hindu,0.5555368586892193,0.5555368586892193,0.012152125789716493,0.0072885104679280485,0.4244437927742204,4.797012201745986e-05,0.0005307421568983701
naathee,Christian,0.742564693450419,0.22835312343020336,0.023640240140744864,0.005332779864179926,0.742564693450419,7.5642553034302765e-06,0.00010159885914948558
naathoo,Hindu,0.6910709585922299,0.6910709585922299,0.008713235162527791,0.018411279747574286,0.28148388499222826,1.4652692506388743e-05,0.0003059888129332636
naayak,Hindu,0.8820646941754835,0.8820646941754835,0.00846795212641303,0.0016561265550460707,0.10776545560448558,2.1688284335587915e-05,2.4083254236224232e-05
naayakaa,Hindu,0.699143879534475,0.699143879534475,0.013284906618438216,0.0016493065037388066,0.2857974952111761,3.6626754602043054e-05,8.77853775697199e-05
naayar,Hindu,0.6633785489828745,0.6633785489828745,0.003017906562589224,0.0016165955275200456,0.33189362166318964,3.5815400858394474e-05,5.751186296823542e-05
nabeesa,Muslim,0.9573271087366922,0.03153726715230724,0.9573271087366922,0.0028093791784336345,0.008294589893569205,1.2660147921739306e-05,1.8994891075762136e-05
nabi,Muslim,0.5766907361903054,0.4229031488079423,0.5766907361903054,0.00010897064457673721,0.00029408709206964163,1.5035581378587086e-06,1.5537069680919799e-06
nachhathar,Hindu,0.6729730850731279,0.6729730850731279,0.008050793341871266,0.2970124209944545,0.02168274313240666,1.2506329795209144e-05,0.0002684511283444436
nachimuthu,Hindu,0.9629570192003712,0.9629570192003712,0.0026048104941268353,0.004734280033755123,0.02964481074206932,1.948939486220399e-06,5.7130590191362176e-05
nadaaph,Christian,0.6416635477533462,0.3513722691450859,0.0062638310047147434,0.0003433633548033581,0.6416635477533462,0.00026839473108322324,8.859401096662501e-05
nadaf,Muslim,0.9673273875482277,0.031912511967617824,0.9673273875482277,5.6165690228389664e-05,0.0006856128425326277,1.0312089657187528e-05,8.009861736219134e-06
nadapha,Hindu,0.8201358421295917,0.8201358421295917,0.04785726329875751,0.001007919695500441,0.12970823299506534,0.0010862581230012835,0.0002044837580838482
nadar,Hindu,0.9071206649164941,0.9071206649164941,0.003323621067984439,0.0003208097339121878,0.08864714523750375,0.0004905847706193693,9.717427348602467e-05
nadeem,Hindu,0.6667012247311928,0.6667012247311928,0.32594601964905434,0.0014767483323349544,0.0035923821616863348,4.687451069592478e-05,0.002236750615035852
nadesan,Hindu,0.9985003377571624,0.9985003377571624,0.0003253994517371442,2.9543477935377453e-05,0.0010463195659501645,1.1614770588096641e-05,8.678497662686143e-05
naeem,Muslim,0.7787216783590338,0.19344609676513644,0.7787216783590338,0.00541442681594009,0.022221501543255646,5.337180435085981e-05,0.0001429247122831487
naeka,Hindu,0.7217054477326733,0.7217054477326733,0.06791511224456619,0.0017505142358116414,0.18671945253181263,0.000168551570652065,0.021740921684484202
nafees,Muslim,0.8303988318373452,0.13955976982463117,0.8303988318373452,0.0007486189503702704,0.029263452815344124,8.858343340995551e-06,2.046822896828736e-05
nafeesa,Muslim,0.7482146636675086,0.22525522199841397,0.7482146636675086,0.0008972512982679355,0.02559383964713445,1.4130549404407163e-05,2.489283927069505e-05
nag,Hindu,0.9994832368468829,0.9994832368468829,2.9335961067873606e-05,7.479841897793745e-05,0.00010970628890802997,0.00029364426787745283,9.27821628548044e-06
naga,Hindu,0.98954209741077,0.98954209741077,5.501238514709371e-05,5.543570738807999e-05,0.0030943664285517066,0.007196028146837022,5.7059921305964546e-05
nagalakshmi,Hindu,0.9027971434515011,0.9027971434515011,0.0055362376235619844,0.009241350495480194,0.082332408947141,5.0430244773265184e-05,4.242923754247007e-05
nagamaa,Hindu,0.5353596407083462,0.5353596407083462,0.004168708775732398,0.00034042296612744167,0.45913736487978785,0.0008473256972853363,0.00014653697272078048
nagamani,Christian,0.8644691658737432,0.1344995596181764,0.0006864204388621862,4.774966683900807e-05,0.8644691658737432,0.00025552779913150616,4.157660324768928e-05
nagamma,Hindu,0.842152341420391,0.842152341420391,0.0022307691808447707,0.002574223726291767,0.15298563781444194,3.999547910481024e-05,1.7032378925453368e-05
naganna,Hindu,0.9793764527657568,0.9793764527657568,6.29434256309369e-05,6.385597088691785e-05,0.010837461065406256,0.009654131412480248,5.155359838833677e-06
nagappa,Hindu,0.8060591780919681,0.8060591780919681,5.515140339600875e-05,2.5159290302958797e-05,0.01534563272511058,0.1785132437988534,1.6346903687862052e-06
nagappan,Hindu,0.9787329900569856,0.9787329900569856,2.6129100540127652e-05,2.812941719905843e-05,0.013690017698061356,0.007520299565044006,2.4341621699645865e-06
nagar,Hindu,0.9866256662310114,0.9866256662310114,0.0001311177380724894,0.0003789623308617658,0.009133293966297085,0.0035778000103686707,0.0001531597233886596
nagaraj,Hindu,0.7763074821701142,0.7763074821701142,9.461921701549121e-05,6.183144092459933e-05,0.2227555674847986,0.0007290296781761188,5.147000897080358e-05
nagarajan,Hindu,0.9167174658030132,0.9167174658030132,0.00028702865935449433,4.4355361623452427e-05,0.08289918206182778,2.7777303025733587e-05,2.419081115535329e-05
nagaraju,Hindu,0.7105136109639416,0.7105136109639416,0.00022489717985682022,5.2918271468628424e-05,0.2869515863862079,0.002225218516754782,3.1768681770276733e-05
nagare,Hindu,0.9678710659749863,0.9678710659749863,0.0004879402880670221,0.00048128677304756583,0.015621692345180231,0.015332620331999114,0.00020539428671976899
nagaswararao,Hindu,0.8893982608334702,0.8893982608334702,0.00023457010831874636,0.0003185313511046922,0.10972747209985326,0.0001297612359646601,0.00019140437128863674
nageenaa,Hindu,0.6793939038472868,0.6793939038472868,0.10820791884871807,0.004094172709704675,0.20806993323476403,4.1028069886101444e-05,0.00019304328964036752
nagendra,Hindu,0.9818894937527011,0.9818894937527011,0.0026468137448065615,0.006342465368255388,0.007919619717389586,0.0010698422984787442,0.0001317651183686441
nagesh,Hindu,0.945400157437712,0.945400157437712,0.002072486829092219,0.00022027960947003017,0.050274349381497656,0.0019947686762150445,3.795806601319336e-05
nageswara,Hindu,0.8886332828142862,0.8886332828142862,0.00023513265191199868,0.00017620270240900857,0.11093852246358955,1.0392420317441705e-05,6.466947485732401e-06
nagina,Hindu,0.9731422763982803,0.9731422763982803,0.01935233743805696,0.002005593503419032,0.005075674483601124,0.000389080038921098,3.503813772154431e-05
nagji,Hindu,0.9484275693087509,0.9484275693087509,0.035508253394777534,0.00568037473666661,0.008617400507611403,0.00019734265881205803,0.0015690593933814449
nagpure,Hindu,0.9983806912820663,0.9983806912820663,0.0008598807023928697,0.00015411195808177019,0.000551634673676102,4.775866434893304e-05,5.922719433923329e-06
nahaka,Hindu,0.9974320102651236,0.9974320102651236,0.0018421021415187648,0.0003067717224168926,0.000397924104897208,8.402707384390212e-06,1.2789058659100727e-05
naidu,Hindu,0.9912662376477978,0.9912662376477978,0.004509063896669677,0.0007102682748002185,0.003470436830365004,1.8341621402917474e-05,2.5651728964523268e-05
naik,Hindu,0.9993163192551652,0.9993163192551652,0.0005033540623445514,8.645718060639097e-05,5.119049441487358e-05,2.1740937621333667e-06,4.050491370691662e-05
nainaa,Hindu,0.7907588591130268,0.7907588591130268,0.13126483549959322,0.005515224044142294,0.07155534532771915,0.0008214318342987607,8.43041812198415e-05
nair,Hindu,0.999547809919515,0.999547809919515,0.00012039427878027054,1.9863871851966073e-05,0.00030803677550315033,5.520859660872762e-07,3.3430683835175693e-06
naiya,Hindu,0.9963379894605373,0.9963379894605373,0.0004296796591851879,6.989856832223342e-05,0.003158309601792519,8.16876661465297e-07,3.3058335011224924e-06
najamaa,Christian,0.4819245144753567,0.32900963437201725,0.18780817746178308,0.0008309652924993758,0.4819245144753567,3.706293283520234e-05,0.00038964546550814244
najeer,Muslim,0.6132460303763113,0.35458610596193507,0.6132460303763113,0.008632084780610713,0.023383324275353487,2.1275442100224568e-05,0.00013117916368917022
najir,Muslim,0.5178849805497105,0.4315318814155638,0.5178849805497105,0.0008595232632770428,0.0026496771618420415,8.661338670665077e-05,0.04698732422290002
nakka,Hindu,0.8428800748220313,0.8428800748220313,0.06041054923965669,0.07208530604191679,0.023972718621060547,0.00025823245966122657,0.00039311881567338704
nakkar,Hindu,0.7099741799837774,0.7099741799837774,0.19544727302217185,0.0694733998001025,0.022700835126736107,0.00039203761747617265,0.0020122744497361937
nakshar,Hindu,0.9600644713501246,0.9600644713501246,0.014733811858235427,0.02235760240367516,0.0028104956293784596,1.1982346038125571e-05,2.1636412548335274e-05
nakul,Hindu,0.9573826832570819,0.9573826832570819,0.002598255335743912,0.0015037554665596174,0.038455156614244326,1.5388450211829486e-05,4.476087615835026e-05
nakum,Hindu,0.883262592425257,0.883262592425257,0.01430923272761914,0.004588041774538382,0.0976464999493026,0.00010518506612097107,8.844805716191294e-05
nalaavade,Hindu,0.6458289242525662,0.6458289242525662,0.0009088740515207989,0.00014435866654189717,0.35244928720022434,0.00022328975306096176,0.00044526607608574696
nalavade,Hindu,0.9011107444020855,0.9011107444020855,0.015043648351615322,0.0018301100478152533,0.08078938696922908,0.0006442990298444649,0.0005818111994102401
nalini,Hindu,0.7035225217622803,0.7035225217622803,0.07658156063007357,0.0026564296867332042,0.21720959810976032,2.3999105766769385e-05,5.890705385607923e-06
nallathambi,Christian,0.993366986297696,0.004626691427358441,0.0019527989446377664,4.952873249672346e-05,0.993366986297696,2.055463442535461e-07,3.78905146679454e-06
nambaru,Hindu,0.9767409369827862,0.9767409369827862,0.008256416463743609,0.0005067829843786619,0.012683637175595515,7.371397932955424e-05,0.001738512414166477
namd,Hindu,0.8839889251828095,0.8839889251828095,0.10660505983174022,0.0031256661336045303,0.001752850245865921,2.2081801956477944e-05,0.00450541680402339
namdakisoor,Hindu,0.7152301374764963,0.7152301374764963,0.24852009642078318,0.015142331813690716,0.020640842599909927,8.006401157147783e-06,0.00045858528796265244
namdalaal,Hindu,0.68416148834707,0.68416148834707,0.22393361001676657,0.004163553035341054,0.08720942992588283,6.245011989868428e-05,0.0004694685550408451
namdev,Hindu,0.9855343745591255,0.9855343745591255,0.0009098254417627796,0.00029168534866976957,0.0010702531759409473,1.984490004937399e-06,0.012191876984496083
namithaa,Hindu,0.5779491026639395,0.5779491026639395,0.05419185761367901,0.01347303775748789,0.3536071889338296,3.2051132361616115e-05,0.0007467618987021655
nana,Hindu,0.9996474284202511,0.9996474284202511,8.85661658894908e-06,2.6309286742366806e-06,0.00014532414130381273,0.00018104918269234958,1.4710710489445822e-05
nanakee,Hindu,0.9549673674790101,0.9549673674790101,0.02449534508448922,0.0015610145826710537,0.018819903465312596,4.361927098005129e-05,0.00011275011753704568
nanandalaal,Hindu,0.9935959065751241,0.9935959065751241,0.0025767821993315145,4.568735931940133e-05,0.0036763004515969885,6.244726309767644e-05,4.287615153027617e-05
nanavare,Hindu,0.9855273338993742,0.9855273338993742,0.0011286969792455646,6.833603350544072e-05,0.007187926017607832,0.006063986956464542,2.37201138024438e-05
nand,Hindu,0.9991964748473947,0.9991964748473947,6.684063502897944e-06,5.0059009516384345e-06,8.819584589806833e-06,0.0006202618207154534,0.00016275378284554858
nanda,Hindu,0.9998647519323829,0.9998647519323829,1.6378178846058197e-05,9.168034621910526e-07,8.008950831183242e-06,7.738688679426096e-05,3.2557247683379943e-05
nandakishor,Hindu,0.9840704886139212,0.9840704886139212,0.003005510403629246,0.00019784080863205746,0.012626764120065276,1.4677643191682935e-05,8.471841056045367e-05
nandakisoor,Hindu,0.9627391078676149,0.9627391078676149,0.028695947516449292,0.001420024327828734,0.007019377130943667,1.6832608058830904e-05,0.00010871054910436703
nandakumar,Hindu,0.9451804044876007,0.9451804044876007,0.01452024859064242,0.001080874858819497,0.03810630795199748,0.0009054194201288129,0.00020674469081110556
nandalaal,Hindu,0.9833017812201834,0.9833017812201834,0.009255840240979458,7.632176348602442e-05,0.007285103916691023,4.044080780664425e-05,4.051205085358123e-05
nandalal,Hindu,0.9868252568979312,0.9868252568979312,0.012201605235636633,8.162334051470335e-05,0.0008285367183429621,4.0652963034278235e-05,2.2324844540337534e-05
nandan,Hindu,0.9997456869852354,0.9997456869852354,3.992476831300985e-05,3.0523204261510596e-06,0.00010554208631132931,6.958635765141637e-05,3.620748206274763e-05
nandaram,Hindu,0.9988137319201369,0.9988137319201369,0.00016817101760614256,3.077978376642641e-05,0.00020027319203181287,0.0006281957141726265,0.00015884837228622163
nandi,Hindu,0.9999440587952968,0.9999440587952968,1.478774307020966e-05,1.2963635751217812e-06,1.626713390518242e-05,1.9192246259245223e-05,4.397717893175233e-06
nandinee,Hindu,0.9824343989140879,0.9824343989140879,0.015363853597361272,8.75692257250494e-05,0.0019912634484735054,9.997034158467743e-05,2.2944472767592933e-05
nandkishor,Hindu,0.657062708603357,0.657062708603357,0.004116405063097165,0.001268199714396819,0.030137092116097088,5.487229227945097e-05,0.30736072221077226
nandlal,Hindu,0.9932627090782788,0.9932627090782788,0.002643007604942942,0.0003761112683791339,0.0034013084930314902,0.0001573955998709443,0.0001594679554965921
nandoo,Hindu,0.9816066252154866,0.9816066252154866,0.009739531673939796,0.0026890342276391474,0.005233196578216145,0.00020918114842303462,0.0005224311562953197
nandu,Hindu,0.9986500500212554,0.9986500500212554,0.0002110636755431552,4.8898514733535416e-05,3.775025529612194e-05,0.00040650443147008424,0.0006457331017015978
nanh,Hindu,0.9896476357329892,0.9896476357329892,0.004508185449548678,0.00038001426295670656,0.004622138052897176,0.0007499408503136272,9.208565129466579e-05
nanhak,Hindu,0.954242740703818,0.954242740703818,0.03346703855263819,0.0014916048519369438,0.010476578446129309,0.00020534514954355729,0.0001166922959339205
nanhe,Hindu,0.9693437631308219,0.9693437631308219,0.012579566630826077,0.0004270230401475281,0.01738696659456284,0.00017763136008916037,8.504924355256106e-05
nanhee,Hindu,0.9173896657302425,0.9173896657302425,0.05240753032385094,0.0011154403265302662,0.028952708201666597,6.647241747811937e-05,6.81830002313911e-05
nanhelal,Hindu,0.964569908127891,0.964569908127891,0.017877805985628787,0.0004523712621114912,0.01692331795239765,0.00015678776483656352,1.980890713469691e-05
nank,Hindu,0.9972832679667046,0.9972832679667046,0.00045920441815887515,1.703117352794333e-05,0.00018307644137905086,0.0019090858589143557,0.00014833414131548
nanu,Hindu,0.9961411448691387,0.9961411448691387,0.0007636894263380601,3.900653463186514e-05,0.002806483589706541,0.00016457816194177265,8.509741824296858e-05
nanuram,Hindu,0.9889550865865169,0.9889550865865169,0.007021360041724037,0.0003550004740708691,0.0031014728384094426,0.0002217538736725369,0.00034532618560626107
naphees,Christian,0.9320238271148588,0.057091844049480624,0.010609751552256755,0.00020820924239623253,0.9320238271148588,5.800538232944117e-05,8.362658678119923e-06
napheesaa,Christian,0.9246978952535012,0.062147462453779896,0.012896693736119529,0.00019804922540011285,0.9246978952535012,4.982367318276702e-05,1.0075658016511284e-05
nar,Hindu,0.9995808550194079,0.9995808550194079,2.3253197782787212e-06,2.601921918511293e-06,0.00027996314966632967,0.00012978335485117588,4.471234378017755e-06
naraayan,Hindu,0.8450136104464834,0.8450136104464834,0.0019980944231370655,0.0007026549484808722,0.1520605552284687,0.00013251596980245187,9.2568983627361e-05
naragis,Hindu,0.9568096339879599,0.9568096339879599,0.0034120572005232486,0.000560879711838104,0.039079175631019945,5.3242346671749124e-05,8.501112198724745e-05
naran,Hindu,0.9979359648277285,0.9979359648277285,7.316575734482429e-06,3.0963493628719328e-06,0.0018532878113598319,0.0001276750942978364,7.26593415162239e-05
narasamma,Hindu,0.8287612242911435,0.8287612242911435,0.0005327919831157457,0.00021703529193639758,0.17047808464686554,3.774264394518405e-06,7.089522544377286e-06
narasimh,Hindu,0.9843232556235635,0.9843232556235635,0.002566309152585737,0.0005069640461057046,0.012592270453690407,5.101204810862111e-06,6.0995192439880455e-06
narasimman,Hindu,0.9574982615174443,0.9574982615174443,0.01200605287642484,0.001678304720736348,0.028774685151935694,1.756301595669871e-05,2.5132717502114298e-05
naravaade,Hindu,0.9609355056474064,0.9609355056474064,0.0004924106645558549,9.463558521669154e-05,0.0365486064050841,0.0009267989916402278,0.0010020427060970251
narawade,Hindu,0.9909097121826472,0.9909097121826472,0.00029418650230174153,3.505701746000675e-05,0.0056529010143396875,6.663877263095861e-05,0.0030415045106205467
narayan,Hindu,0.8752568900378023,0.8752568900378023,1.3388947606103872e-07,3.170221671632584e-06,0.11464770680928554,0.010059689225667209,3.2409816097277295e-05
narayana,Hindu,0.8571646789389611,0.8571646789389611,6.217503881012205e-08,5.992033829262747e-07,0.142515420285927,0.0003154798696527799,3.7595270375573933e-06
narayanamma,Hindu,0.917708214685285,0.917708214685285,3.3191726953813736e-05,0.00015599131915489068,0.08207620595159772,2.1067423042489525e-05,5.3288939659662e-06
narayanan,Hindu,0.9763039803040667,0.9763039803040667,1.9359186957548404e-07,1.0466179968002303e-06,0.023598625066079293,9.289953006904074e-05,3.2548899184172036e-06
narayanasamy,Hindu,0.99512644081989,0.99512644081989,8.610698271542205e-06,4.884909204232009e-06,0.0048528905105232915,5.066908684648755e-06,2.1061534266446832e-06
narayani,Hindu,0.9273355569682583,0.9273355569682583,1.2660743967095913e-05,2.75519143590502e-05,0.07106129437067901,0.0015349867441212478,2.794925861522125e-05
narayanlal,Hindu,0.9318011155740218,0.9318011155740218,2.1714361485021508e-05,3.235974434287479e-05,0.06721671075260469,0.000910912077398593,1.7187490147084473e-05
narayansingh,Hindu,0.8344370734280863,0.8344370734280863,8.050931350303576e-05,0.16108202383648215,0.004395114304302688,4.981844564757439e-06,2.9727306101782327e-07
naremdr,Hindu,0.9135057921277157,0.9135057921277157,0.08050870012954099,0.0010805422498625652,0.004171582136047143,0.0002990856933061345,0.00043429766352734466
narendr,Hindu,0.9850318496718281,0.9850318496718281,0.0007054826925025665,0.0014711363783530798,0.01224290471447652,0.0005154431367266402,3.318340611297646e-05
narendra,Hindu,0.9827869221588718,0.9827869221588718,0.0004951668500629602,0.001176933504817897,0.014256852065863407,0.0012202820098263722,6.384341055745457e-05
nares,Hindu,0.969853858518486,0.969853858518486,0.0015246001506851405,3.711083146753175e-05,0.02826711678260504,0.000307418368145569,9.895348610427913e-06
naresh,Hindu,0.9927311905513271,0.9927311905513271,0.0011891143494535525,1.519677084106033e-05,0.005377737511339259,0.0006649549666525611,2.1805850386527284e-05
nariadar,Hindu,0.5665174425764203,0.5665174425764203,0.0009476412349006985,6.03744779890257e-05,0.4324242857120561,3.682166534160934e-05,1.3434333292286668e-05
narmada,Hindu,0.9936756243463756,0.9936756243463756,0.0033629636182669104,0.0006942784229554706,0.0021755668025424117,2.9530571095970383e-05,6.203623876350792e-05
narmadaa,Hindu,0.9737082436952864,0.9737082436952864,0.005061782906344165,0.0010874727309395555,0.019988193735553893,4.5306895171991705e-05,0.00010900003670400836
narsamma,Hindu,0.9657520792492231,0.9657520792492231,0.004952769525531347,0.0038533872967614906,0.02542726494962348,4.473412259756961e-06,1.0025566601066068e-05
narsingh,Sikh,0.6618498712437761,0.33802002143715,0.00010344213216754837,0.6618498712437761,2.665026044239498e-05,1.2653531066799769e-08,2.272932848892822e-09
nasar,Hindu,0.5787242927104366,0.5787242927104366,0.02296390407618221,0.0005085715770614074,0.3976659060683968,7.858362289359039e-05,5.874194502934494e-05
nasareen,Hindu,0.6328407784906677,0.6328407784906677,0.06905681450839715,0.001964254794148544,0.2960777600158934,2.421653518185299e-05,3.61756557111948e-05
naseeb,Christian,0.49056893916549305,0.2164129934750238,0.2907123742465798,0.0022535893727444454,0.49056893916549305,1.5576571874967958e-05,3.652716828399058e-05
naseem,Muslim,0.4025817492388572,0.2575637839520721,0.4025817492388572,0.0029992616653026095,0.33679559473199155,1.4916946065080205e-05,4.469346571169311e-05
naseemaa,Christian,0.5273913078548662,0.22699863424376426,0.2433507362679727,0.0021742581553712724,0.5273913078548662,3.432336847649758e-05,5.074010954907439e-05
naseer,Christian,0.4621793039635088,0.35758725422094423,0.17755180454035766,0.002652716809179025,0.4621793039635088,7.814521394079216e-06,2.1105944616344162e-05
nasim,Muslim,0.45485829422660806,0.1424663889202623,0.45485829422660806,0.00320030753659592,0.3994628265082258,6.4944597329212824e-06,5.688348575112817e-06
nasir,Christian,0.6866668139499805,0.07992774808886105,0.2324961564828951,0.0008948159298887788,0.6866668139499805,7.871716645657681e-06,6.5938317289299475e-06
naskar,Hindu,0.9095893748771524,0.9095893748771524,0.0010986218119298443,0.0008186452422491212,0.0884648492404635,6.073449638907777e-06,2.2435378566495125e-05
nasruddin,Muslim,0.9989946960916424,0.0007539508028976931,0.9989946960916424,1.318114634061388e-05,0.00023765564046837834,1.9528973272618356e-07,3.2102891818714664e-07
nataraj,Hindu,0.999811119731409,0.999811119731409,8.048993670806593e-05,1.4876198775859213e-05,6.443904264471092e-05,1.7738890973684376e-05,1.1336199488616418e-05
natarajan,Hindu,0.999381878051284,0.999381878051284,0.00024735350889016613,2.1410886309949186e-05,0.0003366382468904878,2.9160679972181573e-06,9.80323862811736e-06
natarasan,Hindu,0.9989947545850391,0.9989947545850391,0.0003864258868592475,4.881198161691524e-05,0.0005401257213283022,1.2463953559211663e-05,1.7417871597310686e-05
nath,Hindu,0.9990225859190426,0.9990225859190426,2.9792631666871788e-06,0.00022553158212610083,4.537400930354414e-05,1.6047351305301639e-06,0.0007019244912306644
naththoo,Hindu,0.9362383422131025,0.9362383422131025,0.0020323505501196955,0.016043589096555833,0.04521856262773793,2.1946718879884826e-05,0.0004452087936040208
nathu,Hindu,0.9012040836968657,0.9012040836968657,4.190251590128582e-05,0.012415862282988594,0.0001904191855088251,1.0667476190704128e-05,0.08613706484254499
nathulal,Hindu,0.9838367686115506,0.9838367686115506,0.004006739960790783,0.006361382187344753,0.0022404278312760655,3.99054376403878e-05,0.003514775971397453
nathunee,Hindu,0.9513021795382368,0.9513021795382368,0.024011629419228665,0.00658643749315806,0.01040205301618452,2.9258951104871124e-05,0.007668441582087185
nathuram,Hindu,0.991314914222488,0.991314914222488,0.0006462963763406607,0.0018256138456717351,0.00021279156030875256,0.002045300570219408,0.00395508342497166
natthu,Buddhist,0.6436734821096427,0.3171089606057134,0.003659398177039258,0.030456068501190918,0.004505002129138439,0.0005970884772753458,0.6436734821096427
natthulal,Hindu,0.8379430949655384,0.8379430949655384,0.005893021588211476,0.015527395267323297,0.002830331238200815,0.0004778282228457808,0.13732832871788014
naushad,Sikh,0.5404087173126128,0.44549618378951333,0.00927960485515782,0.5404087173126128,0.003939695220314277,4.921168453477582e-05,0.0008265871378671208
navaab,Hindu,0.759168208830033,0.759168208830033,0.08928968225999347,0.0006182179925463253,0.13515889844828977,0.015565841545498407,0.00019915092363905696
navadeep,Hindu,0.9890575948872307,0.9890575948872307,0.0011313267234647122,0.00017142038552168484,0.008775632635700794,0.0007261818885918012,0.00013784347949049512
naval,Hindu,0.946951417414246,0.946951417414246,0.002195272872051156,5.524139396698987e-05,0.0008364330010349843,0.04995147927626124,1.0156042439694776e-05
navale,Hindu,0.944422061141748,0.944422061141748,0.006696489360594651,9.482867387538824e-05,0.006526219882538353,0.04221330152450587,4.709941673780307e-05
navaneeth,Hindu,0.9600789097716929,0.9600789097716929,0.010094097277249763,0.000810048506557274,0.027156414774934717,0.0015935277765562394,0.0002670018930090065
naveen,Hindu,0.9419415687170201,0.9419415687170201,0.0211831217549767,0.001781689788310384,0.0349948077298763,7.420488957422994e-05,2.4607120242504166e-05
navi,Hindu,0.9330337303316487,0.9330337303316487,0.0017383699785047104,0.0002461199676310786,0.03246240038013928,0.032483628278781276,3.575106329491722e-05
navin,Hindu,0.8879526153126772,0.8879526153126772,0.003861581730747848,0.0019270371495197064,0.09328260851347796,0.012925596363194743,5.0560930382633664e-05
nawab,Hindu,0.9550011217258944,0.9550011217258944,0.03866560160830809,0.00012120343456717447,0.005896625619127795,6.522331554551738e-05,0.00025022429655708917
nayak,Hindu,0.998510859327137,0.998510859327137,5.350574966534162e-05,5.632403796710958e-05,0.001378670121184078,4.08916336797823e-07,2.3184770949417644e-07
nayakkar,Hindu,0.9547552686521349,0.9547552686521349,0.01751944847874071,0.013053661103276512,0.01448983653920353,4.247565202508836e-05,0.00013930957461943215
nayana,Hindu,0.9587251375018091,0.9587251375018091,1.0652235443971788e-05,1.8568720074056404e-05,0.041236367065826396,8.182995439143795e-06,1.0914814070972922e-06
nayar,Hindu,0.9561828692054591,0.9561828692054591,0.00011853354576895229,0.00033705277365439213,0.04334971174867056,5.528721849247771e-06,6.30400459805703e-06
nayek,Christian,0.5005573928956383,0.4694571508586904,0.028399809834752224,0.0011125344830727156,0.5005573928956383,1.3459328986862115e-05,0.0004596525988596032
nayka,Hindu,0.904997725285897,0.904997725285897,0.0073939790126151435,0.0023969066621354856,0.08496397726862846,9.025930077416004e-05,0.00015715246994994693
nayudu,Hindu,0.8915099577066243,0.8915099577066243,0.012922610686960777,0.0064846030419533395,0.0890017596216714,3.623497676401659e-05,4.4833966026082115e-05
naz,Muslim,0.9211581701683375,0.06911392344448887,0.9211581701683375,0.0011744700141409793,0.00816450754972591,0.00032014630327023596,6.878252003658258e-05
nazir,Muslim,0.9508521133969965,0.04607454080855165,0.9508521133969965,0.0006073795370081273,0.002359066334736994,2.1701483227694754e-05,8.519843947882804e-05
necha,Hindu,0.920008351982493,0.920008351982493,0.007752995629925175,0.0005471425457692421,0.0715380704608194,2.7100994672849255e-05,0.0001263383863204972
neelam,Hindu,0.8570889673342275,0.8570889673342275,0.051597197147394254,0.00026883883876715,0.09093411702505878,7.971790203650873e-06,0.00010290786434871642
neeles,Christian,0.5975983531507831,0.3694870004922961,0.032728228928049254,0.0001600434614001174,0.5975983531507831,8.325081972071506e-06,1.8048885499413877e-05
neeloo,Christian,0.764020013147886,0.17360040110105449,0.05958786649186655,0.002753651831033556,0.764020013147886,9.872487633289374e-06,2.8194940526136656e-05
neemaa,Muslim,0.5357006054139619,0.27545211632681343,0.5357006054139619,0.0019945446679358646,0.18653263704553344,0.00011704965545294983,0.0002030468903024848
neeraj,Hindu,0.6813638141103233,0.6813638141103233,0.2761200782427296,0.0007544285769957916,0.04161444048213609,2.74950614272743e-05,0.00011974352638792601
neeroo,Hindu,0.4561783749852328,0.4561783749852328,0.3449491334607903,0.009910152320694976,0.18879397063873557,3.0069554373839328e-05,0.0001382990401725116
neesaa,Christian,0.7967306184390587,0.12530700256056138,0.0774439872241931,0.0004509786505169847,0.7967306184390587,2.0251327906960428e-05,4.716179776291751e-05
neethaa,Christian,0.6872658216402715,0.28407154133038226,0.02572450280172601,0.002861379926936448,0.6872658216402715,1.5451173164379423e-05,6.130312751941834e-05
neethoo,Hindu,0.6443586844209941,0.6443586844209941,0.03368652360170403,0.017516102421681296,0.3043325297013463,1.220208410520905e-05,9.39577701691399e-05
neethu,Hindu,0.6495429628761566,0.6495429628761566,0.032945002289797916,0.02946974007730932,0.2875609594787307,2.8624226719409027e-05,0.00045271105128594534
negi,Hindu,0.6872779268538141,0.6872779268538141,0.1093489609702181,0.0020855838640149297,0.20104716891035987,4.6182318474562185e-05,0.0001941770831185165
nehaa,Muslim,0.45531771480018773,0.2861436486544624,0.45531771480018773,0.0019620471525050444,0.25599105963980673,0.0002433030935022998,0.00034222665953581507
nembaru,Hindu,0.9103665652743542,0.9103665652743542,0.05872466146900665,0.001342663470781718,0.024375837315658084,0.0011336154637377831,0.0040566570064615075
nepaal,Hindu,0.5010166953724681,0.5010166953724681,0.007337046177072026,0.00043500837018951936,0.49103125275200077,0.00012838200966091705,5.161531860871625e-05
nesa,Hindu,0.8849284193304694,0.8849284193304694,0.0028475104994946515,1.5248160969050664e-05,0.11213039018154705,6.044128568450655e-05,1.7990541835157032e-05
nesha,Hindu,0.9930160864324045,0.9930160864324045,0.0010599907372203469,1.1372057498378834e-05,0.0055838901899358945,0.00022618140036541928,0.00010247918257547101
netaram,Hindu,0.9985747101656478,0.9985747101656478,6.014762255940094e-05,6.466246944845576e-05,0.0006889874660964348,0.00014542627121601846,0.00046606600503187634
nethrapaal,Hindu,0.7425313818319789,0.7425313818319789,0.004356286873151943,0.0008800759004527978,0.2518114003286052,0.0001878009127561621,0.00023305415305501913
nevaare,Christian,0.7094190959721273,0.28976687139058704,0.0006104850100606639,8.800414989474453e-05,0.7094190959721273,4.442920433142444e-05,7.111427299882581e-05
nevare,Hindu,0.6639010003204604,0.6639010003204604,0.0007417266074389019,9.189457558362586e-05,0.3351794402751238,4.791221629110348e-05,3.802600510216375e-05
nibhaa,Hindu,0.9287462990703363,0.9287462990703363,0.061916345808353,0.0011393354720538574,0.008113078239020006,3.8693445421367376e-05,4.6247964815620354e-05
nidhi,Hindu,0.9739020341719237,0.9739020341719237,0.018274894433652857,0.0006905734933910201,0.007073703262153399,3.195640830988394e-05,2.6838230568983095e-05
nigam,Hindu,0.8899304300870914,0.8899304300870914,0.05333905401738733,0.0011309719905345011,0.05510796199751845,1.4809364874474266e-05,0.00047677254259385253
nihaal,Muslim,0.5116484763874155,0.3452627772725913,0.5116484763874155,0.0017508240295843445,0.14123976233402627,5.031924891183512e-05,4.784072747072424e-05
nijaam,Muslim,0.4722641702102946,0.4317463061108891,0.4722641702102946,0.0011899654178661955,0.09456479159962794,2.2943343641861762e-05,0.00021182331768011925
nijaamuddeen,Muslim,0.894951965287475,0.09767815502419358,0.894951965287475,0.00046187238429942903,0.0068776939174040545,1.5454745261724466e-06,2.8767912101839543e-05
nikahath,Hindu,0.9641386396328352,0.9641386396328352,0.027352894060604097,0.004319770127090978,0.00405338529382452,3.421817343159486e-05,0.00010109271221357025
nikam,Hindu,0.9482587756107549,0.9482587756107549,0.03457616133782871,0.0028541564048297553,0.014036140281839103,0.00011766089737166841,0.0001571054673758641
nikhil,Hindu,0.8168948142328953,0.8168948142328953,0.1244050092641633,0.013519849954683867,0.045004643912782936,3.4794917741369545e-05,0.00014088771773318473
nikithaa,Hindu,0.6537602635014045,0.6537602635014045,0.05277334838565449,0.01842054564359484,0.27477061492782,5.721041357375972e-05,0.0002180171279523349
nilam,Hindu,0.9879019155494314,0.9879019155494314,0.0029368165359273434,7.026363232911423e-05,0.008864571001624775,1.3976969075865158e-06,0.00022503558378005165
niles,Christian,0.5300496600395174,0.4659270107503921,0.0038601977657238226,0.00013765164027827072,0.5300496600395174,1.0587175158482596e-05,1.489262892988658e-05
nilesh,Hindu,0.8328428995076996,0.8328428995076996,0.003300229029822681,0.00013336507966251552,0.16364214665724666,4.239767104430856e-05,3.896205452454057e-05
nimbaalakar,Hindu,0.9529084658107948,0.9529084658107948,0.007951066208976804,0.0012611187016047345,0.03588794519337868,4.731809458092652e-05,0.001944085990664034
nimbalkar,Hindu,0.9539930342375822,0.9539930342375822,0.011593968610258592,0.003947421333596392,0.006314274861500401,0.00010598640013406462,0.02404531455692858
nimgappa,Hindu,0.9715209819560083,0.9715209819560083,0.002270129038464257,0.00015196971420272263,0.02505385393112713,0.0009966149278813493,6.450432316269256e-06
ningthoujam,Hindu,0.9442486388341637,0.9442486388341637,0.01160785187403331,0.017968552441126228,0.026093744323307924,1.8503603376063709e-06,7.936216703124425e-05
niraj,Hindu,0.960311719299219,0.960311719299219,0.02621590504475841,0.00027787091000930375,0.012007493948600694,5.072901065055876e-05,0.0011362817867620353
niramaa,Hindu,0.951349232299383,0.951349232299383,0.003069726293890255,0.0002836990138254683,0.036546425520959006,0.00014035168196685428,0.00861056518997524
niramal,Hindu,0.9892836352580239,0.9892836352580239,0.002768889955794902,0.00011053114454465053,0.00637665885849304,8.293249295677327e-05,0.0013773522901866652
niramalaa,Hindu,0.9192999162985428,0.9192999162985428,0.002552663915841179,0.00017370670718685444,0.07639034679086223,5.465045496112236e-05,0.0015287158326059177
niramjan,Muslim,0.6592809131416404,0.33000698112809446,0.6592809131416404,0.0005749729315691578,0.002897312247369613,1.6757252815345318e-05,0.007223063298511182
niranj,Hindu,0.9894724568895477,0.9894724568895477,0.006421359167352231,0.00020943215115172274,0.001542391090114417,8.701581963200304e-06,0.0023456591198708233
niranjjana,Hindu,0.9912306392888012,0.9912306392888012,0.004884190302225715,0.00010554400350182786,0.0023890539506799522,2.4782540529012836e-05,0.0013657899142622046
nirmal,Hindu,0.7517690512257097,0.7517690512257097,0.019886697505310157,0.005534849387076907,0.22245971309582666,0.00029480349236340813,5.48852937130312e-05
nirmala,Christian,0.6615037111579453,0.3292459981693378,0.006814898782810786,0.002238903195131848,0.6615037111579453,9.846276104009239e-05,9.802593373418719e-05
nirmalaa,Christian,0.890908174143393,0.1039797599352118,0.004029903504888882,0.0009868762711138898,0.890908174143393,4.069431481212322e-05,5.4591830580368886e-05
niru,Hindu,0.9192735976907396,0.9192735976907396,0.04296927964966195,0.0012350704207525522,0.03604064381563493,9.226831991392726e-06,0.00047218159121968054
nirupamaa,Hindu,0.9156675839285177,0.9156675839285177,0.018373214730400652,0.0014313672689752232,0.06414525675403465,6.93799476007776e-05,0.0003131973704713094
nisa,Hindu,0.6848927029163964,0.6848927029163964,0.23211744834243517,0.0005461812562834865,0.08241272028125227,4.76277546657512e-06,2.6184428166117394e-05
nisaa,Christian,0.582504368445013,0.24990516737566978,0.1666874630215158,0.0008361990154160434,0.582504368445013,1.0626691462422143e-05,5.617545092304172e-05
nisaamani,Christian,0.7500295819672258,0.23107173364661682,0.018642159696329375,0.00014523022743306098,0.7500295819672258,3.641916725437563e-05,7.48752951405564e-05
nisaar,Hindu,0.4445418857097284,0.4445418857097284,0.12160906839866138,0.0016081094898206317,0.43213492368615697,2.0492247421957928e-05,8.552046821043418e-05
nisar,Hindu,0.5213365285030894,0.5213365285030894,0.4262643024287844,0.0014463379941029484,0.05089638889651715,1.0184164632000968e-05,4.6258012873970746e-05
nisha,Hindu,0.5903523418217109,0.5903523418217109,0.40485382640489503,0.0006485179759798049,0.004140397905258043,1.0850333684819953e-06,3.830858787654895e-06
nishaad,Hindu,0.6572888942333306,0.6572888942333306,0.2715442541661596,0.0023376781843824487,0.06872610987260133,1.8711663684578124e-05,8.435187984136497e-05
nishaan,Hindu,0.6301180656489621,0.6301180656489621,0.25993780093956675,0.001887224655865601,0.10797068194069892,1.6045855115091552e-05,7.01809597914309e-05
nita,Hindu,0.9972692345624876,0.9972692345624876,0.0012066909471917006,0.0003697446103381342,0.0010451879462896893,6.313346498882662e-05,4.600846870410811e-05
nithees,Christian,0.7690116584619218,0.16620328119102218,0.04011044618987839,0.024627088813279054,0.7690116584619218,9.100766736713358e-06,3.842457716171571e-05
nithes,Christian,0.6955557153529014,0.2817556923548029,0.01440387087295949,0.008227024791160529,0.6955557153529014,1.563333787854918e-05,4.206329029705608e-05
nithin,Hindu,0.8185878047842144,0.8185878047842144,0.010192019949834749,0.03735949912555393,0.13367892818525667,3.117944330415277e-05,0.00015056851183598043
nithu,Hindu,0.7815291219843186,0.7815291219843186,0.031963830712858764,0.08143707782389355,0.10364442809668635,3.368386726197571e-05,0.0013918575149806656
nitin,Hindu,0.9439256276043101,0.9439256276043101,0.012991434303429182,0.004503112347021169,0.038416447275317366,0.0001473407991765703,1.603767074578356e-05
nivas,Hindu,0.9451800069053784,0.9451800069053784,3.0501965490504367e-05,5.709133206388381e-06,0.05477834363664316,1.5081790644154287e-06,3.930180217255108e-06
nizam,Muslim,0.9617778054611839,0.03034827577707075,0.9617778054611839,0.0011344235514341532,0.006687024009055878,7.1207041760970575e-06,4.535049707936868e-05
nizamuddin,Muslim,0.9981262523520485,0.0016168255966775155,0.9981262523520485,3.174979292996734e-05,0.00022442101013092516,2.8183115718257466e-07,4.6941705573125047e-07
noniya,Hindu,0.7573132089848935,0.7573132089848935,0.056189937418608366,0.0016065013658210937,0.18481692184186926,1.0663704573208715e-05,6.276668423445546e-05
noor,Muslim,0.9629335156090283,0.020990959847736648,0.9629335156090283,0.004428319330591953,0.011575930642098397,5.283132791104596e-06,6.599143775370533e-05
noorajahaa,Muslim,0.7557022207224801,0.20533110469205193,0.7557022207224801,0.002774079108360035,0.03609129033053394,1.731782794354754e-05,8.398731863046101e-05
noorajahaam,Muslim,0.7218516728339305,0.2422885792078007,0.7218516728339305,0.002883265883507394,0.032823471581198686,1.4635858238158272e-05,0.00013837463532449562
noothan,Hindu,0.5629060026681286,0.5629060026681286,0.15324676001082718,0.029671438041556034,0.25283615966131057,0.00016435794223865544,0.0011752816759388772
nousaad,Muslim,0.6182785738364364,0.17611937015981638,0.6182785738364364,0.027171240463811433,0.17774062354246478,4.997115193333959e-05,0.0006402208455376848
nur,Hindu,0.7615028642299522,0.7615028642299522,0.2153637876106234,0.0023933503907752874,0.020626556754244112,6.550256901716501e-05,4.7938445387820924e-05
nusarath,Hindu,0.9813668769529992,0.9813668769529992,0.0065635909330089585,0.0006197811038575002,0.011215721631813037,4.494199307155716e-06,0.00022953517901401501
nusimha,Hindu,0.7723153468037864,0.7723153468037864,0.19090236620627557,0.010385597234643574,0.026376564403786017,2.7496215997187714e-06,1.7375729908817444e-05
oamkaar,Hindu,0.6486734762041718,0.6486734762041718,0.02190013547173467,0.007072491774007419,0.19637344554390562,8.267783862867096e-05,0.12589777316755174
odedaraa,Hindu,0.9806997556287166,0.9806997556287166,0.0028432137856579044,0.00026726299805021657,0.015641899864066784,0.00012518990934870866,0.00042267781415972926
ojha,Hindu,0.9689442321462438,0.9689442321462438,0.024004522127894345,0.0013852278751369223,0.005253614629953328,7.280505105212506e-06,0.0004051227156666701
omakaar,Christian,0.6514500137239608,0.3035902845656559,0.04107048048342949,0.002608369842097197,0.6514500137239608,3.790499517562925e-05,0.001242946389680873
omana,Christian,0.6171294724982694,0.38164328633141276,0.00021534768835715007,1.3241418203565086e-05,0.6171294724982694,1.706215608072031e-05,0.0009815899076763
omapaal,Hindu,0.5045096667895282,0.5045096667895282,0.013862402405183492,0.0009331232141850964,0.4801333226740333,0.00033190947029799583,0.00022957544677188878
omaprakaas,Christian,0.7553615482187476,0.23130964956018554,0.011245595349045397,0.0015906613069826187,0.7553615482187476,0.00023044989742603984,0.0002620956676126894
omavathee,Christian,0.5569005346514155,0.43760055466023623,0.004470351591548108,0.0008246379053538627,0.5569005346514155,1.136724277051763e-05,0.00019255394867581785
omaveer,Hindu,0.8156538242772805,0.8156538242772805,0.0073276406756994745,0.0005842083736920177,0.17634072691434313,1.6382366203874415e-05,7.721739278108475e-05
omkar,Buddhist,0.6254390608053993,0.3645547305545457,0.001592793085893242,0.0006146132409860839,0.007782698912909756,1.610340026589395e-05,0.6254390608053993
ompal,Hindu,0.9931559519357138,0.9931559519357138,0.0008776149881092373,0.0005514521200811508,0.0041582986411291024,4.005386984803094e-05,0.0012166284451183456
omprakash,Hindu,0.8350013482196388,0.8350013482196388,0.023154169920313206,0.03508776682457272,0.09917353058823784,0.0020276407348685907,0.0055555437123688345
ooshaa,Christian,0.8321124058389501,0.08881060939085,0.048298081803135516,0.030625803704133,0.8321124058389501,5.480904365456356e-05,9.829021927685646e-05
orao,Hindu,0.9630054645307857,0.9630054645307857,1.0861348252391861e-05,9.111692535704416e-06,0.03650744347280011,2.3118401432501306e-05,0.0004440005541937667
otaru,Hindu,0.988472376065712,0.988472376065712,0.0038666713014136886,0.0027278707522869314,0.004382054393350786,2.6101118345844785e-05,0.0005249263688908968
oto,Hindu,0.4945496048517571,0.4945496048517571,0.07561353036982933,0.1735862887296594,0.2507861949373084,0.0003379520229610174,0.005126429088484668
ots,Hindu,0.6122235401785991,0.6122235401785991,0.15405979345854762,0.07324975957688752,0.15932394863045646,0.00022637056200331982,0.000916587593505875
ouseph,Christian,0.9995481010302796,8.561423182722334e-05,0.0003139477553200156,5.224748960588885e-05,0.9995481010302796,1.605497529861256e-08,7.343799197137772e-08
outar,Hindu,0.9862923004097228,0.9862923004097228,0.006194773424559872,0.005126785281447282,0.002261303278324628,3.111529370356975e-05,9.372231224195608e-05
paabathee,Christian,0.5846707433787817,0.37029132003787235,0.0403168930239782,0.004526434548536507,0.5846707433787817,1.6406612199960897e-05,0.00017820239863137124
paadavee,Hindu,0.9575746259864603,0.9575746259864603,0.0005596299917796792,0.00010103862714236998,0.041698984651524135,5.2176787150563904e-05,1.3543955942800078e-05
paal,Hindu,0.5791048016820313,0.5791048016820313,0.030548076867778096,0.0029252626118050455,0.38691749206513454,0.0004319633786703043,7.240339458086201e-05
paamchaal,Hindu,0.870565502415561,0.870565502415561,0.009275477559538892,0.0014049143541720766,0.11805842068286977,0.00020221898058821327,0.000493466007270017
paamde,Hindu,0.9520161099918413,0.9520161099918413,0.025989406946210526,0.001936452284700247,0.015572108781170312,3.2369266191357044e-05,0.004453552729886422
paamdhare,Hindu,0.9927621159211967,0.9927621159211967,0.0022089507155298818,0.0011929660456178738,0.003583840719794823,4.581403249919963e-05,0.00020631256536154
paan,Hindu,0.6455372175832081,0.6455372175832081,0.004444197701291899,0.0013432467030715456,0.3478443245817955,0.0005461269233170662,0.00028488650731572863
paanaa,Christian,0.6524856495198684,0.34296424337152437,0.0034595463055860976,0.0005611424401915476,0.6524856495198684,0.00030286191824610396,0.0002265564445834992
paanchu,Christian,0.8686715028820997,0.12627631330138758,0.003518728466613986,0.0014230070151484324,0.8686715028820997,1.998622252223088e-05,9.046211222812834e-05
paanoo,Christian,0.6760745261108719,0.21902173652350718,0.08940590828868533,0.012959800223524021,0.6760745261108719,0.00038335399436438127,0.002154674859047151
paaradhee,Hindu,0.9360626606472455,0.9360626606472455,0.0013038455875077485,0.0003910132516166659,0.06210331933690155,2.710631722037905e-05,0.0001120548595082531
paaragee,Christian,0.5846094723969593,0.3953563505159684,0.016303530795019675,0.003401292328877636,0.5846094723969593,0.00010709762251021046,0.0002222563406647569
paaras,Hindu,0.7458583640118939,0.7458583640118939,0.002679964430399664,0.0008583518109405981,0.2503639318082585,0.00013337080541577854,0.00010601713309163052
paarasanaath,Hindu,0.9182589110657638,0.9182589110657638,0.000514469181230396,0.00023122966631023003,0.08090556614722012,2.5809691789122528e-05,6.401424768652971e-05
paaravathee,Hindu,0.8346974087688984,0.8346974087688984,0.002103869612842174,0.0010919835828926835,0.16188678315007737,0.00012017331639794635,9.978156889163932e-05
paarekh,Hindu,0.8308964946617222,0.8308964946617222,0.07873621668395178,0.0035678976309620816,0.08424632211489204,0.001755270391498168,0.0007977985169736731
paaroo,Hindu,0.7172761504112811,0.7172761504112811,0.0071185992018205505,0.013038516008632638,0.2622115634688938,0.00022278418702960089,0.00013238672234254625
paarool,Hindu,0.6797030168587215,0.6797030168587215,0.034687541567574975,0.012666060650303136,0.27266190709973653,0.00017372407531709893,0.00010774974834679392
paarvathee,Hindu,0.579009879678211,0.579009879678211,0.0011144768731171238,0.002789559831202027,0.4170307458209722,1.2829139069426724e-05,4.250865742812146e-05
paasi,Christian,0.9306908692678468,0.06474004849411236,0.0026360124340431006,0.0019243630786779976,0.9306908692678468,6.98304186774925e-06,1.723683451923501e-06
paateel,Christian,0.7452978124433796,0.2460021068187036,0.00787344774325049,0.0007028324939605936,0.7452978124433796,4.378055956281719e-05,8.001994114297447e-05
paathak,Hindu,0.7611722706316967,0.7611722706316967,0.0040305536536865165,0.003020621456389053,0.2315694057467588,1.4163302746516458e-05,0.0001929852087224411
paatil,Christian,0.7348769420681714,0.2589592269646052,0.004288041141849173,0.001182565618444805,0.7348769420681714,0.0006712625227527629,2.196168417641744e-05
paatoole,Hindu,0.6696637197250771,0.6696637197250771,0.06206047850173416,0.0019420801209217616,0.2661379468570065,6.363666824808718e-05,0.00013213812701239928
paavaraa,Hindu,0.6138971445345963,0.6138971445345963,0.0024177925395228515,0.00021195287755597716,0.3822440252380599,0.001128639806177805,0.00010044500408715248
paavathee,Hindu,0.5159880337819519,0.5159880337819519,0.00622202141471474,0.0019706433148064945,0.4756671288684147,6.611715608838957e-05,8.605546402382884e-05
paayal,Hindu,0.7974800555696439,0.7974800555696439,0.0016457709048366103,0.0015222469550195364,0.1993182102082565,2.4371911438563475e-05,9.344450804862599e-06
pabithra,Hindu,0.9689780756007136,0.9689780756007136,0.02454733001129674,0.0019032938617768113,0.00427226939045626,1.852597192009203e-05,0.00028050516383649625
pachaiyappan,Hindu,0.9975836638924365,0.9975836638924365,0.00018648710576738977,0.00013289175072848304,0.0020188606109613153,2.9842138942898257e-05,4.8254501163512134e-05
padala,Hindu,0.9997011956400839,0.9997011956400839,5.4404968890576476e-05,7.460946616493526e-06,0.00020948458984095916,2.5197608952128837e-05,2.2562456160853707e-06
padam,Hindu,0.9963014009765095,0.9963014009765095,0.00015894854992380632,2.630641230852291e-05,0.0031666020434551983,0.00019790102971268972,0.0001488409880902128
padamaa,Hindu,0.9171479539645326,0.9171479539645326,0.001066849411955793,0.0001071776622139547,0.08115416619354224,0.0003671308142890255,0.00015672195346627676
padamavathi,Hindu,0.9679290824489573,0.9679290824489573,0.00248719188099318,0.00040212539459420554,0.028908440061419318,0.00011296993848666136,0.000160190275549219
padaval,Hindu,0.9963652089497039,0.9963652089497039,6.78962757003177e-05,9.439023272963554e-06,0.0007848757907473875,0.002769049999502777,3.529961072398511e-06
padavi,Hindu,0.997255560332528,0.997255560332528,1.109992780071909e-05,6.023174544990779e-06,0.0025864356004234776,0.00013844897972096253,2.431984981945265e-06
padhan,Hindu,0.9993455837919061,0.9993455837919061,2.5930771251154583e-05,0.00012620774585558485,0.00025668930386506185,0.00011533791988727101,0.00013025046723449423
padhi,Hindu,0.9998183796380251,0.9998183796380251,4.725644402019226e-05,2.2310970331597656e-05,9.292316927423445e-05,1.2182830823486206e-05,6.946947525459405e-06
padhiyaar,Hindu,0.9459108461019942,0.9459108461019942,0.02233930356902179,0.001695565463773161,0.029882866135261518,8.870720837167311e-05,8.271152157756845e-05
padma,Hindu,0.9707763554674916,0.9707763554674916,0.01134490913941045,0.0034037888429727468,0.002259968437463201,0.011872091766582368,0.00034288634607930577
padmanaban,Hindu,0.9863281886716293,0.9863281886716293,0.012344184946570936,0.00024771349743648143,0.0006704570184954429,0.00023009019912037252,0.00017936566674750734
padmanabhan,Hindu,0.913885824865595,0.913885824865595,0.08271996552471879,0.000693766242118128,0.0018666739302538014,0.000581085476512371,0.00025268396080205496
padmavathi,Hindu,0.9707011425609514,0.9707011425609514,0.00789819972301006,0.0022411548737939894,0.018506565731571264,0.0003888514828950788,0.000264085627778519
pagaare,Hindu,0.944442621717033,0.944442621717033,0.0017538363641367422,0.0008853175035464627,0.052494264578145246,0.0002944079098882972,0.00012955192725032602
pagar,Hindu,0.9872097602874603,0.9872097602874603,0.0005100131634763361,0.0027924026216749657,0.007680542886591592,0.0009231573725576696,0.0008841236682389743
pagare,Hindu,0.9713382950932807,0.9713382950932807,0.002146512474711652,0.0030564949323308535,0.01756696001309366,0.004459328469690694,0.001432409016892364
pagee,Hindu,0.6334501790485215,0.6334501790485215,0.10471005819040381,0.01698554743688047,0.2445905728875777,7.934374098312737e-05,0.00018429869563353564
pahaabatha,Hindu,0.8411419463671062,0.8411419463671062,0.060403680375997394,0.0036122535558835754,0.09430029279230617,6.463604033038618e-05,0.00047719086837634024
pahadin,Hindu,0.6990829535819169,0.6990829535819169,0.295336254775569,0.002761818554369862,0.002249728651964848,0.0004228558594497365,0.00014638857672980203
pahadiya,Hindu,0.9914884491837596,0.9914884491837596,0.007084543357495536,0.0002584278413991862,0.0011213432171515666,2.765098523155495e-05,1.958541496259426e-05
pahan,Hindu,0.9794014035970687,0.9794014035970687,0.017103324171896354,0.000997981434020597,0.001894376324290478,0.00046221903261083286,0.00014069544011290823
paik,Hindu,0.9889341607261458,0.9889341607261458,0.006601655390960507,0.0017906247878671391,0.0025784583191241313,3.9437653242044735e-05,5.5663122660083444e-05
pakkirisami,Hindu,0.9840745441444204,0.9840745441444204,0.010404786117483395,0.0009507720884830859,0.004526850804857998,6.230139684096807e-06,3.68167050708839e-05
pal,Hindu,0.9981225843478926,0.9981225843478926,1.375465754234284e-06,0.00017703215132071462,3.264515087664313e-05,0.0016660804504953126,2.8243366030141896e-07
palani,Hindu,0.999821265215098,0.999821265215098,5.7904690713172984e-05,3.3272651971133184e-05,5.3921923117103625e-05,1.2268215227043575e-05,2.1367303873472843e-05
palaniandi,Hindu,0.996393742046818,0.996393742046818,0.0008953062023523821,0.00017225550975011745,0.0024751407292634467,3.196038720970933e-05,3.15951246064828e-05
palanichchami,Hindu,0.9643968497020461,0.9643968497020461,0.0031837803609671756,0.0018037394878043925,0.030269426264130785,1.5214014142954207e-05,0.0003309901709087142
palanisamy,Hindu,0.9993518421026781,0.9993518421026781,0.0003958095000717581,5.640923802852156e-05,0.0001893589303708543,9.417804602413161e-07,5.6384483907134496e-06
palanivel,Hindu,0.9995062763293181,0.9995062763293181,7.200613131216969e-05,2.5714303715750305e-05,0.00039029761515434365,1.8370605180001532e-06,3.868559981691264e-06
palaniyappan,Buddhist,0.8224200160736652,0.16448050594585845,0.006903059608513507,0.002125760869598313,0.0037237928133141323,0.00034686468905033063,0.8224200160736652
palaviadar,Hindu,0.99092327090884,0.99092327090884,0.0023628106582467196,0.00262897673414824,0.0037144042315125927,0.0003392445268284012,3.129294042404837e-05
palei,Hindu,0.9690783657210262,0.9690783657210262,0.010008944449472455,0.0010294074653116835,0.01942755849304916,0.000360080200508736,9.564367063177798e-05
pallavee,Hindu,0.9713527750479889,0.9713527750479889,0.008398812948727487,0.0011742013290102682,0.01897019838558709,0.00010072519128264967,3.2870974033557973e-06
palli,Hindu,0.9743742071048952,0.9743742071048952,0.010555567756959204,6.251750818327747e-05,0.015004372472808093,3.2859840575602213e-06,4.917309650160842e-08
pamchaal,Hindu,0.9740156924796383,0.9740156924796383,0.0024698034397122657,0.0005669640952189135,0.02248808041290372,0.0001688457616984106,0.00029061381082859725
pamcham,Hindu,0.9979630798654502,0.9979630798654502,0.0005059126725668894,0.0002492691897052474,0.0008447820888101424,2.209725167674929e-05,0.00041485893179087844
pamdayaa,Hindu,0.9489722717948791,0.9489722717948791,0.010768034244601194,0.004258178146485161,0.03576947748488263,3.6115924431281235e-05,0.00019592240472073862
pamdeeth,Hindu,0.9606173356294562,0.9606173356294562,0.026462568062400743,0.008131299360843714,0.004372745430717326,1.0339928831411336e-05,0.00040571158775042944
pamdith,Hindu,0.9694253645418991,0.9694253645418991,0.019432227271314134,0.007160067097988067,0.0035525346393475233,2.7462825295452057e-05,0.0004023436241558982
pamkaj,Hindu,0.7151705436598699,0.7151705436598699,0.007101604389664967,0.0011116583066712931,0.004357571205988555,9.501528870552465e-05,0.2721636071490997
pammee,Hindu,0.5836841034448584,0.5836841034448584,0.36192292351465194,0.024529180406363798,0.02966668876892682,7.18836174376691e-06,0.00018991550345518764
pan,Hindu,0.9999203414629302,0.9999203414629302,2.992377786722057e-08,1.245049272310264e-06,3.87926236384833e-05,3.773539061771192e-05,1.855549763348304e-06
panchal,Hindu,0.8936693991814675,0.8936693991814675,0.00013955877612044956,0.00042148110433734565,0.10574819314080378,7.058982373868903e-06,1.4308814897044984e-05
pancham,Hindu,0.9561913057327974,0.9561913057327974,0.0004534053786254774,0.0004866611949861504,0.04282098262274996,2.7374685812382427e-06,4.490760225964297e-05
panda,Hindu,0.9998865472390185,0.9998865472390185,5.9382743589072366e-06,6.549073243214248e-07,4.171702483804028e-06,8.497965812150597e-05,1.770821869297838e-05
pande,Hindu,0.9959943988593554,0.9959943988593554,7.535273703999203e-06,1.7778883922184496e-05,0.0004585314840880343,0.00018342129892452266,0.00333833420000611
pandey,Hindu,0.9734165971579676,0.9734165971579676,4.847207490252054e-05,0.00010557842917262995,0.026083408237378446,3.55121549156866e-05,0.00031043194566330196
pandhare,Hindu,0.9987596245273985,0.9987596245273985,8.473638501387711e-05,0.00034028590733122785,0.0006171229200860549,0.00014956285142451046,4.866740874576136e-05
pandi,Hindu,0.9999816743656657,0.9999816743656657,1.5987799337424851e-06,3.6849625384609026e-07,3.074426831480735e-06,1.1735769035915228e-05,1.548162279160714e-06
pandit,Hindu,0.999814305305629,0.999814305305629,3.8915319096611496e-05,1.956095968792644e-05,8.164335141700898e-05,3.2604227504965253e-05,1.2970836664591356e-05
pandiyan,Hindu,0.9977886729841168,0.9977886729841168,0.00027831393730567646,3.456413075626004e-05,0.0018781432486402164,1.4885234666625345e-05,5.420464514486793e-06
panduranga,Hindu,0.9365002482396151,0.9365002482396151,5.533442597896502e-05,2.1018583568784544e-05,7.695416313021149e-06,1.9868683080230797e-06,0.06341371646621621
pandurangan,Hindu,0.966823755861314,0.966823755861314,0.00013907887391476347,4.106335305815376e-05,2.9724066602182464e-05,5.5806431536380595e-06,0.03296079720195718
pangkaka,Hindu,0.9900924661176536,0.9900924661176536,0.0038728219620853123,0.0022030759120058242,0.003567067684195779,1.9340474421171505e-05,0.000245227849638588
pani,Hindu,0.998022543136082,0.998022543136082,2.3023700243619135e-05,1.7305802979260833e-05,0.001889728616397465,4.48220637740135e-05,2.576680523647469e-06
panigrahi,Hindu,0.9426092622673564,0.9426092622673564,0.03531591813899299,0.0036801327086509127,0.018207962557652294,3.659837074256017e-05,0.0001501259566048436
panja,Hindu,0.9984748508550461,0.9984748508550461,0.0009834877909716013,0.00018920081917846689,0.0002547870915585953,1.79090587457926e-05,7.976438449962318e-05
panjchaanana,Hindu,0.9882193482896654,0.9882193482896654,0.0003318973083852296,0.00012564405805443434,0.011117887257184393,8.818150864341328e-05,0.00011704157806732421
pankaj,Hindu,0.9965190735574667,0.9965190735574667,0.0006534244471227878,7.030756213204442e-05,0.00189725968214226,0.0006957281036947615,0.0001642066474414578
panna,Hindu,0.9992438252742074,0.9992438252742074,4.409453492823161e-07,3.7808161854006127e-06,0.0005812635270496532,0.00017064002162513732,4.941558330861949e-08
pannaa,Hindu,0.9619911734929317,0.9619911734929317,5.331969122789532e-05,7.535145144352083e-05,0.03751982449806948,0.00035862380110927996,1.7070652179291668e-06
pannaalaal,Hindu,0.7005178468884447,0.7005178468884447,0.004045470626810238,0.0005813359478514093,0.2946428128139391,0.00019918458421354918,1.3349138741041392e-05
pannalal,Hindu,0.9764776955414388,0.9764776955414388,0.0026835333775261116,0.0014489674171737096,0.019184134234122283,0.0002007377583724835,4.931671366526718e-06
panneerselvam,Hindu,0.9024188245566869,0.9024188245566869,0.009488247030667214,0.0007372487265938697,0.08731591234839454,1.4732807812723794e-05,2.5034529844631956e-05
panra,Hindu,0.9918687008065367,0.9918687008065367,0.00039077735761735877,0.0008745237950074095,0.003867678708346504,0.0006211664459420542,0.002377152886549896
panta,Hindu,0.9940154066219531,0.9940154066219531,9.953904395205464e-06,0.0013625128075888903,0.0008101674381957178,0.0032251550503619654,0.000576804177505109
panwar,Hindu,0.9855119756506246,0.9855119756506246,0.007344955984432401,0.0001789720909392418,0.006792503703778166,2.8697265699450455e-05,0.00014289530452600942
papa,Hindu,0.9374773985541612,0.9374773985541612,0.00012084698157317195,0.00039614857743903244,0.03250474290173442,0.029481595057692725,1.926792739960376e-05
pappee,Christian,0.6736192744027225,0.28182433031558063,0.03780896236532995,0.003947415397964229,0.6736192744027225,0.002756514096589011,4.350342181362611e-05
pappoo,Hindu,0.7772756146145287,0.7772756146145287,0.01937251691552746,0.0901213298846197,0.10821681500450964,0.0049230163551831655,9.070722563140055e-05
pappu,Hindu,0.8388336617227948,0.8388336617227948,0.0008470046680253924,0.0004424361719267352,0.15384185837953904,0.006024690937799693,1.034811991438329e-05
parab,Hindu,0.9539625156037086,0.9539625156037086,0.038945660373335536,0.0015842125723429903,0.004347364195544657,0.0008981905920680158,0.0002620566630001402
paradeep,Hindu,0.9248856513404988,0.9248856513404988,0.005075125500110866,0.0021155133017121265,0.0670901428152993,0.00027216581020043755,0.0005614012321781413
paradesee,Christian,0.9005219473920664,0.09888114923173213,0.000351048679623862,0.00015455846281861395,0.9005219473920664,1.4456788457875387e-05,7.683944530136727e-05
paradeshi,Hindu,0.8660959530853072,0.8660959530853072,0.0013473976689165322,0.00029803965902527597,0.13109612756188888,0.00029315827595371253,0.0008693237489083204
paradhi,Hindu,0.9937454435733343,0.9937454435733343,0.000282439582506701,0.00022223257287673853,0.005592766737751486,6.0325059784060436e-05,9.679247374666973e-05
param,Hindu,0.9949949737943957,0.9949949737943957,1.9705202750939474e-06,0.0003917412991935578,0.00012893707235614872,0.0024538278657258755,0.0020285494480533415
paramaa,Hindu,0.9813042212503399,0.9813042212503399,0.00020701249016529268,0.0006117777081626267,0.01101997777167336,0.006325587362611241,0.0005314234170474447
paramaanamd,Hindu,0.9873842657588688,0.9873842657588688,0.0008064972568027028,0.0005579367318996812,0.0088485918699897,0.0009983742618922286,0.0014043341205467721
paramaanand,Hindu,0.9892717566895647,0.9892717566895647,0.00017550274803632723,0.0002598807443018125,0.006585000412013527,0.0028624646432079594,0.0008453947628758173
paramaar,Hindu,0.980562608772269,0.980562608772269,0.0003881583268079071,0.0009647945009566179,0.014642930101062369,0.003017435080462249,0.0004240732184419929
paramajeeth,Hindu,0.983664545549791,0.983664545549791,0.003880015985284096,0.007133855523509076,0.004797616964050123,0.00024395527826731288,0.0002800106990986318
paramanik,Hindu,0.9822967140332896,0.9822967140332896,9.793065794376161e-05,0.0002114011559158121,0.01039559107805312,0.006776132830808737,0.0002222302439889866
paramar,Hindu,0.9920455520380008,0.9920455520380008,8.953106626305629e-05,0.00034515754569683127,0.0014948020785314155,0.0059147507006533035,0.00011020657085442186
paramasivam,Hindu,0.9970904770530331,0.9970904770530331,0.0003545916561458966,0.00022294032223334185,0.0022683629733821213,4.230625203000052e-05,2.1321743175431298e-05
paramasivan,Hindu,0.9983727653775095,0.9983727653775095,0.00011096669302738446,0.0001053256609129293,0.0013288058874063031,6.787696185945933e-05,1.4259419284126221e-05
paramesvar,Hindu,0.9768420231550468,0.9768420231550468,7.502096214391754e-05,9.186056693421442e-05,0.019930355264782595,0.0026574348573271704,0.0004033051937655935
paramesvaree,Hindu,0.8689061908865015,0.8689061908865015,0.00020066592251931933,0.00017668875321317758,0.12927184562050092,0.001222676444564327,0.0002219323727006056
parameswaran,Hindu,0.9957477536021245,0.9957477536021245,5.0551754063667875e-05,0.0001216844232720554,0.003985393126203486,3.567824777203322e-05,5.893884656444136e-05
paramiadar,Hindu,0.9962368817064821,0.9962368817064821,0.0006834692869287575,0.0007005865202459267,0.0019236874342417275,0.00016595948288791623,0.00028941556921351124
paras,Hindu,0.9915763945530787,0.9915763945530787,5.673467480781354e-05,0.00016308517440229896,0.007946711634982057,0.00023139523839188443,2.5678724337259e-05
parasadi,Hindu,0.9825746737098422,0.9825746737098422,0.0006242412978657865,6.242724352994682e-05,0.016689787279499328,3.5776697004373886e-05,1.3093772258263061e-05
parasaraam,Hindu,0.9260572827657866,0.9260572827657866,0.0025844906938562017,0.0003690361153893044,0.07076531559269493,6.57948177194574e-05,0.0001580800145532871
parasnath,Hindu,0.968911188873266,0.968911188873266,0.007566840721766485,0.003662516966950511,0.019265815547056482,0.00019299043132978605,0.0004006474596308496
parasuraam,Hindu,0.9833844399941769,0.9833844399941769,0.006162645719694196,0.0004486476383298231,0.009789572895930134,0.00010147620038642736,0.00011321755148254973
parasuraman,Hindu,0.9861362544701706,0.9861362544701706,0.007816136338050127,0.00025925157580958583,0.005296956647889957,0.0002824688122233789,0.00020893215585638856
paraveen,Hindu,0.9767548945454382,0.9767548945454382,0.0020123589373958473,0.0014073322622667839,0.019697606394826286,0.00010023263482548818,2.757522524736216e-05
paravej,Hindu,0.9841850812919417,0.9841850812919417,0.0002813160486290336,0.00022281657296073284,0.015094161364771158,0.00018664998552524737,2.997473617222917e-05
paraviadar,Hindu,0.993288697124281,0.993288697124281,0.00011186312469332322,8.078779353951178e-05,0.0061797117065781285,0.00032241497202780295,1.6525278880038713e-05
parbhina,Hindu,0.9852166784823576,0.9852166784823576,0.009144953972069346,0.0030492448580405175,0.0022122892383664465,0.0002702863989267438,0.00010654705023915613
paresha,Hindu,0.989536534588931,0.989536534588931,0.0038773683584456837,0.000204553564563472,0.004393644788875567,0.0019488724822204692,3.902621696394982e-05
parida,Hindu,0.994879312237377,0.994879312237377,0.0027864429618375715,0.00011528784386536187,0.0021343405216956396,4.920111749300648e-05,3.541531773128791e-05
parihar,Hindu,0.9939870834331138,0.9939870834331138,0.001833027962137359,0.00014011714683967677,0.004022049368038733,1.2098946398990494e-05,5.6231434714080635e-06
parit,Hindu,0.994505898478408,0.994505898478408,0.00115292960826681,0.0007503523016340785,0.003488331942960461,8.345920958427318e-05,1.9028459146231284e-05
parkash,Hindu,0.9832899388634931,0.9832899388634931,0.009244870008649089,0.0007222207214416077,0.006277392248798537,3.875535019947113e-05,0.0004268228074182381
parmanand,Hindu,0.9972951472736388,0.9972951472736388,0.0011806867343040347,0.0002595270518701558,0.0011244790605235996,7.634375289334474e-05,6.381612677016484e-05
parmar,Hindu,0.999414615111922,0.999414615111922,1.5897221425386727e-05,0.00019427246943626387,0.00036607674259813116,8.262805367406038e-06,8.756492508818774e-07
parmeshwar,Hindu,0.8606106251677085,0.8606106251677085,0.00021283502305687878,0.0006498624294697493,0.13786000253025,8.107485622682969e-05,0.0005855999932881079
parsaram,Hindu,0.9913030605243721,0.9913030605243721,0.0033600853581672034,0.0021183442803209144,0.0028384747070028175,8.222359019802503e-05,0.00029781153993878827
parshuram,Hindu,0.9977509968686071,0.9977509968686071,0.0010266732768001367,0.0009239948276008167,0.0002280752264648833,2.3122773605209833e-05,4.713702692179088e-05
parthasaarathi,Hindu,0.5901474277264185,0.5901474277264185,0.0021215822310626763,0.00528775103315722,0.4021607161037978,2.150000190814703e-05,0.0002610229036557613
parui,Hindu,0.9709144501325793,0.9709144501325793,0.005842335573114053,0.0024403932806545607,0.020601480380622258,5.395356295035429e-05,0.00014738707007939407
parul,Hindu,0.5381346377856219,0.5381346377856219,0.07356219543688042,0.01339155143873869,0.37374241622815957,0.00019681364211885744,0.000972385468480635
parvathi,Hindu,0.9815485929452348,0.9815485929452348,0.0005897785751120454,0.0029355145619117417,0.014824104253960345,2.1971916413418156e-05,8.003774736737637e-05
parvati,Hindu,0.9831663990801754,0.9831663990801754,0.0011823366751374247,0.0036047913329964204,0.011808327108055636,0.0002143994154315201,2.3746388203621703e-05
parveen,Hindu,0.9680676839790708,0.9680676839790708,0.011751037970107289,0.0027020801619570866,0.017434200477075553,1.4210897079863403e-05,3.0786514709052716e-05
parvin,Hindu,0.9796641077033396,0.9796641077033396,0.0024385744908393195,0.004208290410431464,0.013424148943173895,0.00019855270894222313,6.632574327383355e-05
pasad,Hindu,0.9670184610534208,0.9670184610534208,0.002617628670723157,0.00014563022495552366,0.030127881810376598,6.64763967263524e-05,2.3921843797277744e-05
pashoyan,Hindu,0.9730706293036635,0.9730706293036635,0.0012529821627093457,0.0009904454337244153,0.024078417222181858,0.000515970602971656,9.155527474927711e-05
pasupuleti,Hindu,0.9669219464732242,0.9669219464732242,0.0035227231039233896,0.0006825209091750591,0.028816683315767328,3.521173822210319e-05,2.091445968812296e-05
paswan,Hindu,0.5010033516413837,0.5010033516413837,8.509373821478362e-05,0.00021345899537905539,0.49855556455902333,2.673006251048349e-05,0.00011580100348871985
pata,Hindu,0.997945713510666,0.997945713510666,5.039748321055318e-05,8.134566186057104e-05,9.259075229655466e-05,0.001800334950690692,2.9617641275965223e-05
patale,Hindu,0.9622854053501899,0.9622854053501899,0.004541436971445723,0.0003696147413289502,0.026513936864964834,0.006172328029939921,0.00011727804213065011
patanee,Hindu,0.8453863628834961,0.8453863628834961,0.12900443686961136,0.0007564628279146798,0.020264740326642848,0.002092751830501355,0.0024952452618337215
patar,Hindu,0.9993524799164771,0.9993524799164771,0.00016144005381625435,0.00018221234747080707,9.123093746288956e-05,0.00019589870334011414,1.673804143272223e-05
patel,Hindu,0.999825296108842,0.999825296108842,2.067455699165739e-05,2.9071700817390253e-06,0.00011250789521920795,3.649919889716605e-05,2.115069968298209e-06
pathaan,Hindu,0.7533235885854364,0.7533235885854364,0.014759954550606715,0.004651411614907193,0.22618600122289634,7.99221777075455e-05,0.000999121848445917
pathaasee,Christian,0.896131785137486,0.09582846489577454,0.006619550636597762,0.0013712602858705221,0.896131785137486,2.29775862248942e-06,4.66412856486438e-05
pathak,Hindu,0.9938380971898839,0.9938380971898839,0.0013308303251402072,0.001353255881713162,0.0033321842413214344,3.7867267982714043e-06,0.0001418456351429656
pathan,Hindu,0.965048461222737,0.965048461222737,0.004556012247487741,0.001213102989718645,0.027225426271255702,4.404938971559001e-05,0.0019129478790850447
pathare,Hindu,0.9873824648023751,0.9873824648023751,0.002025730021066284,0.0017068378907671626,0.008722841120907106,3.437449663101527e-05,0.00012775166825335755
pathumma,Hindu,0.4638489744876865,0.4638489744876865,0.15730739484789094,0.3029677714983947,0.07039427799688497,7.932646675706901e-05,0.005402254702385678
pati,Hindu,0.9861289338554466,0.9861289338554466,2.8966505059481352e-05,0.00028937439554103017,0.0039928927305564995,0.009557067354581734,2.7651588145594544e-06
patidar,Hindu,0.9843800950587268,0.9843800950587268,0.008236018886388922,0.0015619598937551933,0.005208816913561275,0.0005850873225926627,2.8021924974950585e-05
patil,Hindu,0.964423935801298,0.964423935801298,0.00013788444692086607,0.0004227552443884061,0.01596999520916311,0.019042076281974324,3.353016255208346e-06
patiram,Hindu,0.9710174211832442,0.9710174211832442,0.00124279248306052,0.0010493049051755617,0.020475862192746195,0.0003167277128473143,0.005897891522926472
patle,Hindu,0.7654586715905926,0.7654586715905926,0.007240959274099916,0.0013716936615500018,0.2254954510491165,0.00025193351855556185,0.00018129090608561915
patole,Hindu,0.9500790120014863,0.9500790120014863,0.012552356879546384,0.00132212554105691,0.03571165984526436,0.00011708697928243144,0.00021775875336373478
patra,Hindu,0.9992175669357284,0.9992175669357284,1.5551266749674467e-05,0.00021254005715454718,0.00028243921244615897,4.478007995649514e-05,0.00022712244796449404
pattanayk,Hindu,0.9843391591817697,0.9843391591817697,0.001514177641392882,0.0015655190959905114,0.00967897681352982,0.0027579999896401195,0.0001441672776770351
paul,Christian,0.7856421808364891,0.2037522899391631,0.006754289734098617,0.003595585552935456,0.7856421808364891,9.358804568786672e-05,0.00016206589162581558
paulose,Christian,0.9980019347442326,0.0005390939890302821,0.0001272004566423752,0.001330190814643775,0.9980019347442326,6.629564855685288e-07,9.170389650810367e-07
pavaar,Christian,0.5168670195886519,0.47203485403330564,0.005153213231281834,0.000935241395472056,0.5168670195886519,0.004802340970416357,0.00020733078087227703
pavan,Hindu,0.7192118714018179,0.7192118714018179,0.00013650574609647305,3.153149951343001e-05,0.005301084276142182,0.2751557288959561,0.0001632781804738646
pavanakumaar,Hindu,0.8914525449430217,0.8914525449430217,0.0029308704450520576,0.0005541532393999313,0.10281328878963514,0.002110284847867001,0.00013885773502412882
pavani,Hindu,0.6303514326837896,0.6303514326837896,0.00038089491318056936,4.6330907246076264e-05,0.008653715068206178,0.3604909450598922,7.668136768535061e-05
pavar,Hindu,0.9185251297654022,0.9185251297654022,0.0004896309820080454,7.306727880189619e-05,0.039645290931188834,0.041233488421349454,3.339262124961398e-05
pawan,Hindu,0.99385036591065,0.99385036591065,9.173255322843104e-05,3.0159392214769137e-05,0.004792579805349752,0.0005116191644812251,0.0007235431740756375
pawar,Hindu,0.9966539047791145,0.9966539047791145,3.2832742414351967e-05,5.2265176452918644e-05,0.0030852766425534745,8.051537124870905e-05,9.520528821588076e-05
paya,Hindu,0.946195606787549,0.946195606787549,2.9963903434882376e-05,0.00046087038112378395,0.05329297858874179,1.956502463558542e-05,1.0153145146894246e-06
payal,Hindu,0.9725924879636881,0.9725924879636881,0.00011598091572192476,0.0008074144707472821,0.026476250416403637,7.05394749932357e-06,8.122859398849288e-07
peer,Muslim,0.6984578380657231,0.1946591983712552,0.6984578380657231,0.021203544447326916,0.08562114342329286,7.395272346213413e-06,5.088042005564829e-05
peetham,Hindu,0.5167174260088081,0.5167174260088081,0.042450524829391816,0.012947224168466442,0.427789736016478,7.447735104429844e-06,8.76412417513234e-05
pemaram,Hindu,0.9520455020615953,0.9520455020615953,0.007453795874335386,0.0011194029033846427,0.036475330813196816,0.00053745450091166,0.002368513846576023
periyannan,Hindu,0.9986490848129472,0.9986490848129472,0.00013152912789423046,4.0526679188890335e-05,0.0011764160745070262,2.1481692607973506e-06,2.951362019682843e-07
periyasami,Hindu,0.995173316328054,0.995173316328054,0.003698041256748113,7.948450423136884e-05,0.001045692796490699,4.117511955034441e-07,3.0533632804155764e-06
peru,Hindu,0.9866967763045231,0.9866967763045231,0.0007325230809741307,0.00015175851961986446,0.012401601333240952,6.637636709947331e-07,1.6676997971071488e-05
perumal,Hindu,0.9966322985264159,0.9966322985264159,0.00024215458679478197,3.232828590702276e-05,0.003091006371810995,4.587365066106375e-07,1.753492564576521e-06
peter,Christian,0.8854919898793436,0.11000564608807292,0.0030248727257076494,0.0010324390149041732,0.8854919898793436,0.0003310766237495043,0.00011397566822199367
phaathamaa,Christian,0.939434654751886,0.05105739614554293,0.008875963687893286,0.0005661601280017914,0.939434654751886,4.556471836978146e-06,6.126881483881617e-05
phaathimaa,Christian,0.6322925932171183,0.3319622986837217,0.013259948184459738,0.02200264013710659,0.6322925932171183,2.985203487875796e-05,0.00045266774271498014
phadatare,Hindu,0.9955559024845162,0.9955559024845162,0.001396778477383471,0.0008921960669237078,0.0018168236481356645,0.00027495264994783955,6.334667309320194e-05
phadathare,Hindu,0.9742312394712775,0.9742312394712775,0.0011138290907394134,0.0023583126097462223,0.021977305239169024,0.00011131205619865502,0.00020800153286906536
phakeer,Muslim,0.8205369778767055,0.12790440444476814,0.8205369778767055,0.00733533141530385,0.04414033749621413,8.776036030368366e-06,7.417273097795425e-05
phakira,Hindu,0.6932877995648451,0.6932877995648451,0.28509272387408113,0.003063300502390132,0.01789773034615312,1.5473848064262257e-05,0.0006429718644662787
phal,Hindu,0.92365823283021,0.92365823283021,0.010932693066189584,0.0011993724787698612,0.06415541834242708,2.7101281529623422e-05,2.718200087404128e-05
pharahaanaa,Hindu,0.594042967083376,0.594042967083376,0.01489634142858759,0.0038232000982550162,0.3866348167882741,0.00025529089335981064,0.00034738370814748525
pharahath,Hindu,0.9565613493459391,0.9565613493459391,0.010127851996314738,0.01033403376170363,0.022700790918900204,4.094146351318164e-05,0.00023503251362916045
pharajaanaa,Hindu,0.6358045542862175,0.6358045542862175,0.006233078708372409,0.0006905951665444087,0.3569585399315479,6.983712222808618e-05,0.00024339478508957424
pharamaan,Hindu,0.953373014955957,0.953373014955957,0.003180852591386908,0.000873171987074298,0.03912393940689919,0.002380758389963799,0.001068262668718724
phareed,Hindu,0.7000242636441449,0.7000242636441449,0.12178186526202807,0.009544042231053426,0.1684938645091932,3.9778682750220066e-05,0.0001161856708301629
phareedaa,Hindu,0.4946388154156833,0.4946388154156833,0.052912118258552764,0.0036246265178051817,0.44869464200112413,3.96349888479697e-05,9.016281798676785e-05
philip,Christian,0.9996487074364707,0.00031754812825619876,2.9026658072083188e-05,4.444334324477845e-06,0.9996487074364707,1.803016256339755e-08,2.554127139552754e-07
phiradoos,Hindu,0.6461251639694934,0.6461251639694934,0.02572377107816765,0.010079856216610108,0.3165091167955068,0.000102416420025418,0.0014596755201966938
phirooj,Hindu,0.6758936740310745,0.6758936740310745,0.07416911249309782,0.003815432462711968,0.24546433084650304,3.0918023478151096e-05,0.000626532143134516
phiroojaa,Hindu,0.45553246902697325,0.45553246902697325,0.11604410252157597,0.0029780222080191274,0.42498144154799006,2.3816043247524513e-05,0.0004401486521940424
phool,Hindu,0.6816750922668783,0.6816750922668783,0.21900314571935706,0.0005837956076882351,0.09869946868871021,1.113355705434649e-05,2.7364160311703993e-05
phoolaa,Hindu,0.5441987978949955,0.5441987978949955,0.16558003545524555,0.0005806642061518414,0.2895618620310867,2.1536974040325852e-05,5.710343848004503e-05
phoolachand,Hindu,0.9876509648049546,0.9876509648049546,0.00494735443201576,0.00042183328602216525,0.006694342192133841,0.00010993954666760245,0.00017556573820576895
phoolachandr,Hindu,0.990147864885461,0.990147864885461,0.004314840936552527,0.00033604718092888593,0.004683884560642761,0.00024208555515105236,0.00027527688126376576
phoolakalee,Hindu,0.6653847378340942,0.6653847378340942,0.27362978162419543,0.001081178583999561,0.05978294824595311,2.053413906831014e-05,0.00010081957268946227
phoolamathee,Christian,0.801164764962192,0.1620249409898244,0.03638640927844363,0.0003874814470407919,0.801164764962192,2.007478271521543e-06,3.4395844227660075e-05
phoolavathee,Hindu,0.8047407886482646,0.8047407886482646,0.05335033547928202,0.0014022119146069702,0.14040579778388076,4.7113353666688066e-05,5.3752820299087855e-05
phoolchand,Hindu,0.9669633042262934,0.9669633042262934,0.01815230868097021,0.0005381372889220216,0.013974170408256215,0.00026826224835385583,0.00010381714720407632
phoolchandra,Hindu,0.9804850605220073,0.9804850605220073,0.009808314990056657,0.00026327612928849116,0.008489801767191352,0.0007038737578891829,0.00024967283356706416
phoolsinh,Hindu,0.626896086753192,0.626896086753192,0.2329439164277478,0.005810019734194436,0.13429648013047754,3.6854978379213545e-05,1.664197600914916e-05
phul,Hindu,0.7858053769136712,0.7858053769136712,0.049642303896308054,0.014403202687646001,0.14841156511386666,0.00011080686432038344,0.0016267445241878033
phulaa,Hindu,0.6103045402695008,0.6103045402695008,0.045360098739218695,0.007178915713516569,0.3341904109935106,9.45466429251242e-05,0.002871487641328203
phulakumaaree,Hindu,0.6162880896341383,0.6162880896341383,0.018059318306873493,0.006099813701275774,0.3589663033384513,0.00017061049620700807,0.00041586452305424255
phulamanee,Hindu,0.6618727265146099,0.6618727265146099,0.14751541727131054,0.002053914417250189,0.14218778441534524,9.334360494838941e-05,0.04627681377653562
phulamathee,Christian,0.8419847893435297,0.1445719728955568,0.011501314165031942,0.0015972396513844306,0.8419847893435297,3.7878471621082548e-06,0.0003408960973349765
phulavaa,Hindu,0.8353260788045294,0.8353260788045294,0.01844530346841069,0.0030901879816991754,0.13965155487470504,0.0018755897321312482,0.0016112851385245456
phuliyaa,Christian,0.6396678385746184,0.24676596937671888,0.10758629100601813,0.005878006463335643,0.6396678385746184,1.631427582198427e-05,8.558030348706597e-05
phuloo,Hindu,0.46290779076596683,0.46290779076596683,0.058475866990224515,0.05265627636124581,0.4249510105464908,0.00012192539817508288,0.0008871299378971806
phurakaan,Hindu,0.8953254928784109,0.8953254928784109,0.04743058330743787,0.0028403044369713936,0.05340682151896513,0.0002683086244208588,0.0007284892337938462
pichai,Hindu,0.9589435740054718,0.9589435740054718,0.016396441854226375,0.0010584377339983976,0.023566409979085257,1.7590616441187506e-06,3.337736557409792e-05
pilla,Hindu,0.9636784792435684,0.9636784792435684,0.0011481991035009545,8.594883742086445e-05,0.03508677788840267,4.451048565766585e-07,1.4982225025624378e-07
pillai,Hindu,0.9928515318320539,0.9928515318320539,0.00017199075164031204,5.5694062333811905e-05,0.0069206558651671605,6.32594799271821e-08,6.422932490259178e-08
pilli,Christian,0.6891856168906854,0.30409780405619846,0.006545931195241497,0.00017028411829158788,0.6891856168906854,2.129657741938917e-07,1.5077380881262453e-07
pimgale,Hindu,0.5987910989119345,0.5987910989119345,0.11832468934782937,0.003282851839347313,0.27913103844320525,0.0002007921882346655,0.00026952926944893204
pimjaaree,Christian,0.42016017509665626,0.32340600318611495,0.2495479014193828,0.006794349908328893,0.42016017509665626,2.0955204774546554e-05,7.061518474265295e-05
pimkee,Hindu,0.3886177905435094,0.3886177905435094,0.3486801227883622,0.0145666563798979,0.24712625452472664,1.045367203692717e-05,0.0009987220914669673
pimpale,Hindu,0.9492564554010229,0.9492564554010229,0.013758915904852832,0.0021503646624382675,0.034396183032857075,0.00014353886010808677,0.0002945421387207215
pimtoo,Muslim,0.4930847290436497,0.2723261150944003,0.4930847290436497,0.06852530467563189,0.16495066849476997,6.339099262772518e-05,0.0010497916989204326
ping,Hindu,0.8227712519445863,0.8227712519445863,0.005535122015741044,0.15712036257463977,0.014570942564249281,1.5286578155381036e-06,7.92242968061012e-07
pingle,Hindu,0.8769056905965845,0.8769056905965845,0.041670076710398324,0.015214066797696853,0.0661871079434467,1.003310975730642e-05,1.3024842116337405e-05
pinjari,Muslim,0.7725736199250766,0.21297949238074587,0.7725736199250766,0.0017656751194649874,0.012634663306698412,1.0014511499212395e-05,3.653475651513637e-05
pinkee,Hindu,0.8090839187567622,0.8090839187567622,0.10579438633208413,0.008711815293412513,0.07631302140095567,3.611795251932721e-05,6.0740264266064894e-05
pintoo,Hindu,0.6407625921460317,0.6407625921460317,0.08065213778201248,0.1296179127841758,0.14834280373301734,0.00027189552082017423,0.00035265803394258577
pintu,Hindu,0.9676332744977016,0.9676332744977016,0.005227761002075974,0.005792421531645199,0.021155249319261906,0.00010575644831716956,8.553720099791153e-05
pisaal,Christian,0.5646890458980547,0.3234750787277464,0.10868298433923729,0.0030760481117638786,0.5646890458980547,2.276444869526461e-05,5.407847450238864e-05
pisal,Hindu,0.693055546557928,0.693055546557928,0.11474228781631929,0.002901285683093483,0.18925512416715373,1.4581186199919676e-05,3.1174589305445225e-05
piyare,Hindu,0.8717153361134155,0.8717153361134155,0.03687254821887326,0.006964434114070892,0.08439691007631275,3.3142322883472884e-05,1.762915444427865e-05
poddar,Hindu,0.9652378983501969,0.9652378983501969,0.013322492960030801,0.0012182871353516491,0.016123732926237196,0.003940612352383138,0.00015697627580008136
pol,Hindu,0.6651865412870849,0.6651865412870849,0.014332472421895467,0.0030553394206483623,0.3173132791619591,8.761998950071904e-05,2.474771891148536e-05
ponnaiya,Hindu,0.5391862906010806,0.5391862906010806,0.0003403768930707422,0.00022815445607732437,0.46023867980811956,3.5134702533669193e-06,2.9847713984161985e-06
ponnamma,Hindu,0.6798822103155591,0.6798822103155591,0.0006108658809165256,0.0098876073871668,0.3096133193435169,3.5364689997053737e-06,2.4606038411183556e-06
ponnan,Hindu,0.9859673797841275,0.9859673797841275,2.3699990115344972e-05,3.783819942316915e-05,0.013963978311334564,6.257559281089259e-06,8.461557183535648e-07
ponnuchchami,Hindu,0.7999496428508628,0.7999496428508628,0.004575856896016901,0.003399002140625048,0.19192218671930944,9.981552813852671e-06,0.00014332984037212384
ponnusamy,Hindu,0.9978594736212636,0.9978594736212636,0.00045699432916045726,7.238535259043063e-05,0.0016099836432048164,3.1053844080198554e-07,8.525153400327692e-07
pooja,Hindu,0.8287467300857746,0.8287467300857746,0.09108054421424697,0.019061990927449656,0.06059513022477464,2.9991155218668808e-05,0.0004856133925354282
poojaa,Hindu,0.584045615693867,0.584045615693867,0.09166372221974191,0.018447527331756555,0.30522176543616986,3.6891871323602635e-05,0.000584477447141154
poojan,Hindu,0.8523496912472195,0.8523496912472195,0.09107911720682303,0.008087723796095117,0.04764927492125147,3.155005490320644e-05,0.000802642773707569
poojeri,Hindu,0.9160691101280978,0.9160691101280978,0.03685008266838766,0.004840536514198946,0.04212997049486924,1.531427967203419e-05,9.49859147745957e-05
pool,Hindu,0.7302891319229657,0.7302891319229657,0.08309864107601996,0.011691870733076745,0.17484844747986292,3.0049080797151985e-05,4.1859707277322694e-05
poolam,Hindu,0.7450409708313122,0.7450409708313122,0.21644748177608159,0.003951333375844756,0.03430883332345506,2.0237904611789796e-05,0.00023114278869488993
poonam,Hindu,0.707569624213088,0.707569624213088,0.012904500796106702,0.012525717319807601,0.2667079559204301,9.132531216412221e-05,0.00020087643840348363
poongaanavam,Hindu,0.7133151142980675,0.7133151142980675,0.01285918635302395,0.004245780833153556,0.26842117779294405,0.0005991641461000478,0.0005595765767109788
pooran,Hindu,0.9425105710504276,0.9425105710504276,0.008355735482166903,0.0037528772920817294,0.0452689000281769,2.9255187523312874e-05,8.266095962336162e-05
poorn,Hindu,0.6830379206881884,0.6830379206881884,0.09186065632041908,0.12494721549960869,0.09984399722206996,0.00012597793727400598,0.0001842323324399715
poornimaa,Hindu,0.4562479500422193,0.4562479500422193,0.08768074945238018,0.020638799926625075,0.435213090749413,9.279664555709954e-05,0.00012661318380546233
poote,Hindu,0.8221366965830548,0.8221366965830548,0.039751481929576074,0.06750595085742782,0.06973711538670074,0.00013568884071851864,0.0007330664025221775
poothadaar,Hindu,0.8610438432912814,0.8610438432912814,0.006270151133651258,0.018340435413462506,0.11390974624605398,0.00011485707526646793,0.00032096684028465095
poovaar,Christian,0.6258646352686642,0.366615651838129,0.004098929471736542,0.003196101063137078,0.6258646352686642,7.218575357744143e-05,0.0001524966047557706
porel,Christian,0.5385150838163152,0.45916552753052947,0.0020619050408208486,0.000237130431733366,0.5385150838163152,1.6612461875056823e-05,3.7407187261066478e-06
potatadar,Hindu,0.99797121192278,0.99797121192278,0.0005652465827833517,0.0004497307796223287,0.0006866392540898285,0.00028549033705661434,4.168112366755666e-05
pote,Hindu,0.8251847784154289,0.8251847784154289,0.007707481078577012,0.007368636686340337,0.15845495763056971,0.00021869304031063713,0.0010654531487734667
povar,Hindu,0.635557942487454,0.635557942487454,0.0018273003276702644,0.0006350298600497532,0.3616949749620391,0.00016669497482667977,0.00011805738796032135
pra,Hindu,0.9972198006337837,0.9972198006337837,3.734969415826096e-08,1.0281982765916905e-05,0.0026887714200153623,7.818100254488325e-05,2.9276111960941423e-06
prabha,Hindu,0.9994867794650718,0.9994867794650718,0.00014477535817022211,2.8829100261685816e-05,0.00030768847076465374,4.959507665616033e-06,2.6968098066344982e-05
prabhaa,Hindu,0.9914727280523977,0.9914727280523977,0.0010583350074780187,0.00012510845469104268,0.007243194638011565,1.551045181184294e-05,8.512339560992678e-05
prabhaakar,Hindu,0.9839011735277522,0.9839011735277522,0.001283897248864574,0.00035696818384560783,0.014017855423148885,2.7819803904538518e-05,0.0004122858124844415
prabhaasinee,Hindu,0.9061013642129909,0.9061013642129909,0.01723038028635049,0.0023768145252551637,0.07426530386767932,9.319880667624065e-06,1.681722705645013e-05
prabhaath,Hindu,0.9857438667258215,0.9857438667258215,0.0007222014167682932,0.0004154497532287794,0.012954286589091498,8.294476207658976e-06,0.00015590103888240975
prabhaathee,Hindu,0.9134623594437324,0.9134623594437324,0.0034139020594715157,0.0010442046344695235,0.08196975062578864,4.9032137682250896e-06,0.00010488002276978692
prabhaavathee,Hindu,0.9264750522316914,0.9264750522316914,0.0015283065608030664,0.00039279990482792476,0.07151022549778317,1.837851875334257e-05,7.523728614106273e-05
prabhakar,Hindu,0.9903094332228407,0.9903094332228407,0.0008451211392329707,0.0004062433423018609,0.007698179997908052,1.099310010086131e-05,0.0007300291976156966
prabhakaran,Hindu,0.9929437288807746,0.9929437288807746,0.00045969624585131516,0.00018975418751866895,0.005953595365726082,8.985008113790467e-06,0.0004442403120153521
prabhat,Hindu,0.9992847866135505,0.9992847866135505,0.00037582309941187864,4.6274329645248474e-05,0.0002641190153522119,3.7372879539142035e-06,2.5259654086224395e-05
prabhoo,Hindu,0.9941252605218676,0.9941252605218676,0.0020573403163982136,0.00026526976467509776,0.003506429782961369,6.145467545571694e-06,3.9554146552109614e-05
prabhu,Hindu,0.9993613896640765,0.9993613896640765,0.00014575028787962706,4.952992684934327e-05,0.00036254414310840204,4.2416514249509355e-06,7.654432666089678e-05
prabhudayal,Hindu,0.9905546401071822,0.9905546401071822,0.0022843805976511316,0.0005300806726205423,0.0065836899985404615,9.844810457267753e-06,3.736381354830372e-05
prabhulal,Hindu,0.9871942720264036,0.9871942720264036,0.007554152173199848,0.00195807444637664,0.0027315433486153297,3.6995075780825876e-05,0.0005249629296239591
prabhuram,Hindu,0.999910988059453,0.999910988059453,1.0596790840134378e-05,3.849250972330668e-06,7.466702028720796e-06,2.5521887493518664e-06,6.454700795668036e-05
pradeep,Hindu,0.9844107340637701,0.9844107340637701,0.0010930764590893498,0.001121224822672929,0.012886924880199222,0.00016358222033175117,0.0003244575539363388
pradhaan,Hindu,0.9762525155052012,0.9762525155052012,0.0002341446931662469,0.00039366513679572586,0.022904997751830417,4.2836937258350325e-05,0.00017183997574786808
pradhana,Hindu,0.9975846058058017,0.9975846058058017,1.9333670876551726e-05,8.098725485349316e-05,0.0021478816240913198,4.515878191451303e-05,0.00012203286246241792
pradip,Hindu,0.9946644346316423,0.9946644346316423,8.812144128535843e-05,7.17266786912325e-05,0.005113726679272904,4.641395742477818e-05,1.5576611683437257e-05
pradipa,Hindu,0.9972664849150148,0.9972664849150148,4.885732385648608e-05,4.604636511481854e-05,0.0025769481164523472,4.4130418121656885e-05,1.753286144012552e-05
prahalaad,Hindu,0.9616107694570601,0.9616107694570601,0.0002473097412853164,0.00021621636013923176,0.037901716257729014,1.142458331489634e-05,1.256360047132747e-05
prahlad,Hindu,0.9802002202229321,0.9802002202229321,0.0029906321873611015,0.002489395769562583,0.014194281829519149,5.817765826969743e-05,6.729233235539903e-05
prajaapathi,Hindu,0.9863980146039028,0.9863980146039028,0.0002821565699555362,0.0006552177788178983,0.012552627203574251,1.2335862400597039e-05,9.964798134887029e-05
prajapat,Hindu,0.9997666882098996,0.9997666882098996,2.6219160052831857e-06,0.00018240764506065663,4.737050610108198e-05,5.682582345929396e-07,3.434646987520181e-07
prajapati,Hindu,0.9991077005105975,0.9991077005105975,5.760258126077327e-06,0.0007702734905774286,0.00011409825603666593,2.0018737620209164e-06,1.6561090031603566e-07
prakaas,Christian,0.6503252434134903,0.33651322081766327,0.009317684179510007,0.0031776635284593456,0.6503252434134903,0.0004998427892160297,0.00016634527166121054
prakaasha,Hindu,0.6554597123547796,0.6554597123547796,0.023029444740529363,0.003230909533004326,0.3169802844003674,0.0008873210754068545,0.00041232789591229594
prakash,Hindu,0.9238608520587109,0.9238608520587109,0.004664528083148595,0.004421928336017147,0.046268102998651015,0.019254123630230602,0.0015304648932418171
pramanik,Hindu,0.9682052341576048,0.9682052341576048,3.677859480398553e-05,5.0306194603702526e-05,0.030527356332206896,0.0010964397563801341,8.388496440045587e-05
prameelaa,Hindu,0.8602898280182923,0.8602898280182923,0.043336669799813286,0.00053027333592419,0.09544805831629893,7.698331674306117e-05,0.000318187212928046
pramila,Hindu,0.9853227944584008,0.9853227944584008,0.003644346412054665,0.0007264831900855456,0.009330882185988777,1.6359041526104174e-05,0.0009591347119441776
pramilaa,Hindu,0.9191681988869245,0.9191681988869245,0.006565354764989471,0.001130740131379287,0.07173192932826075,2.7868839962634167e-05,0.0013759080484834253
pramod,Hindu,0.9946891623591142,0.9946891623591142,0.0003976074004874154,0.0005189784492015499,0.0010459068989167536,0.000327835841484075,0.0030205090507961652
pramood,Hindu,0.984772650354022,0.984772650354022,0.004202023650187093,0.007459563466596848,0.0025827137369286647,0.00011059859848574172,0.000872450193779901
praphula,Hindu,0.8767066902424195,0.8767066902424195,0.009744623650909126,0.0037813454682236918,0.1085003693026257,0.00024794459861247464,0.0010190267372096062
praphulu,Christian,0.5075350922907451,0.4824323074391293,0.007236891831421291,0.0021562053402262795,0.5075350922907451,0.0001750828482493106,0.0004644202502287403
prasaad,Christian,0.5821829573338823,0.4159548834153711,0.0015494177554213834,0.0002442899188582779,0.5821829573338823,3.717723974787767e-05,3.127433671912195e-05
prasaamth,Hindu,0.5567374115561499,0.5567374115561499,0.007340953533070864,0.0015322995378528072,0.4339607750924532,3.765638524169583e-05,0.00039090389523143
prasaantha,Christian,0.6847250125919341,0.3151396478394028,2.8834725697258025e-05,7.710552001735437e-05,0.6847250125919341,1.8875108285291915e-05,1.0524214663281148e-05
prasad,Hindu,0.6148963611219005,0.6148963611219005,9.047116384649156e-06,7.723666103521935e-06,0.3850760302456814,9.136595943730055e-06,1.7012539862386186e-06
prasanna,Hindu,0.9854969200443184,0.9854969200443184,2.306263599521294e-05,2.6456816411805793e-05,0.014433922320723033,1.891454210618256e-05,7.236404453473349e-07
prashant,Hindu,0.9129825761596445,0.9129825761596445,0.0005868927745685565,0.0018361808682346133,0.05911703153093684,0.025157461046525418,0.00031985762008999416
pratap,Hindu,0.9985573594388941,0.9985573594388941,1.839980239034062e-05,0.0001015538639380194,0.0009037855971839377,0.0004111192636625202,7.782033931035506e-06
pratapsinh,Hindu,0.962354657573186,0.962354657573186,0.012003959414390687,0.00794879017258645,0.017381878126151825,0.00028428811668944104,2.6426596995493497e-05
prathaap,Hindu,0.877050454375332,0.877050454375332,0.00019386701776311768,0.00046241192626645186,0.12213119466028347,5.473667789053584e-05,0.00010733534246420358
pratheek,Hindu,0.7052665131874502,0.7052665131874502,0.007816420059268959,0.004922780833621737,0.2815379678713813,1.965631935640555e-05,0.00043666172892146884
prathibhaa,Hindu,0.9863806697646863,0.9863806697646863,0.002940956030158644,0.002468985848488438,0.007783556835214481,0.00018732884882191286,0.00023850267263025168
prathimaa,Hindu,0.9211223506842111,0.9211223506842111,0.0010960291483107273,0.010794037003450404,0.06642173224078732,7.908650633978727e-05,0.00048676441690069885
praveen,Hindu,0.9466914483241374,0.9466914483241374,0.00506003325162716,0.0019491959095675915,0.04622286541062229,4.9686559856851774e-05,2.6770544188729184e-05
praves,Hindu,0.9324621399874824,0.9324621399874824,0.00022365578387410705,0.00013061422382407568,0.06710431777475168,6.687502007420132e-05,1.2397209993525005e-05
pravin,Hindu,0.9413046215994594,0.9413046215994594,6.3901876307309e-05,0.0003717138589005778,0.05775937107563749,0.00048598669328820684,1.4404896406736884e-05
preetam,Hindu,0.9534132039321427,0.9534132039321427,0.008945986277872978,0.016075752224101163,0.02142925052299288,5.3776993318104814e-05,8.203004957225395e-05
preetha,Hindu,0.5224186613809048,0.5224186613809048,0.010028979590700022,0.010346117256565623,0.45715354296799515,2.5720397648049187e-05,2.697840618644436e-05
preetham,Christian,0.5827089868226069,0.39005773354813067,0.01741651636689638,0.009761143130158611,0.5827089868226069,1.3662902001842534e-05,4.195723020559313e-05
preethi,Hindu,0.7102779341613237,0.7102779341613237,0.009459151548342024,0.014448067938254424,0.26575613205142007,2.2268541569119903e-05,3.644575909059179e-05
preeti,Hindu,0.9030458191349763,0.9030458191349763,0.006291484639543503,0.01174162301254262,0.07872661022194367,0.00018411762796814629,1.034536302584506e-05
prem,Hindu,0.9917206439422694,0.9917206439422694,0.0025455575695905205,0.0003217765027482825,0.005289275036315391,9.975748787699926e-05,2.298946119947397e-05
premaa,Hindu,0.849671160200019,0.849671160200019,0.014695167513491984,0.0009548798869273424,0.13425582826319193,0.00033054623331641646,9.24179030530388e-05
premabaaee,Hindu,0.7381406259562364,0.7381406259562364,0.1987548943431529,0.0019156557306831438,0.06077687751731238,0.00010076718348113878,0.00031117926913401257
premachand,Hindu,0.9952192792667635,0.9952192792667635,0.0007951518395590671,0.0003386463815613266,0.0028213446150468138,0.0007144765677999666,0.00011110132926941404
premachandr,Hindu,0.9955583403537543,0.9955583403537543,0.0008541575644879127,0.00027183398223848805,0.0020075282331231247,0.0011378586454144886,0.00017028122098164029
premalaal,Hindu,0.730748243820017,0.730748243820017,0.029139328158145173,0.0013440982183327102,0.23828128271930982,0.00039669069664592546,9.035638754932274e-05
premalathaa,Christian,0.8253532953595796,0.15478834471027147,0.01790643183471237,0.0017359840059965816,0.8253532953595796,6.780817737653494e-05,0.0001481359120634824
premanaaraayan,Hindu,0.8933726119939971,0.8933726119939971,0.0020143531681770274,0.0003304165305843437,0.10396169759126453,0.00022160543814835526,9.931527782867881e-05
premanarayana,Hindu,0.9702977910600799,0.9702977910600799,1.1831994385980639e-05,4.228771929569379e-06,0.029428937708680606,0.00024289367459604072,1.4316790328008848e-05
premapaal,Hindu,0.9588543702452953,0.9588543702452953,0.00828308448253695,0.0005496224879964951,0.031211712692552743,0.001075475366899339,2.573472471910606e-05
premapala,Hindu,0.997446354578944,0.997446354578944,0.000696752952942622,0.00019379585248201003,0.0012469505177806948,0.00040356110317095955,1.2584994679791685e-05
premasimh,Hindu,0.8432209944326022,0.8432209944326022,0.06585740444072087,0.004083180111917199,0.08679818049221873,2.2982488818189008e-05,1.7258033722646244e-05
premavathee,Hindu,0.9069911382590983,0.9069911382590983,0.004468854307487621,0.0007394558432625858,0.08770062347714576,5.7268616166526406e-05,4.265949683939523e-05
premchand,Hindu,0.9882337651915764,0.9882337651915764,0.002885479409004668,0.000530676396377094,0.0036242129359833597,0.004305250683329604,0.00042061538372891946
premchandra,Hindu,0.9874431876422327,0.9874431876422327,0.0021418308999043394,0.0002502779838133124,0.0024570260759122628,0.006408826759982701,0.001298850638154751
premee,Hindu,0.9268703391400632,0.9268703391400632,0.05837910591933591,0.0008696088573104489,0.01363534291587637,2.415035339803208e-05,0.000221452814016216
premila,Hindu,0.9479454161368539,0.9479454161368539,0.017392404725779957,0.000807244497018458,0.03371625415938378,5.495265685341074e-05,8.372782411052191e-05
premlal,Hindu,0.9515786858053829,0.9515786858053829,0.03541264643775682,0.0009840332848021372,0.01182415072585507,8.367944729020217e-05,0.00011680429891275019
premsinh,Hindu,0.7459583805043708,0.7459583805043708,0.14531213375625515,0.06685794339243996,0.041616554642230845,0.00022481850375128916,3.0169200952186964e-05
pri,Hindu,0.9765027710664368,0.9765027710664368,0.0002403117987882349,0.0005130475792073846,0.022715619196269264,2.5920963681307722e-05,2.3293956169870037e-06
prims,Hindu,0.6499468809678931,0.6499468809678931,0.16157126030157098,0.004903980880506457,0.1834448608147357,9.293037828897444e-05,4.0086657004826976e-05
prishpaa,Hindu,0.7241880138424663,0.7241880138424663,0.010067056688419493,0.0023271261845887186,0.2632614754266971,7.611993606415607e-05,8.020792176405363e-05
prithee,Hindu,0.614845453254668,0.614845453254668,0.0255941126042864,0.24042280168032393,0.11906917613666208,1.3339772252135714e-05,5.511655180721556e-05
prithvee,Hindu,0.9026238553835658,0.9026238553835658,0.004430369702051611,0.02571456579823574,0.06718263491319301,7.39994197941123e-06,4.117426097469921e-05
priya,Hindu,0.9668628492383138,0.9668628492383138,0.004025333023937058,0.0015186422150621048,0.027562394561082844,2.856555615164308e-05,2.2154054524973234e-06
priyaa,Hindu,0.7601074407731995,0.7601074407731995,0.015538417222556646,0.0033187342527984296,0.22096527770029634,5.6883684731167394e-05,1.3246366417860817e-05
priyamkaa,Hindu,0.904352370389525,0.904352370389525,0.01001781622031621,0.002424250752289741,0.08158110441507636,3.3945422302801386e-05,0.0015905128004897078
priyanka,Hindu,0.9533399610965688,0.9533399610965688,0.007376740496022322,0.0016274305349798703,0.030012877649808135,0.0075936781694444355,4.931205317630037e-05
puja,Hindu,0.9297659300125296,0.9297659300125296,0.05080550426503108,0.003690094058312904,0.014123839185905563,4.185941823082031e-05,0.0015727730599899375
pujaa,Hindu,0.6815163152824215,0.6815163152824215,0.1106010102437268,0.0070517775038869395,0.19899213847444586,8.071777220592223e-05,0.0017580407233128807
pujaaree,Hindu,0.6639185192231039,0.6639185192231039,0.06899657014199895,0.006034801835608936,0.26066489313115176,3.933389576520762e-05,0.00034588177237107533
pujari,Hindu,0.95663829585241,0.95663829585241,0.028921512541786668,0.0006169865921020567,0.013558167945757505,1.1494264422007955e-05,0.0002535428035217241
pukharaj,Hindu,0.9918913655984626,0.9918913655984626,0.0024938914451602973,0.0017816459581531537,0.0016972033158881557,5.4321896755294185e-05,0.0020815717855804635
puna,Hindu,0.993982393523678,0.993982393523678,0.0010686040902873214,0.00013691765476270439,0.004708054408128673,1.7000090682874827e-05,8.703023246023955e-05
punam,Hindu,0.9734998100410345,0.9734998100410345,0.00394506853660877,0.0005873590129509701,0.021729276789301546,1.4014597126603843e-05,0.00022447102297748663
puneeth,Hindu,0.8658560317976428,0.8658560317976428,0.03698975651849334,0.005899871402947032,0.09108288802973212,2.6586274795528298e-05,0.00014486597638911037
puneethaa,Hindu,0.6929988544653417,0.6929988544653417,0.03284187671143543,0.0031962803652071364,0.27081105705180003,2.2661854746059493e-05,0.00012926955146964485
puniyaa,Hindu,0.9116376715276184,0.9116376715276184,0.032542082329869985,0.0007649929410203759,0.05501616239387708,7.220222836261223e-06,3.18705847780073e-05
purakait,Hindu,0.92396670521129,0.92396670521129,0.03617210923772543,0.00985766200401666,0.02845124126241824,0.00034744207886912873,0.0012048402056805297
puran,Hindu,0.9933314582297719,0.9933314582297719,0.0006150025307363554,0.0005752877656616664,0.00019721365477068473,5.813189913819115e-05,0.005222905919921371
puranlal,Hindu,0.9742158564463212,0.9742158564463212,0.013854741220827657,0.001786269221936426,0.009723082528953366,8.407964051084684e-05,0.00033597094145035376
puri,Hindu,0.990105641550383,0.990105641550383,0.00017944188758665404,0.00031505924762226007,0.009390434896883923,2.2213781742242857e-06,7.201039350034462e-06
purohit,Hindu,0.9881693718638284,0.9881693718638284,0.00324790382708336,0.00143288167187039,0.007093817100030522,1.1695627040710125e-05,4.432991014654885e-05
purooshooththam,Hindu,0.6280860853376581,0.6280860853376581,0.006348219177064866,0.06380163691893667,0.30152908094348846,4.9244587178587936e-05,0.00018573303567343978
purti,Hindu,0.9949643047313369,0.9949643047313369,0.00020923973084711694,0.0009766226644524335,0.0038342362299226265,9.435247468567069e-06,6.161395972419576e-06
purushothaman,Hindu,0.9721419442269,0.9721419442269,0.005295411326473302,0.000956893342348642,0.021025232085042922,1.2374337757313646e-05,0.0005681446814778736
purushottam,Hindu,0.7490079249494226,0.7490079249494226,0.017061694920436663,0.009987558003521978,0.1421527831100626,9.902120140868022e-05,0.08169101781514729
pushpa,Hindu,0.7059961735500303,0.7059961735500303,0.04136648593633212,0.01124380637137556,0.2405664791286083,0.00012001944544448738,0.0007070355682093062
pushpaa,Christian,0.6179896540526906,0.35058975597289044,0.024655620498976905,0.006180497122720948,0.6179896540526906,7.976447166792708e-05,0.0005047078810531086
pushpaadevee,Hindu,0.6302022634078982,0.6302022634078982,0.002282214151266463,0.001876448523968452,0.36037728870169916,1.8334951238769002e-05,0.005243450263929069
pushpendr,Hindu,0.7608394559489408,0.7608394559489408,0.005645126980464287,0.010137380104903627,0.22284589385792142,0.00017199544679932083,0.00036014766097070314
puthul,Hindu,0.790802968596599,0.790802968596599,0.003702072359919021,0.08940497795525022,0.11540351053314676,9.362607316982333e-06,0.000677107947767841
pyaare,Hindu,0.5358587224214063,0.5358587224214063,0.007213386981741298,0.0021261284825881206,0.45474375006004225,4.132488378733028e-05,1.6687170434852485e-05
pyaaree,Christian,0.7494615534682328,0.22933606975705514,0.017144100603352433,0.004032651426295637,0.7494615534682328,1.3376765221201243e-05,1.2247979842728254e-05
pyaarelaal,Christian,0.595383034172,0.39277483717393974,0.010916365860282256,0.0008723466110209541,0.595383034172,4.428791464917372e-05,9.128268107875408e-06
pyare,Hindu,0.802972291408838,0.802972291408838,0.016067753434163157,0.003658730564291093,0.17723036874469836,5.25516526151589e-05,1.8304195394483155e-05
pyarelal,Hindu,0.8537141465393303,0.8537141465393303,0.06549363032774541,0.002413131703050291,0.07826421743299179,9.838707306847154e-05,1.6486923813734923e-05
pyari,Christian,0.5569180986210247,0.419776309930132,0.022968304852876483,0.0003153279944427595,0.5569180986210247,1.2159379902677657e-05,9.799221621345128e-06
raabiyaa,Hindu,0.4431444393645544,0.4431444393645544,0.4234646897563868,0.0021692306646383997,0.13114244800754754,2.1309152942911413e-05,5.788305393000302e-05
raadhaa,Hindu,0.809492603020269,0.809492603020269,0.0049981576398364065,0.001298525834612672,0.1835747676680012,5.8992204648754974e-05,0.0005769536326317721
raadhaabaaee,Hindu,0.582078434915336,0.582078434915336,0.06403501483195861,0.00286829626115932,0.3500268939174681,4.632915441469267e-05,0.0009450309196632262
raadhaaraanee,Hindu,0.5727265502488621,0.5727265502488621,0.010108460319436722,0.0007834220432165069,0.41510345523353864,6.724870472552071e-05,0.0012108634502203115
raadhe,Hindu,0.9452044771406222,0.9452044771406222,0.0026408852682097087,0.00037005245129640444,0.05157051113518073,1.9318106745671815e-05,0.000194755897945243
raadhesyaam,Hindu,0.6021183395161513,0.6021183395161513,0.004258956928245605,0.0005630014563262151,0.39296574611424057,1.3162736091277621e-05,8.079324894507972e-05
raadhikaa,Hindu,0.9794162983286775,0.9794162983286775,0.0038858194318846097,0.00025511650181307737,0.016155884780950397,2.0899477653071834e-05,0.00026598147902126974
raaganee,Christian,0.6469620415490774,0.31437059325273065,0.03480922199038548,0.0006129959080326683,0.6469620415490774,0.00022278467992060255,0.0030223626198530276
raaghavendr,Hindu,0.8429721473951536,0.8429721473951536,0.005425619282458168,0.004110737678870564,0.14705458520662343,0.0003540618750311035,8.284856186323312e-05
raaginee,Hindu,0.7008719240072061,0.7008719240072061,0.10296999672412796,0.0030401943477449326,0.19291420646598925,7.158204276565839e-05,0.00013209641216602934
raahal,Hindu,0.9434806216345689,0.9434806216345689,0.012171932485427635,0.001260564776458921,0.04298348548308305,4.605214211546482e-05,5.734347834578319e-05
raahul,Hindu,0.9525321800055024,0.9525321800055024,0.009359093311315961,0.00196300044387462,0.035745276813891676,4.171064501936888e-05,0.0003587387803959476
raaj,Christian,0.6306626143281471,0.32187980542457273,0.043923697876532275,0.002275754312017814,0.6306626143281471,0.0001440982099948546,0.001114029848735187
raajaa,Christian,0.8507139102029356,0.11049790722240069,0.03578985500259142,0.00267320019426467,0.8507139102029356,2.691258372458703e-05,0.00029821479408306356
raajaaraam,Christian,0.7281658188476721,0.2512818217007222,0.01778873517252573,0.002111446209489076,0.7281658188476721,4.709118442910302e-05,0.000605086885161902
raajabaalaa,Christian,0.7324030634146131,0.14671684262758483,0.1183310362089234,0.0022222888402564883,0.7324030634146131,2.3144693516623443e-05,0.0003036242151056951
raajabahaadur,Hindu,0.8257986084140752,0.8257986084140752,0.09870457738155552,0.006637684666886296,0.06797050439526647,9.511327849630007e-05,0.0007935118637202437
raajabeer,Muslim,0.9008109680336929,0.06359271515498308,0.9008109680336929,0.005166032886530464,0.030354804336956472,6.715594644836888e-06,6.876399319243187e-05
raajabhar,Hindu,0.8072777221770958,0.8072777221770958,0.1574430206796087,0.005255132264889013,0.02967327901720045,7.349437486816961e-05,0.0002773514863378566
raajadev,Hindu,0.7796438763935054,0.7796438763935054,0.004285239497551567,0.001687651683701577,0.1623003007784258,7.946177918180033e-05,0.05200346986763378
raajakalee,Muslim,0.5294864305611799,0.2686931358970906,0.5294864305611799,0.0025463649922165283,0.19878071241489742,2.2429503143905796e-05,0.00047092663147152506
raajakisoor,Hindu,0.5081600381277241,0.5081600381277241,0.36921172323719703,0.009937736901022625,0.11244119316598056,7.618573583202186e-06,0.00024168999449257337
raajakumaar,Christian,0.5907868914472186,0.33324768980600766,0.07122284532126046,0.004300005413199839,0.5907868914472186,0.0001228064716549911,0.00031976154065823905
raajakumaaree,Christian,0.6590949016269739,0.27949735395036684,0.05792819114297071,0.00326516910219208,0.6590949016269739,6.443874242421704e-05,0.00014994543507202828
raajamani,Christian,0.9768909465583041,0.022050459079159177,0.001010264393933618,2.256345333948624e-05,0.9768909465583041,4.035820920672433e-06,2.173069434291738e-05
raajamathee,Christian,0.9822537485907286,0.01555828329581648,0.002065182257801956,0.00011004468084003087,0.9822537485907286,2.928369177824927e-07,1.2448337895368066e-05
raajan,Christian,0.5723126103075057,0.37487374886191627,0.04831817091584742,0.0036074561195278045,0.5723126103075057,4.4651358759791355e-05,0.0008433624364429204
raajanaath,Christian,0.5863346032813634,0.4028792894836458,0.008074624655287084,0.001983668234366761,0.5863346032813634,3.094637942208806e-05,0.0006968679659148242
raajapaal,Hindu,0.6643839507138541,0.6643839507138541,0.011547825296113918,0.0021217057527318866,0.3217696848227595,9.765288219797134e-05,7.91805323425218e-05
raajapathee,Hindu,0.8822735634489596,0.8822735634489596,0.006458966185821414,0.005379644276276868,0.10575698238335403,9.731172495330903e-06,0.00012111253309283693
raajapooth,Hindu,0.749687141284404,0.749687141284404,0.013609334030750802,0.03903745497680428,0.1973721780655044,5.181679054112996e-05,0.00024207485199540294
raajaputh,Hindu,0.7945945397692699,0.7945945397692699,0.008258539443245162,0.005678569861560826,0.19131309791053713,1.871645690792841e-05,0.00013653655847915868
raajaraanee,Christian,0.8149687262408837,0.1636922071469582,0.020063212394013572,0.00038762180278970374,0.8149687262408837,2.1419380684389623e-05,0.0008668130346703264
raajavathee,Christian,0.53930873747922,0.44017369100801274,0.018410488605585012,0.0019159362283074383,0.53930873747922,2.4844899454490646e-05,0.00016630177942024419
raajaveer,Hindu,0.7752691357260888,0.7752691357260888,0.026822282668685107,0.0017544289563835558,0.19605089738828047,3.638256712777645e-05,6.687269343426601e-05
raajaviadar,Hindu,0.8236805591642213,0.8236805591642213,0.009208663932298888,0.0005963090913729646,0.16625293400588798,0.00012726053124943919,0.00013427327496917123
raajeev,Christian,0.7449520674642516,0.2127155702085495,0.03996809546087486,0.0021398416094855215,0.7449520674642516,1.0967524881270904e-05,0.0002134577319570289
raajemdr,Hindu,0.47161047956824387,0.47161047956824387,0.4473368886249573,0.0038042002998474496,0.07526020543779326,0.0001921605778726264,0.001796065491285512
raajendr,Hindu,0.8515339917685374,0.8515339917685374,0.04804566296932152,0.004989093855081288,0.09368771660742688,0.0009045815308899418,0.0008389532687431864
raajendrasimh,Hindu,0.8663506010645867,0.8663506010645867,0.044553239592717085,0.005444488532519141,0.08315436670936385,0.00030111219559827843,0.00019619190521486522
raajes,Christian,0.8239224888785912,0.14026011918885084,0.035260837710775914,0.0003703506778169478,0.8239224888785912,2.498857934051461e-05,0.00016121496462469728
raajesakumaar,Christian,0.815782146478308,0.16735113878140773,0.015226902594873755,0.0014254243301019018,0.815782146478308,8.100279913085705e-05,0.0001333850161778842
raajesvar,Christian,0.6358941958501177,0.3517204577550563,0.011765465502529762,0.0003696622669107789,0.6358941958501177,7.968320247571517e-05,0.0001705354229096746
raajesvaree,Christian,0.8657247490630631,0.1284055681782863,0.005611355340517033,0.00019799340723593558,0.8657247490630631,2.11098571299204e-05,3.922415376763666e-05
raajiyaa,Hindu,0.4925493941736944,0.4925493941736944,0.05872510571467411,0.004362647874272736,0.44245241900296906,6.644657056384862e-05,0.001843986663825722
raajoo,Christian,0.6403917430988418,0.30343311896718816,0.04162858791186799,0.014059241500365097,0.6403917430988418,6.434455332227075e-05,0.0004229639684146003
raaju,Christian,0.48247672507619316,0.4271973517233405,0.08733986613888181,0.0017448191023239972,0.48247672507619316,0.0005222444363045222,0.000718993522956052
raakas,Christian,0.8141534019591071,0.15770396278223406,0.02632616852361076,0.0014317743481548398,0.8141534019591071,3.902196715230234e-05,0.00034567041974095723
raakes,Christian,0.8194184113840709,0.1746153093761554,0.005285938223314344,0.0005202026005105983,0.8194184113840709,5.627395550239362e-05,0.00010386446044633383
raakesakumaar,Christian,0.7541350514555668,0.2372923926249453,0.006181274234858937,0.0021433660298836492,0.7541350514555668,0.00013733770466375995,0.00011057795008148764
raakhee,Hindu,0.5715419936960173,0.5715419936960173,0.3477293813615576,0.00749011966650923,0.07286237565585892,1.1812494141131065e-05,0.00036431712591553143
raam,Hindu,0.7310594422056167,0.7310594422056167,0.02078008908833847,0.0014978878649328357,0.2452215879380947,5.623672412585368e-05,0.0013847561788914915
raamaa,Christian,0.6512894389511257,0.32498120001353137,0.022321065156257855,0.0009252914699336783,0.6512894389511257,0.00011149413307415867,0.00037151027607721943
raamaaasare,Christian,0.7931296115408196,0.20010882224563203,0.0065014176637158095,0.00019176520911759118,0.7931296115408196,2.2661255518492245e-05,4.572208519647597e-05
raamaadhaar,Hindu,0.6931546805938236,0.6931546805938236,0.0068781244420245856,0.001258682695331276,0.29815291846201414,8.110456634669872e-05,0.00047448924045978536
raamaanamd,Hindu,0.7456415574448815,0.7456415574448815,0.02178479273185911,0.000953703967105069,0.22977360034896527,0.00011230513418797692,0.001734040373001147
raamaanand,Hindu,0.8329255668514184,0.8329255668514184,0.004472446730525074,0.0004776045540520523,0.1605928659276821,0.0003914286472914608,0.0011400872890307268
raamaaseesh,Christian,0.9595519209716168,0.038568728324291555,0.0017872596568846925,7.38620365032602e-05,0.9595519209716168,4.799830464191332e-06,1.3429180239621677e-05
raamaasray,Christian,0.62998898203148,0.35382026705827374,0.015307133683224271,0.0007148549379329643,0.62998898203148,3.160924649635128e-05,0.00013715304259281902
raamaauthaar,Hindu,0.5202017335373712,0.5202017335373712,0.004372487827021606,0.0016894495425458151,0.4734055684164605,1.7167172891709115e-05,0.00031359350370923055
raamaavadh,Hindu,0.8664334865160435,0.8664334865160435,0.0016610104473915076,0.00018155890068431287,0.13123664269714275,0.0002502167383677225,0.0002370847003702414
raamaavathaar,Christian,0.750726069199294,0.24574411981225708,0.0027888378631036577,0.00048174712727352465,0.750726069199294,6.439040687754485e-05,0.00019483559119429922
raamaavathee,Christian,0.6582428525413295,0.33611184848702436,0.004788136256027596,0.0007035303101103761,0.6582428525413295,3.7444917242134476e-05,0.00011618748826597914
raamaayan,Hindu,0.563610617815658,0.563610617815658,0.003600524646276315,0.0007257985159345965,0.4318905432032281,7.378393551941638e-05,9.873188338344715e-05
raamabaaboo,Muslim,0.7316044320577606,0.19184000333431706,0.7316044320577606,0.0025407900703502085,0.07336597848657292,3.776294511958126e-05,0.0006110331058795793
raamabaaee,Hindu,0.4236268606066167,0.4236268606066167,0.3055516108444158,0.0022173387955625253,0.26739632514547423,6.312829677823652e-05,0.0011447363111524943
raamabahaadur,Hindu,0.9547476802458714,0.9547476802458714,0.027909662679899135,0.0011619032761221197,0.015392868362274877,0.00011097701906573447,0.0006769084167665032
raamabalee,Hindu,0.575647205342707,0.575647205342707,0.3561914386379252,0.000780835573172568,0.06643604519156467,6.986408325790077e-05,0.0008746111713726583
raamabetee,Hindu,0.507175636375025,0.507175636375025,0.19706367091705657,0.0030701748237804915,0.2913364429789207,0.00018681890419965983,0.0011672560010175966
raamachamdr,Hindu,0.9336390020663304,0.9336390020663304,0.02380825037199296,0.004384343797715136,0.03508030205506486,0.00010504147726183849,0.002983060231634598
raamachandr,Hindu,0.9899634647618777,0.9899634647618777,0.0006297592400956287,0.00017762078434077028,0.007577987143093532,0.0012462110639509787,0.0004049570066415519
raamacharan,Hindu,0.9502022750427903,0.9502022750427903,0.001078282563116465,0.0009642488779292616,0.04709924461318354,0.0001350963241669684,0.0005208525788133572
raamadaas,Hindu,0.560082551073776,0.560082551073776,0.055968018475767344,0.001605464517053311,0.38181555485961705,7.978005984177627e-05,0.00044863101394447216
raamadayaal,Hindu,0.8981129549891899,0.8981129549891899,0.01317909225589933,0.0008492280915023211,0.08769864598285113,4.02217061897347e-05,0.00011985697436765473
raamadeee,Hindu,0.5298370033815697,0.5298370033815697,0.43238710488244897,0.0032247640627496525,0.033075141627022915,2.5687029342890222e-05,0.001450299016865972
raamadeen,Hindu,0.5339332672852269,0.5339332672852269,0.4424170678343973,0.00328686227809629,0.019270207944124332,2.700782282825498e-05,0.001065586835326831
raamadev,Hindu,0.9584687610653934,0.9584687610653934,0.006864195803897711,0.0009607783093910689,0.02652136325332684,5.787288664259305e-05,0.007127028681348524
raamadevee,Hindu,0.9376752042299975,0.9376752042299975,0.007814565268795084,0.0008979844323721209,0.04820033850428809,1.5769441927626242e-05,0.005396138122619377
raamadhanee,Hindu,0.7359972911667595,0.7359972911667595,0.17666040958266938,0.0026283435251832207,0.0739708950567618,0.00012599028448395547,0.010617070384142276
raamadulaaree,Hindu,0.7815729988926349,0.7815729988926349,0.10453974690684284,0.00489890481700362,0.10813031545139157,8.571075915825846e-05,0.0007723231729690234
raamagoopaal,Hindu,0.8840262529525187,0.8840262529525187,0.026233693627283547,0.0038949234868064717,0.08380430178231696,0.0015971509541972363,0.00044367719687693746
raamajee,Hindu,0.5350500372525627,0.5350500372525627,0.3431479484650422,0.003134672625040499,0.11784714576524094,3.375974576798171e-05,0.0007864361463455766
raamajeelaal,Hindu,0.593113293822316,0.593113293822316,0.11906413914011084,0.0010289213786548767,0.28662524890176977,3.3780376231507935e-05,0.00013461638091714548
raamajeeth,Hindu,0.7717648071675749,0.7717648071675749,0.09116304561317752,0.01218866110619431,0.12455388734591333,3.1439735798486574e-05,0.0002981590313413143
raamakalee,Hindu,0.6259655722230707,0.6259655722230707,0.2239751118614138,0.0017113901403586072,0.14765109455362033,0.00011260747883610748,0.0005842237427006221
raamakanyaa,Hindu,0.7066190043741957,0.7066190043741957,0.026717298308542442,0.0011234372183686074,0.26507061889781647,0.00031456212406137776,0.00015507907701528133
raamakaran,Hindu,0.9636485441806807,0.9636485441806807,0.0028335684287862086,0.000417822008384181,0.03199636321022852,0.00010511534374841055,0.000998586828172244
raamakes,Hindu,0.7390514912112959,0.7390514912112959,0.05814935439581858,0.001952044009435444,0.20021405835309786,0.0003100218187733576,0.000323030211579013
raamakhelaavan,Hindu,0.9769124171167004,0.9769124171167004,0.003260458202757887,0.00012781878685082113,0.019269468250811286,0.0003462064012198002,8.363124165948025e-05
raamakisan,Hindu,0.966330655941502,0.966330655941502,0.015175752259411633,0.0009325488835907182,0.01626937315616095,6.147600916495049e-05,0.001230193750169768
raamakisoor,Hindu,0.782651689158971,0.782651689158971,0.15232562871913105,0.006130581222164371,0.05863736318355839,2.3314942929815924e-05,0.00023142277324542782
raamakisun,Hindu,0.9169660155434978,0.9169660155434978,0.034719509337151316,0.0011596617978701013,0.04700669723947579,2.858807787798923e-05,0.00011952800412684292
raamakripaal,Hindu,0.9265810613083134,0.9265810613083134,0.008002377613401843,0.0004568289215018824,0.06409770690463992,0.0007471130184300307,0.00011491223371292983
raamakrishn,Hindu,0.9679572918323504,0.9679572918323504,0.015227519481008452,0.0015625030959115055,0.005993514428948249,0.009221979131220408,3.7192030560908756e-05
raamakumaar,Hindu,0.5542341004946842,0.5542341004946842,0.03235899621881936,0.0032774467675892025,0.40927615374363685,0.0004981945481527432,0.00035510822711767826
raamakumaaree,Christian,0.49654381333163783,0.47112746554233315,0.02927157281470842,0.002650425331387633,0.49654381333163783,0.00024084014538061443,0.00016588283455236602
raamalaal,Hindu,0.518212587163358,0.518212587163358,0.014107628338134597,0.00035069139694905504,0.46717143122135063,5.086032553253347e-05,0.00010680155467499449
raamalakhan,Hindu,0.9941358840083692,0.9941358840083692,0.004110378624067155,0.00019565610834048575,0.001516186490474204,6.3315941044699655e-06,3.556317464417597e-05
raamalalee,Hindu,0.670768237848274,0.670768237848274,0.11914105047260949,0.0006099401990669729,0.20925528654533268,6.881407875990156e-05,0.00015667085595698636
raamamoorthi,Hindu,0.9352921313742323,0.9352921313742323,0.02685132799972992,0.011349053747872241,0.02631531246659788,1.7627224161801e-05,0.0001745471874058376
raamanaaraayan,Hindu,0.5969248064027475,0.5969248064027475,0.0016571560297675343,0.0002845854291973769,0.40083606902324936,0.00012123459149890983,0.00017614852353931996
raamanaath,Hindu,0.6156331779638675,0.6156331779638675,0.006754551631512656,0.0007871321386138981,0.3760572400755798,9.205406539074102e-05,0.000675844125035552
raamanaraayan,Hindu,0.7983637624155788,0.7983637624155788,0.0013132305473177218,0.00017889772500582923,0.1998547065367248,0.00012220146939101228,0.00016720130598184843
raamanares,Hindu,0.8568333934821586,0.8568333934821586,0.008193721712629984,0.00015183265002721166,0.13441884464227263,0.0002225536435990041,0.00017965386931265492
raamanivaas,Christian,0.7397429703146216,0.25842865654096947,0.0015854385080143025,0.00010004866833648431,0.7397429703146216,5.991513377389793e-05,8.297083428432632e-05
raamapaal,Hindu,0.8116551266232536,0.8116551266232536,0.020830769994121277,0.0009106164213589431,0.16548499542767164,0.0009952526693498501,0.00012323886424479434
raamapathee,Hindu,0.9013827273237631,0.9013827273237631,0.01124491464476561,0.0018924833080163279,0.08517371898239728,0.00011281242933243195,0.00019334331172507157
raamaphal,Hindu,0.8825243369239091,0.8825243369239091,0.02751996663734471,0.0006404087117831564,0.08880405219746942,0.0003881473866909753,0.00012308814280238608
raamaprakaas,Christian,0.5179229555217322,0.46401547171176216,0.015434814648120162,0.0016158951687926496,0.5179229555217322,0.0007993618647757963,0.00021150108481694796
raamaprasaad,Hindu,0.6162031821773816,0.6162031821773816,0.005314668005821093,0.00038174280899040897,0.37782595499480814,0.00019147912039961556,8.297289259927222e-05
raamaprathaap,Hindu,0.8405848481989495,0.8405848481989495,0.0009165585978908972,0.00037174639614334426,0.15775819665620971,0.0002286193032785686,0.00014003084752795418
raamapraves,Hindu,0.884731109250358,0.884731109250358,0.001084738596039269,0.00017460205431260925,0.11368799096355459,0.0002817948644870633,3.976427124853116e-05
raamapyaaree,Hindu,0.5335378262857261,0.5335378262857261,0.016637387080100697,0.0013112913639433401,0.448312130868276,0.00015816552721969852,4.319887473404259e-05
raamaraaj,Christian,0.5658677471329141,0.4153433409552916,0.017051993987264154,0.0009629787375719063,0.5658677471329141,0.0003332010045716182,0.00044073818238674506
raamaraanee,Christian,0.6244596750979357,0.3511132862497517,0.02319022332780577,0.00037525840878812553,0.6244596750979357,0.00017642461247438377,0.000685132303244324
raamarathan,Hindu,0.8971856286217125,0.8971856286217125,0.0012231316739902912,0.00019787795266524688,0.10082959904949905,5.283542578376884e-05,0.0005109272763491065
raamarathee,Hindu,0.7199130231715967,0.7199130231715967,0.004743669054874015,0.0008435634890215064,0.2742469296524939,3.361613168035537e-05,0.00021919850033354086
raamasaagar,Christian,0.629472453906179,0.3646338062808111,0.005172919315228243,0.0004879554211590405,0.629472453906179,6.308721914585354e-05,0.0001697778574767696
raamasahaay,Hindu,0.8341813295119265,0.8341813295119265,0.027496193885217093,0.0006022839522548127,0.13760892731050237,7.849516040611661e-05,3.277017969301617e-05
raamasajeevan,Christian,0.5856852847159332,0.4083678013894092,0.005523955184506425,0.00027291115899410925,0.5856852847159332,1.3488864249517778e-05,0.00013655868690759624
raamasakhee,Hindu,0.8950818370946222,0.8950818370946222,0.07200996939417706,0.0013812986049502557,0.03144298629425656,4.303701337710555e-06,7.96049106561035e-05
raamasamkar,Hindu,0.9759395577029281,0.9759395577029281,0.0011221680979213592,0.00010565240160913508,0.012138268140070768,8.372045039223077e-06,0.01068598161243154
raamasaran,Hindu,0.917908882352951,0.917908882352951,0.006693101535578402,0.00019559256109399597,0.07504478972863429,2.5546274907643703e-05,0.00013208754683467826
raamasevak,Christian,0.7662102021739048,0.2312943977400295,0.0022104580518288995,0.00024695899942427026,0.7662102021739048,6.538374348489883e-06,3.144466046396883e-05
raamasimh,Hindu,0.6798465894241852,0.6798465894241852,0.050451063999892354,0.0026866354970457693,0.2669770203894354,9.246310801079449e-06,2.9444378640076024e-05
raamasree,Hindu,0.7996905923459675,0.7996905923459675,0.05534266347428086,0.00099590508723182,0.14389972312307336,1.44608054959645e-05,5.665516395040342e-05
raamasvaroop,Hindu,0.7567967408095179,0.7567967408095179,0.0041047131198040255,0.0026563365634775407,0.23620363120079244,0.00012395629337184384,0.00011462201303626772
raamasvarup,Hindu,0.6127124458723966,0.6127124458723966,0.0033785424889894167,0.0005713663379020525,0.3830505209175212,6.087956014845495e-05,0.00022624482304218436
raamateke,Buddhist,0.8029453039522606,0.11486652881040185,0.009875703511134168,0.00046574676825619353,0.07178441544209369,6.230151585348642e-05,0.8029453039522606
raamavathee,Hindu,0.6919424708122474,0.6919424708122474,0.010740968431056668,0.0011094669398110648,0.2960133011534203,4.7882573277119305e-05,0.00014591009018745244
raamaveer,Hindu,0.9131601533226458,0.9131601533226458,0.012715605222039166,0.0006374199601535383,0.07337331202221631,6.453289413562602e-05,4.897657880949089e-05
raamavetee,Hindu,0.721652521168499,0.721652521168499,0.00436396152925511,0.0005094089839076167,0.2732237475491633,9.94310719565219e-05,0.00015092969721833716
raamavilaas,Christian,0.6847253244557685,0.3090896702881235,0.005841500778328752,0.0002358652153885852,0.6847253244557685,3.4208967023749456e-05,7.343029536696525e-05
raamavriksh,Hindu,0.9323446958592546,0.9323446958592546,0.028793471971889775,0.0016441430441887462,0.0368850796059463,0.00011293430540112339,0.00021967521331925886
raamee,Muslim,0.6084744858163952,0.2863579851780361,0.6084744858163952,0.0009874600073045343,0.1011878416841587,1.8042878829716503e-05,0.002974184435275654
raamesvar,Hindu,0.5926087460627275,0.5926087460627275,0.002604413201394237,0.0001765915026476065,0.40372939129062024,0.0002799359466165908,0.0006009219959938303
raamesvaree,Christian,0.7600436750713102,0.23772738398280288,0.0018908332624522038,0.00013219397272007033,0.7600436750713102,7.233049285928217e-05,0.00013358321785541215
raamoo,Hindu,0.8132321660132865,0.8132321660132865,0.05496595702590493,0.04721340845077379,0.08271442181716711,5.9270711913561434e-05,0.0018147759809541255
raamu,Hindu,0.7695328609768323,0.7695328609768323,0.013142421749306559,0.001823524948302895,0.2152895615875708,2.1810853687985696e-05,0.00018981988429945176
raanaa,Christian,0.7148753387627865,0.2800325336818699,0.004208854124334275,0.0003488687824572814,0.7148753387627865,0.00012173405976134883,0.00041267058879087626
raane,Hindu,0.5375217184420532,0.5375217184420532,0.015696819124052883,0.000333278729784984,0.44186907287850125,0.00015243122141459257,0.004426679604193217
raanee,Christian,0.5866831278162812,0.2851631961672878,0.12539610808825372,0.0006102791013293454,0.5866831278162812,5.095072887473866e-05,0.002096338097973298
raani,Christian,0.6119783500464369,0.3801251074067401,0.006943768645746345,0.0006160531110709316,0.6119783500464369,0.0001194990315871276,0.0002172217584187418
raanoo,Christian,0.7123724561492008,0.1647762405478815,0.11091856096266815,0.007669192409291101,0.7123724561492008,0.0001337936373197354,0.004129756293638711
raaooth,Hindu,0.6219258035776626,0.6219258035776626,0.015806094376530286,0.031452329129517426,0.3285631082010875,0.00010000121347378522,0.0021526635017283385
raasid,Christian,0.6683655600190034,0.23544426235137997,0.09096105463291825,0.00515832617589127,0.6683655600190034,3.59540528017133e-05,3.484276800553726e-05
raathavaa,Christian,0.545083766790327,0.4517665405108324,0.002067160010952638,0.0006757492601104311,0.545083766790327,0.00011555586197760773,0.0002912275657998159
raathood,Hindu,0.8885179574447488,0.8885179574447488,0.0061276303041149305,0.007861500496420402,0.0968548039186094,2.382537376511385e-05,0.0006142824623411622
raauth,Hindu,0.847057879301937,0.847057879301937,0.001280334665185948,0.004937292609874,0.14578770429132615,5.277950250497919e-06,0.0009315111814264348
raav,Hindu,0.7744409687664264,0.7744409687664264,0.003210951767167558,0.00035260882268916004,0.22163110186742047,0.00018086733642370023,0.00018350143987261414
raaval,Hindu,0.9399510868343719,0.9399510868343719,0.006740226859640528,0.00025840395013655725,0.05166658120013606,0.0012833667953997862,0.00010033436031497372
raavath,Hindu,0.7716724944288604,0.7716724944288604,0.00249449052439416,0.0010297354248313556,0.22426111814919555,0.0001817513214139765,0.0003604101513043078
raay,Christian,0.5559486548202758,0.4384932735442015,0.004126386350914321,0.0013350367466366069,0.5559486548202758,2.3751991090255993e-05,7.289654688149856e-05
raaye,Christian,0.8136102911341606,0.18182481880533505,0.004076179407676418,0.00041016619908995335,0.8136102911341606,6.740020110005818e-06,7.180443362791667e-05
rabaaree,Hindu,0.7671192837250581,0.7671192837250581,0.10167483183810118,0.001885540318022378,0.12897075149644827,3.335657077366643e-05,0.00031623605159629897
rabeendra,Hindu,0.7078538666574691,0.7078538666574691,0.2744971232658081,0.010010476167765276,0.0062170193237147415,0.0007500168779591743,0.0006714977072835705
rabha,Hindu,0.9978415286264638,0.9978415286264638,0.0020161567499980956,2.2214393432429896e-05,5.320375350516398e-05,2.979498712536322e-06,6.391697788811895e-05
rabi,Hindu,0.8219262678152229,0.8219262678152229,0.17756518773587632,8.090301939332777e-05,0.0004201713552511062,7.979347659023043e-07,6.672139490363363e-06
rabidas,Hindu,0.9926737892716789,0.9926737892716789,0.006763044182812394,0.00010829655136652287,0.0004490164701507453,7.33846748711312e-07,5.119677242601476e-06
rabidis,Hindu,0.8140867954939245,0.8140867954939245,0.18094482653343238,0.00019960320445412542,0.004759027474202966,1.792698233968517e-06,7.954595751969594e-06
rabindra,Hindu,0.986851480005962,0.986851480005962,0.003950337922392883,0.005475814865364095,0.0031753215816976155,0.0004917020907197775,5.534353386354763e-05
rachanaa,Hindu,0.6511309446734854,0.6511309446734854,0.002083877386754008,0.0034780258821274146,0.34142580352085516,0.0007918377540670654,0.00108951078271108
radha,Hindu,0.9996055970608333,0.9996055970608333,3.752006459439776e-06,1.5226135932705612e-05,0.0002731206205341088,3.2715416255694955e-06,9.903263461481743e-05
radhaishyam,Hindu,0.9990145970768481,0.9990145970768481,5.113324388729021e-05,4.976386888002036e-05,0.000880694420342085,1.4004561583872357e-07,3.6713444265507653e-06
radhakishan,Hindu,0.9987797775263557,0.9987797775263557,0.0003200915668281365,0.00015565239417296209,0.0006991137996416865,1.003396303676174e-06,4.43613166979948e-05
radhakrishnan,Hindu,0.9982793060418854,0.9982793060418854,0.00032069753477028637,0.00016662011605902936,0.0012145703736476557,1.0399092809925455e-05,8.406840827735053e-06
radhamani,Hindu,0.9452995021928686,0.9452995021928686,0.003954386287907237,0.00017740207745340218,0.0503039323083441,4.131948869887604e-05,0.00022345764472761343
radhe,Hindu,0.9990309903993728,0.9990309903993728,3.774807056540486e-05,1.2518870598698348e-05,0.0008899851652420485,1.8961712851502455e-06,2.6861322936139e-05
radhelal,Hindu,0.99055623791146,0.99055623791146,0.002570281870337852,0.00015331726666546232,0.006676427216901643,2.8504283583721982e-05,1.5231451051205687e-05
radheshyam,Hindu,0.9972097648824283,0.9972097648824283,0.00012000653432588458,5.6353536480407e-05,0.0026053086653537367,1.665917830036795e-06,6.900463581789348e-06
radhika,Hindu,0.99816519342409,0.99816519342409,0.001163729438486848,8.83617567527818e-05,0.0004981505363426151,7.516446056063683e-06,7.704839827159146e-05
raees,Christian,0.6752460572335431,0.2561456769860657,0.0659569575430397,0.0024579290612394803,0.6752460572335431,3.2648028580923554e-05,0.00016073114753106053
raeesaa,Christian,0.7519209217713244,0.19228693632004085,0.05437998496093663,0.0012812658604832961,0.7519209217713244,3.151193639875299e-05,9.937915081603986e-05
rafi,Muslim,0.9995496016872686,0.0004403013309045069,0.9995496016872686,6.639648058402452e-06,3.3044852954748437e-06,4.148383257061722e-08,1.1136464046208437e-07
rafik,Muslim,0.9990765758487564,0.0008923284918043186,0.9990765758487564,2.3274358525655725e-05,7.16265229673967e-06,1.2905378495139307e-07,5.295948316864231e-07
raghav,Hindu,0.9914020145051876,0.9914020145051876,0.00022667224907224823,0.001467380321998352,0.006856051127816721,3.40609340883824e-05,1.3820861836691329e-05
raghavan,Hindu,0.9905640059607329,0.9905640059607329,0.0002889339627791492,0.0009617319862518447,0.007726053027937485,0.0004065401472028604,5.273491509581249e-05
raghu,Hindu,0.9991314456018874,0.9991314456018874,6.212433171962341e-05,0.0006767409106842965,0.00010594375071711483,9.26903514522826e-07,2.2818501477223222e-05
raghunaath,Hindu,0.9715949635128269,0.9715949635128269,0.005462047069478537,0.0030737477483615515,0.019037106971099355,1.5382380060816246e-05,0.0008167523181727786
raghunandan,Hindu,0.9951013737937381,0.9951013737937381,0.0029533054144589904,0.00029716174859383237,0.0013237557441448326,2.9110271913152944e-05,0.0002952930271511736
raghunath,Hindu,0.9923847641039503,0.9923847641039503,0.001994335178357675,0.0011478474198674574,0.0006412979584113898,6.807156499577496e-06,0.0038249481829135653
raghuvanshi,Hindu,0.986239342033503,0.986239342033503,0.0035026101821525983,0.0020346834611521727,0.008102613763944479,2.171434061273859e-05,9.903621863511455e-05
raghuveer,Hindu,0.9720817977108699,0.9720817977108699,0.005927888478834953,0.00631954861703837,0.015629132653192254,4.31162334030503e-06,3.73209167243935e-05
raghuvir,Hindu,0.9935518715917068,0.9935518715917068,0.0012855106921786288,0.00046956292274347833,0.004617951654915605,7.573001827387031e-06,6.753013662794097e-05
rahamaan,Muslim,0.4249985028508862,0.20378014396792019,0.4249985028508862,0.011573448953821378,0.3594359738178709,7.066457702287428e-05,0.00014126583247840051
rahamath,Christian,0.7475135640207836,0.14952947551463674,0.09425285632644356,0.008613788066189515,0.7475135640207836,9.90999481098437e-06,8.04060771354148e-05
rahangadale,Hindu,0.9772253841918735,0.9772253841918735,0.013293640217339371,0.0005226170574262558,0.008749383693152429,4.588045104286001e-05,0.00016309438916518667
raheem,Muslim,0.8673836721135237,0.11168335646468054,0.8673836721135237,0.0041879519621989365,0.016702558682067284,1.216697083397645e-05,3.0293806695390764e-05
rahees,Christian,0.5336840621194288,0.13959041300206074,0.32218217629212864,0.00449179038397176,0.5336840621194288,1.8064945671579078e-05,3.3493256738552875e-05
raheesaa,Christian,0.6447615286597719,0.13745127814882652,0.2152180168639,0.0025151712395549376,0.6447615286597719,2.1106152275909463e-05,3.2898935670607186e-05
rahim,Muslim,0.9498436614358042,0.030500469663830927,0.9498436614358042,0.018032320419090114,0.0016106479855070022,2.8788095282246163e-06,1.0021686239621151e-05
rahiman,Muslim,0.5293011051700216,0.4049215581662118,0.5293011051700216,0.0320943469118847,0.033242027367907,0.0001361049851926712,0.0003048573987822379
rahis,Muslim,0.617637361047934,0.3080591758448765,0.617637361047934,0.011405271500733036,0.06285502044664136,8.057475140723628e-06,3.511368467454381e-05
rahman,Muslim,0.7518130973697453,0.17782859484505248,0.7518130973697453,0.06215373876269003,0.008063343942778696,5.695435327800077e-05,8.427072645550754e-05
rahul,Hindu,0.9630540941565132,0.9630540941565132,0.026819291771337288,0.005794045543423766,0.004089100335369443,2.82305440886643e-05,0.00021523764926768924
rai,Hindu,0.9979525790283551,0.9979525790283551,0.00023874828152891113,1.0770761780396859e-05,0.0017896150918180495,1.3274917205912866e-06,6.959344797013723e-06
rain,Hindu,0.987953091594067,0.987953091594067,0.006343987909309148,0.0012216339583446154,0.0038229958585500033,0.0006530560266237814,5.234653105585036e-06
rais,Hindu,0.9315939271207933,0.9315939271207933,0.018420503221607057,0.00028064373036538613,0.049689052726491205,9.75921392960453e-07,1.4897279349920594e-05
raj,Hindu,0.9896159563108017,0.9896159563108017,0.00033101777293518094,1.2732652436533211e-05,0.009659268358954564,0.00019906203469716033,0.00018196287017480223
raja,Hindu,0.9883282172802209,0.9883282172802209,0.0014103892250328406,6.045035661498442e-05,0.010183466021609584,9.570886080838445e-07,1.6520027913565445e-05
rajabangshi,Hindu,0.9085720295950442,0.9085720295950442,0.0807800346070012,0.002574058687309006,0.007799733547880289,9.689294004184188e-06,0.00026445426876123637
rajagopal,Hindu,0.9932966400875358,0.9932966400875358,0.0014380107754623265,0.000992202265921408,0.004008856818227327,0.00015253412069511627,0.00011175593215778781
rajak,Hindu,0.7466798595160619,0.7466798595160619,0.24873079208299567,0.000664428725524265,0.0038882939740077778,2.6845282038573437e-06,3.39411732064024e-05
rajamani,Christian,0.9150099808668756,0.08385949944652925,0.0010996737602566656,1.626458392438254e-05,0.9150099808668756,3.498592429593628e-06,1.1082749984490833e-05
rajamanikkam,Christian,0.9316713914060175,0.06538836367166931,0.002404161966145037,0.0004957159910721294,0.9316713914060175,1.4142536966788689e-05,2.6224428129170487e-05
rajamma,Hindu,0.8461925416887823,0.8461925416887823,0.005888999329067607,0.00211197586957584,0.14579795811564247,5.346165815416406e-07,7.990380350046233e-06
rajan,Hindu,0.9490645486317576,0.9490645486317576,0.0011834678315044867,4.454680858122392e-05,0.04965407798344406,1.2329105972064237e-06,5.212583411546003e-05
rajanarayan,Christian,0.776979767254308,0.22218746445131643,0.00041769713503862717,0.00010683143610051412,0.776979767254308,0.00015518593003237114,0.00015305379320407618
rajanee,Hindu,0.6572247404774391,0.6572247404774391,0.10748067931141667,0.0002647516102397632,0.23441736239593608,4.984201188829083e-06,0.000607482003779613
rajanees,Christian,0.592063989803724,0.3593994319705793,0.048140177012572234,0.00018454411854132834,0.592063989803724,5.709281006768932e-06,0.00020614781357628078
rajappan,Hindu,0.9993521727434818,0.9993521727434818,3.66430054583023e-05,1.493100445019674e-05,0.0005909033044998857,4.951164134232183e-06,3.987779755967434e-07
rajaram,Hindu,0.998871222904458,0.998871222904458,6.8963999045811e-05,1.1275437422422585e-05,0.0005552737357885103,2.536336483822711e-06,0.0004907275868014701
rajasekar,Christian,0.777691534830128,0.21484442953432306,0.005936154759475913,0.0010334023945621667,0.777691534830128,7.1980031954774456e-06,0.0004872804783153863
rajasekaran,Hindu,0.622201004822549,0.622201004822549,0.006196884221880406,0.001060271363425913,0.3698646237391053,1.5201573263513174e-05,0.000662014279775886
rajath,Hindu,0.9810241287120297,0.9810241287120297,0.0032988507838005578,0.002441354333370476,0.013162113205401598,1.1843735757233858e-06,7.23685918222273e-05
rajaviadar,Hindu,0.9757982664507054,0.9757982664507054,0.003984928116817083,0.00016361839615123053,0.019976804464130214,4.7939060966558756e-05,2.8443511229448032e-05
rajbahadur,Hindu,0.9556066474693813,0.9556066474693813,0.0359333981720388,0.0033052328292522163,0.0032224722103188367,0.00011339060077322434,0.001818858718235909
rajbhar,Hindu,0.9994035744968189,0.9994035744968189,0.00037432986924086534,7.518151492315453e-05,5.6729462132156895e-05,1.1546224488728605e-05,7.863843239605469e-05
rajbir,Hindu,0.958007437636122,0.958007437636122,0.03594267891683209,0.0009799996766636978,0.004695131454689951,1.645289940270725e-05,0.000358299416289946
rajdev,Hindu,0.9623535164801791,0.9623535164801791,0.003436232390907171,0.000913692434753048,0.03202829342324453,4.677474192432329e-05,0.0012214905289917376
rajeev,Christian,0.6361009455842623,0.30481430371275947,0.05742581246287652,0.0014949162632078219,0.6361009455842623,8.70436515443056e-06,0.00015531761173941079
rajender,Hindu,0.9831572474897833,0.9831572474897833,0.006067257649495026,0.002224844800122641,0.008129699807378274,4.8802955080368536e-05,0.0003721472981405497
rajendra,Hindu,0.9880649724665802,0.9880649724665802,0.001938581377852557,0.0002722039313291329,0.004745860608457546,0.004231369598948149,0.0007470120168324726
rajendrakumar,Hindu,0.8964145971263263,0.8964145971263263,0.037128722624941914,0.002830472509673734,0.05954920804868068,0.003564626359278581,0.0005123733310989164
rajendran,Hindu,0.9962360325993125,0.9962360325993125,0.0009679083107107913,8.48698316807781e-05,0.0017909755044250488,0.0006034068826475051,0.0003168068712233344
rajendrasingh,Hindu,0.7282846163684338,0.7282846163684338,0.00641398521230074,0.2631506799033328,0.0021242553549467376,2.3179090156730906e-05,3.284070829292048e-06
rajesh,Christian,0.49908684508995127,0.43988360116638764,0.060566907959946834,3.53723852969757e-05,0.49908684508995127,6.248423234701047e-05,0.00036478916607039135
rajeshkumar,Hindu,0.7519087412134826,0.7519087412134826,0.059698001168326985,0.0011497064046436536,0.1866049745625366,0.00024232477658709848,0.00039625187442293437
rajeshwari,Hindu,0.9690659045848911,0.9690659045848911,0.0022135019386670196,2.2662834832889952e-05,0.028573445252443826,5.027489318254683e-06,0.00011945789984703165
rajeswari,Hindu,0.954388144955338,0.954388144955338,0.0036959302011165007,0.00010656924057719276,0.04178397920516263,2.629526218772864e-06,2.2746871587158416e-05
raji,Hindu,0.7588278456468838,0.7588278456468838,0.008044276308204805,0.00041318598225451947,0.00798802995997431,0.00018471924116224888,0.22454194286152024
rajiadar,Hindu,0.9831559585552933,0.9831559585552933,0.005379392885925229,0.00094175118252448,0.008824352760529387,0.00014507941097857376,0.001553465204749251
rajiv,Hindu,0.9566239612975453,0.9566239612975453,0.002706269713536617,0.0003060776304532307,0.03151916941133788,9.903087470487806e-05,0.008745491072421858
rajiyaa,Hindu,0.774640971638978,0.774640971638978,0.036708143266451054,0.0028467819746291613,0.18428279041387932,6.24223360058731e-05,0.0014588903700565841
rajjak,Muslim,0.6109604175462257,0.37414497457221446,0.6109604175462257,0.0018007843389332258,0.01276396685777616,0.00012256120429567723,0.00020729548055472917
rajjoo,Hindu,0.500764684275579,0.500764684275579,0.3656675594771124,0.012667985206297394,0.12033568643651582,0.00017223664083703321,0.0003918479636585439
rajkishor,Hindu,0.9186874395576401,0.9186874395576401,0.0040355733005409,0.00034204262282455894,0.07675045807583096,9.926231004685544e-06,0.00017456021215876133
rajkumar,Hindu,0.9086350229626354,0.9086350229626354,0.005633831071985066,0.0003295177757341934,0.08514879946762015,0.0001738660736026573,7.896264842243067e-05
rajnath,Hindu,0.9833439482298653,0.9833439482298653,0.005609607984065483,0.0011315176397862935,0.009400745950128022,7.77799773972347e-05,0.0004364002187577357
rajoo,Hindu,0.7871671098446781,0.7871671098446781,0.05414867672931332,0.013690808357739526,0.14465410280628122,9.361002032306652e-05,0.0002456922416648845
rajoyar,Hindu,0.8418817792447404,0.8418817792447404,0.017855007219167142,0.01827227663572205,0.12161740210418608,0.0001715683842171262,0.00020196641196716322
rajpal,Hindu,0.9755681115555541,0.9755681115555541,0.007915474937959698,0.0007851830425445879,0.015413560686374889,0.00025497638364552016,6.269339392105476e-05
rajput,Hindu,0.9921903316937667,0.9921903316937667,0.00033227967849182007,2.4839253674499903e-06,0.007463438931339918,1.796595234899896e-06,9.669175799256881e-06
raju,Hindu,0.8226970322008011,0.8226970322008011,0.0057966986946435695,4.85659670143976e-05,0.11950142465601848,0.05178153086278939,0.00017474761873304838
rajuram,Hindu,0.9833375143402736,0.9833375143402736,0.009036200498695687,0.00045545151482058205,0.006325791707961149,0.0005095396701149345,0.00033550226813414396
rajvanshi,Hindu,0.9285450943210536,0.9285450943210536,0.03835211479150977,0.0023026023376159013,0.030350602210591812,0.00014651025306898645,0.00030307608615987285
rajvar,Hindu,0.8080652063631787,0.8080652063631787,0.010275190487389138,0.00023180965364622783,0.18104136916494534,0.00023497148072141973,0.00015145285011888455
rajveer,Hindu,0.9471228080712154,0.9471228080712154,0.037792218469170136,9.157813889522827e-05,0.01496937743276166,5.3645653864598456e-06,1.865332257103644e-05
rakesh,Hindu,0.9786787611041415,0.9786787611041415,0.004357124708459956,0.00029137715112935225,0.012752867438584788,0.0037611758194536476,0.000158693778230813
rakeshkumar,Hindu,0.9532590691536392,0.9532590691536392,0.0062474515125513505,0.0008928283841218442,0.037493655244494314,0.0018855682378558817,0.000221427467337393
rakshaa,Hindu,0.835276659410251,0.835276659410251,0.10669942928440951,0.013999877427619245,0.04385634819793854,6.133847652272657e-05,0.0001063472032592254
rakshit,Hindu,0.9487424805751786,0.9487424805751786,0.03022643357386155,0.012808052559659064,0.008046259263488419,6.796338125694537e-05,0.00010881064655557312
ram,Hindu,0.9983044745746086,0.9983044745746086,4.355284238243128e-09,1.1491142348024657e-07,1.222693282580952e-07,5.524964709764215e-07,0.0016947313928842899
rama,Hindu,0.9978316803437757,0.9978316803437757,1.7801557227173192e-06,1.966274618281648e-07,1.638292279061716e-05,0.0019999422813617293,0.00015001766888743577
ramaa,Hindu,0.8838814577607371,0.8838814577607371,0.0036626362528482557,0.0003201027865191326,0.1106279717972137,0.0008125598877163376,0.0006952715149654013
ramaakaamth,Hindu,0.6960892527981146,0.6960892527981146,0.02725031103590406,0.003549792812189057,0.2659174229481693,0.00024888405901730314,0.006944336346605531
ramaakaanth,Hindu,0.5328499552222141,0.5328499552222141,0.0016133802831472584,0.0014940173534854144,0.4625508512795165,0.0005379452022623445,0.0009538506593744232
ramaasamkar,Hindu,0.9024039022763368,0.9024039022763368,0.0025848385931739877,0.0003647853112384073,0.0675827630755131,8.372401637105147e-05,0.02697998672736686
ramaavathee,Hindu,0.6902759067250552,0.6902759067250552,0.0029818992276987506,0.0006892643922026933,0.3057746641459153,0.00010576060553183414,0.00017250490359615596
ramabali,Hindu,0.8000430884760624,0.8000430884760624,0.1940509969026125,0.0005469653389024844,0.0046682343486126225,8.898972476924077e-05,0.0006017252090407839
ramachal,Hindu,0.9853435185442383,0.9853435185442383,0.000766686468745816,0.00040496916399357987,0.013121577541330797,0.0002783563876719123,8.489189401962303e-05
ramachandiran,Hindu,0.9963144704792054,0.9963144704792054,0.0012601295427131676,9.319299225921467e-05,0.002082760704832306,0.00013071251418990285,0.00011873376679978714
ramachandra,Hindu,0.9984603200999003,0.9984603200999003,6.625642146409714e-05,1.6101122605186658e-05,0.00028932474529310483,0.00098340318016037,0.00018459443057667683
ramachandran,Hindu,0.999514477308067,0.999514477308067,4.662760669882673e-05,7.699162712020803e-06,0.0001463488331151587,0.0001969044522104753,8.794263719657207e-05
ramadas,Hindu,0.9970669018230033,0.9970669018230033,0.001349377449816143,0.00011261564661675202,0.0012294317468499148,2.386546097629501e-05,0.00021780787273769842
ramadevi,Hindu,0.9934865127247868,0.9934865127247868,0.0015755689516846053,0.0005590137733121325,0.0020488387350202967,9.550365865048559e-05,0.0022345621565456105
ramadhar,Hindu,0.9991093518725604,0.9991093518725604,0.00027405931139930966,0.00012714600911520741,0.0001357525946044877,1.608995896806251e-05,0.0003376002533525195
ramaiya,Hindu,0.9981725730549079,0.9981725730549079,0.000819838772047351,0.0001389628417888533,0.0008427388508664064,9.111074915621796e-06,1.677540547380728e-05
ramajaan,Hindu,0.7970066995750388,0.7970066995750388,0.14184743600222016,0.002172358087690166,0.05497057608377858,0.00029902378779367484,0.0037039064634787166
ramakant,Hindu,0.9835761109814296,0.9835761109814296,0.0033755288806537453,0.0010928187876318976,0.004331471937132624,0.007020305760686709,0.0006037636524654418
ramakrishna,Hindu,0.7123244411755464,0.7123244411755464,0.0030262270351754544,0.0008644537955942775,0.0002966404485231653,0.2834696504012451,1.8587143915680568e-05
ramakrishnan,Hindu,0.9586409340974169,0.9586409340974169,0.0010029172636269645,0.0003321490661200941,0.0002900392267054447,0.03972320298344687,1.075736268371339e-05
ramalakshmi,Hindu,0.9224948467768658,0.9224948467768658,0.002083165083186611,0.0029216671945789803,0.07244931261591565,1.4020703310571399e-05,3.698762614224472e-05
ramalal,Hindu,0.9871130105327324,0.9871130105327324,0.0036980010259307274,7.997031958764977e-05,0.008910518850675894,0.00015710807146340322,4.1391199609712e-05
ramalingam,Hindu,0.7767131998033834,0.7767131998033834,0.002117704317176691,0.00013583054608518868,0.2210158504329168,3.4755221622617448e-06,1.3939378275662594e-05
ramamoorththi,Hindu,0.9620187659431144,0.9620187659431144,0.012579425390960719,0.013843812448799583,0.01134865132159607,3.735721060234544e-05,0.0001719876849267837
raman,Hindu,0.9911595888255919,0.9911595888255919,1.791873155357432e-06,3.4643551697094975e-07,0.002509021964917059,0.0014902918113826173,0.004838959089436128
ramanadeep,Hindu,0.9838472452153962,0.9838472452153962,0.0013067072939409103,0.00011079110447550861,0.013559502689759341,0.00010839929681093837,0.0010673543996170486
ramanaiah,Hindu,0.9958345006645392,0.9958345006645392,0.0003032425618269836,2.635227268129354e-05,0.0038044247595257156,1.0513485346345539e-05,2.0966256080289287e-05
ramanamma,Hindu,0.9290599764635044,0.9290599764635044,0.0015684383619813445,0.0008209262359262037,0.0684386566605501,3.531196281982565e-05,7.669031521841837e-05
ramanand,Hindu,0.9969293570415074,0.9969293570415074,9.681384695717204e-05,9.51805376811364e-06,0.0019875453529499174,0.0003437065783459182,0.0006330591264715002
ramanarayan,Hindu,0.9524005774803248,0.9524005774803248,5.315237475781109e-06,4.2661039803393385e-06,0.04633503169135722,0.0011239095182132134,0.00013089996864856248
ramanath,Hindu,0.9971835264902602,0.9971835264902602,6.206900527658798e-05,2.475583308169684e-05,0.002186079635389449,4.953292494819664e-05,0.0004940361110437762
ramanathan,Hindu,0.982425309895146,0.982425309895146,0.0002147943745166929,4.992371833289688e-05,0.01676306453275106,3.373327603824983e-05,0.0005131742032150927
ramani,Hindu,0.899007737847019,0.899007737847019,8.81749718536901e-06,1.069153575513415e-06,0.10018734569577044,0.000564448860885462,0.00023058094556435544
ramanresh,Hindu,0.9733170754969018,0.9733170754969018,0.0017148024153270242,5.1562787041550745e-05,0.018481270873645424,0.004366266039473306,0.0020690223876109327
ramanujam,Hindu,0.88830236033633,0.88830236033633,0.051329730798347295,0.0017241257404684662,0.054224260120837045,0.00018590752288107402,0.004233615481136071
ramapal,Hindu,0.9933117837617697,0.9933117837617697,0.0011369786644047223,0.00022593853219236992,0.0014289781982571605,0.0038575697348358358,3.875110854022188e-05
ramapher,Hindu,0.9542615890434177,0.9542615890434177,0.006273823125128652,0.00011972454879648472,0.0370799134625689,0.002193938353373403,7.101146671509223e-05
ramapyare,Hindu,0.9907673529838223,0.9907673529838223,0.0012971983292935905,0.0001259961673881884,0.006607849646149927,0.0011851677103605508,1.643516298549143e-05
ramar,Hindu,0.9966231194925704,0.9966231194925704,3.917330330191975e-05,1.1120632000207642e-05,0.0017163636085359081,0.0015773771995222993,3.284576406946136e-05
ramarao,Hindu,0.7246223245907881,0.7246223245907881,4.3017614047175484e-05,2.85433558406406e-05,0.26880625547683884,0.006234489743118508,0.00026536921936696193
ramasamy,Hindu,0.9999942100402708,0.9999942100402708,2.7087174642381054e-06,3.253639963511037e-07,2.6735787912271437e-06,2.4160484664722173e-08,5.813899256892505e-08
ramasare,Hindu,0.9915529539619851,0.9915529539619851,0.0035120542729390122,9.740827821384621e-05,0.004804474241377927,1.754068341171003e-05,1.5568562072304347e-05
ramashankar,Hindu,0.9955751908706431,0.9955751908706431,0.000473065317695969,4.462681384879051e-05,0.003008043336293019,0.0007016597595381324,0.00019741390198113986
ramashray,Hindu,0.9956162233852041,0.9956162233852041,0.0002778478115284203,4.9981529857320835e-05,0.002475474145528177,1.1953588565792522e-05,0.0015685195393164025
ramautar,Hindu,0.9793001481223814,0.9793001481223814,0.01415878888516712,0.002037003262911695,0.0037529355232077777,0.00019251635673336791,0.0005586078495986023
ramavatar,Hindu,0.9952837584561917,0.9952837584561917,0.0015405023409174811,0.00018708786197822586,0.0026657972713325265,0.0002546189560717291,6.823511350846116e-05
ramavdh,Hindu,0.9977841629177744,0.9977841629177744,0.0006357409543324025,7.143611749883403e-05,0.0012746070691726558,0.0001482440426098496,8.580889861186115e-05
ramayan,Hindu,0.9901111882987841,0.9901111882987841,8.390534183963435e-05,4.196824177412241e-05,0.009703402317741302,4.5380912814367864e-05,1.4154887046633402e-05
rambabu,Hindu,0.9646499483213052,0.9646499483213052,0.020884104133236565,0.00021622552711569735,0.013401980517943899,0.0004631614419328833,0.00038458005846551637
rambachan,Hindu,0.9919192423774654,0.9919192423774654,0.0015781556052221796,0.0014106600165225446,0.0042221097362114554,3.17434744713542e-05,0.0008380887901069233
rambahadur,Hindu,0.986661881737306,0.986661881737306,0.009413137691516015,0.0011325586926714834,0.0010133950132365944,6.164369452497083e-05,0.0017173831707451266
rambhaa,Hindu,0.9959619752439394,0.9959619752439394,0.001690294654314441,7.194903937507171e-05,0.0011039681081616382,1.4502818626149762e-05,0.0011573101355831941
rambhajan,Hindu,0.9926451062860259,0.9926451062860259,0.004939160029236255,0.0004369040310669673,0.001548614369267149,5.648392754159252e-06,0.0004245668916498568
rambharose,Hindu,0.9374583397506346,0.9374583397506346,0.006213726426412301,0.002169546798176049,0.05388612106038927,3.614546562538688e-05,0.00023612049876239375
ramchand,Hindu,0.9926709134279119,0.9926709134279119,8.414622200577928e-06,4.442181939114188e-06,1.1800435446410585e-05,0.0016073175333532908,0.005697111799148529
ramchandar,Hindu,0.998175284109947,0.998175284109947,0.00013152063152253415,6.044746620192742e-06,3.827747729138158e-05,0.0011434865350150836,0.0005053864996037535
ramchandra,Hindu,0.9751995952366007,0.9751995952366007,7.760117961235007e-06,1.8056105671049906e-06,9.117276823021404e-06,0.0027392864244173303,0.0220424353336303
ramcharan,Hindu,0.9980701186062413,0.9980701186062413,7.885951408890872e-05,0.00013689984263254645,0.0007457100146529141,6.818622869287069e-05,0.0009002257936915372
ramdas,Hindu,0.7814501330092353,0.7814501330092353,0.013040696095989542,0.18975509786120998,0.0035868579252500473,2.2219741918720746e-05,0.012144995366396521
ramdayal,Hindu,0.9930290834860855,0.9930290834860855,0.0018903332663530049,0.002992476715136083,0.001985466242321094,5.342346366516399e-06,9.72979437378272e-05
ramdeen,Hindu,0.7883409523289279,0.7883409523289279,0.20645346191625935,0.003188154108203762,0.0007410482225225964,3.625071408396843e-06,0.0012727583526780748
ramdev,Hindu,0.9894322001470444,0.9894322001470444,0.00020582748304486293,0.00018094254919108084,0.00014586801897194783,1.5338516471997645e-06,0.01003362795010063
ramdhan,Hindu,0.9861868576424391,0.9861868576424391,0.005309329173560538,0.004848878098037003,0.0007479929368545028,7.517034913844821e-05,0.0028317717999703043
ramdhani,Hindu,0.9781701919090452,0.9781701919090452,0.012703963762075044,0.004640748853511796,0.003227835758834214,8.380158726815249e-05,0.0011734581292652878
ramdhari,Hindu,0.9960006680414357,0.9960006680414357,0.00241446243177705,0.00098331540931026,0.000362494617669429,9.33683301502508e-06,0.0002297226667925435
ramdular,Hindu,0.9777255225940846,0.9777255225940846,0.01802184799246469,0.0023519473431220456,0.0010556511657240674,2.361874621017207e-05,0.000821412158394625
ramdulare,Hindu,0.9841929912912344,0.9841929912912344,0.012630206912196788,0.0012940287949742442,0.0015156462999301355,2.319676381557197e-05,0.00034392993784877686
rames,Hindu,0.9575158624436992,0.9575158624436992,0.00011058346315069187,8.73123753381867e-06,0.037428638262440805,0.003139591607875576,0.0017965929852999311
ramesachand,Hindu,0.9904873239842318,0.9904873239842318,7.060240642986382e-05,4.80823699764494e-05,0.006566396514268084,0.0021293861942627648,0.0006982085308308081
ramesachandr,Hindu,0.9898537666699267,0.9898537666699267,7.418412745950652e-05,4.012709054391516e-05,0.0041843225488127096,0.004732239725389429,0.001115359837867764
ramesh,Hindu,0.896938278968037,0.896938278968037,3.8784632461532975e-05,3.960562241201099e-06,0.01321151027955206,0.08705830948641692,0.002749156071291158
rameshchand,Hindu,0.9264988611541969,0.9264988611541969,0.008877905914209323,0.0009463426902490091,0.040364729827273994,0.02191941445701698,0.0013927459570536739
rameshchandra,Hindu,0.9037596169746588,0.9037596169746588,0.008590433766226497,0.0007040889069585915,0.029436012909118188,0.05501437380781096,0.0024954736352270305
rameshkumar,Hindu,0.9329663916777392,0.9329663916777392,0.002482907429220711,0.000363970815981396,0.058566305906902955,0.004631690594037085,0.000988733576118483
rameshwar,Hindu,0.9935121329608255,0.9935121329608255,4.16881120029345e-06,2.208988898244141e-06,0.005899930953356692,0.000115972240288209,0.00046558604543114245
ramgopal,Hindu,0.9112314443909229,0.9112314443909229,0.007271038616848046,0.005787964273653988,0.022928590990770426,0.0509105109319555,0.0018704507958489903
ramhet,Hindu,0.9878404298000353,0.9878404298000353,0.003607565021454907,0.001188897372344888,0.007124233145155849,6.955775362477389e-05,0.0001693169073843748
rami,Hindu,0.997480684108344,0.997480684108344,0.00034479930108066037,0.0001506005198935104,0.0001198920790406095,2.5068959796256177e-06,0.001901517095661862
ramila,Hindu,0.9832814210531757,0.9832814210531757,0.010562645711419334,0.00043028880412884015,0.004327361876647738,6.7482777741367716e-06,0.0013915342768540992
ramjan,Muslim,0.9604043354342428,0.038420112491432054,0.9604043354342428,0.00018264265574150664,0.0006900328006317632,6.513663736661694e-06,0.0002963629542152307
ramjanaa,Muslim,0.6949772546284098,0.28117556301526775,0.6949772546284098,0.000567081976012067,0.02225330276390336,5.3898835488115315e-05,0.0009728987809190131
ramjani,Muslim,0.9603532107292087,0.03711600079963646,0.9603532107292087,0.0002160378476339657,0.002189834044051871,9.003541814797635e-06,0.00011591303765418154
ramjatan,Hindu,0.9316408674537972,0.9316408674537972,0.06588410701222033,0.0008717312355603653,0.001358004828468302,2.613578539517879e-05,0.00021915368455858276
ramjeeth,Hindu,0.9591287047266849,0.9591287047266849,0.01686940301847595,0.01486710717002454,0.009035800276026405,7.278674885364546e-06,9.170613390299441e-05
ramjeethaa,Hindu,0.9230584254659698,0.9230584254659698,0.019350758363953207,0.00797628302375342,0.04950223869607637,8.743802372300758e-06,0.00010355064787494263
ramji,Hindu,0.9795606183725505,0.9795606183725505,0.009344697989860061,0.0010527325093478324,0.00036420849567488946,3.129022902354163e-05,0.009646452403543384
ramjilal,Hindu,0.9800936814423971,0.9800936814423971,0.015161195036906315,0.0006086630576745419,0.0038455703886279852,2.15446728612864e-05,0.00026934540153279827
ramjit,Hindu,0.8487593135485916,0.8487593135485916,0.05746104136519621,0.07875845929027357,0.004386632378711908,0.00022903354748712743,0.010405519869739739
ramjith,Hindu,0.7716472425408428,0.7716472425408428,0.053706123661776774,0.15813934799218013,0.00815132162702492,0.00010227620230957482,0.008253687975865828
ramjiyavan,Hindu,0.9786369807250885,0.9786369807250885,0.013766596047424222,0.0008262599831933439,0.006230802039919129,0.0001685821430371613,0.00037077906133757993
ramjoo,Hindu,0.7990912233468762,0.7990912233468762,0.13447825822226037,0.023995722083745088,0.04125791615093139,7.155174016668706e-05,0.0011053284560203363
ramju,Hindu,0.7529273138800868,0.7529273138800868,0.23783591584832758,0.0016082606415315163,0.00606940551831058,0.00010586925642427714,0.0014532348553191468
ramkaran,Hindu,0.9121486794660056,0.9121486794660056,0.0005014632981736543,0.00023513301624806783,0.0016411382543431486,2.8278807652766852e-05,0.08544530715757671
ramkesh,Hindu,0.9933455905796582,0.9933455905796582,0.0004360133219480691,0.00011228966802378225,0.0031846488677945827,5.295457589600918e-05,0.002868502986679343
ramkeval,Hindu,0.9771451455138485,0.9771451455138485,0.0010956991916457695,0.00048072348599520134,0.01258193397185928,3.3445350990013233e-05,0.008663052485661378
ramkhelavan,Hindu,0.9916179368618313,0.9916179368618313,0.004784751632115158,0.0003065433827492927,0.0024572327006159743,0.0004393570156007002,0.00039417840708758436
ramkhiladi,Hindu,0.979078079679304,0.979078079679304,0.011446970643313278,0.0005066496031604652,0.008491888365663707,8.105363776995236e-06,0.00046830634478142426
ramkishan,Hindu,0.9970239742618495,0.9970239742618495,0.0009000594856502889,0.0002654946016123085,0.0013689343556436498,2.8840322071677793e-06,0.000438653263037
ramkishor,Hindu,0.9844390783916996,0.9844390783916996,0.000587618069904497,0.0001383726633741817,0.014120177720004084,3.243783120202528e-06,0.0007115093718974595
ramkishun,Hindu,0.9872886440130488,0.9872886440130488,0.006671148775305926,0.0012501994543968513,0.0037881966211432624,8.512290083368426e-06,0.0009932988460215745
ramkripal,Hindu,0.99025718152728,0.99025718152728,0.0019650961994549577,0.0005828783208890487,0.0065321199383133665,2.7837942713750363e-05,0.0006348860713491579
ramkrishn,Hindu,0.9921318091067247,0.9921318091067247,0.0028368377357201355,0.0006990359221261882,0.0040849430382475065,1.1113323624093254e-05,0.0002362608735573779
ramkumar,Hindu,0.9419894199514769,0.9419894199514769,0.0023644241399032387,0.0007510452821894055,0.022248948389310092,0.0002532395006585845,0.032392922736461806
ramla,Hindu,0.9863470801562593,0.9863470801562593,0.012418985752069837,0.00011009619998749783,0.0009363995111950423,1.2881451580775346e-05,0.0001745569289076412
ramlakhan,Hindu,0.9548056051499031,0.9548056051499031,0.04371603159237844,0.0009906135177370472,0.0003877869730351379,8.5716506471687e-06,9.139111629895936e-05
ramnivas,Hindu,0.9759389949150984,0.9759389949150984,0.003870711317334313,0.0001959934092499565,0.01985139637531067,1.4332855063164829e-05,0.00012857112794352284
rampati,Hindu,0.9971782770261329,0.9971782770261329,0.00013660620142925652,0.00022691837892994046,0.0011315776336783651,0.00010672199962341025,0.0012198987602059612
ramphal,Hindu,0.9932744595317444,0.9932744595317444,0.001875507294573638,0.00033802713852740647,0.004313658963343322,1.1346627297692838e-05,0.0001870004445135171
ramphool,Hindu,0.9444003409991986,0.9444003409991986,0.03440324581468843,0.0009932208631964875,0.019945968971433747,1.9612091487437514e-05,0.00023761125999556264
ramprakash,Hindu,0.8478337853451372,0.8478337853451372,0.02232734765483581,0.07180079346208042,0.050966042270954796,0.002461526839781618,0.004610504427210181
rampratap,Hindu,0.9960409404849254,0.9960409404849254,0.00045146954283690403,0.0007935744993985595,0.0024657410565629852,0.00012142988679294865,0.00012684452948347
ramraj,Hindu,0.9986788507649291,0.9986788507649291,0.0006400505212005808,5.978817489296032e-05,0.0005493673602889635,6.494534120539246e-06,6.544864456783255e-05
ramratan,Hindu,0.9918949885652132,0.9918949885652132,0.004425511966642601,0.001590960928577387,0.0016208829658144479,9.876100692226215e-05,0.00036889456683021247
ramsagar,Hindu,0.8733230184002732,0.8733230184002732,0.03643347838630699,0.02402202965990041,0.0646066810778419,0.000839781468995253,0.0007750110066820405
ramsahay,Hindu,0.8744957226018975,0.8744957226018975,0.07514547939705674,0.005756135022857075,0.044438124920846735,8.024517783497685e-05,8.429287950680313e-05
ramsajivan,Hindu,0.9814389090309529,0.9814389090309529,0.004070110859660679,0.0005029743357346107,0.012166869960969622,6.574120755581953e-05,0.0017553946051265573
ramsamujh,Hindu,0.9078793506966156,0.9078793506966156,0.04962322738099957,0.003403958044279548,0.03885073313611354,1.811561843985369e-05,0.00022461512355188238
ramsanehi,Hindu,0.8415327527074199,0.8415327527074199,0.10073992723809502,0.002731189158709277,0.054311488713405486,9.410263319492282e-05,0.0005905395491753644
ramsaran,Hindu,0.9591622499394765,0.9591622499394765,0.01633446819957688,0.00152002573641746,0.02261507999125441,4.675558027650778e-05,0.0003214205529982721
ramsevak,Hindu,0.7391445931436145,0.7391445931436145,0.017555712849261672,0.002028924905838679,0.24107552876255867,2.548377262109374e-05,0.00016975656610557544
ramshankar,Hindu,0.9918564757653381,0.9918564757653381,0.0029311543484603067,0.00023038766090886385,0.003465065108847858,0.0009107152607319764,0.0006062018557128516
ramsharan,Hindu,0.9828724829566857,0.9828724829566857,0.011228167996123545,0.0011612280387631082,0.004418830133849218,5.327260060225019e-05,0.00026601827397632153
ramsingh,Hindu,0.6603483648597133,0.6603483648597133,0.0007210394087204163,0.338839494454938,9.104208473323506e-05,3.2957867008060164e-08,2.623402799313073e-08
ramsukh,Hindu,0.7804796589047588,0.7804796589047588,0.1851699917803751,0.014490216071499078,0.014239132903981598,2.371973334217635e-05,0.005597280606043314
ramsumer,Hindu,0.9369690286958644,0.9369690286958644,0.048394821711482044,0.0005381076775190806,0.013895176367684533,1.1498700822511684e-05,0.00019136684662749692
ramsundar,Hindu,0.9749567020215956,0.9749567020215956,0.005844651111075536,0.0010372562595855376,0.01803079749147117,7.830438834387214e-05,5.2288727928359915e-05
ramsurat,Hindu,0.9761394864450652,0.9761394864450652,0.018196409543994502,0.0011007773382456583,0.0043030853136267625,5.3828099560918504e-05,0.0002064132595072099
ramswaroop,Hindu,0.9786444067283476,0.9786444067283476,0.0013282155307094217,0.0019396172571645711,0.018033173289555133,6.699979971617515e-06,4.7887214251568836e-05
ramswarup,Hindu,0.9418456873996149,0.9418456873996149,0.0035352497347712333,0.0012756098786100426,0.053077061801696857,8.363753550804908e-06,0.00025802743175604593
ramteke,Buddhist,0.9999942444672725,4.866165078645002e-06,4.7172788361369453e-07,9.700700889147164e-08,3.16650140665394e-07,3.982615712656223e-09,0.9999942444672725
ramu,Hindu,0.99813265383815,0.99813265383815,1.5054586304574047e-05,5.830622885428512e-05,0.0017705801491508086,5.072142424392998e-06,1.833305511585557e-05
ramudu,Hindu,0.7986212528861164,0.7986212528861164,0.008933722123328334,0.0013217188042278845,0.1908248995231272,7.304059121751576e-05,0.0002253660719825794
ramulamma,Hindu,0.9648600505438094,0.9648600505438094,0.008855879408158964,0.0023611167455973164,0.02382579600547232,4.148821160301922e-06,9.300847580163652e-05
ramulu,Christian,0.5237435826939482,0.47467720031597954,0.0012092825169360095,0.0002699378281308223,0.5237435826939482,7.347553710395248e-06,9.264909129504325e-05
ramuram,Hindu,0.9990209331027495,0.9990209331027495,0.00022581318892716322,0.00011465132723713799,0.0005870851279445479,7.229418479186032e-06,4.428783466251442e-05
ramveer,Hindu,0.9850362606724247,0.9850362606724247,0.004667719923088932,0.0005527007047464226,0.009690561540630653,4.749333236361376e-06,4.8007825873185225e-05
ramvilas,Hindu,0.9272560488485427,0.9272560488485427,0.004443354095911006,0.0007941855711515821,0.06733965611301683,1.2818855181076524e-05,0.00015393651619666156
ramvrksh,Hindu,0.9911073135733931,0.9911073135733931,0.0010489967007094002,0.002299046890236175,0.0037737535990572998,2.1743534668634113e-05,0.0017491457019355274
ramya,Hindu,0.9950136966675517,0.9950136966675517,0.0005391902521928974,0.003020525902848697,0.001384408903354441,4.970200209271351e-06,3.720807384306867e-05
rana,Hindu,0.9996722164028607,0.9996722164028607,5.431792134489169e-06,1.7127906548413598e-07,0.00021347398708027206,4.191861249558722e-05,6.678792636314564e-05
ranabeer,Muslim,0.7063966821574266,0.28885830119868283,0.7063966821574266,0.0012759931432299242,0.0033680594685466495,2.1271974743620678e-05,7.969205737043933e-05
ranadheer,Hindu,0.9523546059673991,0.9523546059673991,0.029865113726097153,0.0005420453608673185,0.017043991070755302,2.3229606208766766e-05,0.00017101426867266995
ranadhir,Hindu,0.993858024544229,0.993858024544229,0.0013506735178761208,8.26186498955241e-05,0.004442493063374987,2.412150162369263e-05,0.00024206872300067925
ranadive,Hindu,0.9980603424867951,0.9980603424867951,0.00011233058391205097,5.902957995759117e-06,0.0017856978436440742,3.0183953806082136e-06,3.270773227237688e-05
ranajeeth,Hindu,0.9311296574341101,0.9311296574341101,0.030169956912551615,0.004053998957364866,0.03440172470369642,2.6196268872975094e-05,0.0002184657234039215
ranaveer,Hindu,0.9934564472087422,0.9934564472087422,0.0017469710362605336,9.530693399717387e-05,0.0045588020716825816,0.00012739767900436363,1.507507031352503e-05
ranchhod,Hindu,0.8569638697398858,0.8569638697398858,0.004922208270161569,0.0013129836398548989,0.13663648133072098,1.2806948618543207e-05,0.00015165007075831845
randive,Hindu,0.9995904522216243,0.9995904522216243,4.074015894485472e-05,2.3574086364514424e-06,0.00035642262491614667,1.6440375265193502e-06,8.383548351675464e-06
rane,Hindu,0.9663904100084733,0.9663904100084733,0.0051225800596471915,2.0377545347791283e-05,0.016994418484393044,0.0002161150405637079,0.011256098861575366
rangalal,Hindu,0.9476205414992355,0.9476205414992355,0.035812621702500734,0.0008150548228362036,0.014256007459944164,4.825909918597962e-05,0.0014475154162974038
rangan,Hindu,0.9887944897971447,0.9887944897971447,0.00014909315316763126,3.202019680386682e-05,0.00041340172161031434,3.4082401170674615e-06,0.010607586891156458
ranganathan,Hindu,0.9972418855270727,0.9972418855270727,0.00019699528260860353,5.910434775543591e-05,0.0017942394410234994,3.938359337946647e-06,0.0007038370422015772
rangasami,Hindu,0.996884116150211,0.996884116150211,0.0015168061116680722,6.145285835845954e-05,0.0011362359439621448,5.809075931327049e-07,0.0004008080282072247
rani,Hindu,0.9914168969338516,0.9914168969338516,0.0007822013039115639,7.313827094981571e-06,0.0076913594064626925,2.499043295954922e-05,7.723809571957023e-05
ranjan,Hindu,0.9677689047919175,0.9677689047919175,0.025667553562875027,0.00031646993965451554,0.0007642047568697247,1.3222011883951945e-05,0.00546964493679937
ranjit,Hindu,0.9532247030104795,0.9532247030104795,0.02215405401827298,0.0027663186885336245,0.004590246267664002,4.7858733317630606e-05,0.01721681928173237
ranjjana,Hindu,0.9821188004116242,0.9821188004116242,0.01134685897186346,0.0001548553628981273,0.004967028274134229,7.335776275017838e-05,0.001339099216730048
rannoo,Hindu,0.8337471959619933,0.8337471959619933,0.05485297904397142,0.003520504759141319,0.10729781408318227,0.00017422158626903515,0.00040728456544254825
rao,Hindu,0.9026693817948622,0.9026693817948622,9.58565988044202e-08,1.257824822853423e-06,0.06588174835316589,8.139125456419379e-05,0.03136612491598618
rapheek,Christian,0.958796785853585,0.021188484039874316,0.019423852991824423,0.0005156444286504427,0.958796785853585,9.437045283723333e-06,6.579564078203488e-05
rasaal,Christian,0.7466079848898882,0.2072169435579421,0.0454946524110973,0.0006178389116645884,0.7466079848898882,2.7149671855255563e-05,3.543055755241549e-05
rasal,Hindu,0.7055937608081452,0.7055937608081452,0.011009580012240967,0.00010373752375680488,0.2832778479253459,9.041887224110202e-06,6.031843286987856e-06
raseed,Hindu,0.4523888052859485,0.4523888052859485,0.21944007715401598,0.003811761231610578,0.32429000698562543,7.177472458901185e-06,6.217187034046219e-05
raseedaa,Christian,0.5797412377006476,0.31629980537741703,0.10189200331672325,0.001994413498954021,0.5797412377006476,1.1706544099656475e-05,6.0833562158538495e-05
rasendran,Hindu,0.9560325235989154,0.9560325235989154,0.006397729120266424,0.0008961458897176786,0.03644493958011056,0.00012041538803466833,0.00010824642295503999
rasheed,Muslim,0.6613857836234311,0.30855806440617806,0.6613857836234311,0.003222432383995408,0.02654037212515327,4.8694399833014596e-05,0.0002446530614090751
rasheeda,Hindu,0.49746579987621753,0.49746579987621753,0.4721850125595235,0.002189777742276758,0.027887095491370858,6.10700342496667e-05,0.00021124429636156246
rashid,Hindu,0.8562551044352533,0.8562551044352533,0.12189149969857502,0.0005228539928938643,0.01879288665649029,0.001855911990720221,0.0006817432260673643
rasid,Hindu,0.6425904472632249,0.6425904472632249,0.309089550385425,0.011228229637268312,0.03704599427026291,3.2680597562192205e-05,1.3097846256657181e-05
rasila,Hindu,0.5571110745190867,0.5571110745190867,0.011822384955718735,0.0013369781401179831,0.4297193619193337,2.9051698069505663e-06,7.295295936008124e-06
rasmi,Hindu,0.49018624594407945,0.49018624594407945,0.4800031813003482,0.0031199516798017172,0.026580755841087773,1.447201597739775e-05,9.539321870524429e-05
rasmithaa,Hindu,0.5639268329129695,0.5639268329129695,0.22068392079813148,0.01047588783984951,0.20460115148200303,1.977502824811434e-05,0.00029243193879829817
rastogi,Hindu,0.7536655846824083,0.7536655846824083,0.027309055744669613,0.01038139675993537,0.20854624539502925,1.904382126948919e-05,7.86735966881981e-05
rasu,Hindu,0.9577867570887332,0.9577867570887332,0.003863707369024562,6.768779167570502e-05,0.03827268960515972,1.5295097345531996e-06,7.62863567231003e-06
rasul,Muslim,0.7835265636763801,0.19037463747847097,0.7835265636763801,0.0005520772831059423,0.02551666667118568,5.28363208972903e-06,2.4771258767437237e-05
ratan,Hindu,0.9977780433310075,0.9977780433310075,0.000600706362338221,8.229258865131223e-05,0.0005714155285962427,0.000650248460027422,0.0003172937293790959
ratanlal,Hindu,0.9691550784979985,0.9691550784979985,0.01406365355868629,0.0008723262702113454,0.015600113217064442,0.00019830932938093995,0.00011051912665865335
ratansinh,Hindu,0.9563778811611036,0.9563778811611036,0.0284769317323137,0.008618894328517625,0.006369554132845237,0.00012026539873669427,3.647324648327631e-05
ratha,Hindu,0.9917907997777069,0.9917907997777069,2.5004386984021572e-05,7.62795475222872e-05,0.007755228274264584,6.005783211658705e-07,0.0003520874352008398
rathan,Hindu,0.9821793983258564,0.9821793983258564,0.00012619604218033783,7.696879437156001e-05,0.016770518874105904,2.6253025919918496e-06,0.0008442926608938059
rathanaa,Hindu,0.799728099509413,0.799728099509413,0.0009604471733243062,0.00024091713523705042,0.1984209515603735,1.7671422612748084e-05,0.0006319131990392203
rathanalaal,Hindu,0.5549222131109122,0.5549222131109122,0.0033608293421889196,0.00042590522531805796,0.4410636289348088,1.8979952986883572e-05,0.00020844343378527538
rathanee,Hindu,0.8293512217855449,0.8293512217855449,0.03031846733719925,0.00041972834264630436,0.13680959851062044,9.71841730839055e-06,0.0030912656066806885
rathaur,Hindu,0.9948260041522152,0.9948260041522152,0.0005532489193734611,0.002207403787014492,0.0022668295947519904,1.5506428409546224e-06,0.00014496290380407176
rathee,Hindu,0.8326435999749524,0.8326435999749524,0.00965255082552007,0.0034916753457006192,0.15401838924291075,3.6278521312685477e-06,0.00019015675878484992
ratheesh,Hindu,0.5849569568614547,0.5849569568614547,0.010752019619923234,0.0015720748884724093,0.4025109958356672,2.3245722822067844e-05,0.00018470707166043916
rathi,Hindu,0.9987269457243615,0.9987269457243615,8.734903272734097e-06,9.189222711318402e-05,0.0006550627095670453,4.415845466657312e-07,0.0005169228511390562
rathinam,Hindu,0.9779527812466395,0.9779527812466395,0.0009441284090506994,0.0008949064077463292,0.0159334189124133,1.1922297802508336e-05,0.004262842726347648
rathnamma,Hindu,0.856778360098523,0.856778360098523,0.0035268504804769557,0.008848877795857277,0.13077512437593197,7.724252067735118e-06,6.306299714286371e-05
rathod,Hindu,0.9999042768262351,0.9999042768262351,8.835437974415702e-07,1.6286148438537466e-05,6.211323135720357e-05,1.392037688649145e-07,1.6301046402943007e-05
rati,Hindu,0.9963601349933535,0.9963601349933535,0.0005715864346519251,5.133608031168752e-05,0.002879254502997975,0.00012296244737735996,1.4725541307396619e-05
ratiram,Hindu,0.9751025881826054,0.9751025881826054,0.0022206153894563227,0.00040031956521681644,0.013937978577519643,6.281281868955203e-05,0.008275685466512077
ratna,Hindu,0.986595088726249,0.986595088726249,0.00016084912119172668,9.330910807678485e-05,0.013101489048992507,1.9511618585662612e-05,2.9752376904337895e-05
rauf,Muslim,0.7498634810560414,0.24487379433712092,0.7498634810560414,0.0029505160499776746,0.001542355749674766,2.0211775931439404e-05,0.0007496410312538077
raula,Hindu,0.8981488570329462,0.8981488570329462,0.0781126963763454,0.0029100331300890465,0.01134368295714028,0.00014250458366638877,0.009342225919812645
raut,Hindu,0.5112482728406488,0.5112482728406488,0.0014455249029742955,0.0019649098000823293,0.0010473895391494353,1.3197165380625043e-05,0.48428070575176446
rautaray,Hindu,0.9930651727922304,0.9930651727922304,0.0003296385357603526,0.0006366419760628531,0.002796434227414903,3.962531709601411e-05,0.003132487151435705
ravani,Hindu,0.9594285766138263,0.9594285766138263,0.00045003205709013617,5.332477677806017e-05,0.003998888428692129,0.03579914448124448,0.00027003364236872525
ravee,Hindu,0.9595822323329809,0.9595822323329809,0.0013870259300566156,0.00028752680201060807,0.03869183391511306,3.347988914710328e-05,1.7901130691790937e-05
raveenaa,Hindu,0.9076289388674209,0.9076289388674209,0.010707681424835162,0.0010650283500521793,0.08049374653292417,2.61915991966767e-05,7.841322557091032e-05
raveendr,Hindu,0.9642716563077876,0.9642716563077876,0.013831157117161432,0.008608910812267924,0.012836234037930204,0.00034019568028887455,0.00011184604456378025
raveendran,Hindu,0.989858161538083,0.989858161538083,0.0038167371060229003,0.0019297607520484246,0.004105893514249788,0.00019049061197594963,9.895647761986833e-05
ravi,Hindu,0.9805387893619394,0.9805387893619394,2.3246157197907815e-05,1.4920987562191418e-05,0.018937830707020605,0.0004695070464134101,1.5705739866551464e-05
raviadar,Hindu,0.9894885300341523,0.9894885300341523,0.00022585763472692907,4.3665448043083445e-05,0.010076739864457646,0.00014844092319043863,1.6766095429883012e-05
ravichandran,Hindu,0.9946363606052606,0.9946363606052606,0.0007979997004306383,8.697788996313936e-05,0.003669213313485246,0.0005117971285289719,0.00029765136233115224
ravidas,Hindu,0.9956619435344076,0.9956619435344076,8.506370316313691e-05,4.27877663454676e-05,0.004199916490037393,5.678491989084137e-06,4.6100140572972675e-06
ravikaanth,Hindu,0.8923421421101869,0.8923421421101869,0.0004500043022485728,0.0008412970599575908,0.10546454649503721,0.0005085381869139015,0.0003934718456557965
ravikkumar,Hindu,0.8854696005557199,0.8854696005557199,0.0027077120014144416,0.002285739270910222,0.10817651642468029,0.0011946836378366004,0.0001657481094384645
ravikumar,Hindu,0.8625672561650325,0.8625672561650325,0.013089527452839079,0.0017256278042400584,0.12171627718183402,0.0006950806900059177,0.00020623070604855188
ravinder,Christian,0.5533474572443199,0.4262810552308576,0.0014816099302405914,0.017532156287311893,0.5533474572443199,0.000994857234886459,0.0003628640723835467
ravindr,Hindu,0.8335890322934731,0.8335890322934731,0.0005513788203689771,0.007326863754929898,0.11059170131728197,0.0476055125931238,0.00033551122082207165
ravindra,Hindu,0.6940290173968702,0.6940290173968702,0.0004584775237367393,0.008166966499505891,0.11140834098477125,0.185306338349234,0.0006308592458818367
ravisamkar,Hindu,0.9666501713819083,0.9666501713819083,0.00043314776825868225,0.00016663742470640416,0.00793189730303293,3.3731731080591715e-05,0.02478441439101315
ravishankar,Hindu,0.9905565844255304,0.9905565844255304,0.0017373352001042348,0.0002439058746198082,0.00651612195020548,0.0006859960052080354,0.0002600565443323443
ravithaa,Hindu,0.8701342492098263,0.8701342492098263,0.0016199967713502255,0.0013863023207678472,0.12652468619861848,0.00010507647548684755,0.0002296890239505415
ravji,Hindu,0.9799086450296759,0.9799086450296759,0.014796855494867008,0.00032127726639603725,0.004178626358504613,0.00010904912971179306,0.0006855467208448775
ravu,Hindu,0.8418732803146854,0.8418732803146854,0.005991489033461206,0.0030341034529866506,0.14846829934521422,0.00040758148467192945,0.00022524636898048613
rawal,Hindu,0.9989012595930012,0.9989012595930012,0.0001725954147894734,8.026503541417156e-06,0.0008430454235240999,7.74679193622998e-06,6.732627320752438e-05
rawat,Hindu,0.9992524038280612,0.9992524038280612,2.5269353536799257e-05,3.248771973553e-06,0.00047397134083615705,9.23534318825653e-06,0.000235871362404091
ray,Hindu,0.7727698729631683,0.7727698729631683,1.9401713574549328e-06,2.9885984716766664e-05,0.2271892632491249,4.831798881237521e-06,4.205832751272658e-06
rebathee,Christian,0.6686742142469136,0.24971339264417983,0.0768000032295054,0.004666699961140257,0.6686742142469136,2.144169632686451e-05,0.00012424822193401268
reddy,Hindu,0.9997389930924542,0.9997389930924542,0.00021419214341352353,1.3306963961204237e-05,3.290337877484717e-05,2.8742012947606603e-07,3.1700126683945e-07
redi,Hindu,0.9913994345132338,0.9913994345132338,0.007895816610790514,3.3890160985112016e-05,0.0006641520559873495,3.3388235481368276e-06,3.3678354553249847e-06
reemaa,Hindu,0.42153924183362773,0.42153924183362773,0.4026363895657917,0.004354805903101243,0.17124733800180214,0.0001214874958268021,0.00010073719985038424
reena,Hindu,0.9646365053761637,0.9646365053761637,0.018910965750983433,0.000642371043319019,0.015776645028640984,2.6444136472730835e-06,3.086838724570259e-05
reenaa,Hindu,0.7872900833982617,0.7872900833982617,0.0461070210150223,0.0015305135756721268,0.16497738890513253,8.526332781266459e-06,8.646677312993519e-05
reenoo,Muslim,0.5487580215202341,0.3406489921480017,0.5487580215202341,0.017355958466593543,0.09307193854249017,1.0453099180315566e-05,0.00015463622350021664
reetaa,Hindu,0.64196286221612,0.64196286221612,0.028911459955458196,0.011334126073375755,0.3176451344559254,8.537945449745779e-05,6.103784462308498e-05
reethaa,Christian,0.8832567815985434,0.10429283435045515,0.0096826998249457,0.0027467978823522234,0.8832567815985434,6.858604412592688e-06,1.4027739291149342e-05
reethoo,Christian,0.5198454297805659,0.4301706170106707,0.021130312504088186,0.02880938289816341,0.5198454297805659,8.712934308844317e-06,3.554487220287249e-05
rehaanaa,Christian,0.4543534627219654,0.35600454869612885,0.18751395315558728,0.0015012422921401416,0.4543534627219654,0.0003209107983756663,0.00030588233580277496
rekha,Muslim,0.6311044970163033,0.3504109943598102,0.6311044970163033,0.00246274256451861,0.004316229144488073,0.009819462390185416,0.0018860745246943719
rekhaa,Muslim,0.6342521658711845,0.309529681434896,0.6342521658711845,0.0032819067584041084,0.04587014583566831,0.005163261497186919,0.0019028386026603463
rekhaabaaee,Muslim,0.8136486456337627,0.11984424463836925,0.8136486456337627,0.0024410824671971328,0.0629619682131284,0.0002863836818667919,0.0008176753656758283
remya,Hindu,0.9711164185122311,0.9711164185122311,0.006323387734593527,0.001423845124345151,0.021113258146998888,1.5705413650093483e-05,7.385068181200805e-06
rengasamy,Hindu,0.9960905331340622,0.9960905331340622,0.00038472483978420547,7.265652580677674e-05,0.00344945678752015,3.173756588763088e-07,2.311337167897754e-06
renoo,Hindu,0.6561742834291528,0.6561742834291528,0.1191879657476527,0.009060108516056816,0.21535896938618432,3.839558033908013e-05,0.00018027734061425868
renu,Hindu,0.829918279522268,0.829918279522268,0.003485035262263911,0.00018087661532014646,0.16639711967135115,1.0378723343109271e-05,8.310205453609902e-06
renuka,Hindu,0.9566635917447893,0.9566635917447893,0.008882228643196027,0.0004200872891701132,0.03387507946189854,2.2097693891833788e-05,0.00013691516705387034
renukaa,Hindu,0.8450379137132167,0.8450379137132167,0.013868656187200939,0.000612283447169901,0.14021256078245484,3.265089620753527e-05,0.00023593497374993383
resam,Hindu,0.7617579178853982,0.7617579178853982,0.0492051390602953,0.00046285545380937346,0.18815639331226766,0.000341163708313582,7.653057991587659e-05
resamaa,Christian,0.7961976955694324,0.17899091148582114,0.0237022183299518,0.00023135906293376976,0.7961976955694324,0.0008239833908825176,5.383216097837337e-05
resamee,Muslim,0.671677074421467,0.2422580965717557,0.671677074421467,0.000417850784282039,0.08531702121443581,6.475631092323009e-05,0.00026520069713611695
reshma,Hindu,0.8739179692176333,0.8739179692176333,0.09452442078378354,0.0008069820974853355,0.030111967460944578,0.0005709965088181941,6.766393133502545e-05
reva,Hindu,0.9284491247681275,0.9284491247681275,0.00010820374702396024,2.814273123643758e-05,0.07137314706183712,1.6584684533202677e-05,2.4797007241845852e-05
revathee,Hindu,0.5388244635673615,0.5388244635673615,0.00391199596361712,0.0014941850186653166,0.4557068048553295,4.461458587782452e-06,5.808913643867347e-05
richaa,Hindu,0.5879930768405901,0.5879930768405901,0.011800429880745188,0.0009728514377193391,0.39913745276668705,1.0308441918819482e-05,8.588063233952284e-05
rihaanaa,Hindu,0.5193628097944809,0.5193628097944809,0.02020294936129183,0.00037140637137782895,0.4599162690556317,4.701749290409637e-05,9.954792431351929e-05
rijavaan,Hindu,0.9407751990646124,0.9407751990646124,0.013618516505462263,7.456684534063125e-05,0.045370929564107446,9.540001361408249e-05,6.538800686283787e-05
rijavaanaa,Hindu,0.839032187834229,0.839032187834229,0.010937021077041816,9.287849534255887e-05,0.14969888063830022,0.00013518346346206211,0.00010384849162453345
rimk,Muslim,0.5615364944309746,0.3676551593592197,0.5615364944309746,0.00202472093449066,0.06759914611357554,5.224755432473848e-05,0.0011322316074147002
rimkee,Muslim,0.5608741388021606,0.3333490497370426,0.5608741388021606,0.0029146022807624195,0.10193320101415974,1.3347815986323169e-05,0.0009156603498881705
rimkoo,Christian,0.4416694911900151,0.24404971337247253,0.28082397498999434,0.0324149775840005,0.4416694911900151,5.861010474610902e-05,0.000983232758771361
rimkri,Hindu,0.7897477219596963,0.7897477219596963,0.15847985876119464,0.0009583986329975218,0.050384685919734024,3.4863474760583665e-05,0.00039447125161669414
rimku,Hindu,0.5259761074101638,0.5259761074101638,0.363572954412856,0.003942059764062624,0.10401384497917805,7.879262351933474e-05,0.0024162408102202243
rina,Hindu,0.950021908183145,0.950021908183145,0.00237303272952903,0.000399470551325461,0.047150620812051125,5.1195809636204346e-05,3.771914313271471e-06
rinaa,Christian,0.54662090695813,0.4380815634930234,0.013925670763614655,0.0012702608844462522,0.54662090695813,7.662430424790141e-05,2.4973596537733134e-05
rishabh,Hindu,0.9243528154639322,0.9243528154639322,0.07342525492047572,0.0003112298522339818,0.0018991633183864536,2.327671572445951e-06,9.20877339904431e-06
rishi,Hindu,0.9836292998023254,0.9836292998023254,0.009488167388018142,7.705545455572519e-05,0.006800869177741227,8.37952460450834e-07,3.770224899117646e-06
rishidev,Hindu,0.9143614717961653,0.9143614717961653,0.04710871350478252,0.001899118527202099,0.036331542293621295,3.39655534622042e-05,0.00026518832476660615
rishipaal,Hindu,0.8083243680692805,0.8083243680692805,0.05072427408994716,0.002400291147262308,0.13843282304017154,4.6965913265267794e-05,7.12777400731193e-05
rishipal,Hindu,0.9222604657525418,0.9222604657525418,0.038332723976813816,0.006897534838107957,0.03236363382959195,6.46588455151735e-05,8.098275742937271e-05
rita,Hindu,0.9984600663381731,0.9984600663381731,0.0006470107220031224,0.00044389998683402177,0.00039217830877639814,2.3570530429230957e-05,3.3274113784150505e-05
rithaa,Hindu,0.5577181942375888,0.5577181942375888,0.03500821350736982,0.012935778336489288,0.39415101105568656,1.984379293510925e-05,0.00016695906993029772
rithes,Christian,0.5615743756669801,0.41580685283498175,0.011655541135815588,0.010917055566031956,0.5615743756669801,9.730312379032575e-06,3.6444483811666286e-05
rithu,Hindu,0.8581437867693092,0.8581437867693092,0.011424975309195999,0.10254898734860245,0.02670393087751956,9.190650438102958e-06,0.001169129044934315
riyaaj,Christian,0.4644256414638421,0.45758081647940335,0.07589901053209454,0.0020484698723511633,0.4644256414638421,1.577030779412897e-05,3.0291344514817487e-05
riyanga,Hindu,0.953993885473286,0.953993885473286,0.002981913646276142,0.0008389360846978379,0.04214669331781042,3.2997282581050695e-06,3.5271749671475554e-05
riyasat,Hindu,0.9623117140222194,0.9623117140222194,0.016236070737563734,0.0002830420811062532,0.021163659666784598,3.181993094622793e-06,2.331499231312168e-06
riyaz,Muslim,0.6279691164472601,0.34398730841823894,0.6279691164472601,0.0012321746064709938,0.026797482517805227,6.705870881935131e-06,7.21213934278121e-06
rizwan,Hindu,0.69765351792848,0.69765351792848,0.23878158969529373,0.004520255145344264,0.05806479007449802,6.540975497380183e-05,0.0009144374014100842
rna,Hindu,0.9246082046250838,0.9246082046250838,0.0062814330698338335,0.03580494109928119,0.031943688349197474,0.0006286488995941907,0.0007330839570095708
rohit,Hindu,0.9888845965126277,0.9888845965126277,0.0028792658765891053,0.0007392146148717032,0.007456990905862349,7.53860237280636e-06,3.239348767644236e-05
rohitash,Hindu,0.9916066114889935,0.9916066114889935,0.004463022732042372,0.0003788223466688016,0.0034921240481764677,1.3118609642883094e-05,4.63007744760319e-05
rokade,Hindu,0.9683000198950248,0.9683000198950248,0.009024063600754197,0.0006319508548732835,0.011425140414110366,9.208614073183339e-05,0.010526739094505523
romar,Christian,0.7678770604140056,0.22595781054091413,0.005306705186989244,0.00026827869642071433,0.7678770604140056,2.547919206739441e-05,0.0005646659696028395
roobee,Muslim,0.8239795844698019,0.1256286380058193,0.8239795844698019,0.010482673889063458,0.03975615334845996,2.5371377002755574e-05,0.00012757890985263428
roobeenaa,Hindu,0.497234497843168,0.497234497843168,0.36404697536179353,0.0077701949547933575,0.13065124653567317,2.6058097441119e-05,0.00027102720713088446
roochi,Hindu,0.8481636093699978,0.8481636093699978,0.007315972203973688,0.005947417350775103,0.13844421264456666,6.375030548875751e-06,0.0001224134001379657
roohathaas,Christian,0.6798164597823918,0.3016593089513648,0.011346008977909843,0.007088649559652366,0.6798164597823918,3.6131038301351084e-06,8.595962485109343e-05
roohith,Hindu,0.8754706795438262,0.8754706795438262,0.02387604468090162,0.04612014219531003,0.05437745463991571,1.2246699944125293e-05,0.00014343224010241964
roojee,Hindu,0.6055276447367274,0.6055276447367274,0.2749833147666224,0.02563251902894612,0.09352918663447375,1.3831348788044731e-05,0.00031350348444220556
rookade,Hindu,0.9762047143698325,0.9762047143698325,0.012717291675343799,0.0012797642695474563,0.005889680068984031,4.1271707819882416e-05,0.003867277908472443
rookamaa,Hindu,0.8444766255439214,0.8444766255439214,0.05148213885274548,0.003191966071502977,0.10042845644036694,6.162485515788357e-05,0.0003591882363052248
rookamanee,Hindu,0.8381842896463676,0.8381842896463676,0.09430673914279597,0.0012212138565202237,0.060343734863400854,5.207004561539608e-05,0.005891952445299893
rookasaanaa,Christian,0.5564958394133073,0.4177258648873667,0.024494180139300818,0.0008151180157521756,0.5564958394133073,5.08516433719639e-05,0.000418145900900946
rookasaar,Hindu,0.6377242952092023,0.6377242952092023,0.08877280135536345,0.003102147719108322,0.2699537671363256,4.553396525567095e-05,0.00040145461474457294
rookhasaanaa,Christian,0.6693323261005188,0.24883283378162838,0.07891365729320261,0.002587213822180079,0.6693323261005188,6.386404264430734e-05,0.00027010495982576906
roomaa,Christian,0.9627994290963345,0.0331690249418924,0.003275122981572493,0.0006304072470430089,0.9627994290963345,3.5590901134194693e-06,0.0001224566430441944
roonaa,Christian,0.6915104845564986,0.28035849766293175,0.023256112372328278,0.00468359614611555,0.6915104845564986,5.5191683457042995e-05,0.00013611757866887196
roop,Hindu,0.9029171256583055,0.9029171256583055,0.0076708741915896515,0.06006216070979466,0.029225855965853437,4.9796461044238495e-05,7.418701341233507e-05
roopaa,Hindu,0.848090997148072,0.848090997148072,0.018138431754309604,0.012517148615363167,0.12082873495383077,0.00024331303931985466,0.00018137448910476026
roopam,Hindu,0.9368624358955492,0.9368624358955492,0.03124268617270213,0.012241323093911832,0.019303681516846676,0.0001206841311228172,0.00022918918986727927
roopes,Hindu,0.6499262703637197,0.6499262703637197,0.015051924477337407,0.00941884183629148,0.3254665948145673,3.574894813152493e-05,0.00010061955995252931
roosan,Christian,0.43447071255280395,0.2470205827731304,0.0318454676160338,0.286354632221453,0.43447071255280395,0.00015337036971704434,0.00015523446686179336
roosanee,Christian,0.6036048853716729,0.1557073742226728,0.1898563991900353,0.05037468054996009,0.6036048853716729,6.324792848063648e-05,0.0003934127371782292
roovee,Hindu,0.789814313582695,0.789814313582695,0.018857102891087,0.0033594320498037417,0.18790444161031042,5.447825892171616e-06,5.926204021155012e-05
rosamma,Christian,0.9847999843726754,0.012744922729415513,0.0006030766873288721,0.001849507023486421,0.9847999843726754,1.100345530921248e-06,1.408841562672101e-06
roshan,Hindu,0.8426631201809498,0.8426631201809498,0.007240787052485537,0.002480547590533529,0.147160852457532,0.0003777531531166398,7.693956538273228e-05
roshanlal,Hindu,0.8697138260883917,0.8697138260883917,0.022041875312455564,0.002476957583893685,0.10555165557721301,0.00015894532799214963,5.674011005401311e-05
roto,Hindu,0.7668092458442839,0.7668092458442839,0.025608807279552104,0.05268539746795607,0.1526718969789177,0.00026186308707122386,0.0019627893422190204
rousan,Hindu,0.911379385904132,0.911379385904132,0.06546439346194177,0.008737513194024549,0.014271372318056284,3.0348976034501147e-05,0.00011698614581114915
roy,Christian,0.8123433047288263,0.10945847381634737,0.00791147370378846,0.0700008611784008,0.8123433047288263,0.00021338286181192445,7.250371082505643e-05
rubee,Muslim,0.5744822163115378,0.3153782389706199,0.5744822163115378,0.0042768303481672395,0.10552222132436102,9.834864663998688e-05,0.00024214439867394357
ruidas,Hindu,0.9719524584183813,0.9719524584183813,0.013574672657896629,0.0028282045863098374,0.01157284518010725,4.874038556314542e-06,6.694511874871144e-05
ruidis,Hindu,0.6968531281313879,0.6968531281313879,0.19937717944650163,0.0046670820138121905,0.09900990197947004,9.532883842829653e-06,8.317554498546194e-05
rukamanee,Hindu,0.694806072836761,0.694806072836761,0.24613199833683772,0.0007715737240038572,0.04644945170197073,4.643439419596703e-05,0.011794469006230813
rukasaanaa,Christian,0.5831312705182276,0.38217940137608014,0.03350104681452591,0.00038145388804030597,0.5831312705182276,4.05950782361424e-05,0.0007662323248898275
rukhasaanaa,Christian,0.6328849817238014,0.2148211637302371,0.14781553120592145,0.003273415290815378,0.6328849817238014,4.136302404081118e-05,0.0011635450251838509
rukunee,Hindu,0.6777146204405535,0.6777146204405535,0.2266974594718436,0.0026020547250780045,0.09207749738644738,8.983971872177787e-06,0.0008993840042054168
rupa,Hindu,0.9990688362303421,0.9990688362303421,8.812599568562149e-05,0.000153642349635677,0.0006007536304547308,1.3837444441372332e-05,7.480434944063963e-05
rupaa,Hindu,0.9303360304784692,0.9303360304784692,0.0042019853559675385,0.001430839009266849,0.06364826372440938,6.227426286033348e-05,0.00032060716902661984
ruparam,Hindu,0.9940404046561991,0.9940404046561991,0.0004900673708858171,0.0020002864000247195,0.0018961334188696555,0.00014169258525556066,0.001431415568764956
rupiadar,Hindu,0.9571833219237119,0.9571833219237119,0.005094179669853561,0.001143405686842419,0.03650440804225101,2.225924043319233e-05,5.242543690800046e-05
rupsinh,Hindu,0.7743902594751878,0.7743902594751878,0.09282073600156757,0.09325620976455826,0.03941773951256495,8.250944081518127e-05,3.25458053062808e-05
saabale,Muslim,0.45220952775846174,0.4003399887396368,0.45220952775846174,0.0010812697143788477,0.1459054166973358,8.052836616085249e-05,0.00038326872402604726
saabaraa,Hindu,0.45508086441960427,0.45508086441960427,0.23619262428591772,0.0016878179868153437,0.30487173713260896,0.00037810235989711385,0.00178885381515657
saabir,Muslim,0.5846730651098817,0.39656489738051753,0.5846730651098817,0.0005066375989253644,0.018226222672349655,4.7539640096722315e-06,2.4423274316100295e-05
saabitha,Muslim,0.5276593035243277,0.32367427896661594,0.5276593035243277,0.007511907095760275,0.1410452971754635,1.6129191378292812e-05,9.308404645435759e-05
saabithree,Hindu,0.4903302155118576,0.4903302155118576,0.4113936923310444,0.006137547098172551,0.09200301108831008,1.4402406884663747e-05,0.00012113156373063294
saadaab,Christian,0.4275060464624512,0.41145264985893065,0.15929127253603628,0.0014491881198979246,0.4275060464624512,0.00010243968023763197,0.0001984033424463075
saadhanaa,Hindu,0.7625731581101469,0.7625731581101469,0.010368020610178198,0.001555945278832507,0.22471361815675037,0.00014068516107227088,0.0006485726830197223
saadhoo,Hindu,0.8535807220043037,0.8535807220043037,0.040367158885168265,0.0032176956485180383,0.10247202657065821,2.067508371146541e-05,0.0003417218076402061
saadhu,Hindu,0.8116589047811442,0.8116589047811442,0.08600799675741823,0.007964907570311288,0.09295336400777185,5.5731098923948886e-05,0.0013590957844305778
saadik,Hindu,0.6842822120772378,0.6842822120772378,0.1616097360770856,0.0012752684254219236,0.1526074891756158,6.0637955221415444e-05,0.00016465628941770647
saagar,Christian,0.8919095220475332,0.0978219125689935,0.007354442444517525,0.0024048511687111683,0.8919095220475332,0.00019228438365058459,0.0003169873865940886
saah,Christian,0.6896530196866497,0.15263975284985962,0.1549307590104749,0.0027183161381906015,0.6896530196866497,2.7050021051374233e-05,3.110229377381388e-05
saahab,Muslim,0.6590336920388107,0.29340581542296035,0.6590336920388107,0.001254157269820193,0.046241902140719375,3.424924637069806e-05,3.0183881318698036e-05
saahajahaa,Muslim,0.6137881011022621,0.2442273713331787,0.6137881011022621,0.009915135850776805,0.13194010787331398,3.1077499253418704e-05,9.820634121494592e-05
saahajahaam,Muslim,0.5937018439200488,0.2830509911985715,0.5937018439200488,0.009666778015384413,0.11339876303773094,2.5675590032974184e-05,0.0001559482382314582
saahanavaaj,Hindu,0.5895874881306381,0.5895874881306381,0.03969267057387354,0.000860134327768959,0.3665769307316352,0.002998686897701168,0.0002840893383831486
saaharookh,Hindu,0.8915982325347123,0.8915982325347123,0.07826901133311144,0.013709201062148197,0.016229787079017892,5.499786017801341e-05,0.00013877013083245742
saaheb,Muslim,0.6788757617598397,0.09997202427587518,0.6788757617598397,0.001817962000660138,0.21914208434456375,0.0001464978926885187,4.5669726372719405e-05
saaheen,Christian,0.4701850198467834,0.12279604884118826,0.3949409853040683,0.012049205775525384,0.4701850198467834,6.530124685698428e-06,2.221010774898337e-05
saahid,Muslim,0.8679019474100763,0.06486991919222615,0.8679019474100763,0.0016068147230281187,0.06556240377480628,3.12963811102417e-05,2.7618518752893176e-05
saahidaa,Muslim,0.5378317213976282,0.19952857138526978,0.5378317213976282,0.0018356559523076612,0.2606819961958383,5.873365917807701e-05,6.332140977794759e-05
saahil,Christian,0.6826500811191192,0.1174116526183751,0.19793947817769564,0.001969316766198864,0.6826500811191192,8.226587650612381e-06,2.1244730960661687e-05
saahin,Muslim,0.4199378545162196,0.29418385140956943,0.4199378545162196,0.012196922611315188,0.27355258598729504,9.341839861059812e-05,3.536707699027269e-05
saahinaa,Christian,0.5540587420934379,0.19962317284217151,0.24076435184615197,0.005332528505606212,0.5540587420934379,0.0001233519630252934,9.785274960726711e-05
saahoo,Hindu,0.6608326440882395,0.6608326440882395,0.04493002480682234,0.00296179025259142,0.2912242338881429,9.001826241573594e-06,4.230513796221173e-05
saahu,Hindu,0.8557021798208672,0.8557021798208672,0.03205828005024617,0.0020539042912494586,0.11011389310416542,1.3550267131499828e-05,5.8192466340142664e-05
saajadaa,Christian,0.7701493568860917,0.21505091716891087,0.013195927201226398,0.0007481861416828388,0.7701493568860917,9.814654667513815e-05,0.0007574660554132044
saajid,Muslim,0.7961130604724086,0.07971974656475599,0.7961130604724086,0.002749091038156629,0.11669718117624629,8.148031893072231e-05,0.004639440429501769
saajidaa,Muslim,0.3996895445464755,0.20342643223242868,0.3996895445464755,0.002694654340727274,0.3917386025480318,0.00011169773427378188,0.0023390685980629834
saajiyaa,Christian,0.6447438591369405,0.23156465814206906,0.11898268490831965,0.0038546976102839642,0.6447438591369405,3.3322406982000046e-05,0.0008207777954048753
saakhare,Hindu,0.9498371447903559,0.9498371447903559,0.039442759548835915,0.0027910565729765296,0.007765014812417106,1.7819123580165334e-05,0.00014620515183428202
saakir,Muslim,0.7648576313304114,0.15176861809318065,0.7648576313304114,0.0017505457507090716,0.08155586350457326,6.458253043432684e-06,6.088306808223617e-05
saakshee,Muslim,0.4916250942816392,0.1313355191944533,0.4916250942816392,0.01338965043800456,0.3636105969564318,7.643140416056869e-06,3.14959890549418e-05
saalave,Hindu,0.5323637572463338,0.5323637572463338,0.04114361559917874,0.0042071365699022775,0.42214199753643045,8.319087585611217e-05,6.0302172298666206e-05
saalavee,Christian,0.47007144487699415,0.406427162299693,0.1103268655852537,0.013035300791111317,0.47007144487699415,7.382259302107502e-05,6.540385392684817e-05
saalinee,Muslim,0.4835253983816558,0.20808809963716565,0.4835253983816558,0.001187620292530264,0.30717604691471023,1.1326490486657823e-05,1.1508283451156719e-05
saaloo,Christian,0.8343055228346415,0.08483180637663848,0.07414787141315227,0.006640721728962362,0.8343055228346415,3.5505109452071877e-05,3.857253715328328e-05
saalumke,Christian,0.3756081759894648,0.3635988343289842,0.2559599593429171,0.003074860630076206,0.3756081759894648,4.807118520562506e-05,0.0017100985233520802
saalumkhe,Muslim,0.4716054718152035,0.4119761092024955,0.4716054718152035,0.002640260503507146,0.11242360393018036,2.325855231134679e-05,0.0013312959963020698
saama,Christian,0.41925989185258494,0.3695900296993821,0.2093574925418036,0.0014417166406680726,0.41925989185258494,0.00012936109460555306,0.0002215081709558634
saamgale,Christian,0.5165032576142573,0.3657013895066449,0.11534699067998022,0.0015542796053362722,0.5165032576142573,0.000311770810679346,0.0005823117831020214
saami,Christian,0.3805716963945283,0.32730721589288947,0.28632053237334587,0.005142000115787812,0.3805716963945283,1.9105603203644756e-05,0.0006394496202448998
saamthaa,Christian,0.5053991126357712,0.38986472381275156,0.09843654118304208,0.004887464969191077,0.5053991126357712,4.297728823816229e-05,0.0013691801110059343
saamthi,Hindu,0.6600169407762855,0.6600169407762855,0.11032114762631547,0.00945787626202487,0.21792133459147792,4.084279069958262e-05,0.0022418579531967094
saanap,Hindu,0.6383541160728018,0.6383541160728018,0.011010590827503396,0.0004828376221748034,0.3454124213582224,0.004567720858848958,0.00017231326044842338
saanoo,Christian,0.6073715868142364,0.05017168963910295,0.3347246030458852,0.006830548542402798,0.6073715868142364,4.666537886984908e-05,0.0008549065795027406
saanthaa,Christian,0.8913512080854599,0.10783690336758378,0.00041974395284851107,0.00032765156476540337,0.8913512080854599,2.2831769890851526e-05,4.1661259451624274e-05
saanthi,Hindu,0.6094116841415799,0.6094116841415799,0.0005922404071655563,0.001954207074690284,0.3878404343160148,5.7618407621585374e-05,0.00014381565292806
saanthidevee,Hindu,0.7465232488664142,0.7465232488664142,0.0010915044496686691,0.001663897800561162,0.24997908982523542,1.507718166710391e-05,0.0007271818764534937
saanthilathaa,Christian,0.7743113252701095,0.22353377195400936,0.000979629264071116,0.0009914718624874864,0.7743113252701095,5.672493478525289e-06,0.00017812915584403303
saaradaa,Hindu,0.7272832023289127,0.7272832023289127,0.0038436611477194725,0.00031028545501060747,0.2683166847698073,8.94304277210736e-05,0.00015673587082875367
saarikaa,Hindu,0.7007817710330685,0.7007817710330685,0.08772711710556237,0.0021066677432129114,0.20913484297581492,0.00011387471458119484,0.00013572642776025177
saathaputhe,Christian,0.579095568445264,0.41286508965683794,0.00418458402115295,0.0037797132114538853,0.579095568445264,8.559332446555635e-06,6.648533284458518e-05
saathe,Christian,0.8962385246213891,0.09579291669301308,0.006658076752357177,0.0012627643913010458,0.8962385246213891,2.9048106407954518e-06,4.481273129886486e-05
saav,Christian,0.6867587115011211,0.2999678717676718,0.012823503214159256,0.00032031055143370726,0.6867587115011211,9.414344171751003e-05,3.5459523896580544e-05
saavale,Hindu,0.7369735677876034,0.7369735677876034,0.0360136920271899,0.0003231106149959352,0.22384545336380535,0.002737363873227046,0.00010681233317852323
saavaleeyaa,Christian,0.6904070964942557,0.16822171391964494,0.1395476895163652,0.0015032389801194629,0.6904070964942557,0.0002762703415840349,4.3990748030689525e-05
saavamth,Hindu,0.7533368245755822,0.7533368245755822,0.010018221651365752,0.0011547444889103968,0.23298256078370738,0.0003042883469498942,0.002203360153484338
saavathree,Hindu,0.7210713298438153,0.7210713298438153,0.011714672908046985,0.0012969771549323687,0.26564087393420843,7.160098270363756e-05,0.00020454517629322827
saavithree,Hindu,0.8034389491905701,0.8034389491905701,0.012707884663341095,0.0029133226976125323,0.18062574947240992,6.900844559334636e-05,0.00024508553047299965
saayadaa,Hindu,0.5490032283998167,0.5490032283998167,0.004159044081596628,0.0003357048123611872,0.4464649009152209,1.544064474113791e-05,2.168114626340927e-05
saayaraa,Christian,0.6235538511038552,0.37356338457129096,0.00203595070671221,0.0006888521012431585,0.6235538511038552,2.6292193334906693e-05,0.00013166932356368025
saayaree,Christian,0.6334954844295069,0.35410441701510065,0.010560245056245997,0.001815450512341725,0.6334954844295069,8.286946673678323e-06,1.6116040131185064e-05
sab,Muslim,0.9999931992546643,6.5840435137369286e-06,0.9999931992546643,5.5881399305819294e-08,1.5967090606378203e-07,6.903096514893902e-10,4.592071236366822e-10
saba,Muslim,0.993013420385237,0.006933917590975668,0.993013420385237,1.1173507538922105e-05,3.954938929752872e-05,2.104305640932439e-07,1.728696386637371e-06
sabaa,Muslim,0.967277555315306,0.023026393725574856,0.967277555315306,0.0001826192792287488,0.009487771437551763,3.261493959757872e-06,2.239874837897686e-05
sabaanaa,Muslim,0.4711746203041607,0.25457509299372144,0.4711746203041607,0.0007565056089799367,0.2730909590327298,7.022023417501736e-05,0.0003326018262331953
sabale,Muslim,0.8210875953548478,0.17095343126419726,0.8210875953548478,0.0002748717240852247,0.007595660705916582,1.7233603367586904e-05,7.120734758560861e-05
sabanam,Hindu,0.8858898254710877,0.8858898254710877,0.11128106288020012,0.00013090028823687074,0.0025782571911469707,7.789323167890771e-06,0.00011216484616025932
sabbeer,Muslim,0.998008533997476,0.0018508666666002655,0.998008533997476,3.555092516385216e-05,0.00010473246850133945,1.1184479635047526e-07,2.0409746200983896e-07
sabeenaa,Muslim,0.9676900365560659,0.0265099782189202,0.9676900365560659,0.00046791768107219933,0.005318819424799152,1.0774693819865414e-06,1.2170649760372385e-05
sabesbara,Muslim,0.6815397812024268,0.29477526753734273,0.6815397812024268,0.0004027153868844739,0.02279333620525767,0.0003545932148029716,0.00013430645328543582
sabir,Muslim,0.9625244381703711,0.037412594021188426,0.9625244381703711,1.1838676455384279e-05,5.0695430618342696e-05,7.40653130297007e-08,3.5963605415119685e-07
sabithaa,Muslim,0.797454285914847,0.15072984924022198,0.797454285914847,0.00287283714280656,0.04890836651062095,5.181983035778912e-06,2.9479208467694398e-05
sabu,Muslim,0.9994180581200254,0.0004799077795689135,0.9994180581200254,4.1617910366911575e-06,9.742422647740278e-05,4.29689704826318e-07,1.839318713845322e-08
sachdeva,Christian,0.6025216058365227,0.3878736777756738,0.003123576311948904,0.0038683974228059855,0.6025216058365227,2.5816262673652504e-05,0.002586926390375119
sachin,Hindu,0.7841259449134846,0.7841259449134846,0.009785703444026022,0.0083568681351472,0.1976168570604207,1.4766292441429541e-05,9.986015447981339e-05
sada,Hindu,0.9993361847505434,0.9993361847505434,0.0002854137944321918,1.799210167257561e-05,0.0003219574996678253,1.7090475597213834e-05,2.136137808689628e-05
sadaananda,Hindu,0.975520579537921,0.975520579537921,0.0020212592170804782,0.00012662320938789499,0.021866689457922382,0.00013945185281437981,0.0003253967248739434
sadaay,Hindu,0.7799358719725279,0.7799358719725279,0.005431452534489529,0.0009430425266266447,0.21358917517142656,3.344571286292489e-05,6.701208206637772e-05
sadadaam,Hindu,0.9853801164368649,0.9853801164368649,0.0038630427754514393,0.00019451847746420502,0.010211347253340514,3.504441878458877e-05,0.00031593063809435103
sadaiyan,Hindu,0.9964671493692765,0.9964671493692765,0.0006023573394992999,5.705944911536028e-05,0.002865705779372765,2.6128803118571476e-06,5.115182424217174e-06
sadashiv,Hindu,0.9668195499076134,0.9668195499076134,0.0002396868911969823,9.17867752206222e-05,0.002700888817564032,2.926045443629278e-06,0.030145161562961435
sadasivam,Hindu,0.9915982300687038,0.9915982300687038,0.0010780667187928173,0.00042334444254523107,0.006845570821570529,6.288946368755144e-06,4.849900201904566e-05
saddaam,Hindu,0.8337203730555285,0.8337203730555285,0.06620664602162075,0.0009690240145655486,0.09843339744191267,0.00041334769693555804,0.00025721176943683556
saddik,Muslim,0.740588095367609,0.25666506362315444,0.740588095367609,0.00026612493591378036,0.0024170308121215455,2.7797339202703365e-05,3.5887921998325625e-05
sadeep,Hindu,0.9273401543805119,0.9273401543805119,0.04621413702395658,0.0033156542185329616,0.022451852580330355,7.506449860239886e-05,0.0006031372980658379
sadhan,Hindu,0.9979757640421053,0.9979757640421053,0.00037586675283099495,0.0003399328330096871,0.0010505050687094901,2.6298203334611997e-05,0.00023163310000973823
sadhu,Hindu,0.9903339130603969,0.9903339130603969,0.006268779222951153,0.0021464726464507,0.000735442569952869,6.609456631973509e-06,0.0005087830436165965
sadhukhan,Hindu,0.9610197188933811,0.9610197188933811,0.030296643915110652,0.004425138000086984,0.0003148123970794364,2.267138030894818e-05,0.003921015414032885
sadik,Hindu,0.8278601003665196,0.8278601003665196,0.16320059398470455,0.0006791073565118857,0.008139350714477427,3.576859886505113e-05,8.507897892125095e-05
saeed,Muslim,0.9292853099941116,0.04355629710499481,0.9292853099941116,0.00434596748362842,0.022762605711011054,5.521866171821981e-06,4.429784008225414e-05
safi,Muslim,0.9999285629979752,6.43818496512663e-05,0.9999285629979752,4.646342484506481e-06,2.392476025391548e-06,6.186177621194858e-09,1.0147685782502521e-08
safik,Muslim,0.9996700761412455,0.0002992301503807509,0.9996700761412455,2.284332916436903e-05,7.68685044861138e-06,4.2182143757947094e-08,1.2134661691076304e-07
safiya,Muslim,0.9941928013634928,0.005246477139773629,0.9941928013634928,0.00015960475521730656,0.0004002381799453796,3.765585469133654e-07,5.020030244212757e-07
sagar,Hindu,0.7388852302526095,0.7388852302526095,0.015040697736580143,0.0836057078034312,0.1325382617276692,0.02883769388382852,0.0010924085958815076
sageer,Muslim,0.8396796166140122,0.08205838658203761,0.8396796166140122,0.012453738292504199,0.06575166974645937,1.9119803427870326e-05,3.746896155869955e-05
sagir,Hindu,0.6184011641251894,0.6184011641251894,0.36341324578691747,0.007204448050142456,0.010887361207169556,3.763360493798288e-05,5.614722564312671e-05
sah,Hindu,0.7183066367571858,0.7183066367571858,0.28145578625521506,0.00014992454494963984,7.735381028644287e-05,1.0133550290383015e-05,1.650820726262739e-07
saha,Muslim,0.6103316817809574,0.3886674274907716,0.6103316817809574,0.00034012093376771513,0.00019058184937077472,0.00046779032509180985,2.397620040583435e-06
sahaa,Muslim,0.6465256290974125,0.31307351879957,0.6465256290974125,0.002230523353609388,0.03784121307433784,0.00028258955001651955,4.652612505370965e-05
sahaanaa,Hindu,0.5860817430574975,0.5860817430574975,0.1664843960241416,0.0017069090961303489,0.24502060539692888,0.0004928696355142948,0.00021347678978734936
sahaane,Hindu,0.5438717919865785,0.5438717919865785,0.37676570875924226,0.000988757951887265,0.07742432761176134,0.00038656771311147876,0.0005628459774192331
sahaare,Hindu,0.7933961252181708,0.7933961252181708,0.15798568711429592,0.0018458292047431057,0.04645251098189364,0.0002749604039722105,4.488707692430418e-05
sahadeba,Hindu,0.9894500944671969,0.9894500944671969,0.007343433274183845,0.00025429394447445855,0.0005510161783167715,7.826492134110323e-05,0.0023228972144869317
sahadev,Hindu,0.9517267600452098,0.9517267600452098,0.00046788709742911605,0.00013721379925919031,0.00020468306284130884,5.142718158522838e-05,0.047412028813675546
sahadevan,Hindu,0.9787579759620584,0.9787579759620584,0.001400102741234331,0.00030635361174537645,0.006337711111952344,0.00017279388989211532,0.013025062683117674
sahajaad,Muslim,0.5921128985612152,0.3388678806503087,0.5921128985612152,0.01582481889694776,0.0529127216589711,0.00010638498356208036,0.00017529524899523693
sahajaadee,Muslim,0.7026779458155458,0.2555925388178395,0.7026779458155458,0.009312086002865611,0.03190709841414287,3.10485450308712e-05,0.00047928240457533253
sahanaaj,Hindu,0.6102086016667749,0.6102086016667749,0.28508529165921914,0.001973309791598907,0.10170221729692198,0.0007250700594333517,0.00030550952605166705
sahani,Hindu,0.5287556698397637,0.5287556698397637,0.4555220388387739,0.0010138035330958803,0.014261074241600162,0.0004078760231681792,3.953752359806467e-05
sahare,Hindu,0.977736635810724,0.977736635810724,0.020945730840479758,0.0004643651665108651,0.0007371066487789809,0.00010419342868247797,1.1968104823700036e-05
sahay,Hindu,0.7880634969369325,0.7880634969369325,0.12790371950193205,0.004006556324732314,0.07986147299917382,0.00015647839393854413,8.275843290914137e-06
sahdev,Hindu,0.9459351552809729,0.9459351552809729,0.01672004631960572,0.004921324938459559,0.029554717442976466,3.9173829087449064e-05,0.0028295821888978763
saheb,Muslim,0.9764374248273254,0.023074092626215976,0.9764374248273254,0.00012565400452370842,0.00020951514429182674,0.00015048615847340873,2.8272391695385176e-06
saheed,Muslim,0.9629405152074136,0.03377170512740522,0.9629405152074136,0.001403580600865559,0.0018737467965335788,4.908613560144625e-06,5.5436542221545515e-06
saheedaa,Muslim,0.8192696479664918,0.13463242447326926,0.8192696479664918,0.002257773486925439,0.04379358589519866,2.3039999461512576e-05,2.352817865299565e-05
sahid,Muslim,0.9656397721427599,0.03387063025517733,0.9656397721427599,0.00017652385015771163,0.0003030023377495718,8.39239990593697e-06,1.6790142494313584e-06
sahis,Hindu,0.6251368883167525,0.6251368883167525,0.36276351533921436,0.0009006944183208481,0.011189565126661378,4.231549938569178e-06,5.1052491124016555e-06
sahni,Hindu,0.514580095367813,0.514580095367813,0.4614650341677802,0.0015410992104126495,0.022343256397408046,5.857244649138442e-05,1.1942410094871153e-05
sahu,Hindu,0.9998206769130115,0.9998206769130115,0.0001733789028574256,4.989792680439607e-06,8.20642534534636e-07,7.579999550730524e-08,5.794892036435468e-08
sai,Muslim,0.7405926836774696,0.047566502603231864,0.7405926836774696,0.0005245879406041958,0.21131545513392644,1.558650512823057e-07,6.147797165036644e-07
said,Muslim,0.9858664225265139,0.009543508468881154,0.9858664225265139,0.0002125362523552094,0.004375109532956478,4.865109958265495e-07,1.936708297555209e-06
saifi,Muslim,0.9998865768742159,7.348963884938184e-05,0.9998865768742159,8.767299278893374e-06,3.1136083314413204e-05,6.925791319501215e-09,2.3178550175714835e-08
saikh,Muslim,0.9573234571191278,0.04024719003791149,0.9573234571191278,0.0016684770391741485,0.0007422059957778982,7.288417715187866e-07,1.7940966237208907e-05
sail,Christian,0.7950368792479249,0.04903402389783663,0.14922305723059592,0.0067020633262337296,0.7950368792479249,7.426592211444041e-07,3.233638187519112e-06
sailendr,Hindu,0.6734640891872126,0.6734640891872126,0.06830783083949536,0.015021845888364095,0.242969631595757,0.00011491365304722608,0.00012168883612364095
sailes,Christian,0.8248265423831387,0.14067588624223848,0.033105202253074936,0.0013771579448180866,0.8248265423831387,4.019030360827896e-06,1.1192146368919969e-05
sain,Muslim,0.5036701828474867,0.4690687824162875,0.5036701828474867,0.008129831265078453,0.019062985493857543,6.79538262643795e-05,2.6415102541679305e-07
sainaba,Muslim,0.9547926922501687,0.04385371413582015,0.9547926922501687,0.00043249264263623256,0.0009069939435587409,7.5535844637268365e-06,6.553443352475117e-06
saini,Hindu,0.9301324628071906,0.9301324628071906,0.029465342784526095,0.002935683804718012,0.03745437733540231,1.1902514578728226e-05,2.3075358395024132e-07
saiyad,Hindu,0.5087117801719474,0.5087117801719474,0.10928539651884146,0.003170778834244922,0.3787935206754747,7.057936532805575e-06,3.146586295863627e-05
saiyyad,Christian,0.6250532297253284,0.3400035487988606,0.03393687363084481,0.0009916234724138928,0.6250532297253284,1.5505926894462336e-06,1.3173779862909333e-05
sajan,Hindu,0.8337194023324987,0.8337194023324987,0.009506397979301846,0.0011818295578726492,0.15054295864702005,1.8280830872932292e-05,0.005031130652433759
sajanaa,Hindu,0.6535179730609239,0.6535179730609239,0.006814326947550849,0.000512754918789567,0.3373352412637604,4.884722829124636e-05,0.0017708565806840552
sajanee,Hindu,0.5129363445083678,0.5129363445083678,0.15909753634954282,0.0011376621714782014,0.3196279117788715,1.6141661862284865e-05,0.007184403529877356
sajeev,Christian,0.4859453363580788,0.3832709699085992,0.12377651914981722,0.006616292304209604,0.4859453363580788,1.501927738291407e-05,0.00037586300191246795
sajeevan,Christian,0.7190609393437022,0.2551995727072374,0.02398799755690393,0.0014417051302581321,0.7190609393437022,2.630685697489861e-05,0.00028347840492348676
saji,Hindu,0.4798306317852266,0.4798306317852266,0.12968657751737242,0.005110062002102247,0.025278339542789397,0.00021460218052076895,0.3598797869719885
sajid,Muslim,0.6990761726966412,0.24920363617336094,0.6990761726966412,0.005452591736137188,0.01999805435307844,0.00020096660833931036,0.026068578432442823
sajitha,Hindu,0.8145713186417528,0.8145713186417528,0.08518325947320117,0.029500728028516766,0.05974913313009832,0.00011141661687910489,0.010884144109551748
sajjan,Muslim,0.4771598885030554,0.35098973627903507,0.4771598885030554,0.008670585595124037,0.14824246807122232,0.010052978647624854,0.004884342903938376
sakapaal,Hindu,0.5223994235826329,0.5223994235826329,0.06383244811462561,0.009108769621377842,0.40365022430977104,0.0009205448380801053,8.858953351245855e-05
sakeel,Muslim,0.7540220948488974,0.1489694489659973,0.7540220948488974,0.0050503269025000816,0.09192154877341238,6.256955606955196e-06,3.0323553585675463e-05
sakeelaa,Christian,0.3524365902322588,0.3278055233630008,0.3162520185004685,0.0034347598533779797,0.3524365902322588,1.844860069742961e-05,5.265945019643638e-05
sakeenaa,Muslim,0.5260182379404345,0.33373680838857667,0.5260182379404345,0.007429203194063622,0.13260514609879603,1.3026898788719679e-05,0.00019757747934055257
saket,Hindu,0.8667819886080734,0.8667819886080734,0.05275107696563171,0.016372258578174512,0.06389749134039227,6.678625157934832e-05,0.00013039825614874162
sakharam,Hindu,0.9890479155350739,0.9890479155350739,0.0012168873023434188,0.0007543496283701569,8.280143989474445e-05,5.100673916982471e-05,0.008847039355147964
sakhare,Hindu,0.9898867792005797,0.9898867792005797,0.008339341756634281,0.0014407039473430128,0.000235744769391812,4.069543328477938e-06,9.336078272278733e-05
sakpal,Hindu,0.7472063519786041,0.7472063519786041,0.11297659384693591,0.024681185508390813,0.11463908446537903,0.0003541320965413387,0.00014265210414872185
sakthi,Hindu,0.8790253470229066,0.8790253470229066,0.05510182414373453,0.020667071934711487,0.04502555314800966,1.5848535700273584e-05,0.0001643552149374089
sakumthalaa,Hindu,0.7958225326576603,0.7958225326576603,0.014167315599909759,0.007422354961470645,0.18225672322276176,2.1838588938040886e-05,0.00030923496925949084
sakun,Hindu,0.5474878894473029,0.5474878894473029,0.14367938903855662,0.09795000122618004,0.21060039301261532,4.273721665444114e-05,0.0002395900586906775
sakunthalaa,Hindu,0.7763541503808687,0.7763541503808687,0.0038129826428110656,0.005212804624581297,0.21438174383897093,1.492911761213484e-05,0.00022338939515598866
salam,Hindu,0.5201144922822707,0.5201144922822707,0.43060497241316215,0.00205423332737003,0.046405499656868736,3.895626920461685e-06,0.0008169066934079904
salamaa,Christian,0.42063575547125026,0.3739720604145041,0.20142867442690948,0.003507748956391982,0.42063575547125026,3.464360209559744e-05,0.00042111712884836914
salamaan,Hindu,0.4733078195153978,0.4733078195153978,0.1346547394916573,0.0036319225347358395,0.38771491849523426,5.507536822932556e-05,0.0006355245947454237
salave,Hindu,0.8989956811616299,0.8989956811616299,0.02341736436700583,0.0032013620430347885,0.07431753007542401,4.412283931193772e-05,2.3939513593608586e-05
salavi,Hindu,0.5829430957951213,0.5829430957951213,0.2587187772195577,0.03669251843268623,0.12131428372601424,0.0002746776387716957,5.6647187848630465e-05
saleem,Muslim,0.953739775521816,0.02880065532399347,0.953739775521816,0.00045637109254066926,0.016981061653072907,6.863184517177394e-06,1.5273224059781407e-05
salikaram,Hindu,0.9454303072976503,0.9454303072976503,0.04173183717582382,0.0013151515080475286,0.01014445247915596,7.016222605927422e-05,0.0013080893132628823
salim,Muslim,0.790406139964187,0.004964835965946648,0.790406139964187,0.00017000393230261828,0.20445812637952543,2.903391156402574e-07,6.034189226863847e-07
salma,Muslim,0.4779388418326263,0.4643258945629801,0.4779388418326263,0.0010944947396524715,0.05659670694906618,2.4768727758651852e-05,1.9293187916297096e-05
saloochanaa,Christian,0.5531464257809424,0.4377249085474567,0.006179417465184929,0.002789757316603978,0.5531464257809424,6.188084174530315e-05,9.76100480666688e-05
salunke,Hindu,0.7540857190808973,0.7540857190808973,0.164535211686286,0.0030744216742069957,0.07775189951215271,0.00016495093084986504,0.00038779711560722334
salunkhe,Hindu,0.6715446439422753,0.6715446439422753,0.28639589458766623,0.003967828273556827,0.03662128012671702,0.00011530451783976741,0.0013550485519446052
samaa,Christian,0.8294373685262013,0.1493948846894902,0.020533551431987592,0.0002148593618112316,0.8294373685262013,0.0003306255483863561,8.871044212341559e-05
samad,Muslim,0.5167995981244108,0.46944934453642195,0.5167995981244108,0.0011989187180348867,0.010721408893129772,0.0006982053490079586,0.0011325243789946397
samala,Hindu,0.9082475048205616,0.9082475048205616,0.007404063088188979,7.878241756720246e-05,0.08413478337006425,9.671027675557165e-05,3.8156026862392267e-05
saman,Christian,0.6219001215210003,0.36822942960755406,0.0052342765598998725,4.356641494380695e-05,0.6219001215210003,0.00377457630262084,0.0008180295939812695
samanta,Hindu,0.9664105256057569,0.9664105256057569,0.00026191330506490114,0.0003670150802883403,0.01819149704181411,0.013659099963832522,0.0011099490032433009
samar,Hindu,0.6660052427788858,0.6660052427788858,0.034249650842484124,0.00034415254816190776,0.21813848622671136,0.08116885366430725,9.361393944965609e-05
samasaad,Hindu,0.6610015955567715,0.6610015955567715,0.06112943818142289,0.00043940816054546957,0.2772722529336628,7.94360416142652e-05,7.786912598303995e-05
samaser,Christian,0.8331523284765424,0.1503562521899006,0.016219830927748858,0.00025848798943500144,0.8331523284765424,7.740199717128573e-06,5.3602166561639765e-06
sambhoo,Hindu,0.9875100244789108,0.9875100244789108,0.009169209978352705,0.0001928371732249662,0.002780483970559143,4.139406857905791e-06,0.0003433049920944935
sambhu,Hindu,0.9911614524499822,0.9911614524499822,0.000981075615409913,3.2785282334005735e-05,0.00018500012249459064,2.1759055138702258e-06,0.007637510624265296
samdeep,Hindu,0.9456018693671693,0.9456018693671693,0.04863793271890976,0.0015939630814662306,0.003839353749317882,2.6801423769308663e-06,0.0003242009407599785
samdhyaa,Hindu,0.9775251752053922,0.9775251752053922,0.009515223218762739,0.0020460416280691017,0.010845362347046472,3.23314599754086e-06,6.496445473197489e-05
sameem,Muslim,0.9517712550268834,0.04484721045190371,0.9517712550268834,0.0002633536803045351,0.0029744604839313706,3.482138630693608e-06,0.00014023821834636494
sameemaa,Muslim,0.8388126493413407,0.12487843230152144,0.8388126493413407,0.0006816105529524642,0.03534957809605669,2.6228807549216954e-05,0.0002515009005794977
sameenaa,Muslim,0.4800425740464424,0.4615420085314651,0.4800425740464424,0.0006901202494660416,0.05670068648473885,5.604014164466038e-06,0.0010190066737231934
sameer,Muslim,0.9610356820844709,0.0362096653434904,0.9610356820844709,0.00021749228831105535,0.0024766113194864127,1.578049066439202e-06,5.897091517492297e-05
samgeethaa,Christian,0.9884889965105992,0.010573360695167644,0.0006687489381390326,0.000263285938108206,0.9884889965105992,1.2844286031964575e-06,4.32348938271858e-06
samgithaa,Christian,0.6113699574897993,0.35061034105268546,0.0312517198816768,0.006449287793058637,0.6113699574897993,4.6783318660455854e-05,0.0002719104641193405
sami,Hindu,0.9792174103702171,0.9792174103702171,0.018643364561948764,0.00019165484197854735,0.0017782842371757257,6.730723874345953e-07,0.00016861291629227925
samikkannu,Hindu,0.9952347145664622,0.9952347145664622,0.0020329477168259894,0.0009184297635789446,0.0017845594209092348,5.70257938390653e-06,2.3645952839919835e-05
samjanaa,Muslim,0.6503500659102843,0.2643280165367141,0.6503500659102843,0.0004898930254124278,0.08439896279081989,3.676426806631077e-05,0.0003962974687030428
samjay,Hindu,0.441506856015057,0.441506856015057,0.4214091199249,0.002686887102839654,0.1342643204911003,2.4979927819441454e-05,0.0001078365382834476
samjayakumaar,Hindu,0.6151955974812641,0.6151955974812641,0.07195774127567314,0.0031022745897515583,0.30940984674286853,0.00020971369712663785,0.00012482621331617977
samjeedaa,Hindu,0.4963606108253931,0.4963606108253931,0.3763456720768224,0.0053414302054371615,0.12178894190950318,1.5914192434057598e-05,0.0001474307904099521
samjeeth,Hindu,0.8374602221715141,0.8374602221715141,0.08514526463932734,0.02397670567598947,0.05334145097855431,1.0905408818103707e-05,6.54511257969349e-05
samjeev,Hindu,0.7312526221627719,0.7312526221627719,0.128810215218054,0.004252632013590918,0.13550618648660112,8.521156669374919e-06,0.00016982296231253917
samjoo,Hindu,0.43104788313579856,0.43104788313579856,0.3772098898339279,0.022158720650677026,0.16927458967578224,3.804485382089395e-05,0.0002708718499935025
samju,Muslim,0.6195577437217832,0.345384521280132,0.6195577437217832,0.0015667767712918908,0.0331910820006285,5.026164190240643e-05,0.000249614584262004
samkar,Buddhist,0.618497797751767,0.3703968233365952,0.0030814119299113914,0.0007382242066696775,0.007262051132153556,2.3691642903169466e-05,0.618497797751767
samkaralaal,Hindu,0.8147716030156245,0.8147716030156245,0.012169081965699798,0.0015527843039179138,0.12489512270101773,7.389866890680392e-05,0.04653750934483326
sampat,Hindu,0.7405175705032411,0.7405175705032411,0.0005641214383008959,0.0005823181922118419,0.006026258149092641,0.00012821672984111233,0.25218151498731234
sampath,Hindu,0.889306557433244,0.889306557433244,0.0013062099466097086,0.0022114067026273105,0.010590627426854377,4.0489913543141414e-05,0.09654470857712118
sampathi,Hindu,0.9226201302061999,0.9226201302061999,0.0006613065881080058,0.001176965413722486,0.005554349409904452,1.378386626827179e-05,0.0699734645157966
samsuddin,Muslim,0.9990431329331461,0.0008431404791415623,0.9990431329331461,7.437328591140452e-06,0.0001060620245575511,8.581997164495823e-08,1.4141459192006818e-07
samth,Hindu,0.856684416084757,0.856684416084757,0.07219010056136879,0.00722662517954342,0.06022540136264798,4.6200927015436864e-05,0.0036272558846677486
samtharaa,Hindu,0.8979357352740597,0.8979357352740597,0.01939360116823989,0.003182182806658833,0.07803624142422448,0.0001047908107432357,0.0013474485160738063
samtharaam,Hindu,0.9106974744993688,0.9106974744993688,0.021582912806534436,0.003091745706181669,0.06290081384597687,7.541997975056135e-05,0.0016516331621877164
samthoosh,Christian,0.49883731905265183,0.4440583187893878,0.025663141942104783,0.03054369765013485,0.49883731905265183,3.5158871980929334e-05,0.000862363693739922
samthooshee,Christian,0.5422731209397422,0.3731112210920133,0.062434462464560136,0.021685413398110934,0.5422731209397422,1.9061935245696377e-05,0.0004767201703276427
samthoshha,Hindu,0.9105645006576188,0.9105645006576188,0.011128341832910145,0.006209382800594846,0.07169751567215926,1.7049632488117414e-05,0.00038320940422877846
samuel,Christian,0.9949875191414016,0.004713211973957867,0.00027279698992176203,2.5945298103716584e-05,0.9949875191414016,1.7967147022967966e-07,3.4692514484524016e-07
samyukthaa,Hindu,0.9765873820395066,0.9765873820395066,0.004997595821143099,0.0018477775613419895,0.016521907029126075,2.4495100300969435e-06,4.288803885210889e-05
sana,Hindu,0.9998752486778666,0.9998752486778666,1.178566790623865e-05,1.0540235017360234e-06,9.59642483038455e-05,1.4601650367679673e-05,1.345732053741689e-06
sanaa,Hindu,0.9369342324840514,0.9369342324840514,0.005982451824426052,0.00033166004367742437,0.05657099529153012,0.00010822474308905562,7.24356132260635e-05
sanaathana,Hindu,0.8854031224116816,0.8854031224116816,0.0016320780143643965,0.0002599083533056007,0.11249065478760166,2.966047331423688e-05,0.0001845759597325033
sanadi,Hindu,0.9947383810018124,0.9947383810018124,0.0021667243825573674,5.0244112730521934e-05,0.0029951427867755927,2.7614487089929097e-05,2.189322903434075e-05
sananthoosh,Hindu,0.6446550087658244,0.6446550087658244,0.0007363576380566609,0.010946577536075192,0.3433924570002021,0.000188628709815196,8.097035002654565e-05
sanap,Hindu,0.9958904755618934,0.9958904755618934,3.409163125802189e-05,5.142665990286551e-06,0.0003052917041069733,0.0037625844144226783,2.4140223286974374e-06
sandeep,Hindu,0.9776960575367555,0.9776960575367555,0.008370270841498465,0.0012285765758945908,0.012390847330385474,7.014442221734718e-05,0.00024410329324872578
sandhya,Hindu,0.9959438817511994,0.9959438817511994,0.0010698677463586129,0.0009403973487305648,0.001991563849683945,3.278247858756019e-05,2.1506825439946206e-05
sandhyaa,Hindu,0.9841043517715016,0.9841043517715016,0.002220402819125192,0.0014981357803699833,0.01208261198915535,5.1412621473415734e-05,4.308501837469669e-05
sandhyaaraanee,Hindu,0.9072897201842854,0.9072897201842854,0.004696231661602385,0.0009234628852613545,0.08673510265177159,7.664634672396014e-05,0.0002788362703554751
sandip,Hindu,0.9985822556604474,0.9985822556604474,0.0004218177802465847,3.6035204568427095e-05,0.0009043173828524731,3.896692905857618e-05,1.660704282654936e-05
sanee,Muslim,0.5178016976529014,0.3755183259081588,0.5178016976529014,0.0007297760149568602,0.10516925342821813,4.557004691239885e-05,0.0007353769488525041
sangale,Hindu,0.9204852825506066,0.9204852825506066,0.04822745288056974,0.0009732448741828192,0.029777924114764296,5.4013160005564245e-05,0.0004820824198708773
sangama,Hindu,0.9823897326895392,0.9823897326895392,0.0027889822373732202,0.00034245055897679335,0.014154595238212242,7.936840514605634e-06,0.00031630243538365423
sangeeta,Hindu,0.9440652988580054,0.9440652988580054,0.023211152214999562,0.005394869759924188,0.02718414112901704,1.782040661896341e-05,0.0001267176314349616
sangkar,Hindu,0.9876393003691558,0.9876393003691558,0.005752106049568374,0.002043795687664917,0.004090476383292223,2.1614938269454712e-05,0.00045270657204910295
sangma,Hindu,0.9844758966614447,0.9844758966614447,0.01040328263550205,0.0023560014031213305,0.0026755357058480663,1.0493749189401295e-05,7.878984489448923e-05
sanjay,Hindu,0.997509499939254,0.997509499939254,0.0012291734944910595,0.000258004342117262,0.0008556526918861542,0.0001272167806369965,2.0452751614507442e-05
sanjaykumar,Hindu,0.72704586095511,0.72704586095511,0.012596665201761717,0.004432289124318965,0.037172854564253725,0.21841438611684158,0.0003379440377140469
sanjeev,Hindu,0.8155312060710971,0.8155312060710971,0.04561950398015559,0.005581002192183083,0.13315511312715503,1.643794917680766e-05,9.673668023225853e-05
sanjjay,Hindu,0.9746625183087538,0.9746625183087538,0.013549495392401092,0.0010339963806865623,0.010616738749717903,6.316239485946062e-05,7.408877358110256e-05
sanjoo,Hindu,0.7922531773133022,0.7922531773133022,0.15156343811482864,0.015348471149592466,0.040089148721510155,0.00046284134221681074,0.0002829233585495917
sankar,Hindu,0.6919892150163116,0.6919892150163116,8.621617321356305e-06,4.7522826498947585e-06,0.00014465229465718095,0.3077827312140686,7.002757499154258e-05
sankaran,Hindu,0.9974764806245413,0.9974764806245413,3.6882441113303756e-06,1.846836758156332e-06,6.761899026729461e-05,0.002434040313632861,1.6324990688848646e-05
sannee,Hindu,0.7496468010427033,0.7496468010427033,0.07297444049059656,0.000707631516680705,0.17652487356727342,0.00010181196811507235,4.444141463089459e-05
sannoo,Hindu,0.7713783219239722,0.7713783219239722,0.1103500999767676,0.00971434378465294,0.10814028005528543,0.0002381048305510231,0.00017884942877102402
sanooj,Muslim,0.5028116077100546,0.3871290621349818,0.5028116077100546,0.019137096279645053,0.08381445460246174,0.0001368489654687884,0.006970930307387816
santa,Hindu,0.9906776244010368,0.9906776244010368,9.255003439506853e-06,0.0037640246036565587,0.0006056285889213477,0.0039781460536259805,0.0009653213493197879
santalal,Hindu,0.981718028516239,0.981718028516239,0.0024175026468994105,0.004027424073068838,0.01074217538774802,0.0009297068880326911,0.00016516248801235695
santara,Hindu,0.997045084496255,0.997045084496255,4.643116985618726e-05,0.000959180287812993,0.0009102135522240565,0.0004498619469375707,0.0005892285469141561
santaram,Hindu,0.9964005951670378,0.9964005951670378,3.986146741454406e-05,0.0007206115130053549,0.0003454547052013492,0.0004007383861265582,0.0020927387612144272
santha,Hindu,0.949873902185344,0.949873902185344,2.996943492104518e-05,0.0005764370654321007,0.04945200037603779,3.782199032445249e-05,2.9868947940711894e-05
santhanam,Hindu,0.6306597982275619,0.6306597982275619,0.0002631805861396414,0.0002873028723919946,0.36868077437310603,4.646766335281832e-05,6.24762774476907e-05
santharaa,Hindu,0.9405647142054587,0.9405647142054587,0.0002642760780389277,0.0010978074300100281,0.05782978101338276,0.0001343545793135891,0.00010906669379564457
santharaam,Hindu,0.951009559498088,0.951009559498088,0.0004645403010874374,0.0011984390356903996,0.0470623954313547,9.114510605711988e-05,0.00017392062772225676
santhi,Hindu,0.9828628774100255,0.9828628774100255,5.68909425671491e-05,0.0015515800770376739,0.015450179927196385,3.0804639906149586e-05,4.7667003267166895e-05
santhoosh,Christian,0.8338423037494623,0.15196015028835538,0.0006057406752086219,0.013505353125643525,0.8338423037494623,3.786320581038366e-05,4.8588955519713994e-05
santhooshee,Christian,0.8505222984124516,0.13736577348076515,0.0018461762609137768,0.010211020530585573,0.8505222984124516,2.0405935249120192e-05,3.4325380034866634e-05
santhosh,Christian,0.7991132717286539,0.1984998429696446,0.0004087042729740643,0.0019120378999040737,0.7991132717286539,2.9259026577049605e-05,3.688410224649925e-05
santosh,Sikh,0.6966706670692848,0.20699217659573002,0.00025482867855952646,0.6966706670692848,0.08849191857069365,0.007415016942308025,0.00017539214342400294
santoshkumar,Hindu,0.7110034819596412,0.7110034819596412,0.001012179790460755,0.10427913837663642,0.17532534183544093,0.00806070625820786,0.00031915177961263594
sapakaal,Hindu,0.550584980623671,0.550584980623671,0.06574926083874515,0.00416105479290539,0.37858980464912334,0.0006914430407583985,0.0002234560547967611
sapakaale,Christian,0.48311756950615364,0.47730993122367305,0.03731300375051894,0.0014128181842240327,0.48311756950615364,0.0005952276822993485,0.00025144965313099064
sapanaa,Hindu,0.914347401184036,0.914347401184036,0.0037430734724062916,0.0003609631784313591,0.08116961545778273,0.0002900059347385578,8.894077260484978e-05
saphee,Christian,0.8098999626035758,0.06994242544642722,0.11895050191664681,0.0011440379315658395,0.8098999626035758,2.3094791617978684e-05,3.997731016624012e-05
sapheek,Christian,0.8381012632725484,0.03506678596364224,0.12557735613415513,0.0010902897376990303,0.8381012632725484,1.70131461643025e-05,0.0001472917457910041
saphetha,Christian,0.6947035914833726,0.2967193137753416,0.0070593817454984555,0.0013446410049097561,0.6947035914833726,0.00012094150546318207,5.213048541436425e-05
sapkal,Hindu,0.8356737099908412,0.8356737099908412,0.10784265425182052,0.002871003214618253,0.0530878347542338,0.0002833560738157622,0.00024144171467044642
sapkale,Hindu,0.8442292103780051,0.8442292103780051,0.07112505616007725,0.0011357843481747483,0.0828852792597702,0.00027115894955786964,0.00035351090441497897
saraaphath,Hindu,0.7908629054614704,0.7908629054614704,0.02114381223958913,0.0021780289642917435,0.1854464439074224,6.619480453331066e-05,0.00030261462269315955
sarabajeeth,Hindu,0.8261912589762943,0.8261912589762943,0.1417428869272386,0.0102971520800001,0.02165090550441664,1.2818756114316456e-05,0.00010497775593591702
sarada,Hindu,0.9969539657830458,0.9969539657830458,0.0004937180988383714,3.0316646681268907e-05,0.00245626569542147,2.7220406730358022e-05,3.85133692826675e-05
saradaar,Hindu,0.944189556594056,0.944189556594056,0.002816155282509569,0.0003226276232866955,0.05249355210888398,6.161267204518173e-05,0.00011649571921871544
saradar,Hindu,0.9899813282190586,0.9899813282190586,0.004037576914027946,0.00021368274408130677,0.005640993061604997,6.275921062479262e-05,6.365985060233349e-05
sarajeeth,Hindu,0.7581198634404659,0.7581198634404659,0.05338575236398064,0.009304004632236237,0.1791052945496977,2.0985407225430653e-05,6.40996063940605e-05
sarajoo,Hindu,0.7391219389004539,0.7391219389004539,0.0355723260698034,0.0053326534042293745,0.21976372686631263,7.267188822250685e-05,0.0001366828709781261
sarala,Hindu,0.8344072141083413,0.8344072141083413,0.054746059215370346,0.002439827223546003,0.10802598842178922,8.781725261635014e-05,0.00029309377833673113
saralaa,Christian,0.5560233069904457,0.3978799451205758,0.04377062042414231,0.001977050508505528,0.5560233069904457,7.186681803907189e-05,0.0002772101382915999
saran,Hindu,0.9767576593365687,0.9767576593365687,0.002587370271689286,0.00012480748632511454,0.020285982612471328,5.063936847705203e-05,0.0001935409244684727
saranajeeth,Hindu,0.9174369089980932,0.9174369089980932,0.02829130116440826,0.0039517179109003885,0.050132626778454766,2.862391332505421e-05,0.00015882123481846878
sarapharaaj,Hindu,0.4886108901179327,0.4886108901179327,0.023947204792228328,0.0022976746366970132,0.4841618833450804,0.00044845036341421135,0.0005338967446475219
sarasbathee,Hindu,0.6159132200920345,0.6159132200920345,0.031152155134739606,0.004128043600359334,0.3485728347710698,1.445666711624865e-05,0.0002192897346804124
sarasvathee,Hindu,0.6478180227788208,0.6478180227788208,0.028269588981911505,0.004404610990786201,0.31919219366153523,3.869010165422245e-05,0.000276893485292087
sarasvati,Hindu,0.8575304287142956,0.8575304287142956,0.0319092935195904,0.0026921668093013193,0.10740415165587532,0.00022791915418763267,0.0002360401467498492
saraswathi,Hindu,0.9418626781345006,0.9418626781345006,0.00195281110918795,0.0012192142993660607,0.05384057355939649,7.013298975378469e-06,0.001117709598573466
saratha,Hindu,0.9718357120269244,0.9718357120269244,0.001555682001556708,0.00038915275165128443,0.025886472169471195,6.272187014677719e-06,0.000326708863381723
sarathaaj,Hindu,0.7406184903059985,0.7406184903059985,0.009996469473987179,0.001164825012707041,0.2473689624591986,2.1155852712615694e-05,0.0008300968953959549
saravaiyaa,Hindu,0.9549203053584862,0.9549203053584862,0.002648976883403884,0.00019302319124900864,0.0418995442997465,0.00013461676315320933,0.00020353350396124753
saravan,Hindu,0.9927156332410315,0.9927156332410315,0.0009117253969330634,7.970347932816085e-05,0.0040041854467414845,0.0020209031311630176,0.000267849304802941
saravanan,Hindu,0.9971988662510685,0.9971988662510685,0.0005115130039441866,5.067894540019866e-05,0.001740487825428725,0.00039783697357799225,0.00010061700058051693
saravaree,Hindu,0.846542688989547,0.846542688989547,0.005646814734882236,0.00031517987914151996,0.146758235793052,0.0006941616484072614,4.291895497000259e-05
sardar,Hindu,0.8698197769721021,0.8698197769721021,0.03745020081201564,0.08481614419821798,0.007709462317104212,0.00011334320285307375,9.107249770697203e-05
sareeph,Christian,0.8526074157952988,0.12482598823648175,0.020761334097109743,0.0017886160560340468,0.8526074157952988,7.629090004837894e-06,9.016725070891477e-06
sareethaa,Christian,0.9024261730301022,0.07318497076102805,0.021878800800319582,0.0024923238628424826,0.9024261730301022,7.146018247086955e-06,1.0585527460438671e-05
saren,Hindu,0.9473310524517775,0.9473310524517775,0.006097444707197304,0.0005119760075639294,0.04604448633239977,1.0602460550446308e-05,4.438040511270928e-06
sariadar,Christian,0.6754331285486627,0.3150748164647076,0.009368461143012981,0.00010484102405115295,0.6754331285486627,1.1615540861623646e-05,7.137278703915624e-06
sarida,Hindu,0.8287610913309975,0.8287610913309975,0.1662155392822232,0.00012402406636198817,0.004850337321282197,1.207935888551832e-05,3.692864024951543e-05
sarif,Muslim,0.9992863262818478,0.0006859288178181861,0.9992863262818478,1.7077347133524563e-06,2.598925811313628e-05,2.024709320785276e-08,2.766041447763772e-08
sarita,Hindu,0.9614930810211418,0.9614930810211418,0.03623356779495269,0.00047743203597533606,0.0017498100345637992,1.9980943665790717e-05,2.6128169700565816e-05
saritha,Hindu,0.7806408831772471,0.7806408831772471,0.175226214435352,0.005003805029094358,0.03907542170575821,8.842140418270349e-06,4.483351213009483e-05
sarithaa,Hindu,0.5899527106935388,0.5899527106935388,0.20006173703969105,0.005642908428791344,0.20424556660353468,1.58916884094274e-05,8.118554603479434e-05
sarju,Hindu,0.924525967280908,0.924525967280908,0.06347393204369026,0.0009646452259529905,0.010983171316793449,5.316722794833275e-06,4.696740986070559e-05
sarkar,Hindu,0.905588892339055,0.905588892339055,0.08390918014778947,0.0016613989947072709,0.007787317103113385,2.190612014177726e-05,0.0010313052951931893
sarmaa,Hindu,0.8926236055616906,0.8926236055616906,0.008348021640094424,0.0034557266226747656,0.0955477246993816,8.686103074006522e-06,1.623537308462621e-05
sarmilaa,Hindu,0.7210070047680424,0.7210070047680424,0.09037382992763451,0.005972111239234342,0.1825004398729389,1.74548627121977e-05,0.0001291593294375447
sarode,Hindu,0.9769899207993816,0.9769899207993816,0.009718501544996044,0.001367550468520383,0.011586867730718098,5.326334437316346e-05,0.0002838961120107151
saroj,Hindu,0.973295200959885,0.973295200959885,0.00577083308764009,0.0009758277951837606,0.01982419661031781,1.0735842343024742e-05,0.00012320570463043005
sarojini,Hindu,0.9579249995396137,0.9579249995396137,0.014228593219702174,0.003202710925294912,0.023827435952119374,3.704174818316703e-05,0.0007792186150864427
saroode,Hindu,0.9415109237787863,0.9415109237787863,0.03567432832525091,0.005762924287479931,0.016659532305799262,4.2829026716572896e-05,0.0003494622759669568
sarooj,Hindu,0.7999865704163919,0.7999865704163919,0.13066787797948468,0.018633039307280816,0.05034522565791717,3.6344673672919115e-05,0.00033094196525244434
saroojaa,Hindu,0.5976887096868783,0.5976887096868783,0.23656009745004264,0.012498231696015057,0.1529105051456525,3.285071090154033e-05,0.00030960531050986713
saroojanee,Muslim,0.4884613382177158,0.45612739269661623,0.4884613382177158,0.002639659341572669,0.05199720810337729,1.3185600069302404e-05,0.000761216040648571
saroojini,Hindu,0.9014236788148782,0.9014236788148782,0.04304158989486459,0.01513728708725162,0.03889837462397213,5.725270405851185e-05,0.0014418168749748901
sartha,Hindu,0.605829432946812,0.605829432946812,0.004561679828760164,0.011529308459536423,0.3780251433402563,6.357460831905615e-06,4.80779638032513e-05
sarup,Hindu,0.9472359769077653,0.9472359769077653,0.027332638438052347,0.0018635332408302836,0.02331100141692067,1.178342917515216e-05,0.00024506656725609475
sarvajeeth,Hindu,0.9153005068523684,0.9153005068523684,0.028465776326192915,0.014055715207154316,0.04212185570157025,2.2824695629116318e-05,3.332121708467108e-05
sarves,Hindu,0.9208093506625181,0.9208093506625181,0.010714337721994675,0.0007704303459802299,0.06767453414999652,1.0741864808478443e-05,2.060525470203525e-05
sasaamk,Hindu,0.5092142601322027,0.5092142601322027,0.0852752296656231,0.0014124825522788909,0.4025703737833288,1.3671552433261378e-05,0.0015139823141332891
sasaane,Christian,0.6459170777664259,0.3111827291695829,0.042360209915854354,0.0002626866610590464,0.6459170777664259,2.546618055454224e-05,0.00025183030652317553
sasane,Hindu,0.9212050554231743,0.9212050554231743,0.01678853883746064,0.00013794408418974362,0.06165543807429341,2.164721823413561e-05,0.00019137636264759402
sasee,Christian,0.7428148109645418,0.17516906852850575,0.0802226571953892,0.001783891710410625,0.7428148109645418,1.1711650491024127e-06,8.400436103471744e-06
sasi,Hindu,0.7324260970946307,0.7324260970946307,0.06694363970839606,0.012767908955532365,0.18786029927741332,1.2726420755405395e-06,7.823219519419602e-07
sasidharan,Hindu,0.9394601506856927,0.9394601506856927,0.011337763488093023,0.005936915792655978,0.04280803760148785,0.00035984255010789324,9.728988196249015e-05
sasikaanth,Hindu,0.6181781556607246,0.6181781556607246,0.02331090878209848,0.011266303535317431,0.34672268060791406,0.00040756603462534523,0.00011438537932019533
sasikalaa,Muslim,0.3876915438493804,0.3858637894203369,0.3876915438493804,0.007013795502422212,0.2192508759409208,8.752731017045249e-05,9.246797676911098e-05
sasikumar,Hindu,0.7247547523050277,0.7247547523050277,0.09835714674556875,0.008458741814920404,0.16815635952930105,0.00021405185924203976,5.8947745940000615e-05
sasmithaa,Hindu,0.3863367550814041,0.3863367550814041,0.34562012977792583,0.013062004597278902,0.2548340324847088,9.400962928193228e-06,0.00013767709575424031
satapathi,Hindu,0.9920276794149029,0.9920276794149029,0.003302899455566577,0.0013567854401987294,0.00294276439619203,0.00015365433880589144,0.00021621695433382164
satar,Hindu,0.9956354652224593,0.9956354652224593,0.0033946015837607838,0.0005113069779515225,0.000364542237942542,8.166360172495752e-05,1.2420376160973216e-05
satbeer,Hindu,0.5609378260660141,0.5609378260660141,0.4132773098770405,0.005224919555391352,0.020444707453587164,3.3091440260310324e-05,8.214560770671273e-05
sath,Hindu,0.9834584945838887,0.9834584945838887,0.0004547041297954189,0.0033697068025901563,0.012660798097933964,1.4652421554179988e-06,5.4831143636465756e-05
sathabeer,Muslim,0.6420713734036383,0.32502459224320457,0.6420713734036383,0.008827546222955883,0.02398653281341463,6.276549706583709e-06,8.367876708008159e-05
sathabhaamaa,Hindu,0.7810189830419975,0.7810189830419975,0.021971503922816753,0.0011000614430822003,0.1956908921356778,2.327751304630943e-05,0.0001952819433796349
sathanaam,Hindu,0.7793549724980187,0.7793549724980187,0.007483011255791947,0.0010260865870155918,0.21170237569559333,1.74481861630167e-05,0.0004161057774175027
sathapaal,Hindu,0.7849919308025961,0.7849919308025961,0.007529985592788351,0.0019766534619194477,0.20534634045843544,9.539869847451276e-05,5.969098578629158e-05
sathaveer,Hindu,0.8600489991231468,0.8600489991231468,0.003953022035524388,0.0018452040565855683,0.13405011248640067,7.315574403453045e-05,2.95065543079789e-05
sathe,Hindu,0.6581213980733667,0.6581213980733667,0.0026988334228422147,0.002186708120154705,0.3369530086128994,2.135656618558067e-06,3.791611411843068e-05
sathees,Christian,0.710333241782541,0.26172367269959307,0.024623791869830765,0.0032832434647692634,0.710333241782541,4.472220299205193e-06,3.157796296669045e-05
satheesh,Christian,0.5820332798696575,0.3956764413154104,0.01970143055867521,0.0024993656818224296,0.5820332798696575,1.725402000282752e-05,7.22285544317719e-05
sathendr,Hindu,0.9406025190039252,0.9406025190039252,0.0007813993657969614,0.00767251597196647,0.05080175835942427,4.2929612935110844e-05,9.887768595186564e-05
sathi,Hindu,0.9758785045193573,0.9758785045193573,0.0007277018181277818,0.003292234742029783,0.019983583063840186,1.3569212281580102e-06,0.00011661893541656303
sathoos,Christian,0.495802222581547,0.3721597167937512,0.006702853606329622,0.1252616483000144,0.495802222581547,4.520242946679111e-06,6.903847541109547e-05
sathrudhan,Hindu,0.9870761371330157,0.9870761371330157,0.001470614975350457,0.0014775078185499345,0.009298936438760272,7.95039950045174e-06,0.0006688532348233513
saththaar,Hindu,0.5276919298077448,0.5276919298077448,0.00994363819829966,0.008820080549718669,0.4533263143554111,4.0843129604405226e-05,0.00017719395922141722
sathy,Hindu,0.9890772065576876,0.9890772065576876,0.0002257499190712649,0.0043557363128566805,0.006334064022953834,5.031805996771189e-07,6.7400068310833054e-06
sathyaa,Hindu,0.9824298479421483,0.9824298479421483,0.0004836097963339113,0.0020212025386934095,0.015055720483259599,1.1737654739616635e-06,8.445474090966939e-06
sathyadev,Hindu,0.9920915039692805,0.9920915039692805,0.0005168987222134482,0.0010614144400253197,0.00617789533567133,3.1710816904964573e-06,0.0001491164511188771
sathyam,Hindu,0.9976103374101012,0.9976103374101012,0.00020920042009901733,0.0008954474788565106,0.001280347870436826,3.093153492330496e-07,4.35750515716111e-06
sathyanaaraayan,Hindu,0.9620098655504695,0.9620098655504695,0.00017043321922573346,0.00039451128682697407,0.037403867883297304,8.1760493321779e-06,1.3146010848020106e-05
sathyanarayan,Hindu,0.9873296350809694,0.9873296350809694,8.127046914478313e-05,0.00014534113926409744,0.01241269298276049,1.9054853870306195e-05,1.2005473991054676e-05
sathyandr,Hindu,0.9985907559621805,0.9985907559621805,0.00012889275102921936,0.0006320195054498062,0.000619113665903082,1.2910650112262086e-05,1.6307465325325948e-05
sathyapaal,Hindu,0.9915776163678034,0.9915776163678034,0.00021975023976576443,0.0004899996826418168,0.007703242064671724,6.190919292497603e-06,3.200725824565032e-06
sathyaprakaas,Hindu,0.9261711484174197,0.9261711484174197,0.0005650246873784327,0.001396032569638387,0.07182343402348962,2.5414110769016637e-05,1.8946191304990513e-05
sathyavathee,Hindu,0.935285739831366,0.935285739831366,0.0019489571934430223,0.0023520693471104958,0.06038369519794852,5.817660243013672e-06,2.3720769888972205e-05
sathyaveer,Hindu,0.9967636831136925,0.9967636831136925,0.0003082296387372076,0.0004866484445427238,0.002438820086659481,1.229741130051978e-06,1.3889752378315973e-06
sathyendr,Hindu,0.9809870995918414,0.9809870995918414,0.00046810283398148665,0.0032252284636316306,0.015261086568969235,1.8559258273372324e-05,3.9923283302975484e-05
satish,Hindu,0.6001651969573761,0.6001651969573761,0.007998411587933142,0.0032253776150019293,0.38854945896759413,4.5510457856118676e-05,1.6044414238539033e-05
satpal,Hindu,0.5275643710970963,0.5275643710970963,0.13010571769887397,0.23320602145340702,0.10768957228089064,0.0011355961899100673,0.0002987212798221408
satpute,Hindu,0.9415788153836375,0.9415788153836375,0.00834204504542255,0.004367034983404901,0.0454136217303004,4.3431065283538305e-05,0.0002550517919510153
satra,Hindu,0.9968035846841499,0.9968035846841499,0.0007846997619146105,0.0006479029075906435,0.0016736184936205288,1.4282129927408433e-05,7.59120227971924e-05
sattar,Hindu,0.8369833304286839,0.8369833304286839,0.15684233886440735,0.003989554177906971,0.0017545167953044495,0.00036284290076819375,6.7416832929212e-05
satveer,Hindu,0.9861366727611102,0.9861366727611102,0.006145196338548133,0.00033519514465536537,0.007372208237091222,2.710000093061386e-06,8.01751850199465e-06
satya,Hindu,0.973382552768273,0.973382552768273,2.8932702651650257e-05,3.957070162388366e-05,0.026544298273479625,4.068611678143541e-06,5.769422938373807e-07
satyadev,Hindu,0.9661166431810019,0.9661166431810019,0.0006233034536266141,0.0003854725518162223,0.032604581608722705,1.71961076897695e-05,0.00025280309714278894
satyanarayan,Hindu,0.9357358127062182,0.9357358127062182,8.759061818673172e-07,2.3900722105310566e-06,0.06424244692523044,1.746056454177513e-05,1.0138256171350154e-06
satyanarayana,Hindu,0.9006484890694539,0.9006484890694539,5.122800243827508e-07,1.0981786650216545e-06,0.09934432048316466,5.12764898803039e-06,4.5233970414771606e-07
satyapal,Hindu,0.9739554597559287,0.9739554597559287,0.001409358625661414,0.0007451957648391093,0.022977084638671517,0.0008952876128494787,1.7613602049650885e-05
satyaprakash,Hindu,0.836743213758306,0.836743213758306,0.016340403966548546,0.003766642906772427,0.14123515402838835,0.0016481736402247594,0.00026641169975995596
satyavathi,Hindu,0.6143646567727018,0.6143646567727018,0.002046087088027409,0.0008305038784446552,0.3826453603025002,4.899410733362652e-05,6.439785099228714e-05
satyaveer,Hindu,0.948227006128806,0.948227006128806,0.004020016883753401,0.00045227405607545733,0.04727063612908019,2.290152777256485e-05,7.165274512235429e-06
sau,Hindu,0.7314597287218976,0.7314597287218976,0.17794873957734453,0.05932124042209119,0.030823772595283093,2.7039879592759675e-05,0.00041947880379077513
savaanaa,Christian,0.7036103649773462,0.2914289193101286,0.003886107341697464,0.0001869717310149237,0.7036103649773462,0.0007005509344773451,0.00018708570533552802
savale,Hindu,0.9599302879672056,0.9599302879672056,0.008347500753069425,9.218604011061009e-05,0.02642766660053641,0.005148561885679834,5.379675339839144e-05
savant,Hindu,0.8587957779927015,0.8587957779927015,5.018302698581015e-05,0.00016386189296337418,0.004961333281586533,0.13561819591236976,0.0004106478933931905
savara,Hindu,0.9677548278818825,0.9677548278818825,0.0005106171482852895,1.6165223465165726e-05,0.030298447540447283,0.0013969404980261522,2.30017078936084e-05
savaran,Hindu,0.9461564386689584,0.9461564386689584,0.006634944478095709,4.84142022938436e-05,0.045767507473276445,0.0013051449942667259,8.755018310881114e-05
savarimuthu,Hindu,0.9762775589014312,0.9762775589014312,0.004569143887605171,0.0003756707592928793,0.01874714354163775,1.5801983999521943e-05,1.468092603366233e-05
saveethaa,Christian,0.5952737999777957,0.4024547993881782,0.0014363935518228218,0.000816629924754415,0.5952737999777957,1.0871775520190985e-05,7.505381928721963e-06
saviadar,Hindu,0.9428336727066795,0.9428336727066795,0.0018723005190257565,0.00015634378291773577,0.054917816256129875,0.00019313890961836363,2.672782562866349e-05
savita,Hindu,0.9788676603809753,0.9788676603809753,0.0021409074224050654,0.0005811220695412154,0.017819902776974147,0.0004323505547369894,0.0001580567953670629
savithaa,Hindu,0.6663072125788455,0.6663072125788455,0.00987382593737368,0.0032106287190263455,0.32025968001429006,9.995081923816238e-05,0.0002487019312261127
savithri,Hindu,0.9152191583530233,0.9152191583530233,0.009935129122364498,0.002316264680426284,0.07187594521798558,0.00012027791438430203,0.0005332247118160641
savitri,Hindu,0.8622652575279053,0.8622652575279053,0.0039873802793933336,0.0012612188145212048,0.13228181554465518,0.00011965975310925505,8.466808041551604e-05
saxena,Hindu,0.8659635834398481,0.8659635834398481,0.06794169500177656,0.002932783733335253,0.06296485726061296,6.615472965211885e-05,0.00013092583477488268
sayyad,Hindu,0.6662731411655285,0.6662731411655285,0.01904718334218031,8.557564825350154e-05,0.3145935451501858,1.9855250567728802e-07,3.561413461978548e-07
sebastian,Christian,0.9994218036012287,0.0004701403400055705,9.599219401880696e-05,1.1770064305134924e-05,0.9994218036012287,1.58149653368829e-07,1.3565078849781482e-07
sebathee,Christian,0.9633002101855088,0.023946633992217525,0.011528278595921803,0.0012104905051279658,0.9633002101855088,1.4454654409707594e-06,1.294125578291773e-05
sedage,Christian,0.5943815043318755,0.35225548859499844,0.05119416198384311,0.0021262287997141317,0.5943815043318755,9.733872286016753e-06,3.288241728265489e-05
seelaa,Christian,0.883634673844821,0.10932146147735657,0.006854374025965249,0.0001866185136914639,0.883634673844821,1.1770864148305482e-06,1.6950517510114583e-06
seelaadevee,Christian,0.5657795085221218,0.4326790529285052,0.001095143560419414,0.00022467185525347396,0.5657795085221218,1.3067673744582882e-06,0.0002203163663256777
seema,Muslim,0.6463338574046273,0.2561694912216324,0.6463338574046273,0.0036929676554122645,0.09376441738831384,1.8580546972706262e-05,2.0685783041553974e-05
seemaa,Christian,0.546938741239141,0.16526611486905962,0.28453402624848123,0.003210158172429904,0.546938741239141,2.064946685723555e-05,3.0310004031032428e-05
seenuvasan,Christian,0.6663281923728329,0.32991725257391025,0.003504216313731417,0.00022473464356240658,0.6663281923728329,1.9085375189038417e-06,2.3695558444255468e-05
seerangan,Hindu,0.9492654946369393,0.9492654946369393,0.02105620604943781,0.0005364439013355306,0.028323645010983032,2.196821021188691e-06,0.0008160135802832319
seetha,Christian,0.7275115622819233,0.26332116821747614,0.0051672224512738655,0.003994003325437759,0.7275115622819233,1.4257463308453767e-06,4.6179775580600815e-06
seethaa,Christian,0.9225335073299301,0.07333116436381308,0.0027533435342244643,0.001377846245035078,0.9225335073299301,9.061628849412774e-07,3.2323641123433766e-06
seethaabaaee,Christian,0.8569942045988914,0.09655849269423318,0.04374171435708089,0.002676916521967401,0.8569942045988914,2.4610984635868296e-06,2.621072936351077e-05
seethaadevee,Christian,0.6949771718524365,0.3027236639806899,0.0009621250555061542,0.0010879226472546451,0.6949771718524365,1.421916122324975e-06,0.0002476945479906415
seethaaraam,Christian,0.8029905701625019,0.19209400850782435,0.0033998961131291483,0.001476535499787767,0.8029905701625019,5.43770726765156e-06,3.3552009489222864e-05
seethal,Hindu,0.6477896673790462,0.6477896673790462,0.00949791120210109,0.004389823369794811,0.3383104547826632,3.0257422155413528e-06,9.117524179356947e-06
seethalaa,Hindu,0.4983537691962545,0.4983537691962545,0.0048618335839622825,0.0017331564196777169,0.4950340529947732,2.9789388081925583e-06,1.4208866523900477e-05
sek,Christian,0.9946683024594855,0.001175965364623792,0.004127910177452465,2.338426609681095e-05,0.9946683024594855,3.666299531095588e-08,4.401069346186333e-06
seka,Christian,0.9838881716896372,0.015209822534925962,0.0007772527558504871,2.6026625701339876e-05,0.9838881716896372,2.701478750494562e-07,9.845624600992724e-05
sekar,Christian,0.9479117615338606,0.049682430532062824,0.00010453556506552498,4.9403245298912504e-05,0.9479117615338606,1.1627382583060326e-06,0.002250706385453794
sekh,Muslim,0.9351063091430732,0.005672603314030029,0.9351063091430732,0.0002539561682639545,0.05894872469874559,3.212836201216793e-07,1.8085392267275422e-05
sekhar,Hindu,0.8142353993372612,0.8142353993372612,0.08068721986500031,0.003272160120307533,0.10143406553874533,1.7133046491855284e-05,0.00035402209219389554
selaar,Christian,0.9320011616693079,0.06567827929235434,0.0020522354316296326,0.00025987472901783134,0.9320011616693079,4.785818928099741e-06,3.663058762270444e-06
selake,Christian,0.7603185804375444,0.23114613659968752,0.007279446662402832,0.0012329480877092745,0.7603185804375444,1.2753171101396562e-05,1.0135041554535526e-05
sellaiya,Hindu,0.9207841431294473,0.9207841431294473,0.002527733910457277,0.00016938380825103454,0.07651764946581553,3.038833511961394e-07,7.858026775655663e-07
sellamuththu,Hindu,0.9810510502078853,0.9810510502078853,0.000686322140943012,0.0006107872673017878,0.017649090222457333,3.261043308511722e-07,2.424057081719632e-06
sellappan,Hindu,0.968443121419251,0.968443121419251,0.001012811402101737,2.2714419123039592e-05,0.030505435224663608,1.579725852571789e-05,1.202763350650395e-07
selvakumar,Christian,0.8297037357267707,0.16478035773081845,0.004882996885620504,0.0005572088828957103,0.8297037357267707,5.228073400997078e-05,2.3420039884652387e-05
selvam,Christian,0.9898325286658352,0.010119298756985123,4.0050104846834046e-05,7.299220512375634e-06,0.9898325286658352,8.249201197294014e-08,7.407598084764105e-07
selvan,Christian,0.8655981579661398,0.13419641419387132,0.0001554303357227957,3.3950848167827014e-05,0.8655981579661398,2.2724975677769554e-06,1.3774158530372634e-05
selvaraj,Christian,0.9729365735821831,0.027033602614467224,2.4659838992898436e-05,4.3128178549973595e-06,0.9729365735821831,3.6981835081047655e-07,4.81328150928865e-07
selvarasu,Christian,0.8280979158684869,0.17106168088928145,0.000775333487240127,5.955089476852594e-05,0.8280979158684869,1.5715391971727305e-06,3.947321025703462e-06
selvi,Christian,0.9892620819655902,0.010232817082294449,0.0004660530814925233,3.826694649206533e-05,0.9892620819655902,2.52580067059445e-07,5.283440636628275e-07
semdage,Muslim,0.480948798925997,0.28837103130262687,0.480948798925997,0.010057726613868494,0.2202768688601539,3.412363048734575e-05,0.00031145066686646446
semde,Muslim,0.48260796432896724,0.3905794436919702,0.48260796432896724,0.004637799536877058,0.11997779935507802,1.036614097867318e-05,0.0021866269461291196
sen,Christian,0.9618156122566339,0.03785258824623111,0.00019108846243222276,0.000140630068805215,0.9618156122566339,3.409120363701093e-08,4.6874694015979054e-08
senapati,Hindu,0.9006222104472448,0.9006222104472448,0.0016642592672566152,0.000923375435965454,0.0943748045614916,0.0023992513381738325,1.6098949867682943e-05
sengodan,Hindu,0.9790897140994407,0.9790897140994407,0.004567619446403932,0.000778939452765675,0.015482453700468121,2.0148587084101434e-05,6.112471383711875e-05
sengupta,Hindu,0.9952250473807733,0.9952250473807733,0.0007054497499635804,0.0007888208479666316,0.0032743653469035476,8.54943595358329e-07,5.461730797436563e-06
senthil,Hindu,0.6707509571566128,0.6707509571566128,0.0011737840348520062,0.0022954342818740786,0.32576440776500576,2.3992333182212393e-06,1.3017528337137014e-05
senthilkumar,Hindu,0.6906733909140079,0.6906733909140079,0.010256638937562557,0.005706594885331578,0.29320880158570006,4.9724775848340455e-05,0.0001048489015494266
ser,Christian,0.9895461707592517,0.008977131408852031,0.0013811676717040676,9.535906826685135e-05,0.9895461707592517,8.056038062156984e-08,9.053154484406188e-08
sete,Christian,0.7573345373353857,0.24009614569178775,0.0014596723145894476,0.001013665508328393,0.7573345373353857,6.925941996591432e-05,2.6719729942783995e-05
seth,Hindu,0.5983157257483813,0.5983157257483813,1.722454653653609e-05,0.0018946289697634692,0.3997697420069298,2.1741389752742753e-06,5.045894135725985e-07
setha,Hindu,0.7372374491662718,0.7372374491662718,0.00011059339675156882,0.0008327373886122707,0.2618151014594344,2.591932662951061e-06,1.5266562669470503e-06
sethi,Hindu,0.9504562133013266,0.9504562133013266,8.674881151886387e-06,0.0003884732381661833,0.04914584085852121,3.9229645411587367e-07,4.054243799262612e-07
settee,Christian,0.8646683821617395,0.13057046342704734,0.0026673735608977013,0.0020364598893411498,0.8646683821617395,4.441334281112999e-05,1.2907618163216899e-05
sevaa,Christian,0.9993714712483038,0.0006216202009927748,4.777500429233195e-06,1.8219292631821776e-06,0.9993714712483038,6.202873881937763e-08,2.470922719707209e-07
sevaale,Christian,0.9963493440553639,0.0035727348322215826,7.156277058800076e-05,4.730613971620774e-06,0.9963493440553639,4.877938563092714e-07,1.139933998576692e-06
sevak,Christian,0.937677130497682,0.06123583416242148,0.0008556797874493765,0.00022124597009874917,0.937677130497682,2.0193792995516277e-06,8.090203048896716e-06
sevaram,Christian,0.6484745038412217,0.3510339307148374,0.00018955664095785934,0.00015513652860828166,0.6484745038412217,2.4107491748017457e-05,0.00012276478262652322
sha,Hindu,0.966337970831866,0.966337970831866,0.03221270954560632,0.0008036679647367572,0.0005851320947484765,3.40110058356661e-05,2.6508557206792833e-05
shaamthavva,Hindu,0.9519618722380134,0.9519618722380134,0.005189483087027508,0.0007108353859566838,0.04165653428390154,0.00011650804478515749,0.00036476696031563304
shabana,Hindu,0.9784706697141848,0.9784706697141848,0.02080062171755466,0.00011693985106891625,0.0005108173461225311,1.1292942257080806e-05,8.965842881191355e-05
shabar,Hindu,0.8630042884745618,0.8630042884745618,0.1342780886868324,0.0005568374901411431,0.001915554108290893,4.86132960010497e-05,0.00019661794417265537
shabbir,Muslim,0.8837518351610826,0.11503750426575486,0.8837518351610826,0.00020870039030434947,0.000987229288611478,3.2166329286308026e-06,1.1514261318097688e-05
shafi,Muslim,0.9989777833209663,0.0009731719800562911,0.9989777833209663,3.1497213538517875e-05,1.720443365035119e-05,1.10393341049897e-07,2.326584476872552e-07
shafik,Muslim,0.9990077721776758,0.0009435224658460544,0.9990077721776758,3.793568614481672e-05,1.0248101687223352e-05,1.2685224316348764e-07,3.9471640273447593e-07
shah,Muslim,0.8572710863637657,0.14097315061881754,0.8572710863637657,0.0016003745510446397,0.00011177235227239275,2.6909828909568974e-05,1.6706285190176693e-05
shahare,Hindu,0.9294534867340138,0.9294534867340138,0.0645628860990327,0.002939255733930838,0.001842644372319829,0.0001100822988933013,0.0010916447618094874
shahi,Muslim,0.9232336574104939,0.07533195937804582,0.9232336574104939,0.0010209572235278597,0.00038960895307883303,1.0195861315662295e-05,1.3621173538059086e-05
shahid,Muslim,0.9747620924696111,0.024292515843853703,0.9747620924696111,0.0005588849154022003,0.0003634059111318844,1.2981733677546852e-05,1.0119126323568675e-05
shahin,Muslim,0.7818789367634325,0.20732818268428443,0.7818789367634325,0.007936581388018572,0.002748721112715764,7.285401943773795e-05,3.472403211087843e-05
shahu,Hindu,0.9407956513724105,0.9407956513724105,0.05777336006553939,0.0012490966495131042,0.00013194300725104748,1.1051528729335487e-05,3.889737655666331e-05
shahzad,Muslim,0.7906619212341476,0.20129838386888468,0.7906619212341476,0.0029941774741124626,0.004838945403172597,5.4865423954905196e-05,0.0001517065957279233
shaik,Muslim,0.9897448960089024,0.01016097812053338,0.9897448960089024,5.5251294492722e-05,3.6415021747323556e-05,2.2882781495136562e-07,2.2307265092344613e-06
shaikha,Muslim,0.9812676021454683,0.018312799046453946,0.9812676021454683,0.00033447170269836995,7.589115491017193e-05,8.072001138032629e-07,8.428750355583025e-06
shaikiya,Muslim,0.5779646378473171,0.4166123191938456,0.5779646378473171,0.0013109706724465451,0.004096663874138148,3.3925404646834547e-06,1.2015871787872202e-05
shailendra,Hindu,0.8928912932439014,0.8928912932439014,0.04599974416491699,0.003482193013681041,0.0573040369118682,0.0001762737012799375,0.0001464589643526102
shailesh,Hindu,0.7927673360986764,0.7927673360986764,0.06754894626361646,0.0013313326017209681,0.13823930724460928,4.001118852647826e-05,7.306660285048922e-05
shaji,Christian,0.9929528926318757,0.0037987356203402945,0.00223008881366541,0.0009770931296643034,0.9929528926318757,2.4642711408166746e-06,3.87255333135654e-05
shakil,Muslim,0.652892149454905,0.3128587167499671,0.652892149454905,0.006430624650558081,0.0277614083066384,8.943552075332812e-06,4.8157285855929984e-05
shakir,Muslim,0.7852862736377954,0.21122401820246017,0.7852862736377954,0.002290588487627569,0.0011543476907670894,2.7994023021881857e-06,4.1972579047540295e-05
shakoor,Hindu,0.4831737480195411,0.4831737480195411,0.37848352721677203,0.067313099890411,0.07086399012680451,3.439874890611866e-05,0.00013123599756511856
shakuntala,Hindu,0.9472689199706896,0.9472689199706896,0.01765899893045273,0.005934701777831002,0.028815268369266494,9.381143907062917e-05,0.0002282995126897545
shakya,Hindu,0.9152833005249613,0.9152833005249613,0.06870557978715289,0.0032893070650268537,0.012696204185379634,7.2376275900542985e-06,1.837080988943714e-05
shama,Hindu,0.6222366997990828,0.6222366997990828,0.37502979832012384,0.0010823107995871126,0.001283781502386001,0.00030537024376919717,6.203933505123389e-05
shambhu,Hindu,0.9873377737801935,0.9873377737801935,0.004668155310330363,0.00017885385613747954,0.00015481124735735314,3.991076189383874e-06,0.0076564147297918175
shamim,Muslim,0.6667851572858914,0.30850180240328695,0.6667851572858914,0.015549504417421468,0.008330893081131776,1.4591445981211627e-05,0.0008180513662871074
shamkara,Buddhist,0.668806370821969,0.32213397607561206,0.005105231660278327,0.0016521453106859664,0.002254810192813435,4.746593864116595e-05,0.668806370821969
shamma,Hindu,0.6550550834482609,0.6550550834482609,0.2127389335221262,0.12398217306227056,0.008212435866430674,1.8184754140468344e-06,9.555625497555702e-06
shammi,Muslim,0.5861336449160385,0.35304472787123053,0.5861336449160385,0.052932655004591815,0.007839234675975828,2.6209585763945395e-06,4.711657358679759e-05
shamshad,Muslim,0.6505808333292821,0.32230421390383523,0.6505808333292821,0.014976483715216723,0.01167554974738408,5.5729181486451465e-05,0.0004071901227954535
shamsher,Muslim,0.9346002999151881,0.05084458798708611,0.9346002999151881,0.004069933980331467,0.010412271637542641,1.4664398050713143e-05,5.8242081801115695e-05
shana,Hindu,0.9971794138693231,0.9971794138693231,0.00016796253322585235,2.3846763841462956e-05,0.0023936546556971067,0.0001910241676041039,4.4098010308456586e-05
shankar,Hindu,0.9656772315400722,0.9656772315400722,9.84018900479869e-06,2.4219164387197313e-06,0.0001547134846672762,0.03353222214456487,0.0006235707252520384
shankarlal,Hindu,0.9967534056748956,0.9967534056748956,9.928382137872703e-05,1.1111890040118323e-05,0.0012518065852764916,0.0017798644370230095,0.00010452759138633652
shanmugam,Hindu,0.9979080167695291,0.9979080167695291,0.0009126214061243121,0.00013193689846711053,0.001028418225281945,7.734046946113894e-06,1.127265365130429e-05
shanmugasundaram,Hindu,0.9803539436247978,0.9803539436247978,0.0007153159365992735,0.0003439842901797702,0.01847938123767413,7.796013650216715e-05,2.941477424674519e-05
shanmugavel,Hindu,0.9956234098089944,0.9956234098089944,0.00120899088446227,0.00017567772515680044,0.0029733955704054345,1.0647841286986687e-05,7.878169694085066e-06
shanna,Hindu,0.9897540971407334,0.9897540971407334,3.5767564809567834e-05,0.0001176177505015916,0.010009519894543085,8.20177462302196e-05,9.799031821074574e-07
shanta,Hindu,0.6366027245193918,0.6366027245193918,0.00010841337382081119,0.005498092799916647,0.0037293750997935884,0.3515904577579943,0.0024709364490827063
shanti,Hindu,0.6052495305906331,0.6052495305906331,0.0001369689870939757,0.002506852446539186,0.011292028756285662,0.3806039924009492,0.00021062681849874824
shantilal,Hindu,0.9186764020738066,0.9186764020738066,0.0015042861744767994,0.001604599131506868,0.023831228656998944,0.05430619672265233,7.728724055832487e-05
sharada,Hindu,0.9991412498370968,0.9991412498370968,0.00035923949080703935,6.552243101768954e-05,0.000368406573597218,2.6918413743160265e-05,3.8663253738140544e-05
sharan,Hindu,0.9989694683079569,0.9989694683079569,0.00032557646995970283,0.00016340772783229486,0.0004017369977775601,4.614491474096522e-05,9.366558173265776e-05
sharanappa,Hindu,0.9981341975991378,0.9981341975991378,0.00023598327828214732,3.393013766580088e-05,0.0003263731983462988,0.0012654538329729716,4.061953595113714e-06
sharif,Muslim,0.9744482975219894,0.025433242937139798,0.9744482975219894,6.559078972813994e-05,5.148416711483274e-05,5.323138131582802e-07,8.522702146512227e-07
sharma,Hindu,0.9998823053984738,0.9998823053984738,3.829277675890742e-06,0.0001117783295832149,1.9916331498521727e-06,1.2263776354432135e-08,8.309734078421292e-08
sharmi,Hindu,0.985412020249266,0.985412020249266,0.004202114327825227,0.009759206208083755,0.000610920677265973,1.716290604882656e-06,1.4022246954349215e-05
shashi,Hindu,0.6565599777380433,0.6565599777380433,0.10015532201513624,0.0020803570413846706,0.22048433089036704,6.126246284167357e-05,0.020658749852227012
shashikant,Hindu,0.9090968229887835,0.9090968229887835,0.038821375845369,0.005274900658870387,0.0350481410681086,0.0008773823694828071,0.010881377069385835
shasmal,Muslim,0.7635396186712873,0.18357518680125984,0.7635396186712873,0.006796942489585219,0.045978280193530896,4.4031134263964996e-05,6.594071007276446e-05
shaukat,Hindu,0.8147647276555516,0.8147647276555516,0.17112946979871085,0.004279589887177609,0.00873431017695995,6.497467991189747e-05,0.001026927801688085
shedge,Hindu,0.6503445090754141,0.6503445090754141,0.2089467296933604,0.004718732828673967,0.13552488963304699,3.718227034093196e-05,0.0004279564991634826
sheeba,Muslim,0.7049439993091264,0.19183509246182376,0.7049439993091264,0.026309070254809695,0.0766160113101921,8.251775231208605e-05,0.00021330891173584535
sheeja,Muslim,0.7132053999844432,0.23014150334000424,0.7132053999844432,0.004382395593998809,0.05218784148776021,1.350076634359822e-05,6.935882744988607e-05
sheela,Hindu,0.8147760758936952,0.8147760758936952,0.09347634012841323,0.0007385826422754944,0.09097881574619093,1.525403441313294e-05,1.4931555011884575e-05
sheetal,Hindu,0.8222336143208054,0.8222336143208054,0.11496105934076528,0.007804271073811804,0.05480201327976044,0.00015311716225863673,4.592482259831822e-05
sheik,Muslim,0.9101078854135132,0.07771653856624103,0.9101078854135132,0.0008461272571218365,0.011265474791174976,1.5147006822885096e-05,4.882696512604344e-05
shekha,Muslim,0.989642108710729,0.009674188997529663,0.989642108710729,3.3080120227065454e-05,0.0006371592670365994,1.6114880833321163e-06,1.1851416394486019e-05
shekhar,Hindu,0.628265414342092,0.628265414342092,0.34739657174903765,0.0011037826318651143,0.022868470754428327,2.9227414911708503e-05,0.0003365331076651125
shelar,Hindu,0.9449365308237241,0.9449365308237241,0.020178031734821376,0.00024257838322189198,0.034515725295469035,0.0001102864866882254,1.6847276075577113e-05
shelke,Hindu,0.6788819897857367,0.6788819897857367,0.11168165751571588,0.0049528115984722645,0.20412684451957722,6.909614601862054e-05,0.00028760043447935836
shendage,Hindu,0.8667434935683529,0.8667434935683529,0.0873160956754842,0.005123639639522636,0.039562442417411525,0.00010224251836360389,0.0011520861808651617
shende,Hindu,0.7586989044874962,0.7586989044874962,0.017168069793062665,0.022742231547637073,0.03282039572773778,0.00013386275307566606,0.16843653569099054
sher,Hindu,0.7203411444775346,0.7203411444775346,0.26481238491538633,0.0005671995397376104,0.014165660333563885,4.7631773643653214e-05,6.597896013410065e-05
shete,Hindu,0.8440989708206014,0.8440989708206014,0.026496392113034558,0.002269221739998329,0.1222759675717895,0.004398479397712345,0.0004609683568639348
sheth,Hindu,0.8663843051640416,0.8663843051640416,0.004881627049576645,0.0049590791515826535,0.1224143358056993,0.001285918404554836,7.473442454509058e-05
shetty,Hindu,0.972073903175346,0.972073903175346,0.003413242925504142,0.0031648043557491686,0.0197439522904533,0.0015865572436640548,1.7540009283174498e-05
shevale,Hindu,0.7427419681931936,0.7427419681931936,0.01581337911619481,0.0004637211305516891,0.240578729468264,0.0001664133236561046,0.00023578876813964901
shi,Hindu,0.9963729718414704,0.9963729718414704,0.002233689934099019,4.843897690734101e-05,0.0013132006124799052,6.944419194673182e-06,2.4754215848908348e-05
shibu,Hindu,0.750237607444178,0.750237607444178,0.23368930813365082,0.003237073925866852,0.012729477881246114,4.964824996833651e-05,5.6884365089653834e-05
shiit,Hindu,0.937702476507499,0.937702476507499,0.03267648747287574,0.004142855968380334,0.025198290864475722,6.535822283349441e-05,0.00021453096393555672
shikdar,Hindu,0.5492847231604648,0.5492847231604648,0.4481907068727965,0.0005257203931569998,0.0016611823301821785,8.091945042829909e-05,0.0002567477929711465
shil,Hindu,0.9342798045144679,0.9342798045144679,0.0029646315730930176,0.00019182451261685196,0.06254296495092317,2.5633986719403953e-06,1.8211050226933244e-05
shilpa,Hindu,0.9275608375103674,0.9275608375103674,0.015869463755106908,0.0015208754409789316,0.05489215096977986,5.287057237383335e-05,0.00010380175139298096
shinde,Hindu,0.8837306386751648,0.8837306386751648,0.010331488357951633,0.02901918334292744,0.05689872603498231,0.019100355110964848,0.0009196084780091526
shingade,Hindu,0.9810395626023909,0.9810395626023909,0.004995907777253345,0.002788858409211663,0.009164530716942825,1.8182485852900588e-05,0.0019929580083483753
shirke,Hindu,0.7640622693108682,0.7640622693108682,0.1463166276117354,0.0028515683064979785,0.08432787964268605,7.929013558092214e-05,0.0023623649926313166
shirsath,Hindu,0.9733034724299067,0.9733034724299067,0.017924045204923744,0.00192872690270864,0.006643602778530356,1.3385786662163178e-05,0.00018676689726867155
shishpal,Hindu,0.916484707014241,0.916484707014241,0.030516881121565986,0.003807474922327486,0.04893615298623988,8.015727603253865e-05,0.00017462667959310897
shital,Hindu,0.9795209917805944,0.9795209917805944,0.01572289832514929,0.0008572737652953225,0.0024214791778844683,0.0014068799965558376,7.04769545206227e-05
shitole,Hindu,0.9066789291453925,0.9066789291453925,0.03920537252347295,0.001856419489303675,0.05190767620781311,6.490703542419717e-05,0.00028669559859351905
shiva,Hindu,0.9988648901921856,0.9988648901921856,5.555512344265095e-06,1.2176866084294768e-06,0.0011049448824657366,2.1159061812789562e-07,2.3180135778035738e-05
shivaanamda,Hindu,0.9471590169656586,0.9471590169656586,0.006088152513921765,0.00046531663401933065,0.04549826810814051,2.1879446601832063e-05,0.0007673663316581487
shivaji,Hindu,0.9930253084346958,0.9930253084346958,0.0028974464020813215,6.630289214036465e-05,0.002338422855424729,1.578954400140837e-05,0.0016567298716562056
shivanarayan,Hindu,0.9766086670267624,0.9766086670267624,8.97123129393716e-05,3.296741521014715e-05,0.023136278369426767,6.353372225832005e-05,6.884115340286632e-05
shivappa,Hindu,0.9998516533944004,0.9998516533944004,4.299448337857124e-06,8.913555965288169e-07,0.0001293152643108873,1.3494472509890923e-05,3.4606484432318146e-07
shivcharan,Hindu,0.9772627102484736,0.9772627102484736,0.0020206373153264065,0.0010142901526380087,0.019449363506757897,2.426036161769682e-05,0.00022873841518658607
shivdayal,Hindu,0.9856612474640782,0.9856612474640782,0.0014308739691979158,0.0005510285705012284,0.01232590721850805,5.232760628906651e-06,2.5710017085752785e-05
shivkumar,Hindu,0.9235988420303404,0.9235988420303404,0.00677551577529965,0.001216201992889141,0.06809627646444165,9.965883276219125e-05,0.00021350490426677384
shivlal,Hindu,0.8679405303827669,0.8679405303827669,0.005671468913849479,0.0006301265953660383,0.12561949894989707,2.352457348165866e-05,0.00011485058463880351
shivnath,Hindu,0.9948995359022774,0.9948995359022774,0.0009822432003495376,0.0004002461843675704,0.003528189798298001,5.565430229765764e-06,0.00018421948447767044
shivprasad,Hindu,0.9037045721916939,0.9037045721916939,0.002560328899321368,0.00040346531637759425,0.09324523831812635,2.11302521135692e-05,6.526502236718176e-05
shivraj,Hindu,0.9737688276828287,0.9737688276828287,0.0031710350354947846,0.00040169424801189387,0.009597429361668712,0.00016496934582034502,0.012896044326175556
shivram,Hindu,0.9674627498861422,0.9674627498861422,0.00040753491794346655,0.00015146542867524874,0.0011731977061102184,1.8117788178937545e-05,0.03078693427294982
shivshankar,Hindu,0.994158744880908,0.994158744880908,0.0010655611167568937,0.00010151802867543917,0.004143382318261655,0.0002465000625502992,0.00028429359284761407
shobha,Jain,0.9680076981278457,0.01575457063564124,0.010617835799952825,7.231660727333015e-05,0.005060719989049024,0.9680076981278457,0.0004868588402377423
shobhaa,Jain,0.8140126827514002,0.050783762177961767,0.04883476912875129,0.0003523996512415842,0.08451808105538218,0.8140126827514002,0.001498305235262959
shobhana,Jain,0.4772240829598561,0.4147872108099431,0.05437255073810785,0.0006710258715267103,0.05045225311197665,0.4772240829598561,0.002492876508589501
shobhanath,Hindu,0.9044652566698901,0.9044652566698901,0.029919224075778177,0.0015276359022791098,0.02815579239743057,0.0329011243706868,0.003030966583935124
shobharam,Jain,0.9408602012318716,0.045216350353985316,0.00884210440943649,0.0003417096898568287,0.003791484057507763,0.9408602012318716,0.0009481502573417879
shravan,Buddhist,0.6471660515763898,0.35074622253570364,0.00039510528797115536,7.987845070247738e-05,0.000674649926781645,0.0009380922224511313,0.6471660515763898
shreenath,Hindu,0.9912415934334472,0.9912415934334472,0.004664298892507117,0.0012044071759036317,0.0023941369404653755,6.748119936379392e-06,0.0004888154377404456
shrikant,Jain,0.8235350912917462,0.16825155427106073,0.001485078438150598,0.004728816056406143,0.001336505350349391,0.8235350912917462,0.0006629545922869614
shrikrishn,Hindu,0.9624633184703537,0.9624633184703537,0.023275945293323788,0.003038149787645741,0.010672988980352535,0.00026321748284669573,0.00028637998547761045
shrilal,Hindu,0.9889108208102805,0.9889108208102805,0.004669130906451373,0.00032769850462367387,0.005679559347619641,3.7331769819102824e-05,0.0003754586612059491
shrinivas,Hindu,0.9211157910385287,0.9211157910385287,0.0009773854784615047,0.00019638553650450148,0.07756249898333478,2.084765831211861e-05,0.00012709130485848442
shrinu,Hindu,0.9053444244794903,0.9053444244794903,0.032195172036644286,0.0012924485617181157,0.05908526045286064,0.00011041529686227446,0.0019722791724243343
shripal,Hindu,0.9906342900478916,0.9906342900478916,0.0005727872572939892,0.00032143771926610956,0.004151024976280335,8.963698572098434e-05,0.004230823013546586
shriram,Buddhist,0.7561920309518362,0.24362503416822628,8.891284719060824e-05,4.615216134266348e-05,4.369483899384808e-05,4.175032410431119e-06,0.7561920309518362
shrishaila,Hindu,0.977387191267091,0.977387191267091,0.014741676488625774,0.000469095173152218,0.0072753277352627516,5.3780029037093436e-06,0.00012133133296458571
shrivastav,Hindu,0.9821689361698035,0.9821689361698035,0.0035916424493796497,0.00018646909976747163,0.013790295126435965,3.012827457615769e-05,0.0002325288800376597
shukla,Hindu,0.9959459967967297,0.9959459967967297,0.002976429439657411,0.0002590165113774253,0.0007622005118129312,5.456011969644125e-06,5.0900728452806746e-05
shyam,Hindu,0.9991928532792588,0.9991928532792588,2.5104356702062285e-05,0.00015117903075953707,0.0006303342993047099,5.009154727976965e-08,4.789424275556573e-07
shyamala,Hindu,0.9897046135135508,0.9897046135135508,0.0007626603420561824,0.00024293480739966851,0.00928217989945809,2.8416863230621e-06,4.7697512123695165e-06
shyamasundar,Hindu,0.9676560731041971,0.9676560731041971,0.00177125905971305,0.0010479627605430768,0.029502905559775458,1.5793349166807334e-05,6.0061666046216415e-06
shyamlal,Hindu,0.991724070226032,0.991724070226032,0.004727095872103389,0.00045869765557183964,0.0030831462737239885,2.3182632564163303e-06,4.671709312170056e-06
siadar,Hindu,0.877608546689591,0.877608546689591,0.03423406961651944,0.0027770739698721046,0.08531347361439064,4.8767937923392235e-05,1.806817170341153e-05
siba,Hindu,0.7628932506672337,0.7628932506672337,0.22655714000601235,0.007790169381909062,0.002729057496449872,9.49629672532713e-06,2.088615166956125e-05
siddappa,Hindu,0.6398081357224259,0.6398081357224259,0.0012745399974529138,3.310236593033151e-05,0.0004251602956690114,0.3584587048683085,3.567502132825043e-07
siddhaarth,Hindu,0.7097061879861661,0.7097061879861661,0.03718888763336113,0.01899620847132489,0.23375036873497992,0.00010797657690153355,0.0002503705972662961
siddik,Muslim,0.9868106783501072,0.011879339850906959,0.9868106783501072,0.00015138186865595077,0.0011484610594928234,7.495967219696767e-06,2.642903617358479e-06
siddiki,Muslim,0.9600852123457048,0.03655344712741422,0.9600852123457048,0.000286437780002921,0.0030596620511227266,1.0377959722250197e-05,4.862736033232472e-06
siddiqui,Muslim,0.9997643462660685,0.00012514732058061654,0.9997643462660685,8.660114532752845e-06,0.00010145702202981618,2.1121121690105204e-07,1.7806557123308772e-07
sih,Christian,0.6097576838422191,0.1618665274279797,0.20320047570684455,0.025168530746766893,0.6097576838422191,4.087050988620912e-06,2.6952252013614098e-06
siha,Muslim,0.4201323842341992,0.36345254700757995,0.4201323842341992,0.00918230512966748,0.20720976481839318,1.3121436341803833e-05,9.87737381854049e-06
sihah,Muslim,0.7165743809468288,0.2542235229898941,0.7165743809468288,0.006817382907939719,0.02237220496609597,8.353912741371926e-06,4.154276499968693e-06
sikadar,Muslim,0.7749816038854525,0.22018773733324443,0.7749816038854525,0.0016196992891526413,0.0026679808785885183,0.0004898207006874668,5.315791287470764e-05
sikamdar,Muslim,0.750755732155455,0.2391794704910449,0.750755732155455,0.008185970934689224,0.001702691939644578,4.26283183296676e-05,0.00013350616083654637
sikandar,Muslim,0.9682947156220948,0.029892368182463942,0.9682947156220948,0.0005623636090270568,0.0009372931559266332,0.00029450443117719926,1.8754999310439252e-05
sikhaa,Muslim,0.9330454635731156,0.051561580463739674,0.9330454635731156,0.009187851525748157,0.006170558524890968,7.075556049258861e-06,2.747035645642112e-05
silaa,Christian,0.9393787348968845,0.04948265105114579,0.010653658124089018,0.000478553848035816,0.9393787348968845,1.412699507192928e-06,4.989380337688273e-06
silpaa,Christian,0.8244252951420321,0.1622194293409362,0.010836478533230923,0.0024879055278741328,0.8244252951420321,2.0446987519282094e-05,1.0444468407539884e-05
silpee,Christian,0.8251582654252961,0.07838268378414223,0.09000844778972669,0.00644203168126706,0.8251582654252961,1.3111090292020437e-06,7.2602105386114285e-06
sima,Christian,0.46675639665739654,0.17578696404908925,0.34437910810564043,0.013053297125753115,0.46675639665739654,1.6341529177247396e-05,7.892532943539421e-06
simaa,Christian,0.8850866303312207,0.04812250693426968,0.06326787782603667,0.0034986569303827007,0.8850866303312207,1.1202218212560032e-05,1.31257598775138e-05
simalaa,Christian,0.8318337432738963,0.13599145569020346,0.030246142243082332,0.0018763421158077224,0.8318337432738963,2.1079679397956807e-05,3.12369976123118e-05
simarajeeth,Christian,0.6556066482060734,0.308000134287883,0.029207347241150174,0.007144034667628895,0.6556066482060734,1.4908814614524618e-05,2.692678265004556e-05
simaran,Christian,0.7385115621312915,0.25149262864250793,0.009015379714033748,0.0008857997686679556,0.7385115621312915,4.0205945144267835e-05,5.4423798354530404e-05
simaranajeeth,Hindu,0.6247861893454534,0.6247861893454534,0.025642130741525503,0.005068256869197914,0.3443802645183762,3.0729648402312944e-05,9.242887704469466e-05
simde,Muslim,0.7264426891605776,0.24238573979498576,0.7264426891605776,0.006113782058574955,0.024265792091192184,1.8698925788458436e-06,0.0007901270020908039
simg,Muslim,0.43969707001138547,0.2556757146244219,0.43969707001138547,0.02556928655447029,0.27900237552005386,2.2676086868945313e-05,3.287720279946048e-05
simgaade,Hindu,0.5291859171919672,0.5291859171919672,0.06041816785624699,0.0042952346576112166,0.40446547820960554,5.010227536067375e-05,0.001585099809208501
simh,Hindu,0.4443089023573565,0.4443089023573565,0.2970045217656984,0.03279785469931197,0.2258776544019548,2.6577101420122504e-06,8.409065536181352e-06
simhachalam,Hindu,0.9705830880761266,0.9705830880761266,0.002816848542288166,0.001224937941482927,0.025327013201365614,1.5675849504059489e-06,4.65446537864299e-05
simpee,Muslim,0.4134411681819326,0.27896994528096014,0.4134411681819326,0.016856678903434643,0.290643114664665,5.166762566168528e-06,8.392620644146183e-05
sindhu,Hindu,0.7318556816169557,0.7318556816169557,0.04091717834391795,0.21766280177509623,0.00946689420481157,6.190438988327722e-05,3.553966933518392e-05
sing,Sikh,0.9998288723195872,0.0001710749657135329,3.951744124888103e-08,0.9998288723195872,1.3197246596898762e-08,1.1151490091674966e-14,1.9326339139234494e-16
singaram,Christian,0.8741011821530587,0.12130730352299979,0.0007000031044866807,0.002407992376605886,0.8741011821530587,3.0000440048075443e-06,0.0014805187988443493
singh,Sikh,0.9999988829582817,1.117039655976564e-06,2.0448594876190384e-12,0.9999988829582817,1.753813830115835e-14,4.760439140983284e-20,9.112035132149363e-23
singhal,Hindu,0.5290670212077219,0.5290670212077219,0.00040154872114834243,0.47051125431239216,2.017209536896578e-05,3.2510828600135164e-09,4.1228581861987476e-10
singla,Hindu,0.847676434933685,0.847676434933685,0.027206396680450516,0.11976891426356975,0.005346958988028672,8.71026189985328e-07,4.241080761374433e-07
sinha,Hindu,0.8632109882567415,0.8632109882567415,0.09510946959625884,0.03163680795483117,0.009931206379326383,0.00011010920269634416,1.4186101457108643e-06
sipraa,Christian,0.5730761662536908,0.4231093383481955,0.0018505187405694963,0.0019086388517480307,0.5730761662536908,2.9117944836005637e-05,2.621986096030426e-05
siraaj,Christian,0.6020210092891671,0.1822384676279128,0.21134483920179595,0.0037330312862422633,0.6020210092891671,6.0751617965338184e-05,0.0006019009769165803
siraj,Muslim,0.5862019900141486,0.283868082220725,0.5862019900141486,0.0009271598752735613,0.12872491492866023,4.963261799755576e-05,0.0002282203431949719
sirasaat,Christian,0.7321065467883333,0.16995102636709372,0.09667481280856023,0.0011641533790554015,0.7321065467883333,1.9305097999745528e-05,8.415555895759123e-05
sirasaath,Christian,0.7646531997230068,0.19823622799717794,0.03531406483735744,0.001684354295235007,0.7646531997230068,7.507364419763734e-06,0.00010464578280296856
sirke,Christian,0.42614315920419443,0.3387481985788223,0.22907979174179888,0.005761529338938175,0.42614315920419443,1.0530947093907671e-05,0.0002567901891524095
sirsat,Hindu,0.7004625455271367,0.7004625455271367,0.2704759200571428,0.005087968151945324,0.023934578512464427,1.3085802919824136e-05,2.590194839082125e-05
sisupaal,Hindu,0.7770198281273919,0.7770198281273919,0.0322631665045815,0.006107867303476595,0.1845498172469637,3.1829566794354475e-05,2.749125079194979e-05
sita,Hindu,0.9816992299143706,0.9816992299143706,0.005843506127306357,0.010942676042486098,0.001433825171394887,4.6061719680776e-05,3.4701024761064854e-05
sitaram,Hindu,0.9990787200869636,0.9990787200869636,3.7894185265103294e-05,9.841517988048682e-05,2.975035437921286e-05,1.2261649153958659e-05,0.0007429585443575388
sithaa,Christian,0.6154515549004751,0.28941785186440044,0.058894248635264435,0.03613734159212819,0.6154515549004751,1.4107217298987717e-05,8.489579043294611e-05
sithaaraa,Christian,0.6585793298093258,0.3157686257117719,0.015981783611985653,0.009492605465190004,0.6585793298093258,3.212352848409882e-05,0.00014553187324249157
siv,Hindu,0.9674325967914259,0.9674325967914259,0.0002344530782524691,0.0004502836788564872,0.03188118101070397,1.0222491661385678e-06,4.6319159518637014e-07
siva,Hindu,0.987295033822814,0.987295033822814,3.624624580480129e-05,2.3217690163334467e-05,0.012638397329140032,6.220680125076117e-06,8.842319527169018e-07
sivaanee,Christian,0.5515778339499781,0.4213369862766304,0.026421777254865785,0.0004294367575815778,0.5515778339499781,3.231237088381518e-05,0.00020165339006030119
sivacharan,Hindu,0.9818261356674142,0.9818261356674142,0.00011297653762979856,0.00046774238038823225,0.017470242051257558,2.0090956381387438e-05,0.00010281240692882864
sivajee,Hindu,0.8637571905588164,0.8637571905588164,0.06971360116959295,0.002122637475686692,0.06433970442505581,2.4856373708369477e-05,4.200999713954521e-05
sivakalee,Hindu,0.8125347091040755,0.8125347091040755,0.05929924504681811,0.001346070045642789,0.12668694054347257,3.158019745632977e-05,0.00010145506253473576
sivakkumar,Hindu,0.8475048749537829,0.8475048749537829,0.007536580783700838,0.0037434688658146264,0.1408718440071545,0.00028413381012692534,5.909757942040414e-05
sivakumaar,Hindu,0.5546552148304014,0.5546552148304014,0.00977320634486812,0.0017373855358373469,0.43363941617094504,0.00012747955958381259,6.729755836429512e-05
sivakumaaree,Christian,0.5200937975433549,0.4688667384954525,0.009482060278123509,0.0014551333138948443,0.5200937975433549,6.728882777581312e-05,3.4981541398561476e-05
sivakumar,Hindu,0.7272986249234471,0.7272986249234471,0.0068521564454696446,0.0012183779376974057,0.2641856862783599,0.00039948749012654484,4.5666924899358916e-05
sivalaal,Hindu,0.8611720033877519,0.8611720033877519,0.009099783230024132,0.0004938397075642564,0.12918513246443322,2.9622719422959362e-05,1.961849080359059e-05
sivalingam,Hindu,0.9824341043797064,0.9824341043797064,0.005187550914075065,0.00027271334274091025,0.012099405410625935,1.4058083719147942e-06,4.820144479592601e-06
sivam,Hindu,0.9915307547210493,0.9915307547210493,0.00023762509937855493,7.294323230334743e-05,0.008147156628387515,3.823612570637012e-06,7.696706310641302e-06
sivan,Hindu,0.9970076792561511,0.9970076792561511,3.063847755496363e-05,1.561820964624567e-05,0.002929681808425524,1.2968536953999729e-05,3.4137112682890003e-06
sivanaaraayan,Hindu,0.9246686826271497,0.9246686826271497,0.00015936520509267062,0.00010041258760221836,0.07501220428073636,3.937806205017456e-05,1.9957237368684125e-05
sivanaath,Hindu,0.9712240744150178,0.9712240744150178,0.00025631859085930333,0.00017932478315621638,0.028291874806650578,1.4246151436151143e-05,3.4161252880135384e-05
sivaprasaad,Hindu,0.6676109462381428,0.6676109462381428,0.0032533098886573177,0.0004639941870619146,0.3285048654031673,0.00013538561563647276,3.149866733417917e-05
sivapujan,Hindu,0.9653027301128597,0.9653027301128597,0.006860580362645224,0.00047959731799243686,0.02699603117723363,0.00021599175366680823,0.00014506927560228885
sivaraaj,Hindu,0.5086770096783441,0.5086770096783441,0.0010252243269971947,0.0001886406476673638,0.49003316526500457,4.23932137665863e-05,3.356686822012244e-05
sivaraam,Hindu,0.7340996889064685,0.7340996889064685,0.000658675722876783,0.00014134797077235757,0.26504449032940297,2.353399556849869e-05,3.2263074910959996e-05
sivaraanee,Christian,0.5503849684064358,0.44658662815103856,0.0028243379562395326,9.491786383741824e-05,0.5503849684064358,2.524281010200167e-05,8.39048123467788e-05
sivaraman,Hindu,0.9927318748867187,0.9927318748867187,4.271806152255203e-05,1.192856129473611e-05,0.007042282927377536,0.00013089822034192229,4.029734274464014e-05
sivasamkar,Hindu,0.9819523364150735,0.9819523364150735,0.00028755940058413027,8.692538712267876e-05,0.011599756128641989,4.902707895449774e-06,0.0060685199606822626
sivasamy,Hindu,0.9984427110273174,0.9984427110273174,9.737422362939188e-05,1.8669548780592384e-05,0.001439806240875641,2.3809756358213106e-07,1.2008618332932474e-06
siyaa,Christian,0.5039997813120707,0.4160319442308057,0.0754101398299517,0.004551582718523422,0.5039997813120707,3.918604347214619e-06,2.633304301179713e-06
siyaaraam,Hindu,0.5439208112843854,0.5439208112843854,0.030415938078350708,0.003701407573373393,0.42186789686210985,2.36372286892201e-05,7.030897309144906e-05
siyaram,Hindu,0.9932078501214943,0.9932078501214943,0.0028678747530124014,0.0006141461906354336,0.003164579388452605,1.2817967676533461e-05,0.0001327315787287967
smeh,Muslim,0.9460629984041165,0.04481076025875951,0.9460629984041165,0.005875720981398598,0.0031200228408913948,3.9459903026743005e-05,9.103761180735635e-05
smgh,Muslim,0.47106475994750796,0.36081806718737897,0.47106475994750796,0.16066297403782595,0.007421928583634499,1.2317337905186465e-05,1.9952905747449e-05
smitha,Muslim,0.6750044032286405,0.23550321954760112,0.6750044032286405,0.05255429628167305,0.03668667938592704,6.523666304491811e-06,0.00024487788985374674
smithaa,Muslim,0.5328121028690805,0.20156408120901959,0.5328121028690805,0.03188913095738199,0.2334082283366768,1.3733576356047324e-05,0.00031272305148496266
smzh,Muslim,0.9899638495692963,0.00785323564656934,0.9899638495692963,0.0016626997765819165,0.0005112754737075376,6.87522419700159e-07,8.2520114250994e-06
sneh,Hindu,0.4909235006557929,0.4909235006557929,0.40517813209713005,0.004953853638649605,0.0984325701831235,0.0002565662391822349,0.00025537718612174106
snehalathaa,Christian,0.5945950143702223,0.3008200407748416,0.10011021450816922,0.004155753078882793,0.5945950143702223,2.907221335534108e-05,0.0002899050545286479
snehi,Hindu,0.5640953371449738,0.5640953371449738,0.3552540146362527,0.0034403482883358337,0.07685567855321904,0.00012513686091803947,0.0002294845163004336
sobha,Hindu,0.7760826665512389,0.7760826665512389,0.16239208147498338,0.0018012709189155433,0.02080506460754268,0.03789290907752541,0.0010260073697940895
sobhana,Hindu,0.939027765328841,0.939027765328841,0.026113479998663876,0.000436806942653711,0.01447813821932632,0.019264747358139,0.0006790621523759158
sohan,Hindu,0.8241167554075846,0.8241167554075846,0.00041759151934552175,0.009056371120297094,0.1663541192126509,9.647841403494196e-07,5.419795598170004e-05
sohanlal,Hindu,0.8944401723317875,0.8944401723317875,0.005769370968117278,0.003505425934042104,0.09623552489794904,1.0681310557806723e-05,3.882455754607959e-05
soiyad,Hindu,0.9153084845920973,0.9153084845920973,0.026139368851041192,0.003575788808377363,0.054932631722860045,4.414904306789681e-06,3.931112131744061e-05
sokkalingam,Hindu,0.9744174020795673,0.9744174020795673,0.009131901978353497,0.0018111990590965255,0.014596614661951328,1.4565002592352754e-06,4.1425720772097054e-05
solanke,Hindu,0.9922761266393914,0.9922761266393914,0.006998365645126851,3.270968546272131e-05,0.0006200010577320136,1.296763550153827e-05,5.9829336785429174e-05
solanki,Hindu,0.9975435688753892,0.9975435688753892,0.0023639492007089032,9.281959049575283e-06,7.254511910284452e-05,4.564719910673208e-06,6.090125838719764e-06
som,Hindu,0.5535124004123216,0.5535124004123216,0.0039007837656457526,0.0013738903010952583,0.4148482505048727,2.553399037913166e-07,0.02636441967616092
soma,Christian,0.676821600740418,0.29213257625676525,0.0006503110959349543,0.00020882216558121684,0.676821600740418,3.4065750914130675e-07,0.030186349083791513
soman,Christian,0.5808032109963237,0.4036215298398386,0.00036128144486520476,0.00011131751342823748,0.5808032109963237,1.966905698664834e-06,0.015100693299845503
somapal,Hindu,0.9459526291093621,0.9459526291093621,0.0020262768283987936,0.000971855931734602,0.050379924069405634,0.00013434439272958984,0.0005349696683694266
somasundaram,Hindu,0.6216811092895254,0.6216811092895254,0.003265925039282365,0.001238578046907558,0.37347111148051443,4.889131702466599e-05,0.000294384826745561
somu,Hindu,0.8817282840140427,0.8817282840140427,0.025150391369298527,0.0028522012027717455,0.0889766433264583,7.982399683144322e-07,0.0012916818474604788
sona,Hindu,0.803235173348112,0.803235173348112,0.00014543718360466768,8.417714436400486e-05,0.19642021429229192,1.1177945018871548e-06,0.00011388023712553762
sonakambale,Hindu,0.9678783097158409,0.9678783097158409,0.005034167310949597,0.00021693189736666786,0.02645518476291715,1.707017259443902e-05,0.000398336140331218
sonal,Christian,0.6817375272878251,0.31497208455028286,0.0026922571786531097,0.0005373745918874523,0.6817375272878251,4.064793925041556e-06,5.669159742652006e-05
sonapal,Hindu,0.9363251104641416,0.9363251104641416,0.0002148737323154098,0.0002865118162341711,0.06186910792883922,0.001251502675479602,5.289338298995775e-05
sonar,Hindu,0.9519364928997645,0.9519364928997645,0.0001623902714097186,8.129515640392409e-05,0.047749708213415246,2.6226637605226178e-06,6.749079524611795e-05
sonaram,Hindu,0.97542156815628,0.97542156815628,0.00022784506360697525,0.0001437500389735739,0.023383261225868326,3.086856190517008e-05,0.0007927069533658424
sonatakke,Hindu,0.940365015984737,0.940365015984737,0.012597178945125832,0.010198265729406387,0.03617765856863497,4.593273723265738e-05,0.000615948034863077
sonavane,Hindu,0.9767995969880976,0.9767995969880976,0.001859159719724813,0.00010604507252463273,0.020460694976173602,0.0003536162544724706,0.000420886989006733
sonelal,Hindu,0.6767964060767324,0.6767964060767324,0.011912856134892815,0.0006384072362311287,0.31058508889111874,2.608153674864148e-05,4.116012427637234e-05
soni,Hindu,0.8778250682137532,0.8778250682137532,0.00048649651408755654,5.301620063803847e-05,0.12162862005203762,1.0228037237106664e-07,6.696739111134241e-06
sonia,Hindu,0.8189642692802662,0.8189642692802662,0.0011184988159162023,0.00013662156048336671,0.17977155009629667,7.820742617930217e-07,8.278172775686396e-06
sonkar,Hindu,0.9948947852300868,0.9948947852300868,7.343442661568199e-05,4.212359983140985e-05,0.004907387678438459,7.115761783128125e-06,7.515330324451183e-05
sonone,Christian,0.7969972560245201,0.19764127546213278,0.004351991370176399,0.00044904958712736233,0.7969972560245201,4.738498174926932e-06,0.0005556890578684
sonu,Hindu,0.5335627415683508,0.5335627415683508,0.003955966027278308,0.0003236981261350837,0.46205515062528024,9.406175844940925e-07,0.0001015030353710789
soobhaa,Muslim,0.7417807095212425,0.1795032055337311,0.7417807095212425,0.012650282760090044,0.06378560859923826,0.0015655343768112646,0.000714659208886604
soobhaaraam,Hindu,0.5809311564006145,0.5809311564006145,0.16336880767046655,0.009021406734219252,0.24396882151437768,0.0009375880458737602,0.0017722196344482437
sood,Muslim,0.492060127563544,0.43411025596310154,0.492060127563544,0.0456718662263525,0.026958415476000933,5.457804881253461e-05,0.0011447567221885347
soodhaa,Hindu,0.7753989475153719,0.7753989475153719,0.12650141900608855,0.01759182057939801,0.0792893938677375,0.0001723551710998481,0.0010460638603042227
soohan,Hindu,0.6325668581746507,0.6325668581746507,0.020436466350364398,0.026625104373826494,0.32015850136943563,1.3444499352753668e-05,0.00019962523236993442
soohanalaal,Christian,0.6895798404013594,0.30062109699243644,0.007326460872636525,0.0024194784271253833,0.6895798404013594,1.2671007110420247e-05,4.04522993318095e-05
soohanee,Christian,0.5000973074644681,0.2773693402659713,0.2138327413492909,0.008139820309829014,0.5000973074644681,8.848500563309978e-06,0.0005519421098774396
soolamke,Hindu,0.5124200225929443,0.5124200225929443,0.44300829322757695,0.0059729472513323015,0.025639826533364565,7.462667655199242e-06,0.012951447727126706
soolamkee,Muslim,0.6966328734275925,0.2708463843549037,0.6966328734275925,0.005840815972325399,0.020643458914520435,2.7936519549265452e-06,0.006033673678703292
soom,Muslim,0.38620801578678415,0.2604581113947478,0.38620801578678415,0.04443872641526577,0.3074110387514887,5.119400909713475e-06,0.0014789882508039695
soomaa,Christian,0.9766858921182435,0.015454260450268185,0.006528242501101498,0.0011528861880029668,0.9766858921182435,8.902701532800898e-07,0.00017782847223068088
sooman,Christian,0.8886641264105499,0.09608489518475384,0.012235412036477787,0.002072747251206027,0.8886641264105499,6.282345445404554e-06,0.0009365367715670161
soomanaatha,Christian,0.8498501329009356,0.1455850995999043,0.0032019720205207955,0.0009816381969165627,0.8498501329009356,4.6390909588187215e-06,0.00037651819076404253
soomapaal,Christian,0.5933318236153455,0.37004471506633163,0.03243207663221108,0.003845126086212382,0.5933318236153455,0.00011626586509295208,0.00022999273480649624
soomathee,Christian,0.9888775036449792,0.009673350772355819,0.0010261933148366712,0.0004069165887159509,0.9888775036449792,4.466425216948788e-08,1.5991014860057788e-05
soomavathee,Christian,0.656284118659917,0.3315095158165106,0.00943150320740359,0.0025799923950567123,0.656284118659917,6.64102404787261e-06,0.0001882288970643807
soomithraa,Hindu,0.6761378185161431,0.6761378185161431,0.10427214809178634,0.02131877115317205,0.1917416246307925,1.2265527555221546e-05,0.006517372080550633
soonaa,Christian,0.6607546721873715,0.23700986190112647,0.08749969543134384,0.01443047780126718,0.6607546721873715,2.9899246030471772e-05,0.00027539343286058903
soonaalee,Christian,0.5767457280206112,0.12063523594325637,0.2968880971639798,0.005575003327396279,0.5767457280206112,1.5769453449998068e-05,0.00014016609130646803
soonaar,Christian,0.5245542320402303,0.3848719092316909,0.07348477672459328,0.01672842004205634,0.5245542320402303,4.5036444908867716e-05,0.0003156255165202683
soonaavane,Hindu,0.7582793866962257,0.7582793866962257,0.01701413072723018,0.001258407068724909,0.22187978712818573,0.0004686735940114266,0.0010996147856219987
soonakaambale,Hindu,0.8326709766907225,0.8326709766907225,0.05236907569418832,0.00290591638656542,0.11065669312974079,6.00001907067405e-05,0.0013373379080762727
soonam,Hindu,0.5633250564110927,0.5633250564110927,0.09296824145103819,0.02471996431166364,0.31845474549822717,3.0316958506198354e-05,0.0005016753694720825
soonamathee,Christian,0.9685543653840981,0.027869713153184424,0.0027638897016629875,0.0007944213219895353,0.9685543653840981,8.697342929915178e-07,1.674070477196789e-05
soonatakke,Hindu,0.7977106114332377,0.7977106114332377,0.08083377908611628,0.07035688853914393,0.050176514993174354,0.00010278539041170844,0.0008194205579160936
soonavane,Hindu,0.950058809219478,0.950058809219478,0.014322210139596562,0.0010154188155132259,0.03294145062315877,0.0009688313775289882,0.0006932798247243453
soonee,Muslim,0.4298298940463046,0.21319594376929935,0.4298298940463046,0.013357602798533532,0.3433632871761405,8.063130527779404e-06,0.0002452090791942365
sooneeaa,Christian,0.7627179876268025,0.08578990415619459,0.14268988738753455,0.008606473356140633,0.7627179876268025,8.053869786838435e-06,0.00018769360354073107
soonithaa,Christian,0.6640734645044961,0.27904523372142975,0.03896382796886767,0.01778152404603719,0.6640734645044961,6.724751861497376e-06,0.00012922500730775855
sooniyaa,Hindu,0.4028751412011371,0.4028751412011371,0.18694108813164845,0.010845053771580586,0.39925694211680296,8.771393698892917e-06,7.300338513204173e-05
soonoo,Muslim,0.6105963795047245,0.06310706289525335,0.6105963795047245,0.10313205448870559,0.2222289132988417,8.741373454263534e-06,0.0009268484390208161
soonoone,Christian,0.5083563523557444,0.14085941653107464,0.32527449174372847,0.024583953106875858,0.5083563523557444,1.966671964938977e-05,0.0009061195429272052
soonu,Muslim,0.34922074295740746,0.325354668750571,0.34922074295740746,0.028369843755118904,0.2967120989962009,1.1974673994554406e-05,0.00033067086670709203
sooraj,Hindu,0.5381395599739329,0.5381395599739329,0.36375472072986625,0.012489180850351963,0.08535400641207411,3.491512703787081e-05,0.00022761690673677687
soorajpal,Hindu,0.8794204986841994,0.8794204986841994,0.07721454140717651,0.005956283367254251,0.03723534446839819,8.531667800547149e-05,8.80153949660158e-05
sooratha,Hindu,0.8971663393512737,0.8971663393512737,0.0293394239393394,0.007709833709637816,0.06537187520493976,1.1952935400243484e-05,0.0004005748594092729
sooresa,Muslim,0.4096129081703842,0.3863968926308218,0.4096129081703842,0.004412554749161045,0.19946931914011215,6.021738692437099e-05,4.810792259646519e-05
soory,Hindu,0.4333415993824341,0.4333415993824341,0.3299832886349871,0.05821586422182143,0.17835822950775668,7.824066279673437e-06,9.319418672112436e-05
sooryavamsee,Hindu,0.5569382367393853,0.5569382367393853,0.050414817174872194,0.004309088032084424,0.3882998886342605,8.575759421155889e-06,2.93936599764331e-05
soosaantha,Christian,0.9227482949436087,0.054920137413797726,0.0019039047973097938,0.020356113450804535,0.9227482949436087,1.5495264703235632e-05,5.605412977603898e-05
sooshamaa,Christian,0.5451086152156799,0.2031863350272671,0.21537245622136433,0.03603891180174763,0.5451086152156799,0.00010858930190941897,0.00018509243203166214
soosila,Christian,0.9261977700745029,0.032271114668146146,0.02450133585572502,0.017018550168859167,0.9261977700745029,1.2693779926243953e-06,9.959854774085347e-06
soosilaa,Christian,0.9805272765392522,0.008372761160240466,0.007430497645304836,0.0036640542204276743,0.9805272765392522,6.016695683221262e-07,4.808765206710153e-06
soren,Christian,0.9538453331029182,0.046106711768790026,3.435401208091268e-05,1.2913462412879197e-05,0.9538453331029182,1.512326220443145e-07,5.364211757933652e-07
sorkar,Hindu,0.9440888324087194,0.9440888324087194,0.0038594296771459805,0.0011936918630218692,0.03268520780542298,1.0551846802462145e-05,0.018162286398887385
soudaamini,Hindu,0.6419661385748849,0.6419661385748849,0.02185139152275576,0.007239779063630956,0.3287691471783325,2.283719721088254e-05,0.00015070646318485285
soukath,Hindu,0.7307364951225317,0.7307364951225317,0.16844606617911845,0.01610645638749765,0.07895564137798584,2.3962913587971067e-05,0.005731378019278209
soumya,Hindu,0.8434107328877379,0.8434107328877379,0.07150890988751939,0.01813999434811316,0.06680763620185108,1.357260927987414e-05,0.00011915406549839472
sourabh,Hindu,0.985385337614316,0.985385337614316,0.011041470121756753,0.002087573254190316,0.0013463936729592855,6.1329789904137e-06,0.00013309235778706185
sourav,Hindu,0.9924579310958485,0.9924579310958485,0.001505584182533031,0.001730428174669685,0.004213075648243731,2.5185642203666033e-05,6.779525650159604e-05
soy,Christian,0.5069260391595313,0.2793202194466803,0.03937538687814953,0.1740965124348816,0.5069260391595313,3.664962120089435e-05,0.0002451924595564962
sravan,Hindu,0.9697306044107563,0.9697306044107563,0.008033553100532304,0.0006294184901121551,0.01545066291018558,0.005086306808649461,0.0010694542797641934
sravani,Hindu,0.9519253498841793,0.9519253498841793,0.012976512219988521,0.0007147888050413503,0.02333175553025029,0.010514278381892552,0.0005373151786478705
sree,Hindu,0.7749645021188455,0.7749645021188455,0.13877973116607575,0.002167740849907605,0.08407208284916337,3.5296451976249384e-06,1.2413370810206545e-05
sreedevi,Hindu,0.8786495968791899,0.8786495968791899,0.05607876772922089,0.007187160440744617,0.05753178770128436,2.8888355259716307e-05,0.0005237988943007327
sreedhar,Hindu,0.9797987381986188,0.9797987381986188,0.012473139203489208,0.0017705479699146127,0.0059222396465732985,6.226665859051676e-06,2.910831554479986e-05
sreedharan,Hindu,0.9912148268343057,0.9912148268343057,0.0031882008616894303,0.000639325292958376,0.004898106424827737,1.754172969870072e-05,4.199885652023807e-05
sreeja,Hindu,0.5091431326746914,0.5091431326746914,0.4212823925671038,0.004281843932365551,0.06523553722551802,1.0985497142423266e-05,4.610810317888052e-05
sreejith,Hindu,0.5833504738956744,0.5833504738956744,0.20057564298224553,0.03164748780179126,0.18392158471545522,1.783676978536525e-05,0.0004869738350484414
sreekaamth,Hindu,0.6695649683259727,0.6695649683259727,0.06238649361043789,0.005298572065316881,0.25620945470406825,2.0387274160709797e-05,0.006520124020043668
sreekaantha,Hindu,0.5669474368734506,0.5669474368734506,0.001362946818473341,0.0007272789564113296,0.43053376377704516,1.577660268641408e-05,0.00041279697193325463
sreekrishn,Hindu,0.7701851179480451,0.7701851179480451,0.10815189737767673,0.0054740598038434275,0.11608176618458396,2.626323518521626e-05,8.089545066556028e-05
sreemathee,Christian,0.5902396212397226,0.3438688069079877,0.06307896484867666,0.0027833349331792116,0.5902396212397226,3.850847528649163e-06,2.542122290518667e-05
sreenivaas,Hindu,0.8102752028625488,0.8102752028625488,0.016950807577564855,0.0009053447148482054,0.1718299668663319,9.778306614151363e-06,2.889967209211476e-05
sreenivasulu,Hindu,0.9269802770575435,0.9269802770575435,0.024367627122550153,0.0006781193796559893,0.0479388483283884,5.370627085345309e-06,2.9757484776491454e-05
sreepaal,Hindu,0.7253404059075826,0.7253404059075826,0.017934892262317464,0.0015565565853510631,0.25513019742044957,2.4468453512388406e-05,1.3479370786846663e-05
sreeraam,Hindu,0.8523851653284429,0.8523851653284429,0.09191860085429547,0.001901183631353683,0.053706045733300234,1.0633977498125789e-05,7.837047510984652e-05
sreevaasthav,Christian,0.9416067903080224,0.057737036868165816,0.0005615920655370635,8.955655062342956e-05,0.9416067903080224,1.4714057471131814e-06,3.552801904211518e-06
sridhar,Hindu,0.9767464394193635,0.9767464394193635,0.0036965336711537464,0.001365361124391365,0.018057100505479623,7.45105843635975e-05,6.005469524820329e-05
srinivas,Hindu,0.5872622535904869,0.5872622535904869,6.31251332685986e-05,1.906856692674781e-05,0.4126544814152717,5.380969089413999e-07,5.331971370018749e-07
srinivasa,Hindu,0.8851583634978218,0.8851583634978218,8.70771915801214e-05,1.283065995688594e-05,0.11474033144446091,5.53007633292814e-07,8.441985471359312e-07
srinivasan,Hindu,0.9636600252534786,0.9636600252534786,6.033980375940142e-05,1.331373153967809e-05,0.03626310976439707,8.185023747992374e-07,2.392944450505631e-06
srinivasarao,Hindu,0.807306230505214,0.807306230505214,0.0005294414018142795,7.876017723964632e-05,0.19205473211862267,7.27312938791877e-06,2.3562667721448194e-05
srinivasulu,Hindu,0.6835877809299135,0.6835877809299135,0.003004210933764285,0.00017140816947924965,0.3132273240933793,2.5506520942175605e-06,6.725221369391153e-06
srinu,Christian,0.7380292488931031,0.25080673491196465,0.01094874956706329,0.00021324455462278476,0.7380292488931031,8.958518761381655e-07,1.1262213701782629e-06
sruthi,Hindu,0.6227131245605758,0.6227131245605758,0.008735386256016359,0.007730593060378822,0.3607661331263688,7.770822866918194e-07,5.39859143733433e-05
stri,Hindu,0.8940682446150715,0.8940682446150715,0.03805749717946615,0.004951835532264936,0.06289615492672092,7.851408103960329e-06,1.8416338372644802e-05
subaasa,Christian,0.5878040845922471,0.31115731559392823,0.09918659306313392,0.0016366142103271459,0.5878040845922471,7.292862783565436e-05,0.00014246391252804204
subaash,Christian,0.5372182217102589,0.3562731989493461,0.10334930135200611,0.0025860300184827284,0.5372182217102589,0.0001496113019218205,0.0004236366679843428
subaasinee,Christian,0.4412855521756866,0.3263596704231844,0.22196784418350057,0.010331936091965106,0.4412855521756866,2.816846185846755e-05,2.6828663804996144e-05
subaida,Hindu,0.8834969066930661,0.8834969066930661,0.10592387006982076,0.0017597078671300606,0.008569720747013048,8.724119651952609e-05,0.0001625534264505776
subba,Hindu,0.953319988118254,0.953319988118254,0.01576268761009288,0.000439731038732607,0.029140915970687072,0.0010779691405787897,0.0002587081216546684
subbalakshmi,Hindu,0.8965682439086052,0.8965682439086052,0.010806672018067003,0.007803171721689188,0.08473143275341107,1.9667105526035958e-05,7.08124927015836e-05
subbamma,Hindu,0.821469873670604,0.821469873670604,0.028848827225221637,0.006082184414234052,0.14347530404929454,4.7797046829900794e-05,7.601359381601736e-05
subbaramani,Hindu,0.9418882120260822,0.9418882120260822,0.004200822197704241,0.0001817198775620131,0.036294395572968964,0.017009483261513504,0.00042536706416907864
subbarao,Hindu,0.761691349454779,0.761691349454779,0.009145523839196671,0.0003671087528451807,0.2108865315536441,0.016234360277679587,0.0016751261218554171
subbarayan,Hindu,0.8499228655726369,0.8499228655726369,0.002064186395800689,0.000324258067468848,0.13947066053804566,0.00807192348010924,0.00014610594593873248
subedar,Hindu,0.9704520798446102,0.9704520798446102,0.019154287708881158,0.00036988547175089825,0.009907216062471016,8.336036740483839e-05,3.317054488176017e-05
subhaas,Hindu,0.7950351033114835,0.7950351033114835,0.0481693618428107,0.0009598512795693843,0.1557137447306918,4.0973266575185505e-05,8.096556886931486e-05
subhaash,Hindu,0.8797286456268473,0.8797286456268473,0.0368829098885613,0.0007106499630817407,0.08243031348099096,7.040257316009928e-05,0.0001770784673586278
subhaavathee,Hindu,0.8634122513779253,0.8634122513779253,0.01097072568195194,0.0009259642440258097,0.1245727450036611,3.803241274990778e-05,8.028127968583582e-05
subhadraa,Hindu,0.9219170928313996,0.9219170928313996,0.047110946825210706,0.0012687883988872755,0.024999397718268413,0.0008867096884424897,0.0038170645377917168
subham,Hindu,0.9581957683215004,0.9581957683215004,0.039905443465794395,0.0005978019426549436,0.0011771482383465702,1.3575168249873192e-05,0.00011026286345360886
subhan,Hindu,0.9774951906758687,0.9774951906758687,0.020561688242977313,0.0003756150863429662,0.0012685390645531863,0.00017547832763631152,0.00012348860262142625
subhash,Hindu,0.9657903451734777,0.9657903451734777,0.009840512906571503,0.00026082069159744266,0.023894157152682,3.0012134767945433e-05,0.00018415194090340393
suboodh,Hindu,0.8604775929346389,0.8604775929346389,0.11090217829293003,0.006875634125973665,0.02120636736649906,0.0001138040862826091,0.0004244231936758725
subramani,Hindu,0.9579865192180279,0.9579865192180279,0.000306855593225064,1.1031380707410167e-05,0.041655940038006996,1.8813892819059536e-05,2.083987721355159e-05
subramanian,Hindu,0.5667165785663302,0.5667165785663302,0.0004944966249497674,4.295577680228197e-05,0.4326979584099442,2.3258138039262854e-05,2.4752483934446836e-05
subramaniyam,Hindu,0.9637371630471762,0.9637371630471762,0.003303055209600588,0.00012009213690808357,0.032788138464256905,1.1514721928725773e-05,4.003642012954608e-05
subramaniyan,Hindu,0.957219161616158,0.957219161616158,0.0010650875180264377,5.710248667116093e-05,0.04162361350669704,1.229611307719018e-05,2.2738759370167873e-05
subramanyam,Hindu,0.993715726037142,0.993715726037142,0.0007396480830080698,5.29308070827075e-05,0.005462794584308834,1.0949934553719612e-05,1.7950553904461116e-05
sudaama,Hindu,0.4911476839271832,0.4911476839271832,0.02171538347664634,0.000795457732514767,0.4860755414767327,6.380154604343727e-05,0.0002021318408795222
sudaamaa,Christian,0.8342384805857656,0.15668848559767715,0.008509394877903658,0.000433974309482831,0.8342384805857656,2.903088050112821e-05,0.00010063374866968848
sudama,Hindu,0.8612596328811064,0.8612596328811064,0.013156404158473694,0.0005577327203488149,0.12473195742973651,4.636332760077685e-05,0.00024790948273376994
sudarsana,Hindu,0.9912094451905075,0.9912094451905075,0.004601118804876564,0.0008868151467029803,0.0032659410875384935,1.6762633166746806e-05,1.9917137207505492e-05
sudarshan,Hindu,0.9860676169881374,0.9860676169881374,0.004483889087439126,0.0063264836054976945,0.0030739682431298585,1.5618749909716188e-05,3.242332588613278e-05
sudes,Hindu,0.7512387472505692,0.7512387472505692,0.03575243325532877,0.0009463925829274409,0.2107631413389203,1.0627534766168983e-05,0.0012886580374880253
sudha,Hindu,0.9723474480716404,0.9723474480716404,0.0004977550699360306,0.0008148464407393623,0.02613481439342564,3.046016293720585e-06,0.0002020900079646001
sudhaa,Hindu,0.7051435913408408,0.7051435913408408,0.0029052568067705954,0.0016413606792267644,0.2899498662475779,9.837818488336697e-06,0.00035008710709564383
sudhaakar,Hindu,0.759298878766353,0.759298878766353,0.0032789071245713365,0.002924205260450456,0.23307262113260885,2.274365463474789e-05,0.0014026440613815634
sudhaamsu,Hindu,0.6583341479781029,0.6583341479781029,0.05124392989684399,0.003991309429135846,0.28606821145631534,9.678635996578469e-06,0.0003527226036053524
sudhakar,Hindu,0.8600538553479294,0.8600538553479294,0.0009136529121951158,0.0013578300876273591,0.13550013111344672,4.942230502125443e-06,0.002169588308299226
sudhakaran,Hindu,0.9408842172494879,0.9408842172494879,0.0006572904590050225,0.0005471347614492753,0.05681100892675942,6.399798662205659e-06,0.0010939488046360977
sudheer,Hindu,0.6894223841641396,0.6894223841641396,0.2104857742981086,0.0034717947911130755,0.09652617264614197,6.368424358287598e-06,8.750567613858513e-05
sudhir,Hindu,0.9881880551661525,0.9881880551661525,0.001231269544006454,0.00014941946635417568,0.01036082981372975,1.9277036203554847e-06,6.849830613678859e-05
sugan,Hindu,0.9825417224407035,0.9825417224407035,0.002245352552602958,8.116909725860842e-05,0.015031860716603255,4.76071222854062e-05,5.2288070546466724e-05
suganaa,Hindu,0.914606427202046,0.914606427202046,0.0036778993719553035,0.00013803676974187215,0.08138020852592918,0.00011168471163818907,8.574341868958013e-05
suganee,Hindu,0.854893244250061,0.854893244250061,0.08178641930892795,0.00021710635001881342,0.06250305312038774,3.716719284930623e-05,0.000563009777755181
sugiyaa,Hindu,0.49370708847962913,0.49370708847962913,0.05022229728836226,0.0019366382606049964,0.45409654487263734,1.1945215080677882e-05,2.5485883685391545e-05
sugreev,Hindu,0.6155002768669549,0.6155002768669549,0.060987147548914676,0.0045560976885627175,0.3187462210572642,2.623939588445184e-05,0.00018401744241912886
suhara,Muslim,0.8874084533594242,0.09275276156649565,0.8874084533594242,0.008253364659676259,0.011017300024216895,0.00012399574565596444,0.00044412464453117014
sujaathaa,Christian,0.9470623112837462,0.045874294521750396,0.005701150226030488,0.0011419396706578886,0.9470623112837462,5.746033844085866e-06,0.00021455826397085332
sujata,Hindu,0.9782127148623825,0.9782127148623825,0.007608533535526733,0.0014263766381867559,0.012615976508131805,1.5005299567792804e-05,0.00012139315620448203
sujatha,Hindu,0.8035813229537231,0.8035813229537231,0.015193822195982075,0.006925225947002332,0.17378981800500784,7.95203342574169e-06,0.000501858864858981
sujeeth,Hindu,0.7106685770906273,0.7106685770906273,0.07430240444980736,0.042167338012524556,0.17271562345428948,1.531751158610897e-05,0.00013073948116519067
sujith,Hindu,0.718714020174088,0.718714020174088,0.10021207709912863,0.046796479052042955,0.09882629976749195,5.824080787619297e-05,0.03539288309937243
sukaa,Hindu,0.6320618877902006,0.6320618877902006,0.09748940170557689,0.0030023740210287056,0.2618462879776198,5.1227259696015055e-05,0.005548821245877929
sukaantha,Hindu,0.7531560417544274,0.7531560417544274,0.0007128070719350505,0.0007704971900940944,0.2441258519039268,4.6249047942652375e-05,0.0011885530316738564
sukaanthi,Hindu,0.8669275910372317,0.8669275910372317,0.0008359775822927313,0.0016241786818179664,0.12905554345792794,4.160468922018726e-05,0.001515104551509398
sukai,Hindu,0.921075391842534,0.921075391842534,0.045851963808513224,0.002054752405823576,0.029721357061546126,2.4379792625048625e-05,0.001272155088957946
sukh,Hindu,0.3117142483207589,0.3117142483207589,0.2733733300107229,0.19076330384071233,0.014897195807943197,5.845479466293935e-06,0.20924607654039637
sukhabeer,Muslim,0.9485916779457231,0.035145633269600435,0.9485916779457231,0.01442296654604454,0.001445755825807076,3.6711984429116147e-06,0.0003902952143818498
sukhadeep,Buddhist,0.7705280891178785,0.1328970828056398,0.05967344032873173,0.034077653348853064,0.002803896426140017,1.9837972756862193e-05,0.7705280891178785
sukhadev,Buddhist,0.997352608008814,0.001993519902800015,9.509390051217364e-05,0.0005170668918186251,4.118060373724366e-05,5.306923179835232e-07,0.997352608008814
sukhajeeth,Hindu,0.42819351361416,0.42819351361416,0.40138566284103744,0.09632877946280376,0.07303578977972293,2.118108990394585e-05,0.0010350732123720835
sukhajiadar,Hindu,0.7017455901721724,0.7017455901721724,0.17136885902121213,0.0761577244364708,0.0307196490283404,9.995609143199764e-05,0.0199082212503721
sukhalaal,Hindu,0.7375210897115153,0.7375210897115153,0.15309097986345033,0.01735556188380197,0.0884407471850794,6.977508570196412e-05,0.003521846270451039
sukhapaal,Hindu,0.7289350908989592,0.7289350908989592,0.17150432230439133,0.01967341666298941,0.07570937389470203,0.0004148657610263041,0.0037629304779316307
sukhapreeth,Hindu,0.712595664161813,0.712595664161813,0.03811938470954502,0.07533341008642491,0.17264783258278701,8.149311037762306e-05,0.0012222153490523745
sukharaam,Hindu,0.9120927732814181,0.9120927732814181,0.013159220029362765,0.008808583222837903,0.01776160203864308,7.113689638411622e-05,0.04810668453135427
sukharam,Hindu,0.884963645920247,0.884963645920247,0.0033535778119381156,0.004468456942062347,0.0012815822440820535,0.00019486118776476587,0.10573787589390551
sukhaveer,Hindu,0.7103479574279052,0.7103479574279052,0.18029899472288533,0.03886005575670191,0.06860694051017077,0.0003400990223908069,0.0015459525599458488
sukhaviadar,Hindu,0.9165420653463351,0.9165420653463351,0.03472282205479902,0.00921478027871944,0.03686646420783814,0.00037465357180785917,0.002279214540500441
sukhee,Hindu,0.5504762586191332,0.5504762586191332,0.33916748341668207,0.04514473485630049,0.05740090099927584,4.268580968606741e-06,0.007806353527639954
sukhiyaa,Muslim,0.4420790732915505,0.3242736430286143,0.4420790732915505,0.025901603704131165,0.20624831770970978,2.554779054051406e-05,0.0014718144754538385
sukhlal,Hindu,0.8323992427080245,0.8323992427080245,0.0894989125188599,0.012774557165836092,0.06395708431977579,7.184099072204367e-05,0.001298362296781623
sukhpal,Hindu,0.8791021267793991,0.8791021267793991,0.06203133443969533,0.03371372692865122,0.022689166102761758,0.00010129828270442009,0.0023623474667881124
sukhveer,Hindu,0.688835705139268,0.688835705139268,0.16741392211259587,0.07059091360138138,0.0722190728193526,1.3801536460439766e-05,0.0009265847909416988
sukkhu,Hindu,0.57220645684227,0.57220645684227,0.35428609433189223,0.055620113201424994,0.01369031082052968,2.2029628272912064e-05,0.004174995175610238
sukumar,Christian,0.5766949521519898,0.4194823980254717,0.0026517072596942857,0.0008461299579764072,0.5766949521519898,0.00011811758332657805,0.00020669502154094978
sukumaran,Christian,0.6220172503211359,0.3767706855729974,0.0008155375808809141,0.00019393951831266732,0.6220172503211359,4.7858516685420755e-05,0.00015472848998776504
sulaikha,Muslim,0.5016504961037785,0.4767767269001481,0.5016504961037785,0.018070909423608415,0.0032086488086660115,1.2241536338219195e-05,0.0002809772274604744
sulaiman,Sikh,0.8567949345014673,0.0747224120472662,0.010638703503428151,0.8567949345014673,0.05744938867244251,4.492279647780473e-05,0.00034963847891808525
sulathaan,Christian,0.5364717245772951,0.3487676967255102,0.10784320564393127,0.00601213619986962,0.5364717245772951,2.049219237375788e-05,0.0008847446610200575
sulekhaa,Muslim,0.8375404572424834,0.13640832611427572,0.8375404572424834,0.0012746596239647163,0.024595013409301276,1.6234088581015936e-05,0.0001653095213938
sulemaan,Muslim,0.9298091104116933,0.03788520935868613,0.9298091104116933,0.0006150640547750342,0.031621496382996134,2.3053754252423835e-05,4.60660375968732e-05
suleman,Muslim,0.9983177501292795,0.0014055889623629761,0.9983177501292795,2.217132673141975e-05,0.0002491447231493399,2.6081073053675905e-06,2.736751171431347e-06
sulochana,Hindu,0.9020125915809676,0.9020125915809676,0.011326342889852582,0.00356661955147788,0.08286356631801978,6.43107628669875e-05,0.00016656889681503792
suloochanaa,Christian,0.5775330467523322,0.4008066680133697,0.015037137076060516,0.006331229727493203,0.5775330467523322,6.930172663147657e-05,0.0002226167041127499
sultana,Hindu,0.5038063565630101,0.5038063565630101,0.4620608522929518,0.0032182766696215457,0.024730849529523702,0.005905004009043774,0.0002786609358491871
sulthaan,Christian,0.5976037792801586,0.263346488490285,0.13392248574931342,0.00489849038512629,0.5976037792801586,4.647601493168288e-05,0.00018228008018487358
sumaa,Christian,0.9717828485567159,0.01785560733481046,0.010197261102403814,0.00013944423685931974,0.9717828485567159,3.3506194443864244e-06,2.1488149765986747e-05
suman,Christian,0.6974529988347796,0.27825698969258567,0.023091605184975186,0.00019432490445976886,0.6974529988347796,2.6342043437387333e-05,0.0009777393397622674
sumantha,Hindu,0.5865022087780819,0.5865022087780819,0.0004786997797304099,0.0001505372802724692,0.41272333211603984,2.5877681949405288e-05,0.00011934436392597775
sumathi,Christian,0.5162448343639149,0.4753242930152513,0.007147572122906712,0.00111915048467637,0.5162448343639149,3.17675774779873e-06,0.00016097325550289604
sumdar,Hindu,0.5453549934091168,0.5453549934091168,0.42236316401288415,0.006127977058538476,0.025754655505653982,5.875724152171696e-05,0.000340452772284893
sumer,Hindu,0.9624919487181095,0.9624919487181095,0.019134780894619206,0.00010035399967598674,0.01819807883452699,2.867043668300377e-06,7.197050940011209e-05
sumit,Hindu,0.4011292085251265,0.4011292085251265,0.30090574572656476,0.019899578415724064,0.27750452845646323,3.910722604861375e-05,0.0005218316500727532
sumith,Hindu,0.33628638518395376,0.33628638518395376,0.28971417702414337,0.04070098454819822,0.3327413425780814,2.1954632533489633e-05,0.0005351560330897463
sumithaa,Christian,0.6350377405638253,0.20709562633747916,0.14572201913154917,0.011850568890571019,0.6350377405638253,1.6468094679012245e-05,0.0002775769818963189
sumithr,Hindu,0.5637772300205013,0.5637772300205013,0.2294468864789703,0.023764528567442166,0.18184731902810475,3.326451620898811e-05,0.001130771388772563
sumithraa,Hindu,0.6534897382194332,0.6534897382194332,0.11664428024281112,0.010322758895713961,0.21764094296744244,3.459451263298607e-05,0.0018676851619663546
sumitra,Hindu,0.8361133214557871,0.8361133214557871,0.06584436360349333,0.015044741126043905,0.08241298516018279,5.490898573552013e-05,0.0005296796687574423
suna,Hindu,0.7255665321824543,0.7255665321824543,0.013656303928292554,0.0008821831639870294,0.25974342374619275,8.145565641576655e-05,7.010132265740309e-05
sunainaa,Hindu,0.6919846915968472,0.6919846915968472,0.14099657888229006,0.005507873548739915,0.161121566804711,0.00027929467017629106,0.00010999449723551243
sunamdaa,Hindu,0.5945627760269412,0.5945627760269412,0.07867781822391921,0.005704937661299643,0.3195732321650449,5.8832239615880626e-05,0.0014224036831791216
sundar,Hindu,0.9192887565880714,0.9192887565880714,0.0007317980551436858,0.0009504718816481852,0.0786575648594034,0.0003607488121550408,1.0659803578208634e-05
sundaram,Hindu,0.9059454116193918,0.9059454116193918,0.0002686203605146848,0.0004304832374197086,0.09249300294004753,0.0007654363207567739,9.704552186947838e-05
sundaramurthi,Hindu,0.883198255982168,0.883198255982168,4.695044458480702e-05,0.00041968284264196483,0.11628463157447347,4.3162921717146534e-05,7.316234414469493e-06
sundaree,Hindu,0.8341496920781555,0.8341496920781555,0.006096920206974527,0.001912443059991306,0.15771430465962782,0.00011291293756493229,1.3727057685954903e-05
sundaresan,Hindu,0.9703309124394245,0.9703309124394245,0.0054373963920934555,0.0006144877943477058,0.023234399353753207,0.00036036007064936765,2.2443949731621443e-05
sundarlal,Hindu,0.9092305395177174,0.9092305395177174,0.009312918661759106,0.001410364426510208,0.07987379448374456,0.0001400291656173739,3.235374465159979e-05
sundarraaj,Hindu,0.5551279909861586,0.5551279909861586,0.0074844427261598545,0.003094217568504788,0.43395357183881333,0.00019343850723850225,0.0001463383731248607
suneel,Hindu,0.5317729328737429,0.5317729328737429,0.16002725122398928,0.001108342995266949,0.30704186778093984,1.1684405600317098e-05,3.792072046063377e-05
suneelakumaar,Hindu,0.608120430996363,0.608120430996363,0.016302855944579423,0.0010188408779829466,0.37444950688665046,6.397525557462235e-05,4.439003884958302e-05
suneetha,Hindu,0.6800226338727285,0.6800226338727285,0.06804255816331005,0.0050283873671290915,0.2467986164350173,2.3855026768687254e-05,8.394913504632749e-05
suneethaa,Christian,0.49357155008213194,0.448440968335997,0.0540900355264556,0.0037978378163325073,0.49357155008213194,2.1107102241066605e-05,7.850113684182307e-05
suneethaadevee,Hindu,0.612843836761218,0.612843836761218,0.006882452827964175,0.0015947744386754282,0.37805448619844884,8.500991563314121e-06,0.000615948782130464
sunil,Hindu,0.9305438172376287,0.9305438172376287,0.002120842525560285,8.96908346625834e-05,0.06724051470120067,1.4474563517613275e-06,3.6872445959568797e-06
sunilkumar,Hindu,0.823653149729643,0.823653149729643,0.0049583041703251205,0.0010494046014187894,0.1702204893473741,5.989126379848106e-05,5.876088744065378e-05
sunita,Hindu,0.9863409769941248,0.9863409769941248,0.005859879034396801,0.0004800991711662264,0.007271034153257179,1.8534591372231538e-05,2.9476055682746514e-05
sunitha,Hindu,0.8012730805251455,0.8012730805251455,0.017832803564940974,0.0038205797417265063,0.17701271939426003,9.130699299499393e-06,5.168607462774168e-05
sunithaa,Christian,0.498284414560825,0.47649199557941846,0.021773231743163094,0.003373006135400737,0.498284414560825,1.1654205088996101e-05,6.5697776103539e-05
sunkara,Hindu,0.9973576897471506,0.9973576897471506,0.0003680730031702676,0.00011142478436654159,0.0020150943838843764,6.988253574672318e-05,7.783554568145094e-05
suppaiya,Hindu,0.9842360622614237,0.9842360622614237,0.0038817869813819257,0.0009611349334281531,0.010893281880652422,1.943400934268344e-05,8.29993377093478e-06
suppaiyan,Hindu,0.9801723140232956,0.9801723140232956,0.0018625082264316702,0.000576413414603806,0.017363492537907817,1.79576364698992e-05,7.314161290994345e-06
suppan,Hindu,0.9973472771146046,0.9973472771146046,0.00022685173178327634,0.00032270384850962473,0.0020668761512129797,3.013581332279541e-05,6.155340566620982e-06
supramani,Hindu,0.9803215846273927,0.9803215846273927,0.0003247419599469648,7.942107089108345e-05,0.01917341661061456,5.3070919244822465e-05,4.7764811909898456e-05
supriyaa,Hindu,0.7976805690205565,0.7976805690205565,0.036192205649745,0.005001867512561744,0.16105355125890158,4.181407572043395e-05,2.9992482514880302e-05
sura,Hindu,0.9982823353362303,0.9982823353362303,0.0005673396009467667,0.00012032116967755875,0.0008935940805135744,0.00011552273165435197,2.0887080977434615e-05
surabhi,Hindu,0.9804194726183193,0.9804194726183193,0.017853035495537274,0.00027899307273647266,0.001305785369858578,2.485247837407524e-05,0.00011786096517431463
suraj,Hindu,0.9948874932055854,0.9948874932055854,0.002535042957870021,5.951471521527085e-05,0.0024076504248315175,8.845132864369842e-05,2.1847367853991848e-05
surajamal,Hindu,0.91161826852498,0.91161826852498,0.046868232818256375,0.00011074867103326009,0.04137705167607841,1.3159035593219167e-05,1.2539274058875413e-05
surajaram,Hindu,0.9990157042572197,0.9990157042572197,0.00022010698688395232,1.7820124073714636e-05,0.0006124798638216676,5.2763997952519095e-06,0.00012861236820565556
surajee,Hindu,0.8860895352942648,0.8860895352942648,0.0869829987706973,0.000860787583654326,0.026004265262802997,1.796024008267761e-05,4.4452848497887566e-05
surajeeth,Hindu,0.9355755269019058,0.9355755269019058,0.024139124286893545,0.005157098068452017,0.035083682161449914,1.7082497173059903e-05,2.7486084125624355e-05
surat,Hindu,0.9979367303984771,0.9979367303984771,0.0007228622899749991,0.0002674235433764205,0.000952156173555167,6.336009464603836e-05,5.7467499970278425e-05
surathee,Hindu,0.927030510784492,0.927030510784492,0.008867575996904268,0.002985875498960728,0.06100973362002517,8.883284228735165e-06,9.742081538936441e-05
suravase,Hindu,0.8511076055351114,0.8511076055351114,0.0027990927311405786,0.0003924151387913034,0.14535128910154835,0.0002796120667841149,6.998542662416014e-05
surekha,Muslim,0.536183102091738,0.27948648101661655,0.536183102091738,0.006082538427082731,0.012702431991183538,0.16506267323693588,0.0004827732364431923
surekhaa,Muslim,0.5644126102261449,0.26905678059256916,0.5644126102261449,0.006484026215003505,0.049156099985139104,0.11029152584304003,0.000598957138103326
suremdr,Muslim,0.5280263656344443,0.4586107363694708,0.5280263656344443,0.002869806363592535,0.009449486721924706,0.0007975141224994348,0.0002460907880682697
surender,Hindu,0.950786360783254,0.950786360783254,0.017042139733458854,0.008492676276273195,0.023390679044696955,0.00023112033188549424,5.702383043164679e-05
surendr,Hindu,0.9639497647529001,0.9639497647529001,0.007581945234468356,0.004254986011389842,0.019075475035291074,0.005119140627209265,1.8688338741595745e-05
surendra,Hindu,0.9650301360209813,0.9650301360209813,0.0031425865843506327,0.003009337196836354,0.018186796188909927,0.01059754395767003,3.360005125160497e-05
surendran,Hindu,0.9891515811471064,0.9891515811471064,0.00194212726875654,0.000806816899448256,0.006541018355417373,0.001529771467210891,2.868486206012181e-05
sures,Hindu,0.4414237739844828,0.4414237739844828,0.36495994940486676,0.00019138871831143956,0.16146098418896082,0.03195771654293287,6.187160445236853e-06
suresakumaar,Christian,0.5056834473075196,0.4153879129063997,0.07169158856554823,0.0035439386156624676,0.5056834473075196,0.0036274260689981167,6.56865358719085e-05
sureschandra,Hindu,0.9462046082976051,0.9462046082976051,0.009018319064074925,0.00015750903618310977,0.013853269513607127,0.0304563153397279,0.00030997874880182364
suresh,Hindu,0.46600868229462483,0.46600868229462483,0.23245973305261097,4.457869819345622e-05,0.029734338730921333,0.27173762122420014,1.5045999449328964e-05
sureshkumar,Hindu,0.796533194992612,0.796533194992612,0.10685928041396471,0.0015507575890570343,0.09084861743078324,0.004045596652359057,0.0001625529212237645
suriadar,Christian,0.6006186433111238,0.39691840901572617,0.002112587324183473,0.0003185925680476049,0.6006186433111238,1.882027549977099e-05,1.2947505419130232e-05
surin,Christian,0.5774769304798114,0.40469051804553485,0.011602559114916061,0.006201198053487788,0.5774769304798114,2.324803765759032e-05,5.546268592314359e-06
surve,Hindu,0.9669518264807355,0.9669518264807355,0.0017464763221766671,0.0006063125311752429,0.03067980187064955,5.94533360344552e-06,9.637461659527216e-06
surya,Hindu,0.9786320116704842,0.9786320116704842,0.00027974337024740207,0.0003426638262179682,0.020743753324665895,6.690718530940488e-07,1.1587365314188975e-06
suryanarain,Hindu,0.9983390181245153,0.9983390181245153,0.00010750759617598159,3.182282442105582e-05,0.0015151258529798749,5.3741134712649775e-06,1.151488436648888e-06
suryavamsee,Hindu,0.5457322026132672,0.5457322026132672,0.0057581980058575575,0.0006838768087409469,0.44780697741177317,8.248932000154664e-06,1.0496228361066758e-05
suryavamshi,Hindu,0.9050485951916574,0.9050485951916574,0.005478893181142573,0.000513819859095002,0.08889403256128552,3.387205007407622e-05,3.078715674538965e-05
susaantha,Christian,0.8655008773273547,0.13316634586670856,0.0008231555040678281,0.0004766879576389933,0.8655008773273547,6.871495100008461e-06,2.6061849129662725e-05
suseel,Christian,0.8512279147337072,0.059000409499952604,0.08844721565474162,0.0013201585310902812,0.8512279147337072,7.216742078630417e-07,3.5799063003968097e-06
suseelaa,Christian,0.8396941421531767,0.12004102374999782,0.03938151989919867,0.0008735165562692952,0.8396941421531767,2.4399172156061135e-06,7.357724141644061e-06
suseelaabaaee,Christian,0.7816370625365349,0.0942716826977174,0.12296350545245638,0.0011056737592981107,0.7816370625365349,2.433284697965694e-06,1.964226929544442e-05
suseelaadevee,Christian,0.6935852614378765,0.30079713180709033,0.004932624086129901,0.0005325695779858829,0.6935852614378765,1.5926823677877856e-06,0.00015082040854956535
sushamaa,Hindu,0.49366265500112383,0.49366265500112383,0.3237873457427049,0.00931607515828754,0.1729154930392396,6.972764119820206e-05,0.0002487034174458628
sushil,Hindu,0.848684068167646,0.848684068167646,0.03850360880236836,0.0012077241405449694,0.11154780642873315,2.7080550926892757e-06,5.40844056150423e-05
sushila,Hindu,0.9474469518172094,0.9474469518172094,0.01655344562445944,0.00043656886103133507,0.03551210583229382,1.9783505595205618e-06,4.8949514446209585e-05
sushma,Hindu,0.510701542471158,0.510701542471158,0.40359152814569504,0.016967252111519327,0.06862291938747972,1.4200180746511745e-05,0.00010255770340143306
sushmaa,Christian,0.39201235550845787,0.34856681633329784,0.24561806808834458,0.013638933000302077,0.39201235550845787,2.1372076121864395e-05,0.0001424549934759878
susilaa,Christian,0.8072811538866044,0.14910704335630656,0.04170857340711254,0.0018844703266944524,0.8072811538866044,2.6908127123838877e-06,1.6068210569774236e-05
sutar,Hindu,0.988575829681856,0.988575829681856,0.005026301889075532,0.001497943644907632,0.004851290256892534,1.566352663733762e-05,3.297100063107865e-05
suthaar,Hindu,0.6635221377912064,0.6635221377912064,0.008570080743142056,0.003396378823644938,0.32445311935846544,5.904014508184707e-06,5.2379269033039107e-05
sutradhar,Hindu,0.9896200604710571,0.9896200604710571,0.0019363023854445526,0.0013944772218771376,0.006890910898543749,1.3017801719407707e-05,0.00014523122135804746
sutrodhar,Hindu,0.9947678360865975,0.9947678360865975,0.0006617733215308972,0.0010469778706685526,0.0034101870847686342,3.3020525733607445e-05,8.020511070097535e-05
suvarna,Hindu,0.5367191491421316,0.5367191491421316,0.012197836292163148,0.004869393337006914,0.44600923311448215,8.127802544462957e-05,0.0001231100887714105
suvarnaa,Christian,0.7463942143605172,0.24309449701300873,0.007590620394182917,0.0027842232117218277,0.7463942143605172,5.089416136103903e-05,8.555085920825328e-05
svaamee,Christian,0.3978139035363817,0.21854979579497455,0.3806939017012403,0.0009568173966503765,0.3978139035363817,3.6905960958985684e-05,0.0019486756097941943
svaathee,Christian,0.8219899815977872,0.16423896075429967,0.010934705578685746,0.002742893507768245,0.8219899815977872,8.177570337951832e-06,8.528099112103736e-05
sveetee,Hindu,0.5283044787571968,0.5283044787571968,0.039060640856604004,0.010851979501934447,0.4216641321332316,1.8875410333394566e-05,9.989334069973492e-05
svethaa,Christian,0.5160352701172185,0.4817466691409836,0.0011492264773598397,0.0010368624488627538,0.5160352701172185,8.744484339401308e-06,2.322733123580661e-05
swain,Hindu,0.984655683331837,0.984655683331837,0.0006730375292046598,0.0007946644263244013,0.013859415843468332,9.490301606659195e-06,7.708567559010357e-06
swami,Hindu,0.7544663458402693,0.7544663458402693,0.0007901617067837734,0.000854769834393221,0.24212983114507233,1.2418568005254017e-06,0.0017576496166807332
swaminath,Hindu,0.9521811122619829,0.9521811122619829,0.0017650365353839219,0.01158183603084927,0.03368195407082315,5.1130780043639585e-05,0.0007389303209170236
swaminathan,Hindu,0.931050308392435,0.931050308392435,0.0015028962975211805,0.003882424762563433,0.06295942271283025,2.9995214597856856e-05,0.0005749526200522462
swapna,Hindu,0.8044158665535501,0.8044158665535501,0.00601714016789393,0.0029309490020249305,0.16097986608391351,0.025475005228393723,0.00018117296422372095
swaroop,Hindu,0.9840186373023999,0.9840186373023999,0.000290524346060035,0.0074497033121977765,0.008222889239892235,3.0481819520112177e-06,1.5197617497866e-05
swarup,Hindu,0.9859609624562237,0.9859609624562237,0.0003456755025046641,0.0006953585595063888,0.012911575541171835,1.213778111977583e-06,8.521416248118297e-05
syaam,Christian,0.8533307823935785,0.13450243342746063,0.010873697743191165,0.0012651268176755164,0.8533307823935785,3.2825398167619344e-06,2.4677078277477485e-05
syaamaa,Christian,0.9394486529578896,0.05537541786402032,0.0048295967449227,0.000326944761239866,0.9394486529578896,6.657974501652364e-06,1.2729697425861623e-05
syaamakalee,Christian,0.44899278369170764,0.3895356930195753,0.15954136791500823,0.0017829945400478374,0.44899278369170764,3.3079988339139614e-05,0.00011408084532168414
syaamalaal,Christian,0.8237604207048698,0.1704297322435936,0.005586675559906834,0.00020522631324839665,0.8237604207048698,7.558805886674782e-06,1.0386372494643444e-05
syaamasundar,Hindu,0.55315928340435,0.55315928340435,0.005798278527516991,0.0012299364545416964,0.4397620658928255,3.730603695478373e-05,1.3129683810852386e-05
syaamavathee,Christian,0.5944366427476422,0.39752860584487965,0.007028250526294358,0.0009573409718006949,0.5944366427476422,1.5281354062588897e-05,3.38785553204957e-05
syaamoo,Christian,0.5150613354332703,0.3924358679667532,0.047525633318790096,0.04483506531571539,0.5150613354332703,1.0741733918378998e-05,0.00013135623155262197
syamala,Hindu,0.6586222431794487,0.6586222431794487,0.005034338996128216,0.00033885488322566516,0.33598283384661626,1.0487548408343527e-05,1.1241546172674115e-05
taamk,Hindu,0.8089427292086412,0.8089427292086412,0.06341418813316799,0.00539165319715216,0.08358727818816962,0.0001496120682800903,0.03851453920458899
taanti,Hindu,0.909204076950144,0.909204076950144,0.0007143909612260064,0.0044507582188845355,0.06896054023023458,0.016005449272566048,0.0006647843669447913
tabassum,Muslim,0.5912049768346472,0.3340529718739942,0.5912049768346472,0.008539923641446729,0.06608581825742942,1.688679658514339e-05,9.942259589732431e-05
tadavi,Hindu,0.9963346467797435,0.9963346467797435,0.000103371598466067,2.749672055740372e-05,0.0031475539295705685,0.0003752735148173449,1.1657456845251426e-05
tahir,Muslim,0.601075406666119,0.39650167004310777,0.601075406666119,0.001269946254464519,0.0010136633817054157,4.9964906813349737e-05,8.934874779000372e-05
taj,Muslim,0.6775381975547045,0.31209929149062066,0.6775381975547045,0.002983842939361565,0.0018730130189258541,0.0009714016873005647,0.004534253309087032
talari,Hindu,0.5966414634263169,0.5966414634263169,0.01590562300978467,0.0005544479819908276,0.38665287886009764,0.00014995933695303868,9.562738485710107e-05
talavara,Hindu,0.9740545154356123,0.9740545154356123,0.006033087791726641,0.000462992765637834,0.01659131298966435,0.0027905460267465183,6.754499061239485e-05
talekar,Hindu,0.8806623992022424,0.8806623992022424,0.005771322261532136,0.0005600665733225287,0.09999073534753351,0.00037315378883434836,0.012642322826535091
talukadar,Hindu,0.8764378828476527,0.8764378828476527,0.10763429127866998,0.0010379889315401943,0.006907037626873088,0.006330478159261783,0.0016523211560025184
talukdar,Hindu,0.9192060472892919,0.9192060472892919,0.06625931041126484,0.001827924930843351,0.009264930297820936,0.002469321123401066,0.0009724659473777734
tamang,Hindu,0.993994666619081,0.993994666619081,0.0006677700114008075,0.0003076213210709642,0.0011174405860410195,4.2908852254082536e-05,0.00386959261015213
tambe,Hindu,0.9805237871946278,0.9805237871946278,0.007536185427379143,0.00037984450816435305,0.00704773421941176,0.00015529998920152372,0.0043571486612153385
tamboli,Hindu,0.8346205631772483,0.8346205631772483,0.129388370018111,0.0019623455940703826,0.03229831581697355,5.848756188591876e-05,0.0016719178317108354
tamdel,Hindu,0.9957387482541317,0.9957387482541317,0.002098387705494479,0.00024132389635310192,0.0001537610172836853,2.8338880561855637e-06,0.0017649452386806403
tandel,Hindu,0.9842074279865543,0.9842074279865543,0.0009732181786644825,0.0002441341374311915,0.010744435640213943,0.0005491082569949328,0.00328167580014133
tanti,Hindu,0.9793802762974352,0.9793802762974352,0.00023013735844070612,0.002392690552079245,0.0022334175622316706,0.014991173711670273,0.0007723045181427791
tara,Hindu,0.9998934501313609,0.9998934501313609,8.604580955701722e-07,6.948552089348253e-06,5.55966085475693e-06,6.410768422731535e-05,2.907351337179502e-05
tarachand,Hindu,0.9932380152034386,0.9932380152034386,0.0003053185057847562,0.0006231291373391319,0.0017302645724389645,0.0023229241192148967,0.0017803484617837013
tare,Hindu,0.9993240969780528,0.9993240969780528,0.0002529186976807172,0.00011114121111347857,0.00024923824678468507,5.444360169984831e-05,8.161264668579816e-06
taslim,Muslim,0.906009395267707,0.06183612649490881,0.906009395267707,0.0010313889203530202,0.031097424577201976,6.706188217486764e-06,1.895855161179304e-05
tati,Hindu,0.9959184329376436,0.9959184329376436,0.0010640273106957312,0.0005297106006073989,0.0016170487704231127,0.0008580827674869273,1.2697613143521978e-05
tayade,Hindu,0.9431179005233175,0.9431179005233175,0.00060382294777516,0.00043240792524098886,0.05526628335150245,5.297186335838362e-05,0.000526613388805462
tee,Christian,0.6972220273758879,0.20347069497751408,0.08842442742693979,0.009734901356282893,0.6972220273758879,3.2404984969123045e-05,0.0011155438784060953
teenaa,Christian,0.644928731138474,0.3258220182974185,0.026456458460271653,0.0023966882721102004,0.644928731138474,1.3879906965144338e-05,0.0003822239247603845
teja,Hindu,0.8399778947804878,0.8399778947804878,0.106551190979853,0.004408935751287989,0.04831427714257822,0.00012181732023496476,0.0006258840255579597
tejaram,Hindu,0.9746703914530744,0.9746703914530744,0.012145363601077855,0.0011828275479428404,0.008566452896799569,0.0001436805718161368,0.003291283929289396
tejpal,Hindu,0.9398048207368827,0.9398048207368827,0.02570594883171964,0.005186046366622294,0.02881558472086745,0.00027750492719759163,0.00021009441671036654
tejram,Hindu,0.9279116300395645,0.9279116300395645,0.02833349083307898,0.0021641672949621643,0.03728971977236455,0.00011724798789739813,0.004183744072132587
tejsingh,Sikh,0.9336508613498476,0.06583361254131802,0.00045521347761645127,0.9336508613498476,6.0295242012443896e-05,1.4381743936736769e-08,3.007461424901454e-09
tekaam,Hindu,0.6138043788037443,0.6138043788037443,0.011221875949019128,0.0005762404069868494,0.1786158145841694,4.730615504444757e-05,0.19573438410103594
tekam,Hindu,0.9268250767215996,0.9268250767215996,0.007588575630131975,0.00024325587882175888,0.014576994572951916,1.808841689272548e-05,0.05074800877960217
teli,Muslim,0.49773876758637536,0.19772785026614917,0.49773876758637536,0.0006483579488228968,0.3038490207574566,1.5820443519548037e-05,2.018299767641218e-05
thaahir,Hindu,0.6749244404456435,0.6749244404456435,0.0556005508746756,0.0027267864739144226,0.2665938707991403,1.6055197338858943e-05,0.0001382962092871274
thaahiraa,Hindu,0.5524927092171347,0.5524927092171347,0.027800980526879297,0.001591093887095051,0.417350612078603,3.466215200066175e-05,0.0007299421382873067
thaaj,Christian,0.8198408044113734,0.15651190802020878,0.02028096474490324,0.0031113923888252404,0.8198408044113734,1.7580146741755768e-05,0.00023735028794751059
thaakar,Christian,0.5203576647900197,0.4609847894154981,0.011470133882371546,0.006204057281070389,0.5203576647900197,3.9582369829365945e-05,0.0009437722612110688
thaakare,Hindu,0.7530710792907531,0.7530710792907531,0.004741923083171275,0.0020592992121231807,0.23981353179437984,3.063591142873145e-05,0.0002835307081438424
thaakoor,Christian,0.7446748815914113,0.17151809274673668,0.040702478498240866,0.042991931632295796,0.7446748815914113,1.4384209106931465e-05,9.823132220851493e-05
thaakur,Christian,0.8382691941777634,0.15078438041376513,0.008728389954912399,0.0021641039509960585,0.8382691941777634,9.468158821208553e-06,4.446334374187843e-05
thaambe,Hindu,0.5333086116593132,0.5333086116593132,0.01711408345854702,0.0010630773315509227,0.44699909170349716,2.2397868223486255e-05,0.0014927379788683898
thaamboolee,Hindu,0.5600734285143323,0.5600734285143323,0.18249026709986318,0.002355300443818221,0.25423176427588395,6.678306224557775e-06,0.0008425613598778445
thaamdel,Hindu,0.8570593108430004,0.8570593108430004,0.033270979692715044,0.0025476134162835487,0.10605393084317905,6.810597037963933e-06,0.0010613546077840102
thaaraa,Christian,0.7006872015501215,0.2923910425427516,0.004934154264459678,0.001742486973248277,0.7006872015501215,3.856193768753391e-05,0.00020655273173129376
thaaraachand,Hindu,0.8428609250304878,0.8428609250304878,0.0007074334276458828,0.0012271487704420062,0.15405171319236802,0.0004110712197559934,0.0007417083593003807
thaaraavathee,Christian,0.687099688975218,0.30976204411534214,0.0019786904977903337,0.001051888898169768,0.687099688975218,2.0440872629174487e-05,8.72466408506076e-05
thaayade,Hindu,0.6384207314930491,0.6384207314930491,0.0005878426828803475,0.000458536740733871,0.36035899571758234,4.022826364682612e-06,0.0001698705393895287
thabassum,Hindu,0.47309164062083475,0.47309164062083475,0.23013193138296426,0.009927108094130319,0.2867525977951025,6.227705104378367e-06,9.049440186390511e-05
thackeray,Christian,0.7961451205506445,0.2005305357229676,0.0019256013767477995,0.0013507455529028385,0.7961451205506445,2.640713474446018e-06,4.5356083262778e-05
thadavee,Hindu,0.9839446966858326,0.9839446966858326,0.0003983363814483989,0.0002541085923513473,0.01536945539047555,1.108158803832063e-05,2.2321361853540572e-05
thakakar,Hindu,0.954148149786779,0.954148149786779,0.013040469767924787,0.006324828291329299,0.025919520916730908,1.890084174224992e-05,0.0005481303954935498
thakar,Hindu,0.9841943186952004,0.9841943186952004,0.00033867646411715253,0.0016475775390534931,0.013356656445605592,2.275219663414062e-06,0.00046049563636009385
thakkar,Hindu,0.8516751503189214,0.8516751503189214,0.06653726245347812,0.049107056672947465,0.031559348662808136,4.8223919886685266e-05,0.001072957971958218
thakur,Hindu,0.968387638536505,0.968387638536505,0.0001057424255189453,0.00012636548334889663,0.03137635023610635,3.3167683737397926e-07,3.571641683273537e-06
thalapadaa,Hindu,0.9941209911852822,0.9941209911852822,0.00012429901993379645,4.2142675262044574e-05,0.0056948839468499,1.0884929200665655e-05,6.798243471308693e-06
thalekar,Hindu,0.891359337822994,0.891359337822994,0.0019728607517382505,0.0004676366642970503,0.10215277941854073,1.6266979151937868e-05,0.004031118363277906
than,Hindu,0.9576127405245098,0.9576127405245098,1.7048197014965265e-05,4.688384685372703e-05,0.04227972681069386,1.793064817030606e-06,4.180755611044455e-05
thanaveer,Hindu,0.9792825081545119,0.9792825081545119,0.0010182399460695562,0.00018832718130047343,0.01945505317713601,4.631819820740598e-05,9.553342774458914e-06
thangaraj,Christian,0.6061588268540694,0.3931935445033514,0.00027748987233264694,7.04593011759845e-05,0.6061588268540694,2.5018559049700842e-06,0.00029717761316566205
thangarasu,Hindu,0.9614252612897521,0.9614252612897521,0.000910291081395341,0.00012701318011637284,0.037375020046670045,1.3948952417695548e-06,0.00016101950682408426
thangavel,Hindu,0.9994414665819163,0.9994414665819163,5.085628585839752e-05,1.4987454731888677e-05,0.0004899504227386212,1.927989421249539e-07,2.546455812891569e-06
thangavelu,Hindu,0.9995625714173121,0.9995625714173121,9.033673733227077e-05,1.5075485284767903e-05,0.0003287783237686766,1.914217400694288e-07,3.0466145620668896e-06
thankachan,Christian,0.7135384011329443,0.28056475118206303,0.003337724453086313,0.0011631038782658207,0.7135384011329443,0.00024150611393339435,0.0011545132397070925
thankamani,Hindu,0.9373016954213022,0.9373016954213022,0.001458612931098635,8.436618787138911e-05,0.06094357577519108,0.00012039558113441265,9.135410340209036e-05
thankamma,Hindu,0.5770856079253384,0.5770856079253384,0.002734529651360713,0.0009977092371608563,0.41910992732276175,2.9143056870926027e-05,4.308280650744073e-05
thankappan,Hindu,0.9997081657062903,0.9997081657062903,1.913219958902454e-05,5.5539039403498405e-06,0.00020892807362477085,5.650213783652055e-05,1.7179787190004016e-06
thapa,Hindu,0.9574102514782756,0.9574102514782756,0.0002475202372985413,0.000756105931370373,0.04123295106684328,0.0003382943778089596,1.4876908403282852e-05
thapana,Hindu,0.9877749265221385,0.9877749265221385,0.00012338995638970076,0.00011507411187228069,0.011908461283054707,6.583652018856369e-05,1.231160635634048e-05
thapasbinee,Hindu,0.835164253389196,0.835164253389196,0.014530268629226037,0.001613187550873595,0.1486149823777595,6.363785554177431e-05,1.3670197403190109e-05
tharannum,Hindu,0.9771578766465895,0.9771578766465895,0.0009145335535597031,0.000496576348261817,0.02135915664643195,3.6768218049395655e-05,3.508858710774582e-05
tharasem,Hindu,0.8159666936248899,0.8159666936248899,0.004262385350160248,0.0019933831403974576,0.17768594618842634,2.415081824825743e-05,6.744087787796224e-05
tharoon,Hindu,0.7806789730878567,0.7806789730878567,0.038498609846850274,0.03394638400086121,0.14665905076431765,5.2148130715074686e-05,0.00016483416939924817
tharun,Hindu,0.7800521920549647,0.7800521920549647,0.0889165000545578,0.006385367530829967,0.12401802661349802,1.9525972476476232e-05,0.0006083877736730459
thasaleem,Christian,0.561119665184704,0.06283885588122307,0.3750440200155437,0.000964756656853065,0.561119665184704,5.512180889207046e-06,2.7190080786945664e-05
thavara,Hindu,0.959605051049159,0.959605051049159,0.000577526602596796,0.00013212388855121912,0.03930333188676943,0.000333661857304721,4.830471561874093e-05
theejaa,Christian,0.5658757839132231,0.21212755113973322,0.20496317103453848,0.016945301662823438,0.5658757839132231,6.021407146378877e-06,8.217084253533641e-05
theerath,Hindu,0.9412922313958202,0.9412922313958202,0.014083342686122045,0.005936717791445867,0.03857379484248195,3.73129662030985e-06,0.00011018198750959445
thej,Christian,0.694723381762443,0.24334073065878942,0.046846972951567215,0.014961150465791105,0.694723381762443,8.056334454726947e-06,0.00011970782695473216
thejaa,Christian,0.773504089198613,0.154814327486722,0.06471675047407305,0.006868863258755438,0.773504089198613,7.938087850207017e-06,8.803149398640362e-05
thejapaal,Hindu,0.6929985320833411,0.6929985320833411,0.03069486544402477,0.004537746528817251,0.2716091231209398,0.00011807359654349123,4.1659226333608236e-05
thelee,Christian,0.6723161731853053,0.2732940217020206,0.0530942414345004,0.0012762225989237088,0.6723161731853053,3.293814710537807e-06,1.6047264539361544e-05
thetharee,Hindu,0.7892010940613855,0.7892010940613855,0.0045487886730092636,0.0076784505954855834,0.19851577685720279,2.4993527165642037e-05,3.089628575136232e-05
thidake,Hindu,0.6655174650323027,0.6655174650323027,0.08318869099635914,0.008348083172705112,0.24260093912246442,6.337021992970304e-05,0.00028145145623893503
thilak,Hindu,0.9089562896427504,0.9089562896427504,0.002564795553684355,0.0029795460054735734,0.08543474721937717,2.5136522858986594e-06,6.210792642887199e-05
thirunavukkarasu,Hindu,0.9523174943036612,0.9523174943036612,0.011574949551483376,0.0035958732684327676,0.03191021050492108,3.0456415531580588e-05,0.0005710159559698972
thiruppathi,Hindu,0.9860875093097102,0.9860875093097102,0.0027868179922420403,0.0036729608579453435,0.007240517937567218,1.4776625397758071e-05,0.00019741727713729328
thiruvengadam,Hindu,0.8406311589102381,0.8406311589102381,0.004773213492439348,0.0016401231388182855,0.15277994459512068,8.823204593608961e-06,0.00016673665878995318
thivaaree,Hindu,0.652203880762174,0.652203880762174,0.0009144802239979273,0.0006338162059452801,0.3461510847938707,5.150617671327618e-06,9.158739634092452e-05
thomas,Christian,0.9999996556702169,3.407662288325252e-07,5.692732865336288e-10,2.9204957792266914e-09,0.9999996556702169,3.341306352623002e-13,7.34509523816094e-11
thombare,Hindu,0.8587611131319121,0.8587611131319121,0.0009735697313550395,0.00033033926426701075,0.13923117989398584,1.0547610975968627e-05,0.0006932503675041325
thoombare,Hindu,0.9839972178515274,0.9839972178515274,0.0016868000001737144,0.0007676438003409078,0.012681905189464925,1.089956600734595e-05,0.0008555335924856247
thooraath,Hindu,0.6073322899086215,0.6073322899086215,0.007990615082183683,0.010200441596014588,0.3742529200452283,1.0161244299902766e-05,0.00021357212365208402
thorat,Hindu,0.9672356641518779,0.9672356641518779,0.0015850759220288546,0.0005174843445544333,0.03054250809459957,1.0470766585513202e-05,0.00010879672035372035
thribhuvan,Hindu,0.9936356536049831,0.9936356536049831,0.0017401521661085965,0.00036663885673609474,0.004017483679817549,1.784749154400291e-05,0.00022222420081074285
thrinaatha,Christian,0.7760713226639828,0.21926687154015903,0.0025009538510797446,0.0018664722054787433,0.7760713226639828,1.693110764062508e-05,0.0002774486316589223
thrivedee,Hindu,0.9845463384888737,0.9845463384888737,0.002368890972018863,0.00028324878235979733,0.012345949757063464,1.5944289965918768e-06,0.0004539775706875378
thrivenee,Hindu,0.8115874226391484,0.8115874226391484,0.0021015849402715087,0.00025573029428673416,0.18594646323946734,3.5994616683032347e-06,0.00010519942515768249
thulasaa,Hindu,0.7251835895050783,0.7251835895050783,0.02105421834534226,0.011992494637702779,0.24082185139478082,1.991534992977528e-05,0.0009279307671658139
thulasee,Hindu,0.6124803401050004,0.6124803401050004,0.033313437514092555,0.02139695817031748,0.33236833619707096,8.12907876837011e-06,0.0004327989347504094
thulaseeraam,Hindu,0.777260839996247,0.777260839996247,0.02639268692174259,0.008238407631462285,0.1877194752182149,7.004900468958425e-06,0.0003815853318642484
thupe,Hindu,0.8127112924322127,0.8127112924322127,0.0036062431468200404,0.015865894901272014,0.16704876682207487,2.219014684712423e-05,0.0007456125507733231
thyagarajan,Hindu,0.9545226140446671,0.9545226140446671,0.0011880573697875857,0.0005240471703426379,0.04373383497466217,5.3328915707269244e-06,2.6113548969846925e-05
tidke,Hindu,0.9090759317024911,0.9090759317024911,0.06210089157254694,0.003764392995264094,0.02467386727239741,9.464412694705138e-05,0.00029027233035326
tigga,Hindu,0.9246532359780862,0.9246532359780862,0.013159905073399461,0.007094924687894695,0.05487174885725076,6.557047088128534e-05,0.00015461493248770364
tikaaram,Hindu,0.9914080737620031,0.9914080737620031,0.0016541246284413667,0.0005607385239522056,0.005474874523635276,0.00017284922723502307,0.0007293393347328519
tilak,Hindu,0.9875533110052229,0.9875533110052229,0.000783327928854768,0.00027275291582024426,0.011361849401680977,2.2942907775379506e-05,5.8158406454238e-06
tipathi,Hindu,0.9949003278085591,0.9949003278085591,0.00031929380249736685,0.0009023849641265049,0.0035734960412152194,1.5710819860044157e-05,0.000288786563741613
tirki,Hindu,0.8808394321697686,0.8808394321697686,0.06745872191143291,0.005117340720553814,0.046033733808233536,5.541808382516685e-05,0.0004953533061860341
tirth,Hindu,0.8442751321671772,0.8442751321671772,0.006801104880596885,0.026134650032683313,0.12255283062938059,3.8470821223956984e-05,0.00019781146893795907
tiwari,Hindu,0.9996910632674568,0.9996910632674568,4.84307455685674e-05,8.478169932401019e-06,0.0002503794842234247,1.7416702990726586e-07,1.474165789111922e-06
tomar,Muslim,0.5727526107287221,0.02785060072522031,0.5727526107287221,0.000872047268692873,0.39733295992494594,5.2201757713184565e-05,0.0011395795947055502
topno,Christian,0.7833587674738983,0.13134156458922328,0.03420426482864335,0.04650527138473317,0.7833587674738983,0.0018745153882568806,0.0027156163352450814
toppo,Hindu,0.7880485553739552,0.7880485553739552,0.008928057878100136,0.12264557252702067,0.0791807307010526,0.0009337453488858611,0.0002633381709855071
torafdar,Muslim,0.6305713090458785,0.36207494344231506,0.6305713090458785,0.0018234759857727377,0.005362541148911914,9.715382861614104e-05,7.057654850552744e-05
totaram,Hindu,0.9975844456462541,0.9975844456462541,0.00039750644333278004,0.0008823700142871001,0.00034285879989361177,9.098467843777903e-05,0.0007018344177942097
tra,Hindu,0.998975568294155,0.998975568294155,2.1368830625927105e-05,0.0004916726430960932,0.0003001300426719654,3.393375322691576e-05,0.00017732643622379206
tribhuvan,Hindu,0.9943216903647765,0.9943216903647765,0.002867870000305806,0.00043528064177633137,0.002291498887778972,1.5238962562195054e-05,6.842114280022096e-05
tripathi,Hindu,0.9903207502822617,0.9903207502822617,0.0005307381987995166,0.0010252982566879916,0.007751980127213903,4.713612202820002e-06,0.00036651952283383736
tripura,Hindu,0.9840236666811996,0.9840236666811996,0.004311263097309807,0.0017676355875333586,0.009649778206619348,2.7676216725729543e-05,0.00021998021061225563
trivedi,Hindu,0.9982472284347629,0.9982472284347629,0.00030585348414040135,3.208315522483764e-05,0.0014109173599576646,5.172489568384249e-07,3.400316957369652e-06
triveni,Hindu,0.9630506889107422,0.9630506889107422,0.0006816428820224954,0.00019613100017563042,0.036062106149118686,1.799417116845634e-06,7.631640824136862e-06
tud,Hindu,0.9100334040403042,0.9100334040403042,0.017703913747201726,0.0017284685830272367,0.06898564372326144,9.536642116820462e-05,0.001453203485036944
tudoo,Hindu,0.8684790881911248,0.8684790881911248,0.047148229714459595,0.02104914197045317,0.061871623642142125,7.092299729686646e-05,0.0013809934845233718
tudu,Hindu,0.6153623190777456,0.6153623190777456,0.004585915671709777,0.0010827930660621944,0.3785536698497968,0.00011249650175562913,0.00030280583292990697
tukaram,Hindu,0.9980243358896105,0.9980243358896105,5.594230752605915e-06,6.677644695015085e-06,1.0247969857585881e-05,7.586564739816982e-06,0.0019455577003444538
tularam,Hindu,0.995252950971234,0.995252950971234,0.0005389701027823793,0.0002520195799035486,0.001190962163894813,3.37360094423513e-05,0.0027313611727430944
tulsi,Hindu,0.5956303180778146,0.5956303180778146,0.23270603277059992,0.030118266169508162,0.13744969771864113,2.7408158687633223e-05,0.004068277104748375
tulsiram,Hindu,0.6357570966257743,0.6357570966257743,0.0663028807197721,0.005379269197919065,0.04204563918440348,5.305719878178661e-05,0.25046205707334934
tunaa,Hindu,0.5117538687312551,0.5117538687312551,0.14695001024020118,0.001964780694698555,0.33845875695087924,0.00020681739783963275,0.0006657659851264269
tunatun,Hindu,0.7561389531979099,0.7561389531979099,0.2247315925364224,0.0012150464300881435,0.01677384587906093,0.00018410714374926627,0.0009564548127694732
tupe,Hindu,0.8961873118338846,0.8961873118338846,0.002157210483982167,0.0017304891894523928,0.09959355170635815,2.238641943747145e-05,0.0003090503668852167
turi,Hindu,0.9950889803780557,0.9950889803780557,0.0001798882055528191,9.765050715708212e-05,0.004560803394640509,1.5802369972250058e-06,7.109727759670678e-05
turu,Hindu,0.9968213311163425,0.9968213311163425,0.0007936451289184212,0.0009024578278592491,0.0013380246839064238,1.8488474998291822e-06,0.00014269239547344857
tyagi,Hindu,0.9884812088555812,0.9884812088555812,0.0033774098620319767,0.00043835576212700595,0.007699035937978434,1.8284420852390647e-06,2.161140195965432e-06
ubaale,Christian,0.474379627149683,0.3225476405939926,0.20093854914140255,0.0010146875739873921,0.474379627149683,0.00046763412444797317,0.0006518614164863419
ubale,Hindu,0.8270002135166644,0.8270002135166644,0.09588184621186113,0.0009520914935851133,0.07312487295566568,0.0018159119069520433,0.0012250639152717481
uda,Hindu,0.9957815939733949,0.9957815939733949,0.0020112809178853375,0.0001580180025483202,0.0018963343110025433,4.358316642131187e-05,0.00010918962874761875
udake,Christian,0.6585447503938786,0.19951646846977703,0.13699706384173238,0.004395862581329933,0.6585447503938786,9.599166865604642e-05,0.0004498630446261023
uday,Hindu,0.9785341909292864,0.9785341909292864,0.000539864381718279,0.0009791653290815397,0.019919181341702525,1.1193497426238379e-05,1.640452078484167e-05
udayabhaan,Hindu,0.9675151152553474,0.9675151152553474,0.011088565454476526,0.0011061075440448028,0.020131971782334234,2.7611920910255307e-05,0.00013062804288680517
udayakumar,Hindu,0.9252767262656557,0.9252767262656557,0.010710290049441906,0.0027530093845561173,0.06053438939235626,0.0006516934949554352,7.389141303438549e-05
udayaveer,Hindu,0.9610086605245922,0.9610086605245922,0.007850170282973043,0.001282601353114351,0.029806376798605715,3.294222894102681e-05,1.9248811773675077e-05
udaybhan,Hindu,0.9464084738479167,0.9464084738479167,0.0342606296724756,0.0035750659782362477,0.014949444899399787,0.00017853348947071676,0.000627852112500917
uddeen,Muslim,0.9651357014013618,0.03338721315627635,0.9651357014013618,0.0005522021889572131,0.0008936153992316606,8.775998622279262e-07,3.0390254310783937e-05
uddin,Muslim,0.9999940863791155,5.6534184809731545e-06,0.9999940863791155,2.8727591031477898e-08,2.2928035783278892e-07,1.7502649181346898e-09,4.4419002894866654e-10
udin,Muslim,0.8692485788076514,0.1289712961127934,0.8692485788076514,0.0003337595360992703,0.0013628418645306518,8.09335151615756e-05,2.5901637638077e-06
ueeke,Christian,0.674328015528598,0.08628700042586324,0.21832808801682524,0.0031624541298707035,0.674328015528598,4.042031773337475e-06,0.017890399867069445
ugale,Hindu,0.9264071046558262,0.9264071046558262,0.024074177556670157,0.0003627565751904347,0.04826742578389628,0.0007497321798710271,0.00013880324854581238
uike,Hindu,0.9007944063842825,0.9007944063842825,0.06746172014745058,0.005375886944757623,0.025916285565697073,1.733057690956375e-05,0.00043437038090229793
uke,Hindu,0.9393988972477454,0.9393988972477454,0.011202757732255226,0.002731538015376406,0.03511862946683697,8.790557175597432e-06,0.011539386980610694
ulla,Muslim,0.9498667430263082,0.03832641621319072,0.9498667430263082,0.0051174469842840105,0.006645543932051866,4.2164326988783304e-05,1.6855171764792627e-06
ullah,Muslim,0.9848567788453019,0.004785863616931393,0.9848567788453019,0.009835290999270163,0.0005174400512561186,3.7095283869748465e-06,9.169588531403308e-07
uma,Hindu,0.7919503774003075,0.7919503774003075,0.05530645050856137,0.0007141404462514576,0.15100095844277164,0.00011612372785766345,0.0009119494742504955
umaa,Christian,0.9331982228548154,0.05228652678100769,0.013807316706693173,0.0005508306230156944,0.9331982228548154,2.317959602281305e-05,0.0001339234384451511
umaadevee,Hindu,0.5389089421102793,0.5389089421102793,0.0035454876214395465,0.0010157628452561625,0.44864566312355303,1.432388025688103e-05,0.007869820419215032
umaakaantha,Christian,0.8539828332835033,0.14356766151689268,0.0014600039648997114,0.0007492084508355475,0.8539828332835033,4.21698886835506e-05,0.00019812289518507156
umaasamkar,Hindu,0.6130681948005576,0.6130681948005576,0.007559951831539945,0.0008561832999308315,0.32973629285622824,3.308959707818135e-05,0.04874628761466517
umar,Hindu,0.5463926298279905,0.5463926298279905,0.006910967589484471,0.0003712981618907998,0.44510379712333825,0.001047149337455696,0.000174157959840314
umaraavathee,Christian,0.696447253024659,0.3006902078675355,0.002289403968472166,0.0004292076652285987,0.696447253024659,5.0037591180537706e-05,9.388988292440639e-05
umashankar,Hindu,0.975408384326539,0.975408384326539,0.002122520745226723,0.00015914565907575523,0.020782126522870523,0.0010628886456390456,0.00046493410064907796
umes,Hindu,0.835983418401361,0.835983418401361,0.010555368933282867,0.00020534388804968514,0.15028314685702168,0.00011061848960569039,0.0028621034306787934
umesh,Hindu,0.9590802699580016,0.9590802699580016,0.002106980584540692,7.43244775339639e-05,0.026215378376750982,0.001486496288642488,0.011036550314530333
umilaa,Christian,0.7341410983413142,0.19689964947895372,0.0673674995597799,0.001366907358592084,0.7341410983413142,7.83630780330938e-06,0.00021700895355668596
umirlaa,Hindu,0.5339086664868149,0.5339086664868149,0.17724368345812708,0.002817995975611819,0.2857009995983975,2.1680581705320607e-05,0.0003069738993434137
ummar,Muslim,0.7174710887509717,0.15781609413881129,0.7174710887509717,0.03217520164559215,0.09247786943675883,2.068829664988852e-05,3.9057731216162234e-05
umraav,Hindu,0.9516568421267027,0.9516568421267027,0.011934335398589955,0.0003343898707422774,0.03591921861320109,3.352651177944704e-05,0.00012168747898461878
unnikrishnan,Hindu,0.9891924117751477,0.9891924117751477,0.004213014830368266,0.0006325027071799093,0.005883657459469359,7.079237818408729e-05,7.620849650555078e-06
upaadhyaay,Hindu,0.9426467228290519,0.9426467228290519,0.0017934885296649133,0.0016579010380347338,0.05385308309320455,1.3313884297445914e-05,3.549062574647606e-05
upaasee,Christian,0.9014562126201362,0.09512231477879943,0.0028557178398658607,0.0005541825750018657,0.9014562126201362,2.665804505668053e-06,8.906381690965266e-06
upadhyay,Hindu,0.9996214586516651,0.9996214586516651,2.609878634788764e-05,9.922337609653482e-05,0.0002508759247170931,1.0945765310940109e-06,1.2486846424481253e-06
upemdr,Hindu,0.7207590348343135,0.7207590348343135,0.2458670808715788,0.006707013126906322,0.025305474887580323,0.00012067376653256901,0.0012407225130885427
upendr,Hindu,0.9054433839847258,0.9054433839847258,0.002462283879581775,0.006307686308565573,0.08539783315508785,0.00025186432359628006,0.0001369483484427627
upendra,Hindu,0.9308138198369982,0.9308138198369982,0.0011228153841184546,0.002891071348941725,0.06435947376030172,0.0006223898070128243,0.00019042986262718948
uraanv,Hindu,0.956626836815416,0.956626836815416,0.0025569168306223042,0.00046501929678498434,0.039158426119917114,6.098595845509108e-05,0.0011318149788042593
uraine,Hindu,0.9816289245996984,0.9816289245996984,0.010432142376030745,0.0011740776189242566,0.006373045116184291,0.0003456937576668088,4.6116531495415025e-05
uranv,Hindu,0.996640244726942,0.996640244726942,0.0006083186979235599,4.363692746133775e-05,0.0003592205828657188,2.308390740546436e-05,0.0023254951574020197
urao,Hindu,0.9952994010652546,0.9952994010652546,2.4928421568513373e-06,1.550676351789054e-05,0.0006531193410893293,9.215547449324297e-05,0.0039373245134880115
uraprameelaa,Hindu,0.9326436322240517,0.9326436322240517,0.009923749567311025,0.00031247715404114743,0.05686894852211187,7.97082659734081e-05,0.0001714842665109492
urav,Hindu,0.9998719876842487,0.9998719876842487,1.1352222054979031e-05,1.1068123979798898e-05,6.124929502221939e-05,3.5959203013281505e-05,8.383471680757272e-06
urmeelaa,Hindu,0.7352898543909376,0.7352898543909376,0.053186128093058505,0.003824637282207556,0.20761605401710348,9.706054617408593e-06,7.362016207546635e-05
urmila,Hindu,0.9634661641467442,0.9634661641467442,0.01002210421997581,0.0031868916433863584,0.023280245980805993,3.1776790142433775e-06,4.1416330073264136e-05
urmilaa,Hindu,0.7782336911051938,0.7782336911051938,0.01683783894663172,0.004098226267525181,0.20074048659315702,6.714183199735291e-06,8.304290429262645e-05
urmilraa,Hindu,0.7377123144813917,0.7377123144813917,0.009475751829558347,0.004734518647473383,0.24799411910102612,9.305407006679165e-06,7.39905335436534e-05
urmithraa,Hindu,0.9306939186835518,0.9306939186835518,0.01228538695731115,0.01564524140897223,0.0403466221924361,1.4660539047784728e-05,0.0010141702186810381
usaa,Christian,0.5118729287816072,0.12903894578261532,0.3560836527560274,0.0029067923053365113,0.5118729287816072,8.05753118996941e-06,8.962284322371677e-05
usamaan,Christian,0.49319340567720965,0.41447248987405927,0.09068626302129844,0.0011956760297941013,0.49319340567720965,0.0001440342979193775,0.00030813109971941817
usen,Christian,0.8566568885447599,0.03915857825158592,0.1017109855448557,0.002470910355412792,0.8566568885447599,3.037878226832953e-07,2.3335155630776085e-06
usha,Hindu,0.7683941830477293,0.7683941830477293,0.18238472945001397,0.044146171235359175,0.004515981061369823,6.5672886901806036e-06,0.0005523679168377088
ushaa,Hindu,0.5214926850404726,0.5214926850404726,0.2764517767212544,0.027497691252791567,0.1737866303736587,2.70626810704523e-05,0.0007441539307522309
ushaadevee,Hindu,0.8441620718972901,0.8441620718972901,0.00835329854188611,0.0037411402430856285,0.1345335644879294,8.590735184459522e-06,0.00920133409462454
usmaan,Muslim,0.7863421549401045,0.04795147949413697,0.7863421549401045,0.08262218779070671,0.08288933238890075,2.3931979295527996e-05,0.00017091340685560663
usman,Muslim,0.8002024394768895,0.007158151626273759,0.8002024394768895,0.1915484971983208,0.0010301581288007303,7.759056753067831e-06,5.299451296195063e-05
uththam,Hindu,0.5207424748603214,0.5207424748603214,0.016180989329123655,0.01460379733578716,0.4482899625915837,1.1435829684259131e-05,0.00017134005349973757
uttam,Hindu,0.9979749069712013,0.9979749069712013,0.0007633405456359306,0.000721341131894918,0.00010160961390654892,2.9461531236388624e-05,0.00040934020612503637
vaadekar,Hindu,0.44880772215270825,0.44880772215270825,0.0006414392854484407,0.00034127235999739105,0.146888222785224,6.239327569145897e-05,0.4032589501409304
vaadhelaa,Hindu,0.6598938193664692,0.6598938193664692,0.005553284573661886,0.0003328191177655142,0.33408924337552925,6.024393922925141e-05,7.058962734483243e-05
vaagh,Hindu,0.6405026723908264,0.6405026723908264,0.0027960928821634517,0.004519082751746742,0.35206969782051745,5.967105753315891e-05,5.278309721269818e-05
vaaghamaare,Hindu,0.7157338579596113,0.7157338579596113,0.010607129659099771,0.0015213289298543116,0.2720301508046443,5.599022253400351e-05,5.154242425604647e-05
vaaghamoode,Hindu,0.8871762325988651,0.8871762325988651,0.05311399631349373,0.018355322759317068,0.04060442703925376,4.663519181612009e-05,0.0007033860972542639
vaagharee,Hindu,0.9021574329270817,0.9021574329270817,0.0024301539272651848,0.0022278398639190558,0.09315509460447886,1.4524428746247144e-05,1.495424850878726e-05
vaaghelaa,Hindu,0.6362578695632087,0.6362578695632087,0.002358785813661829,0.0003196924485109111,0.3607986596720073,0.00025049975293731124,1.4492749673909587e-05
vaajaa,Christian,0.9752719176415879,0.020276226188386298,0.004112023050716942,0.0002763981587267376,0.9752719176415879,7.565159148949553e-06,5.586980143321531e-05
vaalaa,Christian,0.9318750064898449,0.06438037097813502,0.003510780036564523,0.00017735164015955423,0.9318750064898449,1.617462508311355e-05,4.031623021275516e-05
vaalamd,Hindu,0.6063816842780839,0.6063816842780839,0.19087860363178696,0.0026091518698686867,0.19562974276339207,4.614622854395422e-05,0.004454671228324358
vaanakhade,Hindu,0.9707369351373408,0.9707369351373408,0.01136581787889069,0.001425548682746618,0.009435695029259264,4.736680876883531e-05,0.006988636462993924
vaanakhede,Hindu,0.9419491113758137,0.9419491113758137,0.010264865511550368,0.00063335079869822,0.025608392111863307,1.9227094557592524e-05,0.021525053107516665
vaanee,Christian,0.8318984223426149,0.12159638221507271,0.04549178109221967,0.0002228353984842915,0.8318984223426149,3.711241045045132e-05,0.0007534665411581527
vaasudev,Christian,0.7896011591566189,0.20942060311367125,0.0004912175907378822,0.00012016712540348159,0.7896011591566189,2.8440492760503445e-06,0.00036400896429225106
vadivel,Hindu,0.9990668515227805,0.9990668515227805,1.7594613427367724e-05,2.5291631186872204e-06,0.0009116286273054075,3.6388681266869814e-07,1.0321865554045991e-06
vadivelu,Hindu,0.9993893791686403,0.9993893791686403,3.7972125141296734e-05,3.416077636002377e-06,0.0005674085614835591,3.1484551209128274e-07,1.509221586603705e-06
vagh,Hindu,0.9997734209003628,0.9997734209003628,8.411774208685859e-06,0.00010969257109886654,9.580159113217403e-05,1.2151168332792202e-05,5.219948644562727e-07
vahid,Muslim,0.6201661738094864,0.3581348781191038,0.6201661738094864,0.0012291258137468695,0.020268371050943756,0.00012879609862105414,7.265510809815569e-05
vaibhav,Hindu,0.9929390476507336,0.9929390476507336,0.0032387517729653573,0.00026764908805411685,0.0033308163477297585,7.419005667185036e-05,0.0001495450838454028
vaidy,Hindu,0.7222665639428257,0.7222665639428257,0.02059355233432619,0.013845252230690495,0.23033760875282533,8.499588728833412e-05,0.012872026852044024
vaidya,Hindu,0.8038800474154268,0.8038800474154268,0.02163593582859486,0.012190045363941084,0.12479231338690804,0.00012313204708605608,0.037378525958043037
vaisaalee,Christian,0.704014232773928,0.21982022081156097,0.07561444833683867,0.00038790752185421414,0.704014232773928,8.805208614443045e-06,0.000154385347203503
vaishali,Hindu,0.9611873404745858,0.9611873404745858,0.01556766797934134,0.00045636761657253045,0.02277077966844007,1.571817318134587e-06,1.6272443742170537e-05
vaishnav,Hindu,0.9742161898650036,0.9742161898650036,0.0021481862813460097,0.00029017372221806765,0.023254991597665163,4.8312615039053664e-05,4.214591872799324e-05
vaishya,Hindu,0.9808740131543963,0.9808740131543963,0.00025801282964901036,0.0001559065306023609,0.018704282430758872,5.168695615623977e-07,7.268185031935068e-06
vaiyapuri,Hindu,0.9963331225822821,0.9963331225822821,0.0006262120458615264,9.237160127321172e-05,0.0029278467950317718,6.523329709854283e-06,1.3923645841366022e-05
vakeel,Christian,0.4412356454409806,0.3587169749707194,0.19831370799767847,0.0016603105541141033,0.4412356454409806,1.7082249582856467e-05,5.627878692455052e-05
valavee,Hindu,0.9355688520916411,0.9355688520916411,0.014653484827525735,0.004245374305364824,0.04539161036707987,8.944020370907936e-05,5.123820467955019e-05
valavi,Hindu,0.9249065874447787,0.9249065874447787,0.029903451636392762,0.00880917255456953,0.0355493051772307,0.0007123373816225933,0.0001191458054055176
vali,Hindu,0.6900943490409195,0.6900943490409195,0.2332175496068606,0.0003222525102635498,0.07629627106552514,6.404209538541569e-05,5.535681045623377e-06
valikara,Hindu,0.9023716852962759,0.9023716852962759,0.0751838049084574,0.0011657382688114713,0.020628244475330973,0.0001810282555836381,0.00046949879554052495
valsala,Hindu,0.8341262736476782,0.8341262736476782,0.04812976023057857,0.0010300026360286344,0.11661011258392794,4.283936577020284e-05,6.101153601639303e-05
vamdanaa,Hindu,0.9306131282230032,0.9306131282230032,0.00847047357197759,0.0009120647013148687,0.058778115495029606,0.0001195221980856146,0.0011066958105888655
vanakar,Hindu,0.9966718342974374,0.9966718342974374,6.556529285405454e-05,4.068311708097732e-05,0.003078258181438353,3.754434953101706e-05,0.00010611476165803515
vandanaa,Hindu,0.9705975357297149,0.9705975357297149,0.0006844765210831819,4.7480698844056327e-05,0.02811000667373558,0.0003762937901758315,0.00018420658644625686
vani,Hindu,0.9902927381800016,0.9902927381800016,4.5195465946685956e-05,4.46386983725487e-06,0.00891509576093749,0.0007182424739731466,2.4264249303765755e-05
vanita,Hindu,0.9943719043932605,0.9943719043932605,0.0009260351277169739,0.00016373463839966233,0.004132997897571085,0.0002998870544689297,0.00010544088858278971
vankhade,Hindu,0.5663450259375651,0.5663450259375651,0.004058665395822819,0.0006604595665722604,0.00043085757323766414,0.00428371681223986,0.4242212747145622
vano,Hindu,0.7071057028087242,0.7071057028087242,0.005692016149119878,0.0009172628325161401,0.27131521056045577,0.0012947747939114679,0.013675032855272514
varadaraj,Hindu,0.990235740522,0.990235740522,0.00025179765290693647,2.547162705907318e-05,0.009410214156017054,4.915148941246046e-05,2.762455260421823e-05
varadarajan,Hindu,0.9766711638151843,0.9766711638151843,0.0005810423855725698,4.046228963002152e-05,0.02266748651565682,1.357134819244074e-05,2.627364576405504e-05
varalakshmi,Hindu,0.8086722002655893,0.8086722002655893,0.002811381514588465,0.005243086914263251,0.18322548323525356,1.2497909545211378e-05,3.535016076001171e-05
varathan,Hindu,0.936302616461464,0.936302616461464,0.00021332404566003235,6.498491150664734e-05,0.0631411522190014,1.1714046299481893e-05,0.00026620831606858324
varghese,Christian,0.9998283895969436,0.00016823809510833107,2.2693288627967928e-06,1.08184302944606e-06,0.9998283895969436,1.1194438863611599e-08,9.941616839350472e-09
variadar,Christian,0.7951222283171178,0.20459540783852065,0.00024850855631042615,1.516499273871912e-05,0.7951222283171178,1.420829317627762e-05,4.4820021361602745e-06
varkey,Christian,0.9993146167271608,0.0006405487662827957,3.344165967494093e-05,1.0428231986040567e-05,0.9993146167271608,1.6179150107823264e-07,8.028233943110201e-07
varma,Hindu,0.9924825814129213,0.9924825814129213,3.398952571884819e-05,6.620041746381453e-05,0.007409668315112231,5.3318741251617195e-06,2.228454658472281e-06
varmaa,Hindu,0.7809644338802626,0.7809644338802626,8.006531315194613e-05,0.0001554768419338879,0.21878115181561741,1.1523154795529704e-05,7.348994238652276e-06
varoon,Christian,0.6630240074054488,0.32327784729781206,0.010154796407340013,0.0033666946375625075,0.6630240074054488,9.452037457711688e-05,8.213387725956301e-05
varsha,Hindu,0.9764573715896618,0.9764573715896618,0.004965343424391121,0.003304930426186229,0.015192129518328289,3.0201125169388117e-05,5.002391626299449e-05
varshaa,Hindu,0.8867665679692195,0.8867665679692195,0.01016435572061643,0.00432612328039465,0.09859951478795663,4.788682724414456e-05,9.555141456878077e-05
varun,Christian,0.9055247801281429,0.09139470189816283,0.0029302542152234217,5.589596834460759e-05,0.9055247801281429,1.4970245905150382e-05,7.939754422108879e-05
vasaavaa,Christian,0.9012697182351634,0.0978124027668282,0.0007950590983271888,2.535905974716502e-05,0.9012697182351634,6.027956362899362e-05,3.718127630498139e-05
vasaave,Christian,0.6531001932490327,0.34657270499582626,0.00028639647818466386,1.7607904776789297e-05,0.6531001932490327,7.837483081236552e-06,1.5259889098394646e-05
vasadev,Hindu,0.8842393752635612,0.8842393752635612,0.0015656600589260398,0.00039925673225908097,0.10994426402004687,0.0001369173118767596,0.00371452661333006
vasant,Hindu,0.9805514870251265,0.9805514870251265,9.391817590206066e-06,0.00015811022497667205,0.017430253644484583,0.0001709080181277747,0.0016798492696944553
vasantha,Hindu,0.9417656963485128,0.9417656963485128,5.4322297079393725e-05,0.00013541680601291762,0.057863471481775,1.3242112398850907e-05,0.00016785095422113897
vasanthee,Hindu,0.8376547164903585,0.8376547164903585,0.000589786854718664,0.001008166920080679,0.16046608760886524,1.4034639403208436e-05,0.0002672074865738261
vasave,Hindu,0.8720647254986112,0.8720647254986112,0.00015134343653620708,1.5658158396511668e-05,0.12773795527373585,1.60016294258552e-05,1.4316003294381381e-05
vaseem,Christian,0.538365824698449,0.3389535909052918,0.12058706770431973,0.001996884750571919,0.538365824698449,1.081661263975536e-05,8.581532872785966e-05
vasim,Christian,0.6066070350113352,0.35250062712221036,0.0397403905902875,0.001140810186754275,0.6066070350113352,3.283180778523244e-06,7.85390863399721e-06
vasu,Hindu,0.7935623147298585,0.7935623147298585,0.0001620152910145433,2.5741569265549338e-05,0.20624291568432337,9.43277269733836e-07,6.069448268113053e-06
vasudev,Hindu,0.9206667322293735,0.9206667322293735,0.00048769148528306184,0.00011721351255580794,0.07831300027671179,1.7649362302396764e-06,0.00041359755984571306
vasudevan,Christian,0.5039556596029774,0.49384071461561085,0.0014433527511741027,0.0001976552555723974,0.5039556596029774,1.1707064938037998e-05,0.000550910709727104
vati,Hindu,0.9357341134055904,0.9357341134055904,0.00029618549134528344,0.00013046086738247758,0.0636229599246496,0.00020787992129419778,8.400389738222946e-06
vayassu,Christian,0.891550662017187,0.1016933593396777,0.004502033477841125,0.002244211408829799,0.891550662017187,4.183145569303149e-06,5.550610894965032e-06
ved,Hindu,0.9838969968702703,0.9838969968702703,0.00010812693815057654,1.7934903110117215e-05,0.015968816494467488,3.194529114271647e-07,7.805341089931677e-06
vedaprakaas,Hindu,0.5057377634053696,0.5057377634053696,0.0017184483897401328,0.00039667394043171227,0.4919365774284719,0.00016802679209152038,4.251004389500915e-05
vedprakash,Hindu,0.9406591553833259,0.9406591553833259,0.012786220306583733,0.0019909320643452296,0.043900784972539506,0.0003417101762210059,0.0003211970969844838
veenaa,Hindu,0.7927608550679734,0.7927608550679734,0.011477102768771605,0.000683205483994894,0.19501811350142229,2.014954523964154e-06,5.8708223313809604e-05
veer,Hindu,0.9790890186830132,0.9790890186830132,0.0031728052738603124,0.0001717698527777638,0.017565313306892996,1.3420645028677576e-07,9.586770055301384e-07
veeramani,Hindu,0.9779721265202364,0.9779721265202364,0.000663169306705026,2.6314391102830832e-05,0.0213094585366245,9.174701393989947e-06,1.975654393709907e-05
veeramuthu,Hindu,0.9902116671202266,0.9902116671202266,0.0003689861207099022,0.0004889581429786612,0.008923585533362826,3.733998825836189e-07,6.429682839443275e-06
veeran,Hindu,0.9127974089041881,0.9127974089041881,0.04248684649018712,0.00010278365096346558,0.044590931795074756,1.2043195516685812e-06,2.0824840034945063e-05
veerapaal,Hindu,0.9045245687614879,0.9045245687614879,0.004831537220506146,0.00026744619263923634,0.09035482892156808,1.4246610100429861e-05,7.3722936982497675e-06
veerappan,Hindu,0.9987889047471663,0.9987889047471663,6.274294084582412e-05,3.5872884056177925e-05,0.0011090604947585027,3.093511996139088e-06,3.254211771459966e-07
veerasamy,Hindu,0.9990541693404859,0.9990541693404859,0.00019449462095749435,9.865345972573549e-06,0.0007411625520289435,4.013233420415184e-08,2.6800822098818954e-07
veeravathee,Hindu,0.9855485515762193,0.9855485515762193,0.0013526456079309814,0.00020070856508249346,0.01288712107695458,2.8043691797171395e-06,8.16880463295144e-06
veeremdr,Hindu,0.7306316412161841,0.7306316412161841,0.25600097985574843,0.001534266132863043,0.011679759687258394,2.4890777559572858e-05,0.00012846233038664274
veerendr,Hindu,0.9411635572366194,0.9411635572366194,0.021744861526453406,0.0022373699745642144,0.03475067333749728,6.642904134880117e-05,3.710888351659165e-05
veeroo,Hindu,0.789161638526449,0.789161638526449,0.05216740628995091,0.006375832868159372,0.1522519832435276,6.992555054896654e-06,3.614651685831636e-05
veerpal,Hindu,0.9670792645120719,0.9670792645120719,0.008051489576486513,0.005971464103090288,0.018752855061968544,0.00011730691887625214,2.7619827506323153e-05
veevee,Hindu,0.599993268136392,0.599993268136392,0.011543028903525588,0.000974065641599383,0.38742652525911464,1.3272206682768887e-06,6.178483870013447e-05
vegam,Hindu,0.8645226269273135,0.8645226269273135,0.04448035935801425,0.0005565546633581635,0.09026945112238939,6.8837934109865965e-06,0.00016412413551394723
vel,Hindu,0.9706229307988291,0.9706229307988291,7.330271135919986e-07,1.0359323391300916e-06,0.029375279440252488,9.84404603048437e-09,1.0957419859097679e-08
velayudham,Hindu,0.940618627308954,0.940618627308954,0.0028117218044520983,0.048191434461659306,0.008344317468209453,4.487254983741738e-06,2.9411701741503655e-05
velayudhan,Hindu,0.8748210836107139,0.8748210836107139,0.0007007374152020153,0.11888700105845328,0.005548510445246767,1.1751819905197221e-05,3.091565047880293e-05
vellaichchami,Hindu,0.9620024615493823,0.9620024615493823,0.0004606475393144199,0.00022157942338547505,0.037308872671572874,2.938006874597953e-07,6.145015657411029e-06
vellaiyan,Hindu,0.9985904410219206,0.9985904410219206,2.9092601668126205e-05,5.685526746819081e-06,0.0013746641076746735,3.214278724403218e-08,8.459920242718551e-08
velmurugan,Hindu,0.9994487819570761,0.9994487819570761,0.0001112877016412933,2.6094698142202406e-05,0.0004123990065093492,3.670928737023739e-07,1.069543757507792e-06
velu,Hindu,0.9980219849121007,0.9980219849121007,6.753188433795781e-06,1.3236062510902887e-06,0.001969822446045229,1.4544840704633912e-08,1.0130232851050734e-07
veluchchami,Hindu,0.9640424475743101,0.9640424475743101,0.001171371781048925,0.0008581542399715532,0.03386740559123915,1.2754781971458651e-06,5.934533523316334e-05
velusami,Hindu,0.9909641926231701,0.9909641926231701,0.004284569956744939,0.00012650107748166537,0.004613194974971096,4.359137671298941e-07,1.1105453865179964e-05
vemula,Hindu,0.8169151603286648,0.8169151603286648,0.03110646657483742,0.0013545894233560885,0.150318937784392,1.5167074768629528e-05,0.0002896788139808849
vena,Hindu,0.880644833009597,0.880644833009597,9.483077763188543e-06,6.456644245905038e-06,0.1193375825403755,2.5490176939944e-07,1.3898262490315025e-06
venkata,Hindu,0.9941201803320959,0.9941201803320959,2.874034249358328e-07,2.0862928287148435e-07,0.005879158860867009,1.2640399083494294e-07,3.837033859396684e-08
venkatachalam,Hindu,0.9863214916277538,0.9863214916277538,0.0003237164728747026,9.861785016436482e-05,0.013236713734435215,2.093802889950573e-06,1.736651188193076e-05
venkatalakshmi,Hindu,0.8772594357094097,0.8772594357094097,0.0013924620569268945,0.0013321245426710206,0.11999295086572978,1.30607452546091e-05,9.966080007933507e-06
venkatamma,Hindu,0.9893158659073973,0.9893158659073973,0.00010689264169852123,0.00013684994798789473,0.010438491731670805,6.944332375358981e-07,1.2053380080844578e-06
venkataramana,Hindu,0.999744079350157,0.999744079350157,4.223577885458444e-06,1.1224331307092983e-06,0.00024429868801231313,4.2122071099817e-06,2.0637437044766178e-06
venkatayya,Hindu,0.6751812811546252,0.6751812811546252,3.446525036538678e-05,1.4769103365258261e-05,0.3247688974151912,3.2358084031997174e-07,2.634956127296861e-07
venkatesan,Hindu,0.966133867925348,0.966133867925348,0.00012982315330850778,1.8017029427190987e-05,0.03371024096050157,4.006379862404276e-06,4.044551552152802e-06
venkatesh,Hindu,0.9262769778519836,0.9262769778519836,1.0726189814546066e-05,2.3597592534309756e-06,0.07370504220349514,3.3564045299521277e-06,1.5375909232976898e-06
venkateshwararao,Hindu,0.9183586249783516,0.9183586249783516,4.810663790087339e-05,2.3164030208162622e-05,0.08151749996957007,1.349742609173886e-05,3.910695787762192e-05
venkateswara,Hindu,0.9405350792114231,0.9405350792114231,4.58358579360632e-06,5.479182430839089e-06,0.05945375411671463,3.4480493290133084e-07,7.590987047935847e-07
venkateswarlu,Hindu,0.9426474988271137,0.9426474988271137,6.476605043635763e-05,2.7069872971233124e-05,0.05725387871007338,7.855660484667854e-07,6.0009733569746225e-06
venkatraman,Hindu,0.9691290323208239,0.9691290323208239,0.00011879274712553647,4.31946571422925e-05,0.030657881863647297,9.533852077884433e-06,4.156455918292452e-05
venkayamma,Hindu,0.7159153791710073,0.7159153791710073,0.0003581742540425827,0.00042878008721069106,0.28329517173910584,8.090933204405501e-07,1.6856553130325284e-06
venu,Christian,0.5071769694835891,0.49255268181436357,0.00022981416801332553,3.685679197454224e-05,0.5071769694835891,5.543327145220222e-07,3.1234093450393315e-06
venugopal,Hindu,0.9595355585272954,0.9595355585272954,0.002185046431096003,0.0007427660250050327,0.03726624050562896,0.000179019046477178,9.136946449738611e-05
verma,Hindu,0.9999777166355531,0.9999777166355531,5.144846250715982e-07,5.504547352531548e-07,2.1203322629063168e-05,4.836130540635398e-09,1.0266326727460438e-08
vibhaa,Hindu,0.9411653454796912,0.9411653454796912,0.04218024140761376,0.0018325922249496302,0.014615691373770662,7.573695813632097e-05,0.00013039255583847714
vidhaa,Hindu,0.5200504656946637,0.5200504656946637,0.009346163179235123,0.0026106329895221195,0.4672976487440352,0.0003385021924582383,0.00035658720008555225
vidyaa,Christian,0.618493089510878,0.35988336334269316,0.008526338925535006,0.01248212382985382,0.618493089510878,8.397249289176798e-05,0.0005311118981483529
vidyaavathee,Christian,0.6044628386882747,0.3880038637283838,0.003690728701339678,0.0036597081433033763,0.6044628386882747,3.4011763596080704e-05,0.00014884897510238147
vihari,Hindu,0.9804094509371652,0.9804094509371652,0.01060609719212007,0.00028839576421040854,0.008669055301632872,1.1812221415143224e-05,1.5188583456329328e-05
vijai,Hindu,0.9151746111695795,0.9151746111695795,0.04102730587696202,8.579814099479002e-05,0.04266873375762141,0.0009928784429371602,5.067261190522018e-05
vijay,Hindu,0.8814198627171111,0.8814198627171111,0.001326770124774091,2.7838327019040313e-05,0.11706592137266524,0.0001290671365289774,3.054032190142124e-05
vijayakumaar,Hindu,0.7601888741464332,0.7601888741464332,0.013608058449995247,0.0009805986006299833,0.22478423566702144,0.00033632603157611875,0.00010190710434401219
vijayakumar,Hindu,0.867027128529685,0.867027128529685,0.012165243464344496,0.0008092812726042226,0.11897947840595464,0.0009392608238400092,7.960750357163533e-05
vijayalakshmi,Hindu,0.8475641118421622,0.8475641118421622,0.0031598825697188265,0.0028655610150003425,0.14637713406291936,1.0647653131452793e-05,2.2662857068237362e-05
vijayamma,Hindu,0.9615058182625318,0.9615058182625318,0.0011692748820233303,0.00031460400284706624,0.03700084206340964,4.522585680006227e-06,4.938203508373029e-06
vijayan,Hindu,0.6988480666430253,0.6988480666430253,0.00031640625945569036,4.661723581123237e-05,0.30062125009169416,0.00013373002292870156,3.3929747084981484e-05
vijayapaal,Hindu,0.7037554813916872,0.7037554813916872,0.0011983029348434822,8.563032210585243e-05,0.29476952799814865,0.0001743325843139973,1.672476890089169e-05
vijayasimh,Hindu,0.7626912246785951,0.7626912246785951,0.016521840740401035,0.0003899421236827781,0.22037520267223407,1.2459885982775044e-05,9.329899104444518e-06
vijaykumar,Jain,0.3777945981008233,0.34209153963561434,0.03760449375316215,0.0041132499964097275,0.23789895550766157,0.3777945981008233,0.0004971630063289034
vijaypal,Hindu,0.9593473183764061,0.9593473183764061,0.005903773240372963,0.00040360284522834866,0.03414755933381331,0.00015504547273112037,4.27007314481647e-05
vijaysingh,Hindu,0.905491671442389,0.905491671442389,0.007555405105537122,0.08155458772999177,0.005393835766185259,3.829341296197971e-06,6.706146006907256e-07
vije,Hindu,0.9603586437052458,0.9603586437052458,0.007574418921799471,9.509117780587976e-05,0.03187409525683174,2.4880225408146086e-05,7.28707129091042e-05
vijendr,Hindu,0.9920629124942615,0.9920629124942615,0.0029378236119974705,0.00020307155508085333,0.00451197716665359,0.00021714527345542903,6.706989855102158e-05
vijendra,Hindu,0.9940055152885681,0.9940055152885681,0.0014439526941544263,0.00012296653471502225,0.0038548609457312814,0.000476378329326319,9.632620750475883e-05
vikaas,Christian,0.6965802287062485,0.28096002844174356,0.020342428350692034,0.0017409393177944387,0.6965802287062485,4.938176495217137e-05,0.00032699341856936247
vikas,Hindu,0.8391417025824454,0.8391417025824454,0.06212949071564771,0.0031746549256303847,0.09482014010501728,7.941653853587045e-05,0.0006545951327234834
vikkee,Hindu,0.579703965026269,0.579703965026269,0.23744555365500414,0.061642417579299856,0.12005613914614414,4.1030948034703345e-05,0.0011108936452481068
vikram,Hindu,0.8654095390500454,0.8654095390500454,0.04527082167442528,0.005506434022678331,0.01053285623319936,0.002019421680121442,0.07126092733953049
vilaas,Christian,0.9182079918350297,0.07972090085887955,0.0019057647367519423,0.00014189654586441505,0.9182079918350297,2.9234587852189143e-06,2.0522564689260542e-05
vilas,Hindu,0.6574017202084907,0.6574017202084907,0.0003378276746365847,4.9339589418191334e-05,0.3421967481992039,9.00369087688753e-07,1.3463959162777453e-05
vimal,Christian,0.8198317604202443,0.14590549041785528,0.030642150448214073,0.0017446975419599382,0.8198317604202443,0.0017875703072452026,8.833086448128543e-05
vimala,Christian,0.6941191083710034,0.2935852806978714,0.010474981817426966,0.001090534620599104,0.6941191083710034,0.0005002173562494892,0.00022987713684969954
vimalaa,Christian,0.9113838300343997,0.0819087416621289,0.005947147889705809,0.0005223245029904499,0.9113838300343997,0.0001342662931149822,0.00010368961766024427
vimalaadevee,Christian,0.7055869969203865,0.2907684991580718,0.0008960510688677724,0.00037331677955846173,0.7055869969203865,3.592611285909519e-05,0.0023392099602564677
vimales,Christian,0.8380794464080241,0.14147771667849723,0.019534435016794152,0.0004140560663937348,0.8380794464080241,0.0004420070066738653,5.2338823617026115e-05
vina,Hindu,0.9286841229942405,0.9286841229942405,0.000667624338096192,0.0009153385145433891,0.06904883610682859,0.0005875957687135915,9.648227757779095e-05
vinaa,Christian,0.5981210194734723,0.3945516506660388,0.004944218975234157,0.0018646661891815262,0.5981210194734723,0.0003407661959365871,0.0001776785001365032
vinay,Hindu,0.8083043269787307,0.8083043269787307,0.0005951038967006713,0.001517079461631924,0.18949094174323636,6.0400607941596774e-05,3.214731175891945e-05
vinayagam,Christian,0.5275430071065507,0.46518118071043935,0.005401132406541531,0.001703625054019669,0.5275430071065507,7.212404627961896e-05,9.89306761690875e-05
vind,Hindu,0.9073138925702395,0.9073138925702395,2.482151719933154e-05,0.006849272173290904,0.07833000077610272,0.007231844870382849,0.000250168092784661
vindaa,Christian,0.5024097514963904,0.49545550416587447,0.0001150488423669488,0.0014746381679391779,0.5024097514963904,0.0003089037080637721,0.00023615361936527482
vindu,Hindu,0.9661652200717645,0.9661652200717645,0.0006289277791161339,0.0073175051045810315,0.021799587331191708,0.0036903558343198027,0.00039840387902682315
vineeth,Hindu,0.6559263566731913,0.6559263566731913,0.021243882757280935,0.008423885992805486,0.3142369876665841,7.722470292108999e-05,9.166220721707486e-05
vineethaa,Christian,0.5954231535279788,0.38843358055656285,0.013211231604210227,0.0028350543552256393,0.5954231535279788,3.739761667700791e-05,5.9582339345446294e-05
vinithaa,Christian,0.9781307097016967,0.01855694566136796,0.002056003445210313,0.0012260633415058213,0.9781307097016967,8.580736215212877e-06,2.1697114004053643e-05
vinod,Christian,0.7298289939601424,0.26179470718261494,0.002559785673416648,0.0015812732470094975,0.7298289939601424,0.0005392894176186253,0.0036959505191978613
vinodkumar,Hindu,0.7369666199399948,0.7369666199399948,0.016429891001596128,0.0035883370981436937,0.2402791222017124,0.0006988400643284275,0.0020371896942245845
vinood,Hindu,0.5281015071841437,0.5281015071841437,0.12293584932244637,0.022422216659407784,0.3222686982623319,0.0006022575330812847,0.0036694710385889945
vinoodakumaar,Christian,0.5432905019796924,0.43299332123350254,0.01793487560361398,0.004772882790846145,0.5432905019796924,0.00046770835609714006,0.0005407100362477577
vinu,Hindu,0.5305964620718328,0.5305964620718328,0.021937418429444862,0.0017560944690984215,0.4455451953707563,7.198572521785781e-05,9.284393364974098e-05
vipin,Hindu,0.9067963263440934,0.9067963263440934,0.003947662962237875,0.0015814161145788412,0.0876256421418018,3.015886260165022e-05,1.8793574686348332e-05
vipul,Hindu,0.9408020374657657,0.9408020374657657,0.005151096094846257,0.0008683729087421956,0.05302439632336152,1.9422310767314797e-05,0.00013467489651683862
vir,Hindu,0.992400609190281,0.992400609190281,0.0004853631914874498,1.2070325801506333e-05,0.006799040410538112,4.134308150798162e-05,0.000261573800383949
virendr,Hindu,0.9920046865451195,0.9920046865451195,0.0013395149971574514,0.00012891882264819414,0.00631403808001144,0.00016464830019300662,4.819325487052505e-05
virendra,Hindu,0.9930211961411031,0.9930211961411031,0.0008158098796623538,8.236237197668453e-05,0.005664664812873514,0.0003500411941344819,6.592560024998226e-05
visaal,Hindu,0.47527861627305956,0.47527861627305956,0.06402818828610375,0.0018809001987080025,0.4586368828273478,3.6183232719176045e-05,0.00013922918206184075
vishal,Hindu,0.9953525400779846,0.9953525400779846,0.0019116530205797696,0.0003411217252353386,0.0023837953979637676,1.5338779605485992e-06,9.355900276088376e-06
vishambar,Hindu,0.9882314526416128,0.9882314526416128,0.00869194520723034,0.0006412728400650214,0.0021261932889763474,1.6158207430622338e-05,0.0002929778146849046
vishnu,Hindu,0.9816673455839028,0.9816673455839028,0.0028640060616515043,0.0005348924846357493,0.014902204352887924,6.794326112133696e-06,2.475719081005114e-05
vishram,Hindu,0.9949901069383082,0.9949901069383082,5.91370799747238e-05,1.3402666528981676e-05,4.8754137201749224e-05,3.883979671783605e-07,0.004888210780019074
vishwakarma,Hindu,0.9994367948474141,0.9994367948474141,6.587282191942097e-05,8.442200758343094e-05,0.00038662391599668844,3.824510822345738e-07,2.5903956004231815e-05
vishwala,Hindu,0.9989546016629648,0.9989546016629648,3.3566311921036624e-05,2.807979050688696e-05,0.0009513152120550458,1.864681351385422e-07,3.225055441716578e-05
vishwanath,Hindu,0.9979445080002622,0.9979445080002622,5.687700226535748e-05,8.180201462787008e-05,0.00046414536495763937,2.0561072140443665e-06,0.0014506115106729604
vishwas,Hindu,0.9925791309186013,0.9925791309186013,0.00024245096231737432,0.000122536438627526,0.006633675678750744,6.478148701717331e-07,0.00042155818683284996
visraam,Hindu,0.6651526803511314,0.6651526803511314,0.008199287037430756,0.0007744510946953579,0.3255877866906468,1.0472628321261576e-05,0.0002753221977745228
visun,Hindu,0.888790094312531,0.888790094312531,0.006422229848574387,0.0008508250485406202,0.10388334578872002,1.0192295794686598e-05,4.3312705839457e-05
visvakarmaa,Hindu,0.9287100032351489,0.9287100032351489,0.0036847366777118112,0.0017165799054604828,0.06573599325093776,2.539164846458752e-05,0.00012729528227665732
visvanaath,Hindu,0.921737436938002,0.921737436938002,0.0007081292618535097,0.00047071114289540944,0.07680408100100775,4.718808711930296e-05,0.00023245356912197945
viswanathan,Hindu,0.9966847786244628,0.9966847786244628,8.15162144138867e-05,0.0001470933412471287,0.0030135514505014644,1.656667721000875e-06,7.140370165395986e-05
viththala,Hindu,0.9356460339730215,0.9356460339730215,0.004368253358458246,0.004357748257738117,0.0553808344699068,3.754062566828704e-05,0.00020958931520690597
vitthal,Hindu,0.9792162113059802,0.9792162113059802,0.0008412962389211505,0.0020382705995217296,0.009221253343112244,0.00023994036298401254,0.00844302814948052
vivek,Hindu,0.890544381169368,0.890544381169368,0.002574711619169697,0.0002630810744959482,0.10624060838047095,1.046902995670888e-05,0.00036674872653866264
vivi,Hindu,0.7817038846826773,0.7817038846826773,0.00041890320629018387,0.00020550917637132468,0.21749985070811959,4.3616938241924356e-05,0.0001282352882998639
vooraa,Christian,0.6462481728286782,0.3131329015201526,0.0363147712533796,0.0040820164349803,0.6462481728286782,4.728692217522572e-05,0.00017485104063398474
vrijes,Hindu,0.8906192177797408,0.8906192177797408,0.017022356257384783,0.00022565333949828382,0.09205136713668471,1.2966916427096812e-05,6.843857026405418e-05
vyaas,Christian,0.9144469643381156,0.08365190145436963,0.0015397061577308504,0.00035455524832271314,0.9144469643381156,1.881988928059747e-06,4.99081253298531e-06
vyasa,Hindu,0.791394863469775,0.791394863469775,0.015017229745814825,0.0005332161156662932,0.19303497952928936,7.847713810760059e-06,1.1863425643794787e-05
vyavahaare,Hindu,0.9482866569155113,0.9482866569155113,0.0027926142008666377,0.00023587940985232274,0.048539223272136146,0.00012777096694632195,1.7855234687256764e-05
vyavahare,Hindu,0.9947080440008018,0.9947080440008018,0.0007766164215646553,0.00012230774774815457,0.0043191536390539,6.321894832536262e-05,1.0659242506191163e-05
wadekar,Buddhist,0.649134811699403,0.3464842200811147,9.898951651505349e-05,0.00011281933287633039,0.0041623151049611645,6.84426512981077e-06,0.649134811699403
waghamode,Hindu,0.985677111744432,0.985677111744432,0.009864516180773065,0.0024911282560663144,0.0012470446142102108,1.4372889063735681e-05,0.0007058263154546301
waghmare,Hindu,0.9739466122047971,0.9739466122047971,0.014248744362289642,0.003419927618562282,0.008325233976472158,2.3595645618177694e-05,3.588619226048603e-05
wala,Hindu,0.9992256407309251,0.9992256407309251,1.67347006080245e-05,1.9545138229264332e-05,0.0007287705910861061,1.0355602322807847e-07,9.205283128334055e-06
wankhede,Buddhist,0.9995946461900339,0.00039988813086894306,3.82507645805487e-06,6.16148287665723e-07,9.917331918943077e-07,3.272115949600925e-08,0.9995946461900339
wat,Hindu,0.9998485550189345,0.9998485550189345,9.204096536315942e-07,8.65257859162451e-06,4.587403951401602e-05,2.068231362201878e-07,9.57911301701506e-05
wpt,Hindu,0.9899014595160128,0.9899014595160128,0.0009257096257627539,0.0014264369938963837,0.007660001678240052,2.294461509671236e-05,6.344757099128968e-05
xavier,Christian,0.8305508675288512,0.14997993665580875,0.01823420712698826,0.001053827256445845,0.8305508675288512,0.00010602998979979792,7.513144210616495e-05
yaadav,Hindu,0.9765180993431176,0.9765180993431176,8.949437712066402e-05,1.821003883884424e-05,0.023353818638296008,1.6818090664456297e-05,3.55951196243733e-06
yaasameen,Hindu,0.4219957822488452,0.4219957822488452,0.23016616598831963,0.0009940613444278195,0.3466685320374157,4.399114328929223e-06,0.00017105926666275347
yaaseen,Christian,0.9487244148493781,0.04453439262191779,0.0061328008101746555,0.000606162053710388,0.9487244148493781,2.5796717611906313e-07,1.971697643010254e-06
yadamma,Hindu,0.9780341495416401,0.9780341495416401,0.0007035907821319284,0.0005495175914681256,0.02070948613918975,6.629675955097407e-07,2.5929779745241088e-06
yadaram,Hindu,0.9996491402296843,0.9996491402296843,3.2716616018726253e-05,1.2932511899686931e-05,0.00025926092583331234,2.2480827839959582e-05,2.3468888723869392e-05
yadav,Hindu,0.9999991788664647,0.9999991788664647,1.0573084894737765e-09,3.178347222958122e-10,8.131397750566687e-07,6.4198429394861855e-09,1.9877399414659966e-10
yaday,Hindu,0.9989736998809163,0.9989736998809163,9.7914571557529e-06,7.714671205473823e-06,0.0010084311163098254,1.8700376683289498e-07,1.7587064574661215e-07
yaduvanshi,Hindu,0.9710355108318999,0.9710355108318999,0.004088746069495963,0.001272305414812489,0.023455417212518946,4.476905507878372e-05,0.00010325141619383439
yakub,Hindu,0.7664052826595573,0.7664052826595573,0.19099520903345946,0.004086959511170444,0.037983839210790404,0.0004542045766044205,7.450500841801934e-05
yallappa,Hindu,0.9987006038247173,0.9987006038247173,5.7306433764515344e-05,2.1039490943383087e-06,0.0011988681140869492,4.1114473046754505e-05,3.205290199831802e-09
yallavva,Hindu,0.9897578666667268,0.9897578666667268,0.0014400735087844324,0.00012606400924023472,0.008627627550263757,4.703679999793583e-05,1.331464987038215e-06
yameen,Muslim,0.7149403909913086,0.26066356737529905,0.7149403909913086,0.001449237299566868,0.022742002747040965,1.938680346925553e-06,0.0002028629064377072
yamunaa,Hindu,0.884415023695569,0.884415023695569,0.016021550078303925,0.0026397661052380617,0.09689534500898775,9.080866737101381e-06,1.9234245164242832e-05
yasapaal,Christian,0.538365852804767,0.45206000793147094,0.009056117018610853,0.00039239036632256663,0.538365852804767,0.00011328159767752625,1.2350281150985426e-05
yaseen,Christian,0.6388046414626976,0.2906573271024649,0.06790963491811604,0.0026200177597552774,0.6388046414626976,1.1124776387004951e-06,7.266279327576982e-06
yashoda,Hindu,0.9741585343925574,0.9741585343925574,0.004888687512639877,0.00022822519472328855,0.020561125170014523,6.936774941924225e-05,9.405998064565168e-05
yashpal,Hindu,0.6856072242719121,0.6856072242719121,0.09770014938263566,0.007883604981845073,0.2082784674093067,0.00025318194849411084,0.00027737200580623897
yasin,Hindu,0.42231403777672216,0.42231403777672216,0.35749261527764675,0.10131871402889,0.11887319558697095,1.3241399233360487e-06,1.1318984659730624e-07
yasmin,Muslim,0.5722731714213373,0.30711494600240624,0.5722731714213373,0.013554434735654474,0.10703104763519225,1.378597184699439e-05,1.2614233562944287e-05
yasoodaa,Hindu,0.7170663761778856,0.7170663761778856,0.04026417485404953,0.0040375716013081025,0.23849645144297313,2.0340826346238007e-05,0.00011508509743721396
yena,Hindu,0.7148598281499294,0.7148598281499294,0.0017394028841512313,0.0003797245211679859,0.28299315483700227,2.545912754533998e-06,2.534369499457604e-05
yevale,Christian,0.7385166491942496,0.2606595492955455,0.0006642839356280957,6.131424665622205e-05,0.7385166491942496,1.7931195737770334e-05,8.027213218282607e-05
yogendra,Hindu,0.9831171966205987,0.9831171966205987,0.0012383418820335183,0.0054105747045938525,0.010100434462248047,7.568894395520382e-05,5.776338657052225e-05
yogesh,Hindu,0.8825469219923616,0.8825469219923616,0.001961541596830234,0.0022048688191883396,0.1132239443204316,2.4837839339953083e-05,3.788543184839633e-05
yoogemdr,Hindu,0.39311450501440975,0.39311450501440975,0.2275995859884345,0.2443008634656654,0.13412277348889493,4.916944936894743e-05,0.0008131025932263911
yoogendr,Hindu,0.7056680895695912,0.7056680895695912,0.004536227987370252,0.24906684217023944,0.04057704303346606,6.180564226263025e-05,8.999159707064862e-05
yooges,Christian,0.7680401542936186,0.16465610520628646,0.005117231979588446,0.06215848042530134,0.7680401542936186,4.439657994758346e-06,2.3588437210250573e-05
yugal,Hindu,0.928159719586301,0.928159719586301,0.03802478194495949,0.003997334950633429,0.029523675589159804,0.00025353427000701417,4.095365893920303e-05
yunus,Muslim,0.8897366738683947,0.09659807159247707,0.8897366738683947,0.003312055122414894,0.010338079471698729,1.8462070043706826e-06,1.3273738010028427e-05
yusuf,Muslim,0.995511430745674,0.0033033475592323582,0.995511430745674,0.0008204737028783231,0.0003639204928412208,9.8756057608567e-08,7.287433162504884e-07
yusuph,Hindu,0.37305200427335383,0.37305200427335383,0.2773247109465172,0.2535842354037818,0.09592857807679134,1.7743569551629982e-05,9.272773000416554e-05
zahid,Muslim,0.9935617800212387,0.00588534715691104,0.9935617800212387,0.00022980265921813186,0.00031545327357446375,3.054863224192878e-06,4.562025833237742e-06
zha,Hindu,0.6567937438541098,0.6567937438541098,0.33818605055673173,0.0027524731014598146,0.002150881998186163,1.5924714959998474e-05,0.0001009257745524071
zhade,Hindu,0.9288955838392088,0.9288955838392088,0.0063695588538961335,0.0004105166531078031,0.00021766530207848175,9.945294829306513e-06,0.06409673005687945
