name,clf_predicted_religion,clf_max_prob
devi,Hindu,0.9854540811081528
kumar,Hindu,0.7531114785415519
mandal,Hindu,0.9591440309834153
khatun,Muslim,0.9858325297610063
das,Hindu,0.9907646338916098
sahu,Hindu,0.9998206769130115
singh,Sikh,0.9999988829582817
ray,Hindu,0.7727698729631683
kumari,Christian,0.7149538620912294
bibi,Muslim,0.9983309210001096
yadav,Hindu,0.9999991788664647
mahato,Hindu,0.9999531178266489
ram,Hindu,0.9983044745746086
ali,Muslim,0.5949491030484959
ghosh,Hindu,0.9980234927467077
sah,Hindu,0.7183066367571858
paswan,Hindu,0.5010033516413837
bhoi,Hindu,0.9901637128541415
pradhana,Hindu,0.9975846058058017
sorkar,Hindu,0.9440888324087194
pal,Hindu,0.9981225843478926
begam,Muslim,0.9972024526719301
dis,Hindu,0.9594113616665659
prasad,Hindu,0.6148963611219005
ansari,Muslim,0.998300464187554
raut,Hindu,0.5112482728406488
barman,Hindu,0.9849237882523478
sharma,Hindu,0.9998823053984738
alam,Hindu,0.9731243400558977
nayka,Hindu,0.904997725285897
mahapatra,Hindu,0.9982656391547948
chaudhary,Hindu,0.9998830423867969
barika,Hindu,0.9800693195284015
malik,Muslim,0.837390651519781
thakur,Hindu,0.968387638536505
saha,Muslim,0.6103316817809574
behera,Hindu,0.9991571905336347
haldar,Hindu,0.9985121372459318
majhi,Hindu,0.9702646333050216
swain,Hindu,0.984655683331837
bauri,Hindu,0.9931034601773229
mahat,Hindu,0.9998947143645761
mishra,Hindu,0.9953098947943073
sing,Sikh,0.9998288723195872
manjhi,Hindu,0.9835203446600332
naeka,Hindu,0.7217054477326733
bishwis,Hindu,0.8986027583938456
khan,Muslim,0.9295131840395018
jha,Hindu,0.9003845934801643
bishwas,Hindu,0.9937164637963771
maji,Buddhist,0.8506292913478176
maiti,Hindu,0.885765757709078
padhan,Hindu,0.9993455837919061
patra,Hindu,0.9992175669357284
mallik,Muslim,0.8100828734017937
pandit,Hindu,0.999814305305629
munda,Hindu,0.9998341665542988
debanath,Hindu,0.9964096406011064
sahni,Hindu,0.514580095367813
hera,Hindu,0.99700516758522
gupta,Hindu,0.9997975828346465
rahman,Muslim,0.7518130973697453
jana,Hindu,0.9960624427383362
molla,Muslim,0.9876994793074859
maharana,Hindu,0.999491508332065
saradar,Hindu,0.9899813282190586
choudhury,Hindu,0.9885267393593891
saav,Christian,0.6867587115011211
sethi,Hindu,0.9504562133013266
bag,Hindu,0.9667483185483815
karmakar,Hindu,0.9945743960254649
chakrabarti,Hindu,0.9653799334335889
jena,Hindu,0.9980058812487789
murmu,Hindu,0.5192416512906689
hak,Hindu,0.9685921292384094
praveen,Hindu,0.9466914483241374
pramanik,Hindu,0.9682052341576048
bera,Hindu,0.9824177697994538
sardar,Hindu,0.8698197769721021
sinha,Hindu,0.8632109882567415
islam,Muslim,0.9881273684712093
sau,Hindu,0.7314597287218976
nath,Hindu,0.9990225859190426
samanta,Hindu,0.9664105256057569
mian,Hindu,0.613826977226007
majumdar,Muslim,0.6005624351333457
giri,Hindu,0.966687011941757
hajra,Hindu,0.5956348159945882
rana,Hindu,0.9996722164028607
parida,Hindu,0.994879312237377
hosen,Christian,0.9350930082745618
debabarma,Hindu,0.9653465903710394
soren,Christian,0.9538453331029182
pandey,Hindu,0.9734165971579676
kha,Muslim,0.9704870888538539
dutta,Hindu,0.9978028489722529
yena,Hindu,0.7148598281499294
uddin,Muslim,0.9999940863791155
mahanta,Hindu,0.992759411733466
panda,Hindu,0.9998865472390185
bhagat,Hindu,0.984785809166967
hembram,Hindu,0.996137936021479
ahmad,Muslim,0.996208946383144
pande,Hindu,0.9959943988593554
mohanty,Hindu,0.9684513095552562
saren,Hindu,0.9473310524517775
tiwari,Hindu,0.9996910632674568
husain,Muslim,0.8910794196151165
bagdi,Hindu,0.995633851909936
marak,Hindu,0.9142295127469213
sangma,Hindu,0.9844758966614447
rajak,Hindu,0.7466798595160619
manna,Hindu,0.9062806995859828
adhikari,Hindu,0.996014610637273
nisha,Hindu,0.5903523418217109
gauda,Hindu,0.9611563118485844
mal,Hindu,0.9817169920470414
dhara,Hindu,0.9997584136412397
sada,Hindu,0.9993361847505434
molya,Hindu,0.755377534664787
mukhiya,Hindu,0.5889926982029928
sen,Christian,0.9618156122566339
sek,Christian,0.9946683024594855
mahah,Hindu,0.9293557174502692
biswal,Hindu,0.9990806616250125
debi,Hindu,0.9463185164399679
miyan,Muslim,0.9671812135213514
gaji,Buddhist,0.6597458017292899
murma,Hindu,0.9940107772399631
dehuri,Hindu,0.9748748476462167
kalo,Hindu,0.9073052765811703
bhaumik,Hindu,0.8921368276557343
lohar,Hindu,0.969800628147671
kara,Hindu,0.9934878190860047
nayak,Hindu,0.998510859327137
santara,Hindu,0.997045084496255
setha,Hindu,0.7372374491662718
dei,Hindu,0.9195669968936582
nakshar,Hindu,0.9600644713501246
nandi,Hindu,0.9999440587952968
hansada,Hindu,0.9690938938920629
marandi,Hindu,0.9543842430421562
haq,Muslim,0.9985434143819614
varma,Hindu,0.9924825814129213
mukhajee,Muslim,0.6237768914829904
shil,Hindu,0.9342798045144679
mistri,Hindu,0.9782469248007771
patel,Hindu,0.999825296108842
banaji,Hindu,0.8520883212548384
samala,Hindu,0.9082475048205616
kundu,Hindu,0.9873178616183631
uranv,Hindu,0.996640244726942
dekka,Hindu,0.7824200753130377
ravidas,Hindu,0.9956619435344076
uraanv,Hindu,0.956626836815416
gop,Hindu,0.9717021607024388
minya,Hindu,0.5228770601472168
urao,Hindu,0.9952994010652546
boro,Hindu,0.8138459776559915
datta,Hindu,0.8895769074188979
deb,Hindu,0.9817432756118754
goswami,Hindu,0.7389590744986066
parveen,Hindu,0.9680676839790708
tudu,Hindu,0.6153623190777456
meher,Hindu,0.9434508451996079
daivi,Hindu,0.9716884507125486
garai,Hindu,0.9768519476297887
mehta,Jain,0.9057794673162638
bewoa,Christian,0.5657862974055163
chauhan,Hindu,0.9534255886290709
ara,Hindu,0.999535670115365
rabha,Hindu,0.9978415286264638
hansda,Hindu,0.8946181174451172
stri,Hindu,0.8940682446150715
baitha,Hindu,0.8491440008464946
necha,Hindu,0.920008351982493
tud,Hindu,0.9100334040403042
lakshara,Hindu,0.9949138708079103
mandi,Hindu,0.9996667780647096
bhuiya,Hindu,0.9653811333363317
pathak,Hindu,0.9938380971898839
bharti,Hindu,0.9975526498805005
bhuiyan,Hindu,0.9834555696919854
chyataji,Hindu,0.9710504506717826
bara,Hindu,0.9718694151589351
taanti,Hindu,0.909204076950144
gayen,Hindu,0.5926841334217892
hemaram,Hindu,0.9906807744714413
shah,Muslim,0.8572710863637657
kisku,Hindu,0.6550976247762951
ranjan,Hindu,0.9677689047919175
bala,Hindu,0.9981272337112852
baidya,Hindu,0.9091484326421937
malakar,Hindu,0.9792416873543971
bosak,Christian,0.40357025992838685
loskor,Christian,0.9548459016693585
kolita,Hindu,0.982511020694579
mitra,Hindu,0.9649427441507956
mahali,Hindu,0.9986192037672095
bano,Muslim,0.7010793263483469
raj,Hindu,0.9896159563108017
nayek,Christian,0.5005573928956383
kavi,Hindu,0.9255147553996893
akhtar,Muslim,0.5547408928695683
ojha,Hindu,0.9689442321462438
senapati,Hindu,0.9006222104472448
tripura,Hindu,0.9840236666811996
modak,Hindu,0.8861991450874055
shabar,Hindu,0.8630042884745618
bhue,Hindu,0.9692091039887499
harijan,Hindu,0.9999588443269295
bosumatari,Hindu,0.9139713112435754
momin,Muslim,0.956921763769069
hasan,Christian,0.9229468642106342
abdul,Muslim,0.984624122641461
nanda,Hindu,0.9998647519323829
naik,Hindu,0.9993163192551652
mahammad,Muslim,0.7240319452993143
chakrabasti,Hindu,0.8568139909419845
wpt,Hindu,0.9899014595160128
muduli,Muslim,0.49092221890947435
ichlam,Hindu,0.7572514521344524
ruidis,Hindu,0.6968531281313879
rishi,Hindu,0.9836292998023254
paramanik,Hindu,0.9822967140332896
lal,Hindu,0.9959597556609264
dube,Hindu,0.9661181894484859
husen,Muslim,0.8033095807782237
rani,Hindu,0.9914168969338516
riyanga,Hindu,0.953993885473286
poddar,Hindu,0.9652378983501969
nesha,Hindu,0.9930160864324045
mahana,Hindu,0.9955927400764069
chakma,Hindu,0.8670481783261949
kujur,Hindu,0.825276782189482
turi,Hindu,0.9950889803780557
nahaka,Hindu,0.9974320102651236
dalui,Hindu,0.8292707442609372
chandra,Hindu,0.8758085283461288
bay,Hindu,0.9061057838387362
kena,Hindu,0.9944526862768976
ahmed,Muslim,0.6147604924542135
rishidev,Hindu,0.9143614717961653
naga,Hindu,0.98954209741077
padhi,Hindu,0.9998183796380251
kunwar,Hindu,0.9739997339037925
mahakuda,Hindu,0.985229947462652
kole,Hindu,0.7637682256330761
dalai,Hindu,0.9914539891346694
magul,Hindu,0.7057868642353954
hota,Hindu,0.9979928561233287
kahar,Hindu,0.9719216840004311
shrivastav,Hindu,0.9821689361698035
kui,Hindu,0.6867397277206524
mukhajjee,Muslim,0.5387749814780469
mudi,Hindu,0.8239259949191535
basu,Hindu,0.9028076789318845
rai,Hindu,0.9979525790283551
jahan,Muslim,0.7184103277585556
ping,Hindu,0.8227712519445863
barala,Hindu,0.8700551974227818
adak,Hindu,0.9922457357315692
prajapati,Hindu,0.9991077005105975
nag,Hindu,0.9994832368468829
miya,Muslim,0.9967350248471712
sharmi,Hindu,0.985412020249266
khatua,Muslim,0.6724038503567182
minj,Muslim,0.6973702087908525
banik,Hindu,0.9880387355374741
mantala,Hindu,0.9864842408330212
bhattacharyya,Hindu,0.9847839664129454
chanda,Hindu,0.9914755470431295
mali,Hindu,0.8887981310912478
hasada,Hindu,0.5477125372710073
panigrahi,Hindu,0.9426092622673564
satra,Hindu,0.9968035846841499
murmoo,Hindu,0.9134272623842311
kamat,Hindu,0.9227394457208237
mochi,Hindu,0.9133069139075409
dule,Hindu,0.9732448670569064
andi,Hindu,0.9999700346024247
shiit,Hindu,0.937702476507499
gopa,Hindu,0.978428244433487
upadhyay,Hindu,0.9996214586516651
rajabangshi,Hindu,0.9085720295950442
purakait,Hindu,0.92396670521129
banajji,Hindu,0.8339288116902255
chetree,Hindu,0.8229451525523777
dalei,Hindu,0.9122481929250945
let,Hindu,0.8311130268971757
koyal,Sikh,0.5818104823387494
paik,Hindu,0.9889341607261458
mia,Hindu,0.7535359445386776
dolui,Hindu,0.8530093409602068
besra,Hindu,0.4607056793943492
ganguli,Hindu,0.9397376280270398
mardi,Hindu,0.9352664045843725
toppo,Hindu,0.7880485553739552
rajvar,Hindu,0.8080652063631787
sihah,Muslim,0.7165743809468288
lakda,Hindu,0.8888937121619489
mahapat,Hindu,0.9951032898217338
banu,Hindu,0.9366090697937708
bhandari,Jain,0.7868854392567778
jamaatia,Christian,0.6162482510385079
prakash,Hindu,0.9238608520587109
rao,Hindu,0.9026693817948622
gharida,Hindu,0.9951841245263385
gorai,Hindu,0.9933473840322173
orao,Hindu,0.9630054645307857
tirki,Hindu,0.8808394321697686
choudhuri,Hindu,0.9876621036313104
uraine,Hindu,0.9816289245996984
agrawal,Hindu,0.998216205702484
tanti,Hindu,0.9793802762974352
rajvanshi,Hindu,0.9285450943210536
chaurasiya,Hindu,0.9954655518021273
kushwaha,Hindu,0.9999726742756692
raja,Hindu,0.9883282172802209
bose,Christian,0.9990349004721477
bahaman,Muslim,0.7987188675885302
lenka,Hindu,0.967359816836323
mir,Muslim,0.8382129915432828
ratha,Hindu,0.9917907997777069
kisan,Hindu,0.9892956431574355
bhuya,Hindu,0.9982262113608101
vishwakarma,Hindu,0.9994367948474141
jaiswal,Hindu,0.9600258600042725
chaupal,Hindu,0.9974508540448482
tudoo,Hindu,0.8684790881911248
chyatajji,Hindu,0.9646089326154557
purti,Hindu,0.9949643047313369
kar,Hindu,0.9686773746148221
doloi,Hindu,0.869741604818111
munta,Hindu,0.9490602330370191
hosda,Hindu,0.7214723281684225
bariha,Hindu,0.9733033794205386
thapa,Hindu,0.9574102514782756
lohra,Hindu,0.9149064844990279
khanda,Hindu,0.9650669056751091
dhali,Hindu,0.986271084676079
sultana,Hindu,0.5038063565630101
panja,Hindu,0.9984748508550461
bind,Hindu,0.99603593187087
sadhan,Hindu,0.9979757640421053
bishi,Hindu,0.9370937543139769
dash,Hindu,0.9968049480805282
midya,Hindu,0.7354467283967756
linga,Hindu,0.9163418260649555
papa,Hindu,0.9374773985541612
ghoshal,Hindu,0.9977912316106079
rawat,Hindu,0.9992524038280612
ekka,Hindu,0.6716876817869867
kra,Hindu,0.992314189995128
kalindi,Hindu,0.9863772978978308
pujari,Hindu,0.95663829585241
keshari,Hindu,0.998106874878664
pahan,Hindu,0.9794014035970687
mahananda,Hindu,0.9972046279876806
dhibar,Hindu,0.9777922132598769
siha,Muslim,0.4201323842341992
torafdar,Muslim,0.6305713090458785
modi,Muslim,0.35623443499371465
kalam,Hindu,0.8889904868488911
talukdar,Hindu,0.9192060472892919
chakrabatti,Hindu,0.9248229378873349
vind,Hindu,0.9073138925702395
ganju,Hindu,0.8400162793034489
udin,Muslim,0.8692485788076514
jan,Hindu,0.963703131188382
rabidas,Hindu,0.9926737892716789
samad,Muslim,0.5167995981244108
gadia,Hindu,0.9921937768703434
turu,Hindu,0.9968213311163425
ruidas,Hindu,0.9719524584183813
ghorai,Hindu,0.9948553137288221
ghodoi,Hindu,0.9813823924981071
satapathi,Hindu,0.9920276794149029
sai,Muslim,0.7405926836774696
sengupta,Hindu,0.9952250473807733
debasharmi,Hindu,0.9767946253496419
nakkar,Hindu,0.7099741799837774
sadaay,Hindu,0.7799358719725279
barui,Hindu,0.8439609622373391
gain,Hindu,0.9555059419284944
sahani,Hindu,0.5287556698397637
salam,Hindu,0.5201144922822707
nadaf,Muslim,0.9673273875482277
douloi,Hindu,0.7422073719878145
husein,Muslim,0.7607525785368076
parvin,Hindu,0.9796641077033396
mete,Hindu,0.904982781938908
soni,Hindu,0.8778250682137532
chaube,Hindu,0.9754124746301467
agarwal,Hindu,0.9951683161690884
vaishya,Hindu,0.9808740131543963
dakua,Hindu,0.7610611307792153
dhala,Hindu,0.998602968335505
god,Hindu,0.9974825246923062
redi,Hindu,0.9913994345132338
raula,Hindu,0.8981488570329462
sutrodhar,Hindu,0.9947678360865975
anand,Hindu,0.9995694032925746
barobhuiya,Hindu,0.9542872085247559
gharami,Hindu,0.995609075803996
khatrin,Hindu,0.8924896588267887
bhakta,Hindu,0.9684594793822796
kumbhar,Hindu,0.8113433108404261
kazi,Muslim,0.9896806432259672
bairagi,Hindu,0.9968306325413425
fre,Muslim,0.8929486388942358
sarkar,Hindu,0.905588892339055
lyngdoh,Hindu,0.7714342690471785
lakkar,Hindu,0.544343011078746
khanam,Hindu,0.9501806612975563
patar,Hindu,0.9993524799164771
dom,Hindu,0.8883583972769566
sikadar,Muslim,0.7749816038854525
chattopadhyay,Hindu,0.9980357161459513
chouhan,Hindu,0.9741409391935264
tara,Hindu,0.9998934501313609
mur,Hindu,0.9996474141541316
suna,Hindu,0.7255665321824543
vishwas,Hindu,0.9925791309186013
karim,Muslim,0.5712662860861406
shasmal,Muslim,0.7635396186712873
bhutia,Hindu,0.9934903553246861
konai,Hindu,0.6578142119751585
mukhi,Hindu,0.7613011648955512
sadhukhan,Hindu,0.9610197188933811
pattanayk,Hindu,0.9843391591817697
hajong,Hindu,0.5513540507028301
guru,Sikh,0.5601186077303343
kachhap,Hindu,0.8069263636187348
laishram,Hindu,0.9977069325226469
digala,Hindu,0.8605427317079039
pati,Hindu,0.9861289338554466
negi,Hindu,0.6872779268538141
naskar,Hindu,0.9095893748771524
jalil,Christian,0.7774686418537176
kaur,Sikh,0.9998258155437161
hati,Hindu,0.9944282703804347
bagha,Hindu,0.9885936000255048
guha,Hindu,0.606260819445713
porel,Christian,0.5385150838163152
ravani,Hindu,0.9594285766138263
jain,Jain,0.9972522221895439
kuvar,Hindu,0.5343181596461598
jamal,Muslim,0.7820893237759595
lama,Hindu,0.9302294871108923
layek,Christian,0.5306479358050014
topno,Christian,0.7833587674738983
palei,Hindu,0.9690783657210262
roy,Christian,0.8123433047288263
rakshit,Hindu,0.9487424805751786
suman,Christian,0.6974529988347796
tamang,Hindu,0.993994666619081
parbhina,Hindu,0.9852166784823576
musahar,Hindu,0.6007967482851303
pahadiya,Hindu,0.9914884491837596
chettri,Hindu,0.9447875721733484
bhunaa,Hindu,0.9270978620769031
naiya,Hindu,0.9963379894605373
lakra,Hindu,0.9880211075336361
laha,Hindu,0.7583933122434956
majid,Muslim,0.8436447137087024
rajoyar,Hindu,0.8418817792447404
rahim,Muslim,0.9498436614358042
badyakar,Hindu,0.969488074664709
dev,Hindu,0.8844617380241534
bari,Hindu,0.985998379057536
sahis,Hindu,0.6251368883167525
mahaldar,Hindu,0.9996384090869264
hasda,Hindu,0.4804037052850116
ghorui,Hindu,0.9807879599227788
fatima,Muslim,0.8865613962520533
bakshe,Muslim,0.8788756403513378
talukadar,Hindu,0.8764378828476527
alauddin,Muslim,0.9966006063087082
kevat,Hindu,0.8405469062871228
pani,Hindu,0.998022543136082
basara,Hindu,0.9528704826897135
kisk,Muslim,0.7171450817033979
sutradhar,Hindu,0.9896200604710571
hemram,Hindu,0.9919507709565265
rabidis,Hindu,0.8140867954939245
iyasmin,Muslim,0.8186594903543859
mana,Hindu,0.9972184113853375
kumhar,Sikh,0.6542730362558663
mirdha,Hindu,0.9825286025883453
sana,Hindu,0.9998752486778666
bayen,Christian,0.5091563158365581
bhumij,Hindu,0.6665199188048114
urav,Hindu,0.9998719876842487
naz,Muslim,0.9211581701683375
bai,Hindu,0.9904157089987797
chand,Hindu,0.9525323502260128
kanr,Hindu,0.9834779924322864
narayan,Hindu,0.8752568900378023
shankar,Hindu,0.9656772315400722
jagdish,Hindu,0.9971927224497386
ramesh,Hindu,0.896938278968037
kanwar,Hindu,0.962930812915307
babu,Muslim,0.9403429366882137
kishor,Hindu,0.8854411222853946
hasain,Christian,0.6036252687728965
bahadur,Hindu,0.9823366440771443
mohan,Hindu,0.8889107259296947
suresh,Hindu,0.46600868229462483
omprakash,Hindu,0.8350013482196388
rajendra,Hindu,0.9880649724665802
baboolal,Muslim,0.8881707484045352
gopal,Hindu,0.9538816476072245
rajesh,Christian,0.49908684508995127
sitaram,Hindu,0.9990787200869636
laal,Christian,0.7029372666022192
ramalal,Hindu,0.9871130105327324
radheshyam,Hindu,0.9972097648824283
ramchandra,Hindu,0.9751995952366007
rajaram,Hindu,0.998871222904458
ashok,Hindu,0.9983322561324464
rajkumar,Hindu,0.9086350229626354
kailash,Hindu,0.9837425015530754
saini,Hindu,0.9301324628071906
chotelal,Hindu,0.9860379457170776
pratap,Hindu,0.9985573594388941
maangilal,Hindu,0.9289469510853499
rakesh,Hindu,0.9786787611041415
dinesh,Hindu,0.9290983275947681
rameshwar,Hindu,0.9935121329608255
kishan,Hindu,0.9985794720859862
heeralal,Hindu,0.8507373153865693
mukesh,Hindu,0.994604854237444
shyamlal,Hindu,0.991724070226032
shukla,Hindu,0.9959459967967297
gangaram,Hindu,0.9515158980511363
dayal,Hindu,0.9979589960342294
lakshman,Hindu,0.9910168121769245
mohanlaal,Christian,0.5098135144292532
mahesh,Hindu,0.9958644183445813
shriram,Buddhist,0.7561920309518362
vinod,Christian,0.7298289939601424
naresh,Hindu,0.9927311905513271
sanjay,Hindu,0.997509499939254
vati,Hindu,0.9357341134055904
mahendra,Hindu,0.9922875219156023
santosh,Sikh,0.6966706670692848
surendra,Hindu,0.9650301360209813
meena,Hindu,0.9637342102979797
ramsingh,Hindu,0.6603483648597133
din,Muslim,0.8499556217353251
jagannath,Hindu,0.99762708781581
dayaram,Hindu,0.9939073050542742
salim,Muslim,0.790406139964187
ramcharan,Hindu,0.9980701186062413
krishna,Hindu,0.955513161025351
ramanath,Hindu,0.9971835264902602
sundar,Hindu,0.9192887565880714
sunil,Hindu,0.9305438172376287
lata,Hindu,0.9963532259250126
ramapal,Hindu,0.9933117837617697
baburam,Hindu,0.9657499312532423
ramswaroop,Hindu,0.9786444067283476
bihari,Hindu,0.9835088534361743
mahaveer,Hindu,0.9728288781112577
ramdas,Hindu,0.7814501330092353
anil,Hindu,0.8613028596944624
ramkumar,Hindu,0.9419894199514769
shankarlal,Hindu,0.9967534056748956
manoj,Christian,0.7055161883747811
subhash,Hindu,0.9657903451734777
kamalesh,Hindu,0.9428837712318849
prahlad,Hindu,0.9802002202229321
motilal,Hindu,0.9568552679487561
pappu,Hindu,0.8388336617227948
vijay,Hindu,0.8814198627171111
ganesh,Hindu,0.9924317531776617
maurya,Hindu,0.9923591399172471
eumar,Christian,0.8473766571386686
ghanshyam,Hindu,0.9956317266958483
rajoo,Hindu,0.7871671098446781
satyanarayan,Hindu,0.9357358127062182
joshi,Christian,0.7109513250587909
charan,Hindu,0.9961852371640186
kali,Hindu,0.82329729275195
ewmar,Hindu,0.7208705446266701
pyari,Christian,0.5569180986210247
hanif,Muslim,0.9907924929549246
gautam,Hindu,0.9954924780622584
datt,Hindu,0.6003463656974046
shyam,Hindu,0.9991928532792588
kallu,Hindu,0.8421271304584587
govind,Hindu,0.990754396915899
kanhaiyalal,Hindu,0.9328272722995243
lakhan,Hindu,0.9703370269772041
ramanarayan,Hindu,0.9524005774803248
tripathi,Hindu,0.9903207502822617
bhagirath,Hindu,0.9961616888717321
shamma,Hindu,0.6550550834482609
munna,Hindu,0.9215235368987315
rati,Hindu,0.9963601349933535
hariram,Hindu,0.9063036160398401
nand,Hindu,0.9991964748473947
bhavarlaal,Hindu,0.8977420441528419
kumaari,Hindu,0.5062561686037975
goyal,Hindu,0.9422783488395704
bhagwan,Hindu,0.991956388617087
vishwanath,Hindu,0.9979445080002622
ramdayal,Hindu,0.9930290834860855
ramnivas,Hindu,0.9759389949150984
rafik,Muslim,0.9990765758487564
dew,Hindu,0.9390427103703002
tyagi,Hindu,0.9884812088555812
ramdev,Hindu,0.9894322001470444
siyaram,Hindu,0.9932078501214943
garg,Hindu,0.965160063882184
madanlal,Hindu,0.948130335088193
jitendra,Hindu,0.9481694818477933
paal,Hindu,0.5791048016820313
jayaram,Hindu,0.9966076738398336
shama,Hindu,0.6222366997990828
virendra,Hindu,0.9930211961411031
ramanresh,Hindu,0.9733170754969018
kashyap,Hindu,0.9988851994847113
ramkishan,Hindu,0.9970239742618495
arjun,Hindu,0.9552976385129514
sagar,Hindu,0.7388852302526095
sukharam,Hindu,0.884963645920247
ramgopal,Hindu,0.9112314443909229
rathaur,Hindu,0.9948260041522152
saxena,Hindu,0.8659635834398481
rama,Hindu,0.9978316803437757
karan,Hindu,0.9986801508263004
baijnath,Hindu,0.9856968111757759
sahay,Hindu,0.7880634969369325
gulab,Hindu,0.5596922802068195
ramlakhan,Hindu,0.9548056051499031
manohar,Hindu,0.9164832456499122
ratan,Hindu,0.9977780433310075
raghuvir,Hindu,0.9935518715917068
madan,Hindu,0.9835810155442094
ramkaran,Hindu,0.9121486794660056
laalaraam,Christian,0.5470494445826821
dewi,Hindu,0.7558836920768446
mangal,Hindu,0.8815408534945194
lakshminarayan,Hindu,0.9049656239439228
satish,Hindu,0.6001651969573761
deei,Muslim,0.7514477544328254
bhura,Hindu,0.9997262335329321
kashiram,Buddhist,0.8207439674625273
narendra,Hindu,0.9827869221588718
banvari,Hindu,0.9110672417359392
moolchand,Hindu,0.9777402616545469
pannalal,Hindu,0.9764776955414388
amarsingh,Sikh,0.865470938122695
bhola,Hindu,0.856565500143773
puran,Hindu,0.9933314582297719
kishanlal,Hindu,0.9782682857909283
heera,Hindu,0.902514751742132
rajpal,Hindu,0.9755681115555541
lalji,Hindu,0.8891667196390892
mahadev,Hindu,0.9005060184108682
ramautar,Hindu,0.9793001481223814
babulal,Hindu,0.6217480007577485
raghunath,Hindu,0.9923847641039503
ramsevak,Hindu,0.7391445931436145
maseeh,Christian,0.7116224035919902
hari,Hindu,0.9998932529662884
munnalal,Hindu,0.820263190808168
yaseen,Christian,0.6388046414626976
dharampal,Hindu,0.99931207378627
dasharath,Hindu,0.9954905000875762
bansal,Hindu,0.8119329964733788
nandlal,Hindu,0.9932627090782788
kanhaiya,Hindu,0.9158702867561923
ramkishor,Hindu,0.9844390783916996
tulsiram,Hindu,0.6357570966257743
prabhu,Hindu,0.9993613896640765
milan,Hindu,0.9312950735598675
girdhari,Hindu,0.9992093589286138
rajput,Hindu,0.9921903316937667
hameed,Muslim,0.9965144610912395
bharat,Hindu,0.9923034026036829
ratanlal,Hindu,0.9691550784979985
iqbal,Muslim,0.9916249880310591
moti,Hindu,0.9582442538383107
maniram,Hindu,0.9917775608975643
kaloo,Hindu,0.7268842694513497
ramjilal,Hindu,0.9800936814423971
ramji,Hindu,0.9795606183725505
bhan,Hindu,0.9972336419595038
shivkumar,Hindu,0.9235988420303404
asharam,Hindu,0.9965148261277653
kaluram,Hindu,0.9896982532050655
ramratan,Hindu,0.9918949885652132
arvind,Hindu,0.9826553506801969
sukhlal,Hindu,0.8323992427080245
hanuman,Hindu,0.9989620147911017
pramod,Hindu,0.9946891623591142
kamal,Hindu,0.9641673592879443
devilal,Hindu,0.9647535036507022
sharif,Muslim,0.9744482975219894
chandrapal,Hindu,0.9705511062662727
ramprakash,Hindu,0.8478337853451372
yusuf,Muslim,0.995511430745674
ramswarup,Hindu,0.9418456873996149
nathu,Hindu,0.9012040836968657
aslam,Muslim,0.8992021445130217
dhaniram,Hindu,0.992376058929402
ajez,Muslim,0.8042069058533341
rashid,Hindu,0.8562551044352533
deepak,Hindu,0.9677439839428101
ramavatar,Hindu,0.9952837584561917
pradeep,Hindu,0.9844107340637701
bhagwanadas,Hindu,0.9972624400407832
laalchand,Hindu,0.9041348583257929
nivas,Hindu,0.9451800069053784
vegam,Hindu,0.8645226269273135
ganpat,Hindu,0.9405884663354358
omkar,Buddhist,0.6254390608053993
chandrabhan,Hindu,0.9286502232096002
pyarelal,Hindu,0.8537141465393303
dhurve,Hindu,0.9961914083465644
kapoor,Hindu,0.9327514711933479
balram,Hindu,0.982581928900247
shivcharan,Hindu,0.9772627102484736
dilip,Christian,0.87524772639153
jayprakash,Hindu,0.9320079264905253
swaroop,Hindu,0.9840186373023999
nathuram,Hindu,0.991314914222488
rameshchandra,Hindu,0.9037596169746588
hemraaj,Hindu,0.9156293455686699
shivram,Hindu,0.9674627498861422
ramadhar,Hindu,0.9991093518725604
ramdeen,Hindu,0.7883409523289279
dulare,Hindu,0.9926059856078006
ismail,Muslim,0.8196903602795812
ajay,Hindu,0.6395952548696557
ramasare,Hindu,0.9915529539619851
khaa,Muslim,0.8617276691389243
santaram,Hindu,0.9964005951670378
vahid,Muslim,0.6201661738094864
harishankar,Hindu,0.9465585742147471
shivlal,Hindu,0.8679405303827669
sohanlal,Hindu,0.8944401723317875
sukhadev,Buddhist,0.997352608008814
dikshit,Hindu,0.9356707463380264
smeh,Muslim,0.9460629984041165
outar,Hindu,0.9862923004097228
ibrahim,Muslim,0.5231439124850111
kalyan,Hindu,0.9790863597072809
harishchandra,Jain,0.6236164289612138
natthu,Buddhist,0.6436734821096427
lakshmi,Hindu,0.8524672457401464
chhote,Hindu,0.9665262801452932
tomar,Muslim,0.5727526107287221
kalicharan,Hindu,0.97135405438698
arora,Hindu,0.9667148665502913
dharmendra,Hindu,0.9895108914102845
shivprasad,Hindu,0.9037045721916939
ramraj,Hindu,0.9986788507649291
vir,Hindu,0.992400609190281
ramashankar,Hindu,0.9955751908706431
prabhulal,Hindu,0.9871942720264036
jamil,Muslim,0.8807733578578419
vikram,Hindu,0.8654095390500454
badrilal,Hindu,0.9470916489656169
bherulal,Hindu,0.970590460892754
noor,Muslim,0.9629335156090283
kol,Hindu,0.803335559446024
murali,Hindu,0.9674146761841916
satpal,Hindu,0.5275643710970963
shivnath,Hindu,0.9948995359022774
devendra,Hindu,0.7243170656617822
gurjar,Hindu,0.9990612009899791
nandaram,Hindu,0.9988137319201369
umesh,Hindu,0.9590802699580016
umashankar,Hindu,0.975408384326539
rasid,Hindu,0.6425904472632249
rajveer,Hindu,0.9471228080712154
munshi,Hindu,0.8245468353716567
hariraam,Hindu,0.9190297827211701
ramsahay,Hindu,0.8744957226018975
ranjit,Hindu,0.9532247030104795
shahid,Muslim,0.9747620924696111
sonu,Hindu,0.5335627415683508
ramphal,Hindu,0.9932744595317444
sevak,Christian,0.937677130497682
sundarlal,Hindu,0.9092305395177174
khatul,Muslim,0.7284421329272871
nasim,Muslim,0.45485829422660806
parshuram,Hindu,0.9977509968686071
shambhu,Hindu,0.9873377737801935
chetaram,Hindu,0.9957443972531151
ratiram,Hindu,0.9751025881826054
avadhesh,Hindu,0.979980423475264
sandeep,Hindu,0.9776960575367555
romar,Christian,0.7678770604140056
dulari,Hindu,0.9686461805210499
irfan,Muslim,0.9226264890960841
jaypal,Hindu,0.9777903311699484
ramveer,Hindu,0.9850362606724247
bisht,Hindu,0.8174993459909224
ramakant,Hindu,0.9835761109814296
kala,Hindu,0.9946795475663137
ravinder,Christian,0.5533474572443199
shobharam,Jain,0.9408602012318716
mau,Hindu,0.8795896319157994
sohan,Hindu,0.8241167554075846
mittal,Hindu,0.9273245418834093
phoolchand,Hindu,0.9669633042262934
shivshankar,Hindu,0.994158744880908
baldev,Hindu,0.6845541928861315
sattar,Hindu,0.8369833304286839
khelaavan,Hindu,0.9777063323531416
munnilal,Hindu,0.9705263873147361
umar,Hindu,0.5463926298279905
deva,Christian,0.5267269838023217
badri,Hindu,0.833111469950996
hazari,Hindu,0.7839731870982611
sonkar,Hindu,0.9948947852300868
brijlal,Hindu,0.9327083902272302
banshilal,Hindu,0.9788892682115693
chunnilal,Hindu,0.9454206429851044
kedar,Hindu,0.9950856404018963
lala,Hindu,0.99227123965179
vishram,Hindu,0.9949901069383082
purushottam,Hindu,0.7490079249494226
mahipal,Hindu,0.9800615638721614
harilal,Hindu,0.9943920855328582
shravan,Buddhist,0.6471660515763898
jeet,Hindu,0.6738709440416593
shakil,Muslim,0.652892149454905
yunus,Muslim,0.8897366738683947
ramdhani,Hindu,0.9781701919090452
tarachand,Hindu,0.9932380152034386
mishrilal,Hindu,0.9834798996059433
ramjan,Muslim,0.9604043354342428
deshraaj,Hindu,0.8635201859520559
beg,Muslim,0.9508824575996845
amarnath,Hindu,0.969860866013833
kalu,Hindu,0.8178045558611439
prem,Hindu,0.9917206439422694
hansraj,Hindu,0.9132907547901891
shripal,Hindu,0.9906342900478916
ahirwar,Hindu,0.998156717849931
chandar,Hindu,0.9871918938440684
ilyas,Christian,0.85724528404891
nanuram,Hindu,0.9889550865865169
swarup,Hindu,0.9859609624562237
nishaad,Hindu,0.6572888942333306
maatadeen,Hindu,0.9284995903587346
gopi,Hindu,0.6282279315206554
ramjit,Hindu,0.8487593135485916
aasre,Christian,0.6183826879771492
kuldeep,Hindu,0.914522035554081
kanaram,Hindu,0.9964331513675939
dwivedi,Hindu,0.9933891053554432
arya,Hindu,0.8758727491552695
anvar,Hindu,0.8459731910556539
avasthi,Hindu,0.7189025535778877
dharmaveer,Hindu,0.9980576891643613
khalil,Muslim,0.7103901282335535
ramu,Hindu,0.99813265383815
solanki,Hindu,0.9975435688753892
patiram,Hindu,0.9710174211832442
ramavdh,Hindu,0.9977841629177744
ramanand,Hindu,0.9969293570415074
maan,Christian,0.8189503419679552
rampratap,Hindu,0.9960409404849254
rastogi,Hindu,0.7536655846824083
sarju,Hindu,0.924525967280908
ramkhelavan,Hindu,0.9916179368618313
sharan,Hindu,0.9989694683079569
roshan,Hindu,0.8426631201809498
sudama,Hindu,0.8612596328811064
pavan,Hindu,0.7192118714018179
kishori,Hindu,0.9252725453130631
usman,Muslim,0.8002024394768895
gaud,Hindu,0.9560334202160339
prabhudayal,Hindu,0.9905546401071822
vano,Hindu,0.7071057028087242
sabir,Muslim,0.9625244381703711
bhatia,Hindu,0.9891174490361271
ramvilas,Hindu,0.9272560488485427
jam,Muslim,0.6744668329532004
yameen,Muslim,0.7149403909913086
saran,Hindu,0.9767576593365687
habib,Muslim,0.979384358799994
bhushan,Hindu,0.9224002611862148
shivanarayan,Hindu,0.9766086670267624
malviya,Hindu,0.6960815017036863
sumer,Hindu,0.9624919487181095
ishwar,Hindu,0.9990185549457393
nagar,Hindu,0.9866256662310114
nizamuddin,Muslim,0.9981262523520485
rameshchand,Hindu,0.9264988611541969
baliram,Hindu,0.9319059875909771
ramchandar,Hindu,0.998175284109947
rupa,Hindu,0.9990688362303421
rambharose,Hindu,0.9374583397506346
devisimh,Hindu,0.8531428213159575
sain,Muslim,0.5036701828474867
kishun,Hindu,0.9739598353707392
arif,Muslim,0.9957601847910501
motiram,Hindu,0.5992142083106238
arumugam,Hindu,0.8928655163896885
shaik,Muslim,0.9897448960089024
ramasamy,Hindu,0.9999942100402708
krishnan,Hindu,0.974885191905487
reddy,Hindu,0.9997389930924542
perumal,Hindu,0.9966322985264159
murugan,Hindu,0.9999810231333527
nair,Hindu,0.999547809919515
rajendran,Hindu,0.9962360325993125
mani,Hindu,0.7784664696761198
nambaru,Hindu,0.9767409369827862
nembaru,Hindu,0.9103665652743542
ganesan,Hindu,0.9991314128465899
murugesan,Hindu,0.996832606765374
kannan,Hindu,0.9997180512350852
shanmugam,Hindu,0.9979080167695291
joseph,Christian,0.9999999735829239
narayanan,Hindu,0.9763039803040667
raman,Hindu,0.9911595888255919
subramaniyan,Hindu,0.957219161616158
subramani,Hindu,0.9579865192180279
selvaraj,Christian,0.9729365735821831
thomas,Christian,0.9999996556702169
lingamu,Hindu,0.9659776358362546
sekar,Christian,0.9479117615338606
munusamy,Hindu,0.996264789160485
ravi,Hindu,0.9805387893619394
patil,Hindu,0.964423935801298
vel,Hindu,0.9706229307988291
periyasami,Hindu,0.995173316328054
natarajan,Hindu,0.999381878051284
kandasamy,Hindu,0.9998750482920521
srinivasan,Hindu,0.9636600252534786
pillai,Hindu,0.9928515318320539
govindan,Hindu,0.8422522819435176
dod,Hindu,0.9951345416657865
ezhumalai,Hindu,0.9093001349226166
manikkam,Hindu,0.8433122582187919
palani,Hindu,0.999821265215098
balakrishnan,Hindu,0.9981257869116963
selvam,Christian,0.9898325286658352
rajan,Hindu,0.9490645486317576
raju,Hindu,0.8226970322008011
venkatesan,Hindu,0.966133867925348
kuppusamy,Hindu,0.9986068810669821
palanichchami,Hindu,0.9643968497020461
duraisamy,Hindu,0.9992808483126416
govindasami,Hindu,0.9975638228414195
marimuthu,Hindu,0.9991325629284525
palanisamy,Hindu,0.9993518421026781
mariyappan,Hindu,0.9975399715933209
muthu,Hindu,0.817304080859979
muthusamy,Christian,0.6830721393193966
ponnusamy,Hindu,0.9978594736212636
thangavel,Hindu,0.9994414665819163
varghese,Christian,0.9998283895969436
ramalingam,Hindu,0.7767131998033834
basha,Muslim,0.5056687842557159
sankar,Hindu,0.6919892150163116
krishnamoorththi,Hindu,0.9569395108043477
george,Christian,0.9999250276585481
ramachandran,Hindu,0.999514477308067
mathew,Christian,0.9999609716634613
saravanan,Hindu,0.9971988662510685
jayaraman,Hindu,0.996976030656658
nagaraj,Hindu,0.7763074821701142
lakshmanan,Hindu,0.9977996795215811
ramakrishnan,Hindu,0.9586409340974169
radhakrishnan,Hindu,0.9982793060418854
peru,Hindu,0.9866967763045231
chinnasamy,Hindu,0.9987377988700179
karuppaiya,Hindu,0.9964807115157925
kutty,Hindu,0.5027818401032723
velayudhan,Hindu,0.8748210836107139
govindaraj,Hindu,0.9934965783716133
annamalai,Hindu,0.9745813098805607
rangasami,Hindu,0.996884116150211
velu,Hindu,0.9980219849121007
suppaiya,Hindu,0.9842360622614237
mogan,Hindu,0.9526285769367036
sundaram,Hindu,0.9059454116193918
supramani,Hindu,0.9803215846273927
vijayan,Hindu,0.6988480666430253
raji,Hindu,0.7588278456468838
manoharan,Hindu,0.953086903171325
chandran,Hindu,0.9962063116729036
kuru,Hindu,0.8451086418316467
arunachalam,Hindu,0.6812778207744276
nadesan,Hindu,0.9985003377571624
subramaniyam,Hindu,0.9637371630471762
swaminathan,Hindu,0.931050308392435
gurusamy,Hindu,0.9955643828247845
chandiran,Hindu,0.9981233575955378
nagarajan,Hindu,0.9167174658030132
raghavan,Hindu,0.9905640059607329
narayanasamy,Hindu,0.99512644081989
beevi,Muslim,0.7080796102685905
jose,Christian,0.999998785395809
john,Christian,0.988333216932041
amma,Hindu,0.9120063744087081
balan,Hindu,0.9989080269801337
venkatachalam,Hindu,0.9863214916277538
kumaran,Hindu,0.8451845189656988
ayyappan,Hindu,0.999984830805297
kuppan,Hindu,0.9997178108250341
sankaran,Hindu,0.9974764806245413
paramasivam,Hindu,0.9970904770530331
gopalan,Hindu,0.9987545069797524
moorthi,Hindu,0.9364405964003414
rajagopal,Hindu,0.9932966400875358
krishnasamy,Hindu,0.9906483658128412
vayassu,Christian,0.891550662017187
ots,Hindu,0.6122235401785991
manikandan,Hindu,0.9764558709668735
ranganathan,Hindu,0.9972418855270727
madhavan,Hindu,0.9993303097972006
ravichandran,Hindu,0.9946363606052606
pandiyan,Hindu,0.9977886729841168
palaniyappan,Buddhist,0.8224200160736652
viswanathan,Hindu,0.9966847786244628
chinnathambi,Hindu,0.9834633104865186
dasari,Hindu,0.9040128597006005
gunasekaran,Hindu,0.8382801941273018
ganapathi,Hindu,0.9873169196603799
kesavan,Hindu,0.9976142176896748
senthilkumar,Hindu,0.6906733909140079
vijayakumar,Hindu,0.867027128529685
vadivel,Hindu,0.9990668515227805
thangaraj,Christian,0.6061588268540694
damodaran,Hindu,0.9969213911949638
lokanathan,Hindu,0.9858228705874692
mohanan,Hindu,0.992617348030507
kaliyaperumal,Hindu,0.9835741503867952
kaliyappan,Hindu,0.9946890727164072
mahalingam,Hindu,0.9983071930872872
antony,Christian,0.9886614455985043
prabhakaran,Hindu,0.9929437288807746
karuppan,Hindu,0.9989580063062058
devaraj,Hindu,0.5993553599193292
velayudham,Hindu,0.940618627308954
anandhan,Hindu,0.9574138724004198
padma,Hindu,0.9707763554674916
abraham,Christian,0.9972659364815554
bhaskar,Christian,0.8245065357367001
venkatesh,Hindu,0.9262769778519836
kalimuthu,Hindu,0.9390743434262696
chacko,Christian,0.9999395978614114
vasu,Hindu,0.7935623147298585
panneerselvam,Hindu,0.9024188245566869
durairaj,Hindu,0.992641451022937
biradara,Hindu,0.9993688689637005
dhanapal,Hindu,0.9730447284365036
muniyandi,Hindu,0.9990331775266944
anbazhagan,Hindu,0.9685792167683147
sukumaran,Christian,0.6220172503211359
pra,Hindu,0.9972198006337837
vasudevan,Christian,0.5039556596029774
abdulla,Muslim,0.5212269192405063
kanniyappan,Hindu,0.992041795502915
sivakkumar,Hindu,0.8475048749537829
thangarasu,Hindu,0.9614252612897521
madara,Hindu,0.9868943351029789
raveendran,Hindu,0.989858161538083
ramamoorththi,Hindu,0.9620187659431144
venugopal,Hindu,0.9595355585272954
ramulu,Christian,0.5237435826939482
thyagarajan,Hindu,0.9545226140446671
pandi,Hindu,0.9999816743656657
kota,Hindu,0.9777374732830468
chandrasekaran,Hindu,0.9691253615511014
rathinam,Hindu,0.9779527812466395
karri,Hindu,0.914638647032096
balu,Hindu,0.6562079533382613
dandapani,Hindu,0.9974221459875201
sampath,Hindu,0.889306557433244
chinnappan,Hindu,0.9981935695240737
mutthaiah,Hindu,0.9915318009948025
mathai,Christian,0.9990059359068865
kamble,Hindu,0.8787173161184462
karthikeyan,Hindu,0.7664169162365683
ravu,Hindu,0.8418732803146854
hamsa,Muslim,0.7637499189997227
chandrasekar,Hindu,0.9436684928064664
sujata,Hindu,0.9782127148623825
veerappan,Hindu,0.9987889047471663
durai,Hindu,0.9992326326367621
munisamy,Hindu,0.9774674155066321
rajamanikkam,Christian,0.9316713914060175
rathod,Hindu,0.9999042768262351
veluchchami,Hindu,0.9640424475743101
muniyappan,Hindu,0.9986925072214913
rasu,Hindu,0.9577867570887332
thankappan,Hindu,0.9997081657062903
venkata,Hindu,0.9941201803320959
karuppasami,Hindu,0.992811724036975
palanivel,Hindu,0.9995062763293181
karunakaran,Christian,0.7646670939280282
jayakumar,Hindu,0.8696446451630164
jeganathan,Hindu,0.9868774496809198
ramachandiran,Hindu,0.9963144704792054
kaliyamurththi,Hindu,0.9609675189542914
baskaran,Hindu,0.9533064682550575
sreedharan,Hindu,0.9912148268343057
than,Hindu,0.9576127405245098
kumarasamy,Hindu,0.9968930708431857
basheer,Muslim,0.9678171505030764
bhaskaran,Hindu,0.49832902613094543
roto,Hindu,0.7668092458442839
bandi,Hindu,0.9997010393991119
naidu,Hindu,0.9912662376477978
nataraj,Hindu,0.999811119731409
chidambaram,Hindu,0.9838858507699257
lakshmamma,Hindu,0.9067324616711854
veerasamy,Hindu,0.9990541693404859
madhu,Hindu,0.9477162223858019
rengasamy,Hindu,0.9960905331340622
bee,Muslim,0.9848276519839254
balraj,Hindu,0.6293519794350765
maadasami,Hindu,0.9845989208463224
goundar,Hindu,0.9907723846416421
balaraman,Hindu,0.9956129791437125
ramar,Hindu,0.9966231194925704
kandan,Hindu,0.999006444369291
joy,Christian,0.7660280651224826
aboobacker,Muslim,0.988944161413263
purushothaman,Hindu,0.9721419442269
jacob,Christian,0.9991496919207316
haji,Muslim,0.6379698093002669
gandhi,Hindu,0.9817144697468874
ilangovan,Hindu,0.986860046790099
pichai,Hindu,0.9589435740054718
chinnathurai,Hindu,0.9984878429686926
selvarasu,Christian,0.8280979158684869
oto,Hindu,0.4945496048517571
surendran,Hindu,0.9891515811471064
muthuchchaami,Hindu,0.5145365256497446
nagappan,Hindu,0.9787329900569856
kanagaraj,Hindu,0.679648107396919
nachimuthu,Hindu,0.9629570192003712
ramadas,Hindu,0.9970669018230033
karuppusami,Hindu,0.9811814836493034
hussain,Sikh,0.7892052567053759
francis,Christian,0.9989580137630175
muniyan,Hindu,0.9937813618303822
hirematha,Hindu,0.8920344078708818
moideen,Muslim,0.8547593491283471
veeran,Hindu,0.9127974089041881
shaji,Christian,0.9929528926318757
meri,Hindu,0.9156698449750578
sivalingam,Hindu,0.9824341043797064
jayapal,Hindu,0.9588032552433011
arjunan,Hindu,0.9662490003582626
sasi,Hindu,0.7324260970946307
sebastian,Christian,0.9994218036012287
sellamuththu,Hindu,0.9810510502078853
venkatraman,Hindu,0.9691290323208239
arun,Hindu,0.7289664990402576
badigera,Hindu,0.974323316692605
maari,Christian,0.5205611587609881
chettu,Hindu,0.90027376802221
sivakumar,Hindu,0.7272986249234471
srinivas,Hindu,0.5872622535904869
gangadharan,Hindu,0.9977954304901089
rajamani,Christian,0.9150099808668756
talavara,Hindu,0.9740545154356123
vellaiyan,Hindu,0.9985904410219206
ekambaram,Hindu,0.9869146139786361
kunju,Hindu,0.49454835242580963
mahendiran,Hindu,0.9971431222707775
chavan,Hindu,0.9950213860544039
nakka,Hindu,0.8428800748220313
sokkalingam,Hindu,0.9744174020795673
bandaru,Hindu,0.9751243618137506
jyoti,Hindu,0.6588558012479082
sundaramurthi,Hindu,0.883198255982168
koli,Hindu,0.6968955066394037
eswaran,Hindu,0.9529020190212355
challa,Hindu,0.9788905346906103
selvakumar,Christian,0.8297037357267707
somasundaram,Hindu,0.6216811092895254
ramanathan,Hindu,0.982425309895146
ammal,Hindu,0.9502845665912344
vellaichchami,Hindu,0.9620024615493823
balaji,Hindu,0.5413794392228894
kaasi,Christian,0.8151609474876664
mulla,Muslim,0.9858099271283794
velmurugan,Hindu,0.9994487819570761
usen,Christian,0.8566568885447599
sellaiya,Hindu,0.9207841431294473
dharmalingam,Hindu,0.9856279131071825
kathirvel,Hindu,0.9834009214601018
unnikrishnan,Hindu,0.9891924117751477
annadurai,Hindu,0.9870431281257015
pathan,Hindu,0.965048461222737
manjula,Hindu,0.8783791234051451
balamurugan,Hindu,0.9985370215212812
murugaiyan,Hindu,0.9987756172913843
palli,Hindu,0.9743742071048952
lamani,Hindu,0.5452431457122922
samuel,Christian,0.9949875191414016
dada,Hindu,0.9996638802266948
fathima,Muslim,0.3936638905510872
chinnaiyan,Hindu,0.8272554513394295
mugamadu,Hindu,0.9311949791989663
akula,Hindu,0.9974948346040328
rangan,Hindu,0.9887944897971447
varathan,Hindu,0.936302616461464
sudhakar,Hindu,0.8600538553479294
balasubramaniyan,Hindu,0.9795655889880762
jadhav,Hindu,0.9992450799997247
golla,Hindu,0.5816972959154191
pri,Hindu,0.9765027710664368
priya,Hindu,0.9668628492383138
sadasivam,Hindu,0.9915982300687038
soman,Christian,0.5808032109963237
chinnapaiyan,Hindu,0.9847940255780259
thangavelu,Hindu,0.9995625714173121
varkey,Christian,0.9993146167271608
sellappan,Hindu,0.968443121419251
rasheed,Muslim,0.6613857836234311
devar,Hindu,0.5911171044824693
parameswaran,Hindu,0.9957477536021245
kuttappan,Hindu,0.9998845028893691
paul,Christian,0.7856421808364891
narasimman,Hindu,0.9574982615174443
jayaraj,Hindu,0.965556377864555
alagarsami,Hindu,0.9941008117927225
ponnuchchami,Hindu,0.7999496428508628
selvi,Christian,0.9892620819655902
naadaar,Hindu,0.5944273815024881
mallayya,Hindu,0.7208779324666534
muthukrishnan,Hindu,0.9307265984994368
kamaraj,Hindu,0.89745496289543
varadarajan,Hindu,0.9766711638151843
karunanidhi,Hindu,0.9563633274666351
pandurangan,Hindu,0.966823755861314
chinta,Hindu,0.9768881799078972
thirunavukkarasu,Hindu,0.9523174943036612
angamuthu,Hindu,0.9913386355039476
karuppannan,Hindu,0.9995162026897956
kannaiyan,Hindu,0.9891187461305573
khadar,Hindu,0.470584154156528
santhanam,Hindu,0.6306597982275619
shanmugasundaram,Hindu,0.9803539436247978
koya,Sikh,0.7609309241047467
saheb,Muslim,0.9764374248273254
pakkirisami,Hindu,0.9840745441444204
mathiyazhagan,Hindu,0.9087896221234011
parthasaarathi,Hindu,0.5901474277264185
letchmanan,Hindu,0.9549527578016274
ramaiya,Hindu,0.9981725730549079
sulaiman,Sikh,0.8567949345014673
subbarayan,Hindu,0.8499228655726369
sivaraman,Hindu,0.9927318748867187
sasidharan,Hindu,0.9394601506856927
pachaiyappan,Hindu,0.9975836638924365
boya,Hindu,0.6399290031184827
kumbara,Hindu,0.9801587828205551
mekala,Hindu,0.9290041787759667
katta,Hindu,0.9927487361802616
maasilamani,Christian,0.9339978585796143
parasuraman,Hindu,0.9861362544701706
boopathi,Hindu,0.8914384256509255
majeed,Muslim,0.9430276170862181
venkatamma,Hindu,0.9893158659073973
bharathi,Hindu,0.9968726711478767
mary,Christian,0.8022388606850772
anthoni,Christian,0.8328419539462858
narsamma,Hindu,0.9657520792492231
ganta,Hindu,0.9269604729205235
rahiman,Muslim,0.5293011051700216
kasinathan,Hindu,0.9825327524444416
govindarasu,Hindu,0.9931469821565762
lavanya,Hindu,0.8922193755314413
ashokan,Hindu,0.9963189812996464
boddu,Hindu,0.8477461615662326
biju,Hindu,0.7133568014761072
konda,Hindu,0.6886499651091463
kumaresan,Hindu,0.9587767665217227
chinnachchaami,Hindu,0.6731969053364637
asha,Hindu,0.887852218859714
natarasan,Hindu,0.9989947545850391
murugaanandham,Hindu,0.9988346924448682
musthafa,Muslim,0.9935347616385077
padmanaban,Hindu,0.9863281886716293
thiruppathi,Hindu,0.9860875093097102
rajasekar,Christian,0.777691534830128
saami,Christian,0.3805716963945283
palaniandi,Hindu,0.996393742046818
ayyasami,Hindu,0.9550354706546121
alavi,Hindu,0.7882922452446699
maruthamuthu,Hindu,0.9766432114815273
mallappa,Hindu,0.8970939781538829
sasikumar,Hindu,0.7247547523050277
kurian,Christian,0.9997124772892575
mol,Muslim,0.8948387629684178
velusami,Hindu,0.9909641926231701
chinna,Hindu,0.9756594197973928
seenuvasan,Christian,0.6663281923728329
muthukumar,Hindu,0.8752149523348363
ponnan,Hindu,0.9859673797841275
periyannan,Hindu,0.9986490848129472
kannappan,Hindu,0.9972357860552322
rajappan,Hindu,0.9993521727434818
nagamani,Christian,0.8644691658737432
pilli,Christian,0.6891856168906854
sahadevan,Hindu,0.9787579759620584
subramanyam,Hindu,0.993715726037142
santhosh,Christian,0.7991132717286539
korra,Hindu,0.7496727890919802
aarokkiyasaami,Christian,0.722815518674929
lakshmidevi,Hindu,0.9187406263202184
gaddam,Hindu,0.9576191001551246
mallamma,Hindu,0.9438434455122713
chakali,Hindu,0.8366485142228791
senthil,Hindu,0.6707509571566128
mala,Hindu,0.9884722824074819
selvan,Christian,0.8655981579661398
ayyanar,Hindu,0.9785524876069025
vaiyapuri,Hindu,0.9963331225822821
nagamma,Hindu,0.842152341420391
radha,Hindu,0.9996055970608333
saba,Muslim,0.993013420385237
nadapha,Hindu,0.8201358421295917
venu,Christian,0.5071769694835891
mari,Hindu,0.5928377141430877
raani,Christian,0.6119783500464369
jagadeesan,Hindu,0.9736511074283539
ayyavu,Hindu,0.7405791478788281
mula,Hindu,0.9601685581938958
singaram,Christian,0.8741011821530587
shanmugavel,Hindu,0.9956234098089944
appu,Hindu,0.9979373123651778
sureshkumar,Hindu,0.796533194992612
nadar,Hindu,0.9071206649164941
pasupuleti,Hindu,0.9669219464732242
talari,Hindu,0.5966414634263169
yadamma,Hindu,0.9780341495416401
pavar,Hindu,0.9185251297654022
shinde,Hindu,0.8837306386751648
gayakawad,Hindu,0.9885811563936292
more,Hindu,0.9567023336860752
chaudhari,Hindu,0.999985054292911
kadam,Hindu,0.9123069003272662
sonavane,Hindu,0.9767995969880976
kale,Hindu,0.924538353199316
deshmukh,Hindu,0.9776308336531944
mane,Hindu,0.5458851774848581
savant,Hindu,0.8587957779927015
bhosale,Hindu,0.7237610546232806
waghmare,Hindu,0.9739466122047971
thackeray,Christian,0.7961451205506445
jagatap,Hindu,0.9945648605838393
suryavamshi,Hindu,0.9050485951916574
ingale,Hindu,0.5496770267096605
meshram,Buddhist,0.9812720005607845
gita,Hindu,0.9894529452592116
bhil,Hindu,0.9602867258405271
shelke,Hindu,0.6788819897857367
nikam,Hindu,0.9482587756107549
sutar,Hindu,0.988575829681856
thorat,Hindu,0.9672356641518779
savita,Hindu,0.9788676603809753
mahajan,Hindu,0.8253255916534982
vagh,Hindu,0.9997734209003628
desai,Hindu,0.6158681686099908
mhatre,Hindu,0.9778733601909313
ashoka,Hindu,0.9973178959598566
gawali,Hindu,0.8346587411629696
mohite,Hindu,0.9171802742644118
hansa,Hindu,0.6367899227299284
gurav,Hindu,0.998854338101117
gavade,Hindu,0.9424978719980631
manisha,Hindu,0.7818692092052134
rekha,Muslim,0.6311044970163033
ahire,Hindu,0.9123098746594365
kureshi,Muslim,0.965483054991577
sabale,Muslim,0.8210875953548478
dalavi,Hindu,0.8421859296140467
lila,Hindu,0.7235093007613742
shende,Hindu,0.7586989044874962
bhalerao,Hindu,0.9953163265996989
sharada,Hindu,0.9991412498370968
tayade,Hindu,0.9431179005233175
ramila,Hindu,0.9832814210531757
mina,Hindu,0.771784462839813
valavi,Hindu,0.9249065874447787
shanta,Hindu,0.6366027245193918
bhoir,Hindu,0.9880182352038671
kharat,Hindu,0.9221566669568291
salave,Hindu,0.8989956811616299
pravin,Hindu,0.9413046215994594
lokhande,Hindu,0.9659735332507109
kakade,Hindu,0.9457079839575931
salunkhe,Hindu,0.6715446439422753
gavit,Hindu,0.9561492938643054
bhavna,Hindu,0.9860031010092202
shelar,Hindu,0.9449365308237241
bharati,Hindu,0.9869425710935238
sangeeta,Hindu,0.9440652988580054
gore,Hindu,0.9754832833266153
bansode,Buddhist,0.9948882835355541
dongare,Hindu,0.9599508884991842
rane,Hindu,0.9663904100084733
panchal,Hindu,0.8936693991814675
padavi,Hindu,0.997255560332528
madavi,Hindu,0.977323301089499
parab,Hindu,0.9539625156037086
salunke,Hindu,0.7540857190808973
tadavi,Hindu,0.9963346467797435
mule,Hindu,0.8582833669351055
borkar,Hindu,0.8088141455868805
chogule,Hindu,0.9627986841399425
kulkarni,Hindu,0.8530087911094943
tambe,Hindu,0.9805237871946278
kanta,Hindu,0.9801501409187492
bhoyar,Hindu,0.9144276443750861
ghadge,Hindu,0.9498184607298278
jaya,Hindu,0.8883127080613773
wankhede,Buddhist,0.9995946461900339
champa,Hindu,0.9988613814640908
govinda,Hindu,0.9916851711993235
deshpande,Hindu,0.8680842603664538
daksha,Hindu,0.8791733355939523
sonal,Christian,0.6817375272878251
shetty,Hindu,0.972073903175346
bagavan,Hindu,0.654484157343928
vankhade,Hindu,0.5663450259375651
sathe,Hindu,0.6581213980733667
bagul,Hindu,0.8164336067918766
londhe,Hindu,0.6987084938284719
devare,Hindu,0.674468915204196
borse,Hindu,0.6135209781947054
ghodake,Hindu,0.9659689078677799
varsha,Hindu,0.9764573715896618
ingole,Hindu,0.89924111857542
nita,Hindu,0.9972692345624876
paradeshi,Hindu,0.8660959530853072
fernandes,Hindu,0.9043592155123564
mahale,Hindu,0.9978166329991809
nayana,Hindu,0.9587251375018091
dhumal,Hindu,0.6193023100113206
gosavi,Christian,0.6062460043897338
thombare,Hindu,0.8587611131319121
paradhi,Hindu,0.9937454435733343
khade,Buddhist,0.7359785626379198
bhise,Hindu,0.6785430308335443
kamala,Hindu,0.9830621903213055
usha,Hindu,0.7683941830477293
satpute,Hindu,0.9415788153836375
khandare,Hindu,0.9692133370001272
surve,Hindu,0.9669518264807355
maske,Hindu,0.7682419809042792
gawande,Hindu,0.9353750708719195
aher,Hindu,0.7965501179907404
kolhe,Hindu,0.9285785109901725
uike,Hindu,0.9007944063842825
marathe,Hindu,0.7599808925195443
khot,Hindu,0.8385352153223252
kailas,Hindu,0.9618385028872851
shailesh,Hindu,0.7927673360986764
tamboli,Hindu,0.8346205631772483
nalavade,Hindu,0.9011107444020855
jagdale,Hindu,0.95357084630325
devakar,Hindu,0.8601503803635905
kokila,Hindu,0.48132617044015663
landage,Hindu,0.6452406495879249
vaidya,Hindu,0.8038800474154268
manakar,Hindu,0.9914220060991057
swami,Hindu,0.7544663458402693
bhanu,Hindu,0.9840182196499908
khairanar,Hindu,0.9925848864334037
ramteke,Buddhist,0.9999942444672725
sumitra,Hindu,0.8361133214557871
mujavar,Muslim,0.6381592306857141
gade,Hindu,0.6853139495432906
hira,Hindu,0.9911288589165488
magar,Hindu,0.8842822300636686
kanu,Hindu,0.9713811396779696
lad,Hindu,0.9980174454332409
kiran,Hindu,0.9789073570848235
gadekar,Buddhist,0.6079504768033717
ade,Hindu,0.7656049732724539
nayar,Hindu,0.9561828692054591
kanchan,Hindu,0.6597549850848353
mhaske,Hindu,0.45957996433138737
bankar,Hindu,0.995322800577618
vasave,Hindu,0.8720647254986112
kadu,Hindu,0.9569119886419948
bagade,Buddhist,0.863782764102949
mahadik,Hindu,0.9024535221682953
rokade,Hindu,0.9683000198950248
anita,Hindu,0.9950474259563781
navale,Hindu,0.944422061141748
patole,Hindu,0.9500790120014863
saiyyad,Christian,0.6250532297253284
misal,Hindu,0.778634255964387
manu,Hindu,0.5191089420434118
dhawale,Hindu,0.9895894048476264
nagare,Hindu,0.9678710659749863
pushpa,Hindu,0.7059961735500303
kavale,Hindu,0.9605253366686798
manju,Hindu,0.7263930581764736
kshirsagar,Hindu,0.8837420733248791
ghule,Hindu,0.9837211755634535
nilesh,Hindu,0.8328428995076996
bavane,Hindu,0.9778229492012741
jayanti,Hindu,0.9379934120684839
dhanagar,Hindu,0.9927982001517293
dhage,Hindu,0.9709282985477887
suravase,Hindu,0.8511076055351114
hetal,Hindu,0.9713413139813496
jagadisha,Hindu,0.9940112979141402
sonatakke,Hindu,0.940365015984737
shevale,Hindu,0.7427419681931936
gharat,Hindu,0.9983931825762487
ganga,Hindu,0.9876106802429739
sapkal,Hindu,0.8356737099908412
kamlesh,Hindu,0.9597232812330428
lalita,Hindu,0.9496526792422187
sunita,Hindu,0.9863409769941248
sanap,Hindu,0.9958904755618934
ghorpade,Hindu,0.9953960515409119
sarode,Hindu,0.9769899207993816
sonar,Hindu,0.9519364928997645
sakhare,Hindu,0.9898867792005797
pagare,Hindu,0.9713382950932807
gavai,Hindu,0.6374462362374368
shirsath,Hindu,0.9733034724299067
ghuge,Hindu,0.9732631103901319
yevale,Christian,0.7385166491942496
patle,Hindu,0.7654586715905926
urmila,Hindu,0.9634661641467442
salavi,Hindu,0.5829430957951213
ramana,Hindu,0.9942807627834007
jamadar,Muslim,0.5537933925453569
hitesh,Hindu,0.9629766573045314
chandrika,Hindu,0.991360065352322
vasant,Hindu,0.9805514870251265
shete,Hindu,0.8440989708206014
kanti,Hindu,0.9871261738627133
pandhare,Hindu,0.9987596245273985
hina,Hindu,0.9723017838133345
gedam,Hindu,0.7647345177483371
paramar,Hindu,0.9920455520380008
babar,Muslim,0.6531724527476399
shirke,Hindu,0.7640622693108682
mulani,Hindu,0.9115788217721784
kshirasagar,Hindu,0.8291880832133036
jayshri,Hindu,0.8130125324104867
solanke,Hindu,0.9922761266393914
kapse,Hindu,0.5266056686513101
karande,Hindu,0.990466725945882
haresh,Hindu,0.9952506315469832
shivaji,Hindu,0.9930253084346958
kolekar,Hindu,0.8468582558155343
kokate,Hindu,0.8411201842539208
labhu,Hindu,0.9863896230301888
bhoye,Hindu,0.9122899356339967
dhole,Hindu,0.9492792139596447
chandu,Hindu,0.9900736586725186
sahare,Hindu,0.977736635810724
hasmukh,Muslim,0.46809878060567434
gunjal,Muslim,0.5180242755242669
munde,Hindu,0.9959892392144928
vanita,Hindu,0.9943719043932605
gavhane,Hindu,0.9841938783551332
katkar,Hindu,0.966708753780373
soma,Christian,0.676821600740418
sushila,Hindu,0.9474469518172094
kalpana,Hindu,0.9860342552869723
hajare,Hindu,0.8934195510456049
bhavesh,Hindu,0.9889272411030628
bobade,Hindu,0.9000959192682652
dange,Hindu,0.9698484323251141
bhagawat,Hindu,0.9680176885599501
pandita,Hindu,0.9999030814299248
madane,Hindu,0.7605871359478076
mate,Hindu,0.9363742406050861
puri,Hindu,0.990105641550383
khandagale,Muslim,0.6150039863017939
korade,Hindu,0.7686552225981224
zhade,Hindu,0.9288955838392088
dipak,Hindu,0.993570290905501
chaure,Hindu,0.9895448337087868
vaishali,Hindu,0.9611873404745858
birajdar,Hindu,0.9889051591889918
sita,Hindu,0.9816992299143706
waghamode,Hindu,0.985677111744432
khobragade,Buddhist,0.9994095707330317
borade,Hindu,0.9545573010922501
kate,Hindu,0.9935755558452785
dabhade,Hindu,0.9903550544217674
parvati,Hindu,0.9831663990801754
shilpa,Hindu,0.9275608375103674
kore,Christian,0.5039121221958982
mahamad,Muslim,0.9951482436783172
khandekar,Buddhist,0.9790039887807377
chandrakant,Jain,0.8698166246830672
gujar,Hindu,0.7917763489228892
vani,Hindu,0.9902927381800016
bhikha,Hindu,0.9066756547176925
sangale,Hindu,0.9204852825506066
ugale,Hindu,0.9264071046558262
gaonkar,Hindu,0.9923803377070608
avhad,Hindu,0.9974608900649765
jayesha,Hindu,0.6124490564991072
mansukh,Hindu,0.8530826557642197
vilas,Hindu,0.6574017202084907
dhotre,Hindu,0.9902839728349595
gajabhiye,Muslim,0.4781566480139116
daya,Hindu,0.9971209390786939
saroja,Hindu,0.9168473774211836
mundhe,Hindu,0.9962463758578968
jyotsana,Hindu,0.9435583525099928
vipul,Hindu,0.9408020374657657
inamadar,Hindu,0.805323523393809
sandip,Hindu,0.9985822556604474
gite,Hindu,0.9329176342754135
savale,Hindu,0.9599302879672056
khedkar,Hindu,0.9285876209799875
chopade,Hindu,0.9846041955481177
sanjaykumar,Hindu,0.72704586095511
vitthal,Hindu,0.9792162113059802
aatram,Hindu,0.9897415669445189
nevare,Hindu,0.6639010003204604
kajal,Hindu,0.5767367940639018
tupe,Hindu,0.8961873118338846
yogesh,Hindu,0.8825469219923616
gholap,Hindu,0.9872508558509443
nirmala,Christian,0.6615037111579453
ubale,Hindu,0.8270002135166644
jagruti,Hindu,0.9235259291972733
javale,Hindu,0.9336025263453037
pol,Hindu,0.6651865412870849
kumbhare,Hindu,0.9269588012600721
biradar,Hindu,0.9981502833069082
nagpure,Hindu,0.9983806912820663
gadhave,Hindu,0.9929458272642933
magan,Hindu,0.9504803173079306
khadse,Hindu,0.5671131718578801
shendage,Hindu,0.8667434935683529
rita,Hindu,0.9984600663381731
vishnu,Hindu,0.9816673455839028
bhamare,Hindu,0.9918423909729985
ramachandra,Hindu,0.9984603200999003
vimala,Christian,0.6941191083710034
rahul,Hindu,0.9630540941565132
rasila,Hindu,0.5571110745190867
ambhore,Hindu,0.9895782039598426
adhav,Hindu,0.9997518237948453
kavita,Hindu,0.9895048682298054
kavade,Hindu,0.9443679802762626
bhandare,Hindu,0.9584709977344236
shabbir,Muslim,0.8837518351610826
kasabe,Muslim,0.9917913512760631
pinjari,Muslim,0.7725736199250766
jayasval,Hindu,0.8714738802808756
dhande,Hindu,0.9840071144569517
povar,Hindu,0.635557942487454
sakpal,Hindu,0.7472063519786041
bansod,Buddhist,0.9972613077067811
parul,Hindu,0.5381346377856219
niru,Hindu,0.9192735976907396
bangar,Hindu,0.9559195523512279
bodke,Hindu,0.9707779060539881
kute,Hindu,0.8299778582634768
jashu,Hindu,0.7491352065242276
namdev,Hindu,0.9855343745591255
mote,Hindu,0.8759677618689053
pradhan,Hindu,0.9983057405291804
kalpesh,Hindu,0.8837824105878256
prabha,Hindu,0.9994867794650718
puja,Hindu,0.9297659300125296
thakkar,Hindu,0.8516751503189214
devakate,Hindu,0.7622405841001083
shedge,Hindu,0.6503445090754141
manghu,Hindu,0.9840284167621357
naran,Hindu,0.9979359648277285
tekam,Hindu,0.9268250767215996
gajanana,Hindu,0.9847733955879967
shanti,Hindu,0.6052495305906331
vinu,Hindu,0.5305964620718328
bashir,Hindu,0.7117998381164734
shobhana,Jain,0.4772240829598561
nitin,Hindu,0.9439256276043101
vijaykumar,Jain,0.3777945981008233
pote,Hindu,0.8251847784154289
surekha,Muslim,0.536183102091738
kasar,Hindu,0.6422522755644794
uke,Hindu,0.9393988972477454
jignesh,Hindu,0.8974661168784551
minakshi,Hindu,0.8512656151027174
priyanka,Hindu,0.9533399610965688
jashi,Hindu,0.5723163089936676
zha,Hindu,0.6567937438541098
girase,Christian,0.6598275125850259
shaikha,Muslim,0.9812676021454683
mahebub,Muslim,0.6887555814585626
chhagan,Hindu,0.9787798362096387
bhujabal,Hindu,0.536129818127544
moo,Sikh,0.729257250026607
moohammad,Sikh,0.9076731935437311
samjay,Hindu,0.441506856015057
geethaa,Christian,0.9372881392263362
manooj,Muslim,0.43793643542650323
suneethaa,Christian,0.49357155008213194
meenaa,Hindu,0.8467940546248975
mamathaa,Christian,0.9239723593587548
raajes,Christian,0.8239224888785912
reethaa,Christian,0.8832567815985434
samthoosh,Christian,0.49883731905265183
rekhaa,Muslim,0.6342521658711845
asook,Hindu,0.761458013635972
reenaa,Hindu,0.7872900833982617
anithaa,Christian,0.4886433105987723
samgeethaa,Christian,0.9884889965105992
mukes,Hindu,0.9722488438979855
ushaa,Hindu,0.5214926850404726
aasaa,Christian,0.98273354738855
suneel,Hindu,0.5317729328737429
vinood,Hindu,0.5281015071841437
maalathee,Christian,0.8004839909078794
soonee,Muslim,0.4298298940463046
sumithraa,Hindu,0.6534897382194332
sures,Hindu,0.4414237739844828
lalithaa,Hindu,0.5815192889787979
umes,Hindu,0.835983418401361
dines,Hindu,0.7722307842572588
beebee,Muslim,0.9691847994797161
sarithaa,Hindu,0.5899527106935388
pimkee,Hindu,0.3886177905435094
baasanthi,Hindu,0.7964841490769058
raakes,Christian,0.8194184113840709
urmilaa,Hindu,0.7782336911051938
pramilaa,Hindu,0.9191681988869245
renu,Hindu,0.829918279522268
seemaa,Christian,0.546938741239141
vikaas,Christian,0.6965802287062485
pramood,Hindu,0.984772650354022
soobhaa,Muslim,0.7417807095212425
saamthi,Hindu,0.6600169407762855
aneethaa,Christian,0.5887467930300512
aarathee,Hindu,0.6227685251995803
dileep,Hindu,0.6502165749824375
munnee,Muslim,0.5509073620853963
poonam,Hindu,0.707569624213088
samkar,Buddhist,0.618497797751767
saanthi,Hindu,0.6094116841415799
suseelaa,Christian,0.8396941421531767
sunithaa,Christian,0.498284414560825
prathimaa,Hindu,0.9211223506842111
ramjeeth,Hindu,0.9591287047266849
kumaaree,Christian,0.6448767350263758
pamkaj,Hindu,0.7151705436598699
savithaa,Hindu,0.6663072125788455
mamjoo,Muslim,0.7639706414553245
meeraa,Muslim,0.6952586634345934
rames,Hindu,0.9575158624436992
surendr,Hindu,0.9639497647529001
raanee,Christian,0.5866831278162812
nirmalaa,Christian,0.890908174143393
amith,Hindu,0.7789390165375166
sarasvathee,Hindu,0.6478180227788208
priyamkaa,Hindu,0.904352370389525
poojaa,Hindu,0.584045615693867
punam,Hindu,0.9734998100410345
sabithaa,Muslim,0.797454285914847
jithendr,Hindu,0.7472363681973152
mamju,Muslim,0.9413503258565913
paarvathee,Hindu,0.579009879678211
neelam,Hindu,0.8570889673342275
roobee,Muslim,0.8239795844698019
saavithree,Hindu,0.8034389491905701
bebee,Muslim,0.8701597094383493
gudiyaa,Hindu,0.8794635995490816
raahul,Hindu,0.9525321800055024
suloochanaa,Christian,0.5775330467523322
kousalyaa,Christian,0.5165353539202336
ganes,Hindu,0.9754915286954932
chandan,Hindu,0.9912819713943464
nares,Hindu,0.969853858518486
babithaa,Hindu,0.5062004023747311
raajeev,Christian,0.7449520674642516
mahes,Hindu,0.9668550475299774
pushpaa,Christian,0.6179896540526906
seelaa,Christian,0.883634673844821
raajendr,Hindu,0.8515339917685374
kavithaa,Hindu,0.807758605142868
goopaal,Hindu,0.8849150188817898
bhoolaa,Hindu,0.8145301011870703
sushamaa,Hindu,0.49366265500112383
aravind,Hindu,0.9638670060846734
babeethaa,Muslim,0.5724315853557993
moohan,Hindu,0.7726952982554186
champaa,Hindu,0.9840053236715677
sakunthalaa,Hindu,0.7763541503808687
aroon,Hindu,0.691696482763154
sudheer,Hindu,0.6894223841641396
maneesh,Hindu,0.513782593825729
kalaavathee,Hindu,0.58847615143255
sunainaa,Hindu,0.6919846915968472
mahendr,Hindu,0.9777605369843778
raaju,Christian,0.48247672507619316
samjeev,Hindu,0.7312526221627719
lalan,Hindu,0.9960393931892387
veenaa,Hindu,0.7927608550679734
upendr,Hindu,0.9054433839847258
gaayathree,Hindu,0.7617339196692892
kamales,Hindu,0.847049550589339
prakaas,Christian,0.6503252434134903
ravindr,Hindu,0.8335890322934731
rimkee,Muslim,0.5608741388021606
subhaash,Hindu,0.8797286456268473
raajakumaar,Christian,0.5907868914472186
aabdul,Muslim,0.9843655977356427
archanaa,Hindu,0.742673159981372
jagadees,Hindu,0.9004842669957366
thaaraa,Christian,0.7006872015501215
manooramaa,Hindu,0.6362545809645287
samjoo,Hindu,0.43104788313579856
vimalaa,Christian,0.9113838300343997
suboodh,Hindu,0.8604775929346389
vinay,Hindu,0.8083043269787307
samjeeth,Hindu,0.8374602221715141
raadhikaa,Hindu,0.9794162983286775
thetharee,Hindu,0.7892010940613855
kuni,Hindu,0.8460405949077373
ajeeth,Hindu,0.7501768881247548
ramju,Hindu,0.7529273138800868
uday,Hindu,0.9785341909292864
sravan,Hindu,0.9697306044107563
yasoodaa,Hindu,0.7170663761778856
roohith,Hindu,0.8754706795438262
avadhes,Hindu,0.9559118978086756
vibhaa,Hindu,0.9411653454796912
goutham,Hindu,0.9782980332077638
abhishek,Hindu,0.6288834392150802
leelaa,Christian,0.7805760695450227
samju,Muslim,0.6195577437217832
sambhu,Hindu,0.9911614524499822
maayaa,Christian,0.8217274621736399
soonoo,Muslim,0.6105963795047245
kabithaa,Hindu,0.4484193989132517
sulekhaa,Muslim,0.8375404572424834
sudhaa,Hindu,0.7051435913408408
yoogendr,Hindu,0.7056680895695912
akhiles,Hindu,0.8391240346332177
indu,Hindu,0.9823442683868474
suseel,Christian,0.8512279147337072
maalaa,Christian,0.9135216759425191
sambhoo,Hindu,0.9875100244789108
khusaboo,Muslim,0.995443787117474
sujeeth,Hindu,0.7106685770906273
namithaa,Hindu,0.5779491026639395
nehaa,Muslim,0.45531771480018773
neethoo,Hindu,0.6443586844209941
samdeep,Hindu,0.9456018693671693
virendr,Hindu,0.9920046865451195
sathabhaamaa,Hindu,0.7810189830419975
naaraayan,Hindu,0.5828268898158724
kaamthi,Hindu,0.8182736264209524
raajemdr,Hindu,0.47161047956824387
aamju,Muslim,0.6585828716795089
saanthilathaa,Christian,0.7743113252701095
laleethaa,Hindu,0.5212630890958911
dulaaree,Hindu,0.7513084026520283
pujaa,Hindu,0.6815163152824215
sabanam,Hindu,0.8858898254710877
ramjoo,Hindu,0.7990912233468762
prameelaa,Hindu,0.8602898280182923
kusum,Muslim,0.40208158198457106
neeraj,Hindu,0.6813638141103233
sukaanthi,Hindu,0.8669275910372317
kunthalaa,Hindu,0.8113697400872621
bhaarathee,Hindu,0.8771799358009686
bharath,Hindu,0.9976883824004766
preethi,Hindu,0.7102779341613237
nisaa,Christian,0.582504368445013
binood,Hindu,0.5854242737447186
bimalaa,Hindu,0.4837102709528421
khusabu,Muslim,0.9933686507445968
pappoo,Hindu,0.7772756146145287
raajakumaaree,Christian,0.6590949016269739
ajith,Hindu,0.7728241159931455
amar,Hindu,0.9895278537534515
chimthaa,Hindu,0.5722529193765571
sahanaaj,Hindu,0.6102086016667749
prabhaa,Hindu,0.9914727280523977
kalpanaa,Hindu,0.949433986210789
geethaanjjali,Christian,0.8463654967306687
maadhuree,Hindu,0.9022890456702248
sathees,Christian,0.710333241782541
iamdu,Hindu,0.9085293527214928
kisoor,Hindu,0.6962565365234746
naseemaa,Christian,0.5273913078548662
raamajee,Hindu,0.5350500372525627
visvanaath,Hindu,0.921737436938002
aphasaanaa,Christian,0.9882592567447274
niramjan,Muslim,0.6592809131416404
mahemdr,Hindu,0.6071133064752604
samdhyaa,Hindu,0.9775251752053922
raajaa,Christian,0.8507139102029356
sujaathaa,Christian,0.9470623112837462
dasarath,Hindu,0.9801037716826976
dharmaindr,Hindu,0.961538648875001
kumthee,Hindu,0.5615044008822067
suraj,Hindu,0.9948874932055854
jeethendr,Hindu,0.865386854027069
chinthaa,Hindu,0.9075811984764314
kunthee,Hindu,0.5560001095228267
sareethaa,Christian,0.9024261730301022
hemalathaa,Christian,0.5982197314115314
roopaa,Hindu,0.848090997148072
naveen,Hindu,0.9419415687170201
kanhaiyaa,Hindu,0.772151191264916
seethaaraam,Christian,0.8029905701625019
sabaanaa,Muslim,0.4711746203041607
basamthee,Hindu,0.88195118822112
svethaa,Christian,0.5160352701172185
sarasbathee,Hindu,0.6159132200920345
babaloo,Muslim,0.5781984264087463
prabhaavathee,Hindu,0.9264750522316914
sooniyaa,Hindu,0.4028751412011371
dheeraj,Hindu,0.8518772200450393
aamjalee,Muslim,0.9088493571177948
harendr,Hindu,0.9965930141747364
ranajeeth,Hindu,0.9311296574341101
mamgal,Hindu,0.540221539184977
saabithree,Hindu,0.4903302155118576
rasmithaa,Hindu,0.5639268329129695
naagendr,Hindu,0.7125815363982103
amarajeeth,Hindu,0.7940069549827561
lakshmeepriaa,Hindu,0.5522910084528352
raamachandr,Hindu,0.9899634647618777
chamdaa,Hindu,0.8713000572433272
maneeshaa,Christian,0.4626929352149927
vivek,Hindu,0.890544381169368
vipin,Hindu,0.9067963263440934
minaa,Christian,0.4181296829681233
haseenaa,Christian,0.7473244326977224
raamadev,Hindu,0.9584687610653934
premalathaa,Christian,0.8253532953595796
rehaanaa,Christian,0.4543534627219654
beenaa,Hindu,0.5534473036481651
aanand,Hindu,0.9342409196398119
sreemathee,Christian,0.5902396212397226
aneel,Hindu,0.44087020393812304
rajiyaa,Hindu,0.774640971638978
budhanee,Hindu,0.5795132532478238
devanthee,Hindu,0.5359425483950834
kedaar,Hindu,0.8467200984931227
umilaa,Christian,0.7341410983413142
rubee,Muslim,0.5744822163115378
salamaa,Christian,0.42063575547125026
soudaamini,Hindu,0.6419661385748849
amrithaa,Hindu,0.8864336822376612
neethu,Hindu,0.6495429628761566
leelaavathee,Christian,0.7520580424217097
bhagabathee,Hindu,0.9481507185454693
dharmandr,Hindu,0.9890980231209564
resamaa,Christian,0.7961976955694324
rinaa,Christian,0.54662090695813
minathee,Hindu,0.9254917424519431
suremdr,Muslim,0.5280263656344443
goovind,Hindu,0.9699273612449976
avinaas,Christian,0.850018836825179
aamjoo,Christian,0.428954967058317
upemdr,Hindu,0.7207590348343135
mithun,Muslim,0.4990803390961279
aaseesh,Christian,0.9933711418846992
laalathee,Christian,0.8001690653283632
raajakisoor,Hindu,0.5081600381277241
ramjanaa,Muslim,0.6949772546284098
rambhaa,Hindu,0.9959619752439394
dhanamjay,Hindu,0.9391543392405863
sail,Christian,0.7950368792479249
sivajee,Hindu,0.8637571905588164
sakeelaa,Christian,0.3524365902322588
manjjalathaa,Christian,0.5617879040264809
sooshamaa,Christian,0.5451086152156799
renoo,Hindu,0.6561742834291528
chaamdanee,Hindu,0.5577726004275664
babalu,Muslim,0.8349613050542873
devendr,Hindu,0.7540521821572643
sameenaa,Muslim,0.4800425740464424
sakumthalaa,Hindu,0.7958225326576603
sailendr,Hindu,0.6734640891872126
jameelaa,Muslim,0.8797953880981413
naval,Hindu,0.946951417414246
sivasamkar,Hindu,0.9819523364150735
nirupamaa,Hindu,0.9156675839285177
vakeel,Christian,0.4412356454409806
bheem,Hindu,0.5789894228090662
priyaa,Hindu,0.7601074407731995
rebathee,Christian,0.6686742142469136
chandaa,Hindu,0.9495899965660539
jareenaa,Hindu,0.7697046822825372
bhumisoothaa,Hindu,0.7481780285557573
namd,Hindu,0.8839889251828095
reemaa,Hindu,0.42153924183362773
isarath,Hindu,0.982103005286376
resamee,Muslim,0.671677074421467
tunatun,Hindu,0.7561389531979099
aalook,Christian,0.5187041655055452
aravimd,Hindu,0.941796045664385
ramjith,Hindu,0.7716472425408428
raakhee,Hindu,0.5715419936960173
rimkri,Hindu,0.7897477219596963
nisaamani,Christian,0.7500295819672258
kaamesvar,Hindu,0.6049627417558513
julee,Muslim,0.8765551605746084
uraprameelaa,Hindu,0.9326436322240517
lathaa,Christian,0.8917224946448302
birendr,Hindu,0.9953239154820077
raamapraves,Hindu,0.884731109250358
sebathee,Christian,0.9633002101855088
chhootelaal,Hindu,0.8823170613326918
sikandar,Muslim,0.9682947156220948
nibhaa,Hindu,0.9287462990703363
nilam,Hindu,0.9879019155494314
anuj,Hindu,0.8769330458670965
kapil,Hindu,0.9399495031243386
jithemdr,Hindu,0.4803323487427317
prabhaath,Hindu,0.9857438667258215
sourabh,Hindu,0.985385337614316
sakeenaa,Muslim,0.5260182379404345
mahaadev,Hindu,0.9911548210604055
sahadev,Hindu,0.9517267600452098
raamanaath,Hindu,0.6156331779638675
najamaa,Christian,0.4819245144753567
sathyanaaraayan,Hindu,0.9620098655504695
kanaka,Hindu,0.9919416978455587
dukhanee,Muslim,0.9024966722383847
urmeelaa,Hindu,0.7352898543909376
kaynthi,Hindu,0.9610385381466834
muniyaa,Hindu,0.9382584015383435
anjjanaa,Hindu,0.9154986646746095
lalith,Hindu,0.7034129939580374
samyukthaa,Hindu,0.9765873820395066
sathyandr,Hindu,0.9985907559621805
baalesvar,Christian,0.5302845964407553
silaa,Christian,0.9393787348968845
anjjalee,Muslim,0.557601857405369
noothan,Hindu,0.5629060026681286
visaal,Hindu,0.47527861627305956
mahaaveer,Hindu,0.9816701351197386
raajesvar,Christian,0.6358941958501177
jayaprakaas,Christian,0.5670174746154587
nithees,Christian,0.7690116584619218
kamalee,Muslim,0.5437529250423635
subhadraa,Hindu,0.9219170928313996
moohamad,Muslim,0.950824844609958
kanakalathaa,Hindu,0.7397973980662309
phulakumaaree,Hindu,0.6162880896341383
indumathee,Christian,0.5111285235465653
rithaa,Hindu,0.5577181942375888
aanamd,Hindu,0.8628301186436602
mahesvar,Hindu,0.9461685369482701
sathyendr,Hindu,0.9809870995918414
sailes,Christian,0.8248265423831387
paabathee,Christian,0.5846707433787817
dharmaseelaa,Hindu,0.8932698249224851
rithes,Christian,0.5615743756669801
manoohar,Hindu,0.7510452238614351
brajes,Christian,0.5785092019451984
sathrudhan,Hindu,0.9870761371330157
prathibhaa,Hindu,0.9863806697646863
naagesvar,Christian,0.8405637851263095
aasamaa,Christian,0.92742356942884
paramesvar,Hindu,0.9768420231550468
chanjchalaa,Hindu,0.9547857627060748
amares,Hindu,0.9496306255724606
balaraam,Hindu,0.9247014721839577
aasuthoosh,Christian,0.9396183938628129
chamelee,Hindu,0.7632007871110158
maanasee,Christian,0.903239738195569
gulaam,Hindu,0.6104766259076535
kisun,Hindu,0.945216306525305
soonam,Hindu,0.5633250564110927
nithes,Christian,0.6955557153529014
sapanaa,Hindu,0.914347401184036
vineethaa,Christian,0.5954231535279788
bilaasinee,Christian,0.46854545421787247
aman,Hindu,0.9416373467710101
aadithy,Hindu,0.8153878524001766
sanooj,Muslim,0.5028116077100546
hareraam,Hindu,0.979562087176253
kumudinee,Muslim,0.5572043537685699
kalyaanee,Hindu,0.5476469237906083
kaanthi,Hindu,0.8539810865096537
julekhaa,Muslim,0.7624789818133872
aum,Hindu,0.7300943139249081
kousal,Muslim,0.4604408664900052
mithaa,Christian,0.466209445971662
banithaa,Hindu,0.7395236278314936
phaathamaa,Christian,0.939434654751886
veerendr,Hindu,0.9411635572366194
bachchee,Christian,0.6412052237841646
javaahar,Hindu,0.9411450355613108
jayaraam,Hindu,0.9041982706701538
bhikhaaree,Hindu,0.8895688857201329
nousaad,Muslim,0.6182785738364364
sandhyaa,Hindu,0.9841043517715016
raamachamdr,Hindu,0.9336390020663304
basanthee,Hindu,0.9390986334742152
chandrakaanthi,Hindu,0.915159698538078
amarendr,Hindu,0.9820989779120963
rupaa,Hindu,0.9303360304784692
puneethaa,Hindu,0.6929988544653417
md,Muslim,0.9972071038949234
sivanaath,Hindu,0.9712240744150178
sameer,Muslim,0.9610356820844709
kaarthik,Hindu,0.6361870588759577
saadhanaa,Hindu,0.7625731581101469
chhootoo,Hindu,0.5768093243096994
narendr,Hindu,0.9850318496718281
bhagavaan,Hindu,0.8352646202037541
aakaas,Christian,0.9577085265162667
kaanjchana,Hindu,0.9335164301862907
anuraadhaa,Hindu,0.9088393498470498
baijanaath,Hindu,0.9517002458631313
raajadev,Hindu,0.7796438763935054
roonaa,Christian,0.6915104845564986
chandrakalaa,Hindu,0.8951058589126205
raamavilaas,Christian,0.6847253244557685
laalabaaboo,Muslim,0.8104253133209596
chhoote,Hindu,0.8750209197355957
gourav,Hindu,0.9992172664381674
santhoosh,Christian,0.8338423037494623
nithu,Hindu,0.7815291219843186
pimtoo,Muslim,0.4930847290436497
ahalaa,Hindu,0.9811876068002824
sameemaa,Muslim,0.8388126493413407
muraaree,Hindu,0.958876541482892
ameeth,Muslim,0.49954736684894924
deepaa,Hindu,0.8874465416676243
yoogemdr,Hindu,0.39311450501440975
prabhaasinee,Hindu,0.9061013642129909
rookasaanaa,Christian,0.5564958394133073
aamkith,Hindu,0.744884569546424
chamchalaa,Hindu,0.9833950998714115
chandesvar,Hindu,0.9693737547273216
alee,Muslim,0.7274902707206794
maanathee,Hindu,0.7600441729415554
raamabaaboo,Muslim,0.7316044320577606
basamth,Hindu,0.9616941675380836
gaaythree,Hindu,0.8473834128038218
ghanasyaam,Hindu,0.8532461927649359
anupamaa,Hindu,0.8852141314669454
heeraalaal,Hindu,0.5044808949149601
prabhaathee,Hindu,0.9134623594437324
kousalaa,Christian,0.523771981181945
haree,Hindu,0.9791497602178952
noorajahaa,Muslim,0.7557022207224801
rajanees,Christian,0.592063989803724
kuladeep,Hindu,0.9858056030039368
sasmithaa,Hindu,0.3863367550814041
chaaadanee,Christian,0.8213916067589018
susilaa,Christian,0.8072811538866044
sabeenaa,Muslim,0.9676900365560659
nandalaal,Hindu,0.9833017812201834
soomithraa,Hindu,0.6761378185161431
nathunee,Hindu,0.9513021795382368
pahaabatha,Hindu,0.8411419463671062
sithaa,Christian,0.6154515549004751
thapan,Hindu,0.9779970369856358
umaasamkar,Hindu,0.6130681948005576
alakaa,Hindu,0.7840087814185457
bhunesvar,Hindu,0.9818928080673074
hema,Hindu,0.9838177920643588
ahalyaa,Hindu,0.9308036411232147
kamalaa,Hindu,0.7512777747951357
sarooj,Hindu,0.7999865704163919
raadhaa,Hindu,0.809492603020269
preethee,Christian,0.6276644745405124
jyoothi,Sikh,0.3698025986340363
omaprakaas,Christian,0.7553615482187476
rajanee,Hindu,0.6572247404774391
dharmendr,Hindu,0.9840352422778309
gudadee,Hindu,0.947282003240437
raadhesyaam,Hindu,0.6021183395161513
baaboo,Muslim,0.9587832172138732
saamthee,Hindu,0.37410569433193247
sachin,Hindu,0.7841259449134846
ooshaa,Christian,0.8321124058389501
raamakalee,Hindu,0.6259655722230707
munnaa,Hindu,0.5586213100394322
raamavathee,Hindu,0.6919424708122474
baaboolaal,Muslim,0.8781522350454197
mou,Muslim,0.5777323422078119
moonikaa,Hindu,0.5855074760702912
babalee,Muslim,0.9228536766792622
yooges,Christian,0.7680401542936186
raamesvar,Hindu,0.5926087460627275
roosanee,Christian,0.6036048853716729
mohd,Muslim,0.5539013533847713
moohith,Hindu,0.649194410689641
raajaaraam,Christian,0.7281658188476721
maa,Christian,0.9602530007326696
saleem,Muslim,0.953739775521816
harees,Hindu,0.8107307098055379
prahalaad,Hindu,0.9616107694570601
sumith,Hindu,0.33628638518395376
raamalaal,Hindu,0.518212587163358
premaa,Hindu,0.849671160200019
raamakumaar,Hindu,0.5542341004946842
manjoo,Hindu,0.6534671800222827
subham,Hindu,0.9581957683215004
rachanaa,Hindu,0.6511309446734854
urmithraa,Hindu,0.9306939186835518
imaraan,Christian,0.7912896519581019
vandanaa,Hindu,0.9705975357297149
premavathee,Hindu,0.9069911382590983
chhootee,Hindu,0.7369902337335068
saralaa,Christian,0.5560233069904457
raamaprasaad,Hindu,0.6162031821773816
raamapaal,Hindu,0.8116551266232536
sreeraam,Hindu,0.8523851653284429
raamarathee,Hindu,0.7199130231715967
omavathee,Christian,0.5569005346514155
maamgeelaal,Christian,0.9690510479971564
sivakumaar,Hindu,0.5546552148304014
prathaap,Hindu,0.877050454375332
nithin,Hindu,0.8185878047842144
bhaavanaa,Hindu,0.970100061977354
moohanalaal,Christian,0.5099225057131086
indraa,Hindu,0.7863079289036762
raamanivaas,Christian,0.7397429703146216
sakeel,Muslim,0.7540220948488974
raahal,Hindu,0.9434806216345689
laalee,Christian,0.6308691890053063
iraphaan,Christian,0.616501904969499
varshaa,Hindu,0.8867665679692195
syaamalaal,Christian,0.8237604207048698
raajapaal,Hindu,0.6643839507138541
raamasimh,Hindu,0.6798465894241852
phoolamathee,Christian,0.801164764962192
dayaaraam,Hindu,0.702782045655881
vijendr,Hindu,0.9920629124942615
raamapyaaree,Hindu,0.5335378262857261
bhaarath,Hindu,0.9758030985299929
ser,Christian,0.9895461707592517
sathapaal,Hindu,0.7849919308025961
raajesvaree,Christian,0.8657247490630631
pushpendr,Hindu,0.7608394559489408
nasareen,Hindu,0.6328407784906677
banavaaree,Hindu,0.9010607895476462
gamgaaraam,Hindu,0.6084367667756821
moohanee,Hindu,0.4144627330966107
vaseem,Christian,0.538365824698449
raajavathee,Christian,0.53930873747922
saayaraa,Christian,0.6235538511038552
gajendr,Hindu,0.9689611445625567
pharajaanaa,Hindu,0.6358045542862175
hanumaan,Hindu,0.5963185880814347
raamanares,Hindu,0.8568333934821586
soomavathee,Christian,0.656284118659917
urmilraa,Hindu,0.7377123144813917
kaaloo,Christian,0.5329785642823264
irasaad,Hindu,0.5729323289037768
sivaanee,Christian,0.5515778339499781
samaa,Christian,0.8294373685262013
sivam,Hindu,0.9915307547210493
bhoopendr,Hindu,0.9477261652666175
hemaraaj,Hindu,0.7567131647691517
jaaved,Hindu,0.7228402405344848
raghuveer,Hindu,0.9720817977108699
sathendr,Hindu,0.9406025190039252
rasmi,Hindu,0.49018624594407945
samkaralaal,Hindu,0.8147716030156245
kalaa,Hindu,0.7042823503136617
raamasvaroop,Hindu,0.7567967408095179
bhamvaree,Hindu,0.807577839835633
samaser,Christian,0.8331523284765424
deepikaa,Hindu,0.7919790500230719
jasoodaa,Hindu,0.6702719882999931
kamalaabaaee,Hindu,0.4743639214962471
asalam,Hindu,0.7392483363250877
mainaa,Hindu,0.5447304233553797
raamaveer,Hindu,0.9131601533226458
anjoo,Hindu,0.7106335367410119
raajaraanee,Christian,0.8149687262408837
bhaagavathee,Hindu,0.47566412806631475
geethaabaaee,Christian,0.8669947366151356
raamadaas,Hindu,0.560082551073776
meenaakshee,Hindu,0.5404505154225986
saahid,Muslim,0.8679019474100763
hariom,Hindu,0.7658102700575435
indraavathee,Hindu,0.6887948473456434
rijavaan,Hindu,0.9407751990646124
kousilyaa,Christian,0.7192274138533196
kaamthaa,Hindu,0.5600973502656422
dharmapaal,Hindu,0.9873959304559481
siyaaraam,Hindu,0.5439208112843854
raamakisoor,Hindu,0.782651689158971
durgaavathee,Hindu,0.9530378705549025
bhaageerath,Hindu,0.8334399353669179
athul,Hindu,0.7908185579874076
neethaa,Christian,0.6872658216402715
raamaprakaas,Christian,0.5179229555217322
hareeraam,Hindu,0.9477901267775458
aariph,Christian,0.65858080934027
kanhaiyaalaal,Hindu,0.5514632939942762
salamaan,Hindu,0.4733078195153978
raamadevee,Hindu,0.9376752042299975
raamasree,Hindu,0.7996905923459675
chandraavathee,Hindu,0.9344827079617973
kusamaa,Hindu,0.5867464413650426
naajamaa,Christian,0.9520191985962758
raamacharan,Hindu,0.9502022750427903
ranaveer,Hindu,0.9934564472087422
kesav,Hindu,0.9940934071300508
anuraag,Hindu,0.8289245028415004
leelaabaaee,Christian,0.5716644753875942
phoolavathee,Hindu,0.8047407886482646
giradhaaree,Hindu,0.9452591621070465
vidyaavathee,Christian,0.6044628386882747
dheerendr,Hindu,0.8663750181474456
raamagoopaal,Hindu,0.8840262529525187
rapheek,Christian,0.958796785853585
indrajeeth,Hindu,0.7837643558765887
madanalaal,Hindu,0.7594499072383807
chandrapaal,Hindu,0.9282620082793619
rookamanee,Hindu,0.8381842896463676
ravee,Hindu,0.9595822323329809
kamalaadevee,Hindu,0.8647024719558896
aamjanaa,Muslim,0.6133823196369763
chandrabhaan,Hindu,0.9685837479545154
geethaadevee,Christian,0.7445377226088183
asvanee,Hindu,0.7164975797469042
baabooraam,Muslim,0.5349282363724078
chandravathee,Hindu,0.9748356576846005
sikhaa,Muslim,0.9330454635731156
desaraaj,Hindu,0.6899787526020472
raamaavathaar,Christian,0.750726069199294
bahaadur,Hindu,0.9683046954860062
aamgooree,Hindu,0.5055376152316612
raamalakhan,Hindu,0.9941358840083692
saalinee,Muslim,0.4835253983816558
aasiph,Christian,0.9781325990362901
raajabaalaa,Christian,0.7324030634146131
laalajee,Hindu,0.4047302876222678
sahajaad,Muslim,0.5921128985612152
raamakisan,Hindu,0.966330655941502
jayapaal,Hindu,0.6754777304267909
nidhi,Hindu,0.9739020341719237
saajid,Muslim,0.7961130604724086
raveendr,Hindu,0.9642716563077876
kalyaan,Hindu,0.7465380331706822
rithu,Hindu,0.8581437867693092
bhamvaralaal,Hindu,0.8470280596130262
laalaaraam,Christian,0.780137920060185
raamakaran,Hindu,0.9636485441806807
aayasaa,Christian,0.9108361235713548
amit,Hindu,0.9203524606840118
jameel,Muslim,0.9803275531698975
hamsaraaj,Christian,0.45704670447108614
meenoo,Muslim,0.8394940254712431
raadhe,Hindu,0.9452044771406222
prasaanth,Christian,0.7510245639948897
aajaad,Christian,0.8304065112704866
lakshmeebaaee,Hindu,0.4386733602498985
jaakir,Muslim,0.8305538030171766
premabaaee,Hindu,0.7381406259562364
pintoo,Hindu,0.6407625921460317
yaasameen,Hindu,0.4219957822488452
mootheelaal,Hindu,0.5359989759457452
aneesaa,Christian,0.6365349728683349
rihaanaa,Hindu,0.5193628097944809
muhammad,Muslim,0.503908625306893
phareedaa,Hindu,0.4946388154156833
hinaa,Hindu,0.5651101352844073
aasaaraam,Christian,0.8621677743012757
kaalooraam,Christian,0.5502941037498187
jagathaar,Hindu,0.7324538126342433
amarasimh,Hindu,0.8921213366053251
maayaadevee,Christian,0.5758583022445308
avanees,Hindu,0.7627725495355875
raamasevak,Christian,0.7662102021739048
abhay,Hindu,0.9918201929117234
hemanth,Hindu,0.9858567999353455
seema,Muslim,0.6463338574046273
nanhee,Hindu,0.9173896657302425
sivaraaj,Hindu,0.5086770096783441
rijavaanaa,Hindu,0.839032187834229
sareeph,Christian,0.8526074157952988
raasid,Christian,0.6683655600190034
omakaar,Christian,0.6514500137239608
baabulaal,Muslim,0.6595487419250835
divyaa,Hindu,0.8891614878633797
reethoo,Christian,0.5198454297805659
paaravathee,Hindu,0.8346974087688984
jagannaath,Hindu,0.8378041948661453
kumaar,Christian,0.5563799359760128
himaamsu,Hindu,0.447184286380146
munneedevee,Hindu,0.7841798537962369
pooja,Hindu,0.8287467300857746
subhaavathee,Hindu,0.8634122513779253
simalaa,Christian,0.8318337432738963
kalaabaaee,Muslim,0.4000442958522924
saaheen,Christian,0.4701850198467834
maanasimh,Christian,0.6276429485591964
vineeth,Hindu,0.6559263566731913
akshay,Hindu,0.875959806281196
raamadayaal,Hindu,0.8981129549891899
amaranaath,Hindu,0.7679089171650791
sathyavathee,Hindu,0.935285739831366
asookakumaar,Hindu,0.7754256678992241
muhammed,Muslim,0.8240892204983766
mohammed,Muslim,0.8891454691412127
satyavathi,Hindu,0.6143646567727018
srinivasarao,Hindu,0.807306230505214
srinivasa,Hindu,0.8851583634978218
ramanamma,Hindu,0.9290599764635044
parvathi,Hindu,0.9815485929452348
nagaraju,Hindu,0.7105136109639416
varalakshmi,Hindu,0.8086722002655893
santha,Hindu,0.949873902185344
jyothi,Hindu,0.6018516579401575
apparao,Hindu,0.9847320480455358
geetha,Christian,0.7873172195483326
sarojini,Hindu,0.9579249995396137
sujatha,Hindu,0.8035813229537231
sathyanarayan,Hindu,0.9873296350809694
basavaraaja,Hindu,0.9324504917273482
lakshhmi,Hindu,0.8110217627265799
leela,Hindu,0.5613847171895108
sunitha,Hindu,0.8012730805251455
rambabu,Hindu,0.9646499483213052
omana,Christian,0.6171294724982694
anitha,Hindu,0.8093042332304209
mahaadevi,Hindu,0.9938068684164671
sindhu,Hindu,0.7318556816169557
mini,Christian,0.8290306361307326
satyanarayana,Hindu,0.9006484890694539
venkatalakshmi,Hindu,0.8772594357094097
renukaa,Hindu,0.8450379137132167
mariyamma,Christian,0.857840417737443
subbarao,Hindu,0.761691349454779
annamma,Christian,0.92252102245072
srinu,Christian,0.7380292488931031
madhavi,Hindu,0.9920852324135064
bhavani,Hindu,0.9896879268276305
narayanamma,Hindu,0.917708214685285
laxmi,Hindu,0.9256811147504799
bindhu,Hindu,0.9674068793545655
bindu,Hindu,0.9915805284677448
janaki,Hindu,0.9940403769236703
basappa,Hindu,0.6854284215342447
subbamma,Hindu,0.821469873670604
hanamamtha,Hindu,0.9758276071681148
thankamma,Hindu,0.5770856079253384
rajeswari,Hindu,0.954388144955338
lalitha,Hindu,0.7959028166406974
sreenivasulu,Hindu,0.9269802770575435
lakshhmibaayi,Hindu,0.8134589414768144
sarada,Hindu,0.9969539657830458
nagalakshmi,Hindu,0.9027971434515011
jameela,Muslim,0.9400501970886633
divya,Hindu,0.9739842360542721
nagaswararao,Hindu,0.8893982608334702
ramakrishna,Hindu,0.7123244411755464
vijayalakshmi,Hindu,0.8475641118421622
ammini,Christian,0.6084685240324618
beena,Hindu,0.7311960981906638
aneesh,Hindu,0.48238338932287994
ramarao,Hindu,0.7246223245907881
saraswathi,Hindu,0.9418626781345006
subaida,Hindu,0.8834969066930661
sreedevi,Hindu,0.8786495968791899
latha,Christian,0.653697439438021
indira,Hindu,0.9970184293300212
venkateswarlu,Hindu,0.9426474988271137
rajamma,Hindu,0.8461925416887823
siddappa,Hindu,0.6398081357224259
padmavathi,Hindu,0.9707011425609514
sainaba,Muslim,0.9547926922501687
khadeeja,Muslim,0.9558693419640463
sandhya,Hindu,0.9959438817511994
enkateshwarlu,Hindu,0.9719441862480076
pathumma,Hindu,0.4638489744876865
shobhaa,Jain,0.8140126827514002
shrinu,Hindu,0.9053444244794903
sheeja,Muslim,0.7132053999844432
ramadevi,Hindu,0.9934865127247868
jayamma,Hindu,0.9624212280483214
kadeeja,Muslim,0.7320581071462985
yallavva,Hindu,0.9897578666667268
sheeba,Muslim,0.7049439993091264
kalyani,Hindu,0.9790536581507653
jayalakshmi,Hindu,0.8448519724854486
haseena,Hindu,0.49621946511634035
sudha,Hindu,0.9723474480716404
amina,Hindu,0.7984673071242376
venkateshwararao,Hindu,0.9183586249783516
reshma,Hindu,0.8739179692176333
ayisha,Hindu,0.5591481834001819
girija,Hindu,0.9793272825901266
sumathi,Christian,0.5162448343639149
sajitha,Hindu,0.8145713186417528
padamavathi,Hindu,0.9679290824489573
gamgavva,Hindu,0.9487042591387318
akhil,Hindu,0.8949434507409681
ratheesh,Hindu,0.5849569568614547
gangamma,Hindu,0.9790914226979351
yallappa,Hindu,0.9987006038247173
lakshhmana,Hindu,0.9578049878561313
paarvathi,Hindu,0.903772002150501
mariamma,Christian,0.9912680014895232
syamala,Hindu,0.6586222431794487
valsala,Hindu,0.8341262736476782
nabeesa,Muslim,0.9573271087366922
devaki,Hindu,0.9233499697370285
mohamed,Muslim,0.8537138273550257
safiya,Muslim,0.9941928013634928
shaamthavva,Hindu,0.9519618722380134
venkateswara,Hindu,0.9405350792114231
deepa,Hindu,0.9829903694965058
rajani,Hindu,0.8880518925496826
vijayamma,Hindu,0.9615058182625318
maaruthi,Christian,0.5457834782796991
ramulamma,Hindu,0.9648600505438094
sreeja,Hindu,0.5091431326746914
ramalakshmi,Hindu,0.9224948467768658
aisha,Hindu,0.9405799142625589
sheela,Hindu,0.8147760758936952
sobhana,Hindu,0.939027765328841
narasamma,Hindu,0.8287612242911435
samthoshha,Hindu,0.9105645006576188
suseela,Christian,0.5569701206768879
santhi,Hindu,0.9828628774100255
sulochana,Hindu,0.9020125915809676
thankamani,Hindu,0.9373016954213022
ambika,Hindu,0.8427062886761835
rathnamma,Hindu,0.856778360098523
soumya,Hindu,0.8434107328877379
prakaasha,Hindu,0.6554597123547796
anoop,Hindu,0.4673440247476142
athira,Hindu,0.9806709666490735
githaa,Hindu,0.4956977673988471
anusha,Hindu,0.7290745564756443
kavitha,Hindu,0.9377394077278463
narayana,Hindu,0.8571646789389611
suhara,Muslim,0.8874084533594242
krishnaveni,Hindu,0.9111912639125084
mahaadeva,Hindu,0.9621464265278712
nimgappa,Hindu,0.9715209819560083
shivaanamda,Hindu,0.9471590169656586
shamkara,Buddhist,0.668806370821969
chinnamma,Christian,0.8626895060223607
mallikaarjuna,Hindu,0.8325566256799893
jayashri,Hindu,0.9611887897236503
appalanaidu,Hindu,0.994844122567126
mamjunaathha,Hindu,0.5747360936178062
bhimappa,Hindu,0.6664001731720917
savitri,Hindu,0.8622652575279053
anilkumar,Hindu,0.6904596110626559
shivappa,Hindu,0.9998516533944004
sreejith,Hindu,0.5833504738956744
naseema,Muslim,0.46467062297126954
dhanalakshmi,Christian,0.602358928115678
remya,Hindu,0.9711164185122311
ramla,Hindu,0.9863470801562593
leelamma,Christian,0.8587772461049915
nafeesa,Muslim,0.7482146636675086
suma,Christian,0.6961793737824521
kondamma,Hindu,0.6163100321183546
saavithri,Hindu,0.7607184870422269
shibu,Hindu,0.750237607444178
sulaikha,Muslim,0.5016504961037785
viththala,Hindu,0.9356460339730215
mamjulaa,Muslim,0.8033034081383666
savithri,Hindu,0.9152191583530233
rosamma,Christian,0.9847999843726754
suryanarain,Hindu,0.9983390181245153
ramya,Hindu,0.9950136966675517
bhaarathi,Hindu,0.9821871390773294
anuradha,Hindu,0.9825605246407598
aswathy,Hindu,0.9717125630303012
smitha,Muslim,0.6750044032286405
kasthuri,Hindu,0.8533290274420262
mallavva,Hindu,0.9709513904598602
satheesh,Christian,0.5820332798696575
saritha,Hindu,0.7806408831772471
basavva,Hindu,0.9907209123211586
narayani,Hindu,0.9273355569682583
sarath,Hindu,0.9893032633914773
naagappa,Christian,0.7249673972352846
koteswararao,Hindu,0.7877163270131275
nageswara,Hindu,0.8886332828142862
subbalakshmi,Hindu,0.8965682439086052
radhamani,Hindu,0.9452995021928686
aadilakshmi,Hindu,0.8726909555242358
meenakshi,Hindu,0.9661721684064779
venkayamma,Hindu,0.7159153791710073
ponnamma,Hindu,0.6798822103155591
ramanaiah,Hindu,0.9958345006645392
aleyamma,Christian,0.887600510263629
shrishaila,Hindu,0.977387191267091
nilavva,Hindu,0.991449759157601
sobha,Hindu,0.7760826665512389
suribabu,Hindu,0.7216630279400487
swathi,Hindu,0.979808154215959
shaamthaa,Hindu,0.5741793634791338
sattibabu,Hindu,0.7644828791915381
reena,Hindu,0.9646365053761637
renuka,Hindu,0.9566635917447893
remani,Hindu,0.8678299060034219
anjali,Muslim,0.5097075073739546
eeshvaramma,Hindu,0.7920314311801926
prameela,Hindu,0.9550894914041475
baabu,Muslim,0.8936699549639759
jayasree,Hindu,0.7917206128256407
kamalamma,Hindu,0.9608349980647567
vijailaxmi,Hindu,0.929682647017112
srinivasulu,Hindu,0.6835877809299135
abhilash,Hindu,0.9540262788061734
rajeev,Christian,0.6361009455842623
dhanya,Hindu,0.9690648622545407
appanna,Hindu,0.9994292259210653
danalaxmi,Hindu,0.9508477533262655
saramma,Christian,0.706122707980611
shaamthaabaayi,Hindu,0.4534136251904513
sharanappa,Hindu,0.9981341975991378
anju,Hindu,0.896475594277545
samgithaa,Christian,0.6113699574897993
sridevi,Hindu,0.9695886279880005
venkatrao,Hindu,0.7761109536798753
noushad,Muslim,0.5444069945117095
shridevi,Hindu,0.9876634990819338
radhika,Hindu,0.99816519342409
sarasvati,Hindu,0.8575304287142956
karthiayani,Hindu,0.7617203823926741
mano,Christian,0.7728428883667905
prasanth,Hindu,0.8942164130410057
annapurna,Hindu,0.9781158837881517
irappa,Hindu,0.9720507694621179
mahaamthesha,Hindu,0.9654162822340361
manga,Hindu,0.9872646825789654
molly,Muslim,0.6672086076975052
ramadaevi,Hindu,0.9872461183761867
anjamma,Hindu,0.8622958850517672
santhamma,Hindu,0.9573847493756695
rajeshvari,Hindu,0.7456942394351439
nalini,Hindu,0.7035225217622803
ammaji,Hindu,0.8244744674036085
suryanarayana,Hindu,0.996233785258994
basamma,Hindu,0.860024045143122
prabhavathi,Hindu,0.9874868086942108
noorjahan,Muslim,0.8408505550193631
vijayakumari,Hindu,0.7818534205751109
muraleedharan,Hindu,0.9803358516406063
parashuraama,Hindu,0.9948000367354799
lachami,Hindu,0.9589681960624262
mallikarjuna,Hindu,0.9342089393807091
aanamda,Hindu,0.8691112035716502
abdu,Muslim,0.9874479993704103
asokan,Hindu,0.9692648189149267
venkatarao,Hindu,0.9986198791563736
seetamma,Hindu,0.8864293640237749
sailaja,Hindu,0.6426117998976715
baiju,Hindu,0.865255299330149
laila,Hindu,0.8944548732668399
sudheesh,Christian,0.5162714889090332
vilasini,Hindu,0.8708155440367467
mallika,Hindu,0.7299668405760057
gauravva,Hindu,0.998451590453521
samgappa,Hindu,0.9146638593630854
jisha,Hindu,0.8401884762995969
kallappa,Hindu,0.7982890032110351
surekhaa,Muslim,0.5644126102261449
suvarnaa,Christian,0.7463942143605172
sunamdaa,Hindu,0.5945627760269412
swapna,Hindu,0.8044158665535501
raamappa,Hindu,0.9749043602142036
anagamma,Hindu,0.8567344746894835
ravikumar,Hindu,0.8625672561650325
sarasamma,Christian,0.7407776871524211
narasimhulu,Hindu,0.8725071642642527
ramaiah,Hindu,0.9998261774945463
sabu,Muslim,0.9994180581200254
venkateshwarlu,Hindu,0.9535753193785632
edukondalu,Hindu,0.945923068742936
durgarao,Hindu,0.9942139238721593
nageswararao,Hindu,0.8566726528639104
rangamma,Hindu,0.9946223990345329
hemalatha,Hindu,0.5995602322363691
veerababu,Hindu,0.772128391371276
preetha,Hindu,0.5224186613809048
rugmini,Hindu,0.8746360102433297
veeramma,Hindu,0.9802685273332755
kalavathi,Hindu,0.9531622410054112
kantamma,Hindu,0.9608094209045502
sravani,Hindu,0.9519253498841793
ramakrishan,Hindu,0.9930267856746895
govindamma,Hindu,0.9285575910667563
sadaashiva,Hindu,0.9358387047330439
narasimha,Hindu,0.9947949690776954
anjaneyulu,Hindu,0.9214074058276069
maimoona,Christian,0.6634690441445025
adilakshmi,Hindu,0.9422204059595871
rema,Hindu,0.929588091789149
gopalakrishnan,Hindu,0.998401259369257
ramanjaneyulu,Hindu,0.9474380448923742
gauramma,Hindu,0.9903089320102823
lakshmana,Hindu,0.9966108392399587
mangamma,Hindu,0.9390090013523378
revathi,Hindu,0.8783818113419468
rajitha,Hindu,0.9171757821960792
johnson,Christian,0.9963942148927185
hanamavva,Hindu,0.9872643920429355
chellamma,Hindu,0.9187053441146558
baburao,Hindu,0.7154354567364626
lissy,Christian,0.9872282264139463
venkatasubbamma,Hindu,0.9716408049462342
sanyasamma,Hindu,0.8933798922686658
rasiya,Hindu,0.9723580980833918
sarala,Hindu,0.8344072141083413
asharaf,Muslim,0.6624802398273462
sini,Hindu,0.7617387977435186
sameera,Muslim,0.9147739717720968
polamma,Hindu,0.8922346899025988
rajyalakshmi,Hindu,0.8843106710780686
eswaramma,Hindu,0.9237096110525821
shiju,Hindu,0.7991717107318628
sheena,Hindu,0.7506489680752212
jithin,Hindu,0.7180413331394433
sajeev,Christian,0.4859453363580788
renjith,Hindu,0.8147288164286469
sreekumar,Hindu,0.6189523628476805
vanaja,Hindu,0.9835601018114593
ranjith,Hindu,0.8887688582880489
saranya,Hindu,0.9214331910072022
nilamma,Hindu,0.9771948731678569
mounika,Hindu,0.6950269703450881
annapoorna,Hindu,0.9240366928811119
nagaratnam,Hindu,0.8933652618378521
vijayalakshhmi,Hindu,0.9178141086154535
sumesh,Hindu,0.9074157463223135
gracy,Hindu,0.7561269844164027
bhargavi,Hindu,0.9034844455367141
sujith,Hindu,0.718714020174088
asya,Christian,0.8565436027163689
suja,Christian,0.7321587999661304
jhansi,Hindu,0.7656533460397325
sushilaa,Hindu,0.7550976701307852
shivamma,Hindu,0.9892030207700282
kishore,Hindu,0.6714828813350686
lakshmanarao,Hindu,0.9947598325874062
arjuna,Hindu,0.9265222713793011
pavani,Hindu,0.6303514326837896
subbarayudu,Hindu,0.8126659283270059
subrahmanyam,Hindu,0.9104610499281104
venkateswararao,Hindu,0.8989034998604001
chandramma,Hindu,0.9898685707152196
rohini,Hindu,0.9361425680835587
thresiamma,Christian,0.5323301012776265
parvatamma,Hindu,0.9926286034155787
annie,Christian,0.7606777089721135
saleena,Hindu,0.49975288059948303
shylaja,Hindu,0.8444852590801588
sarasvathi,Hindu,0.8401215287148419
james,Christian,0.9062260883172396
sivadasan,Hindu,0.9748416453565857
jessy,Christian,0.9814370016997921
gireesh,Hindu,0.7934070834739374
maria,Christian,0.9999788360458636
paraveen,Hindu,0.9767548945454382
sulathaanaa,Christian,0.6850543093641879
antonio,Christian,0.9121203599090425
lakshmee,Hindu,0.8041049800916549
baanoo,Muslim,0.4494917408978022
geeta,Hindu,0.7614416395956556
aamjum,Muslim,0.8826165060168729
francisco,Christian,0.9996984870103651
saamthaabaaee,Christian,0.4923557373918438
anthony,Christian,0.9997320441702624
amita,Hindu,0.9698186777589088
rukhasaanaa,Christian,0.6328849817238014
pandurang,Hindu,0.9287033706804558
rubeenaa,Hindu,0.6743315124284394
yaasmeen,Christian,0.3746666874505783
sneha,Muslim,0.5893773997014892
prashant,Hindu,0.9129825761596445
naajeeyaa,Christian,0.6665187068472268
gurudas,Hindu,0.6697257476329396
vaisaalee,Christian,0.704014232773928
sarita,Hindu,0.9614930810211418
joao,Christian,0.8323586967525344
niloophar,Hindu,0.7985607287948813
laxman,Hindu,0.9687673419131609
joaquim,Muslim,0.9139250917755807
thabassum,Hindu,0.47309164062083475
ana,Hindu,0.9999075280760402
rukmini,Hindu,0.8125399235693113
smita,Muslim,0.4910684186845537
supriya,Hindu,0.9142662517397403
paravin,Hindu,0.9706304301409275
aaphareen,Hindu,0.6640953038101151
agnelo,Hindu,0.5004612831577736
rupesh,Hindu,0.9213736401899174
saminaa,Hindu,0.8349995824052334
saeedaa,Muslim,0.617496041962245
sabaanaabee,Muslim,0.9545316140510471
gajanan,Hindu,0.9784917743120501
damodar,Hindu,0.9914815008308405
rubinaa,Hindu,0.828178065285344
ashwini,Hindu,0.7862173904541417
sushma,Hindu,0.510701542471158
suvarna,Hindu,0.5367191491421316
resmaa,Muslim,0.5422215066873809
shobha,Jain,0.9680076981278457
sandesh,Hindu,0.9909182039210279
vinayak,Hindu,0.9851424080314918
yaasmin,Christian,0.5877216094643112
phaathemaa,Christian,0.7034936794526901
vamdanaa,Hindu,0.9306131282230032
manishaa,Hindu,0.6014910466467338
saajedaa,Christian,0.6844373677754014
sanjana,Hindu,0.9974615712185455
aasiyaa,Christian,0.884549106487681
archana,Hindu,0.937911095664218
vishal,Hindu,0.9953525400779846
simaa,Christian,0.8850866303312207
laximi,Hindu,0.6352445497852057
mumathaajabee,Christian,0.7342627240526299
jubedaabee,Muslim,0.749655608761258
nusarath,Hindu,0.9813668769529992
pramila,Hindu,0.9853227944584008
sharmila,Hindu,0.9776368532821658
vithal,Hindu,0.979616784093912
rohidas,Hindu,0.9757432566536272
sireen,Hindu,0.5541023495726705
sangita,Hindu,0.9906455238204828
anant,Hindu,0.9751185250289285
saahedaa,Christian,0.7773052610661146
chamdrakalaa,Hindu,0.8953055406474227
filomena,Hindu,0.7911938994346294
ulhas,Muslim,0.564933866589178
anusayaa,Hindu,0.6330616108080351
heenaa,Hindu,0.6645237303568087
shrikant,Jain,0.8235350912917462
saayamaa,Christian,0.8017672380971617
janaabaaee,Hindu,0.3502002205515855
ankita,Hindu,0.9953621870228888
anandi,Hindu,0.9998831572027885
ravindra,Hindu,0.6940290173968702
nikita,Hindu,0.9862350674998356
swati,Hindu,0.9890712099703471
saayaraabee,Christian,0.48188178040135554
pratima,Hindu,0.9475098232916769
neha,Muslim,0.5624974938142374
samir,Hindu,0.9184578800408703
prabhakar,Hindu,0.9903094332228407
tukaram,Hindu,0.9980243358896105
hameedaabee,Muslim,0.996578107447361
sonali,Christian,0.8352819255127962
naajemaa,Christian,0.5436546901438286
sunanda,Hindu,0.9904686120244829
vandana,Hindu,0.9945828122912638
aayesaa,Christian,0.9828632915232116
sahenaaj,Hindu,0.7543868051008493
sadanand,Hindu,0.9930187560938051
sarvesh,Hindu,0.9574929099800339
gauri,Hindu,0.9791619639606196
asvinee,Hindu,0.5724982145057035
hameedaa,Muslim,0.9672637926434591
sweta,Hindu,0.9188292254486505
yeshwant,Hindu,0.5503579786684799
maya,Hindu,0.8357666047181199
raeesaa,Christian,0.7519209217713244
pratiksha,Hindu,0.9938987051741883
pharaheen,Hindu,0.5962487577977642
tulshidas,Hindu,0.9514470800856744
pharahaanaa,Hindu,0.594042967083376
haseenaabee,Muslim,0.6120235718091387
shubhangi,Hindu,0.9407326487184944
ujwala,Hindu,0.9775313303414578
diksha,Hindu,0.7961400688852674
peter,Christian,0.8854919898793436
miraabaaee,Muslim,0.7027407491203027
saaberaabee,Muslim,0.8565429824874353
sayyadaa,Hindu,0.6441900775760053
thaaraabaaee,Christian,0.7385513709041972
jijaabaaee,Muslim,0.8147879710224872
mohammad,Sikh,0.801818549435955
rukasaanaa,Christian,0.5831312705182276
manuel,Christian,0.8409154175484712
deepali,Hindu,0.9095679765241779
sebastiao,Christian,0.9994329970164517
asamaa,Christian,0.7295511214122204
savio,Christian,0.9621097094516754
sumayyaa,Christian,0.9319723786503836
vasudev,Hindu,0.9206667322293735
vijaya,Hindu,0.8542885883049548
suchita,Hindu,0.9459092943188286
jaahedaa,Christian,0.6685529107798038
sakeelaabee,Muslim,0.8999307108879384
sushant,Hindu,0.8403791592216818
shashikant,Hindu,0.9090968229887835
najamaabee,Muslim,0.9144432953673172
devidas,Hindu,0.9910859394548661
premanand,Hindu,0.9884526398221127
dattaram,Hindu,0.9923968373443187
kaamthaabaaee,Christian,0.40941060040937305
sabaa,Muslim,0.967277555315306
phaathamaabee,Christian,0.7710908651529444
samareen,Hindu,0.7911556963928302
thaaheraa,Hindu,0.5142223641731313
nagamaa,Hindu,0.5353596407083462
anisaa,Christian,0.5164185292173117
jubedaa,Hindu,0.7471412356462408
vasanti,Hindu,0.9842369837056854
pedro,Hindu,0.7698000709076108
vanithaa,Hindu,0.6567604629213938
dipaalee,Hindu,0.6863314022956921
mohini,Hindu,0.8529803096969246
aminaabee,Muslim,0.8476321354832257
shubham,Hindu,0.9441963255434825
vijayaa,Christian,0.5564959030109918
ajit,Hindu,0.7433316219326539
rohan,Hindu,0.9099958933387085
siddhi,Muslim,0.546093417863121
sameemabaanoo,Muslim,0.938137274426818
saaeesthaa,Christian,0.9774836151732872
aasaabaaee,Christian,0.863222560897821
saraswati,Hindu,0.9233217581567117
lilaabaaee,Christian,0.6980739286487655
soonaalee,Christian,0.5767457280206112
saeedaabee,Muslim,0.9676588625738264
ujamaa,Muslim,0.4140358632499055
naseemabaanoo,Muslim,0.6562774498302235
sudesh,Hindu,0.925295754205394
trupti,Hindu,0.9932388185833926
asmaa,Muslim,0.5467796370530245
nitesh,Hindu,0.9297248060926058
neeta,Hindu,0.8935456966590088
rupali,Hindu,0.9806269805623926
saleemaabee,Muslim,0.9872690258232565
pharajaanaabee,Hindu,0.5640039145282726
jameelaabee,Muslim,0.9873328678210994
khaathun,Hindu,0.6985883725712557
khaathoon,Hindu,0.7972326638825374
nikhil,Hindu,0.8168948142328953
rajeeyaa,Muslim,0.46627976374675273
chandravati,Hindu,0.9867529366038468
ranjana,Hindu,0.9812998190818172
rosa,Christian,0.979195635910274
aabedaabee,Muslim,0.8711279086061611
naaheed,Muslim,0.5986925436858614
shakuntala,Hindu,0.9472689199706896
milagrina,Hindu,0.9889899524102705
sahanaajabee,Muslim,0.8909545580057776
pallavi,Hindu,0.9519675633736452
haleemaabee,Muslim,0.9631956578147423
vidhya,Hindu,0.9745173738311512
nurajahaa,Hindu,0.728009518836608
raadhaabaaee,Hindu,0.582078434915336
rajiyaabee,Muslim,0.6810909796715576
sheetal,Hindu,0.8222336143208054
rehaanaabee,Muslim,0.869534734530619
prema,Hindu,0.9845782588311549
aabedaa,Christian,0.4261563016449737
nurajah,Hindu,0.8023779149926008
ankush,Hindu,0.9595436606925107
dayanand,Hindu,0.998705110137128
pundalik,Hindu,0.9847653759381644
saayaraabaanoo,Christian,0.7182863779861539
chamdrabhaagaa,Hindu,0.9118002530880472
shruti,Hindu,0.9953079033885611
pratibha,Hindu,0.9894319646723763
nagesh,Hindu,0.945400157437712
sasikalaa,Muslim,0.3876915438493804
hanumant,Hindu,0.999213328072176
nikhath,Hindu,0.860511096676588
rajeeyaabee,Muslim,0.930062630974992
menino,Hindu,0.6123531038744393
prabhavati,Hindu,0.9903903576946274
saahisthaa,Christian,0.7946250557681541
jayesh,Christian,0.6468650170637084
rupaalee,Hindu,0.7144088343210399
thaaheraabee,Muslim,0.41511738145835586
shantaram,Hindu,0.9870228672620912
prachi,Hindu,0.5667206656260655
suryakant,Hindu,0.9443357898627024
kashinath,Hindu,0.9882828133086347
joanita,Hindu,0.9364704072643494
napheesaa,Christian,0.9246978952535012
gajaalaa,Christian,0.689199705126859
baanoobee,Muslim,0.9015728122402692
shital,Hindu,0.9795209917805944
sulaksha,Hindu,0.8326469701952149
paresh,Hindu,0.9843946708745646
nilima,Christian,0.7990411115579411
rashmi,Hindu,0.8872419568712713
rosy,Christian,0.999020706299777
mario,Christian,0.6206693851747374
tharannum,Hindu,0.9771578766465895
sugaraabee,Muslim,0.4779371771987639
bhaagyasree,Hindu,0.7288700018484399
lathaabaaee,Christian,0.7581935033925651
sithaabaaee,Christian,0.5142340717144855
priti,Hindu,0.982479070497676
sumaiyyaa,Christian,0.8096401843652482
saamthaa,Christian,0.5053991126357712
ujvalaa,Hindu,0.669680471418142
karishma,Hindu,0.7464029259971154
saaheenaa,Christian,0.6126730185583482
saguphthaa,Hindu,0.7062862557698016
sumanabaaee,Hindu,0.5467625791991383
shashikala,Hindu,0.7636497186866329
dnyaneshwar,Hindu,0.9887781526545082
antoneta,Christian,0.8086371995272085
ameenaabee,Muslim,0.9630436217500848
maalanabee,Hindu,0.4801870262440255
taramati,Hindu,0.8954213557575099
ramnath,Hindu,0.9414554629658907
anisha,Hindu,0.7406635387526203
siddesh,Hindu,0.7978375960088616
gamgaabaaee,Christian,0.4508079543208234
leena,Hindu,0.8288597906735258
gokuldas,Hindu,0.9363279383590355
mangala,Hindu,0.7710765723476981
premavati,Hindu,0.990639153370605
saahin,Muslim,0.4199378545162196
raseedaa,Christian,0.5797412377006476
caetano,Hindu,0.5224101049203854
aminaa,Hindu,0.6422589638097823
yogita,Hindu,0.9792621441937028
francisca,Christian,0.9989405716541108
xavier,Christian,0.8305508675288512
avinash,Hindu,0.7586632092417487
mohamad,Muslim,0.9935268279971148
salamaabee,Muslim,0.9238562537294791
saajeeyaa,Christian,0.602233675258637
manjunath,Hindu,0.9576421810558157
inacio,Christian,0.5670915253996389
namrata,Hindu,0.9963639375978846
shradha,Hindu,0.99311438036257
aarephaa,Christian,0.9190447936011367
minaakshee,Muslim,0.37270953438394455
uttam,Hindu,0.9979749069712013
jooharaa,Hindu,0.7592961760105554
khaathunabee,Muslim,0.7910302069545583
gauresh,Hindu,0.9441433684286257
suhasini,Muslim,0.5821051500447946
luiza,Muslim,0.9344794280795897
iraphaanaa,Christian,0.7576187386087534
shrimati,Hindu,0.847506785325171
pankaj,Hindu,0.9965190735574667
kamarunneesaa,Christian,0.6657027046571532
keshav,Hindu,0.9968656971347543
saalehaa,Christian,0.5813988593801138
haleemaa,Muslim,0.5651291567725036
samiksha,Hindu,0.9441770618574831
ratnakar,Hindu,0.981013835664165
viraj,Hindu,0.9778478082726394
jareenaabee,Muslim,0.6816800276966377
naajiyaa,Christian,0.5612889991372769
sakhubaaee,Muslim,0.482959045785742
babita,Hindu,0.7909343743681816
sonia,Hindu,0.8189642692802662
chaya,Hindu,0.7386665307289617
sulathaanaabee,Muslim,0.4050642436346554
naajameen,Muslim,0.7073848670884986
swapnil,Hindu,0.8171254110211429
saaberaa,Hindu,0.4618940895777042
perpetua,Hindu,0.7961957847670186
sistar,Hindu,0.9326220341783533
shivanand,Hindu,0.9990456302662548
alisha,Hindu,0.5096866411532406
ashish,Hindu,0.9188132299518245
phoujiyaa,Hindu,0.8926553014576313
aparna,Hindu,0.9421440509291061
maruti,Hindu,0.9266826601476643
