name,type,region,n_total,prop_female,merged_variants
devi,last,East,27114715.0,,
kumar,last,East,6945759.0,,
mandal,last,East,5451188.0,,mandala
khatun,last,East,5010367.0,,
das,last,East,4814687.0,,
sahu,last,East,4774211.0,,
singh,last,East,4397315.0,,singha
ray,last,East,3625520.0,,
kumari,last,East,3623944.0,,
bibi,last,East,3496123.0,,
yadav,last,East,2843891.0,,yadava
mahato,last,East,1974421.0,,
ram,last,East,1885345.0,,
ali,last,East,1795721.0,,
ghosh,last,East,1752553.0,,
sah,last,East,1628603.0,,
paswan,last,East,1406061.0,,
bhoi,last,East,1376744.0,,
pradhana,last,East,1370338.0,,pradhan
sorkar,last,East,1352884.0,,
pal,last,East,1284641.0,,
begam,last,East,1272125.0,,
dis,last,East,1220364.0,,
prasad,last,East,1205440.0,,
ansari,last,East,1202067.0,,
raut,last,East,1179380.0,,
barman,last,East,1164012.0,,
sharma,last,East,1127124.0,,
alam,last,East,1103537.0,,
nayka,last,East,1088867.0,,
mahapatra,last,East,988894.0,,
chaudhary,last,East,889199.0,,
barika,last,East,876102.0,,barik
malik,last,East,853926.0,,
thakur,last,East,841681.0,,
saha,last,East,830486.0,,
behera,last,East,756017.0,,
haldar,last,East,743163.0,,
majhi,last,East,737458.0,,
swain,last,East,722520.0,,
bauri,last,East,710140.0,,
mahat,last,East,699235.0,,
mishra,last,East,685249.0,,
sing,last,East,681329.0,,
manjhi,last,East,644319.0,,
naeka,last,East,631560.0,,
bishwis,last,East,621809.0,,
khan,last,East,621771.0,,
jha,last,East,608379.0,,
bishwas,last,East,582608.0,,
maji,last,East,581771.0,,
maiti,last,East,572530.0,,
padhan,last,East,553814.0,,
patra,last,East,542360.0,,
mallik,last,East,530915.0,,
pandit,last,East,513049.0,,
munda,last,East,507395.0,,
debanath,last,East,496884.0,,
sahni,last,East,489799.0,,
hera,last,East,481291.0,,
gupta,last,East,478478.0,,
rahman,last,East,478001.0,,
jana,last,East,456537.0,,
molla,last,East,445470.0,,
maharana,last,East,440543.0,,
saradar,last,East,439750.0,,
choudhury,last,East,434624.0,,
saav,last,East,428538.0,,
sethi,last,East,420842.0,,
bag,last,East,402536.0,,
karmakar,last,East,398463.0,,
chakrabarti,last,East,386964.0,,
jena,last,East,385954.0,,
murmu,last,East,383498.0,,
hak,last,East,383045.0,,
praveen,last,East,381994.0,,
pramanik,last,East,378702.0,,
bera,last,East,367699.0,,
sardar,last,East,366589.0,,
sinha,last,East,350700.0,,
islam,last,East,345400.0,,
sau,last,East,330431.0,,
nath,last,East,325413.0,,
samanta,last,East,323146.0,,
mian,last,East,314346.0,,
majumdar,last,East,310083.0,,
giri,last,East,306082.0,,
hajra,last,East,298702.0,,
rana,last,East,297405.0,,
parida,last,East,297121.0,,
hosen,last,East,294886.0,,
debabarma,last,East,293557.0,,
soren,last,East,291541.0,,
pandey,last,East,288002.0,,
kha,last,East,285495.0,,
dutta,last,East,283540.0,,
yena,last,East,276660.0,,
uddin,last,East,276250.0,,
mahanta,last,East,275808.0,,
panda,last,East,275617.0,,
bhagat,last,East,273783.0,,
hembram,last,East,271861.0,,
ahmad,last,East,267994.0,,
pande,last,East,267392.0,,
mohanty,last,East,267176.0,,
saren,last,East,265609.0,,
tiwari,last,East,259581.0,,
husain,last,East,259314.0,,
bagdi,last,East,257259.0,,
marak,last,East,256416.0,,
sangma,last,East,253900.0,,
rajak,last,East,253741.0,,
manna,last,East,251839.0,,
adhikari,last,East,250298.0,,
nisha,last,East,240882.0,,
gauda,last,East,229140.0,,
mal,last,East,223569.0,,
dhara,last,East,222036.0,,
sada,last,East,219610.0,,
molya,last,East,217601.0,,
mukhiya,last,East,212201.0,,
sen,last,East,209108.0,,
sek,last,East,208477.0,,
mahah,last,East,201414.0,,
biswal,last,East,196987.0,,
debi,last,East,195368.0,,
miyan,last,East,194941.0,,
gaji,last,East,194829.0,,
murma,last,East,190029.0,,
dehuri,last,East,189907.0,,
kalo,last,East,189830.0,,
bhaumik,last,East,187969.0,,
lohar,last,East,187915.0,,
kara,last,East,187094.0,,
nayak,last,East,186994.0,,
santara,last,East,186224.0,,
setha,last,East,185440.0,,
dei,last,East,185421.0,,
nakshar,last,East,180483.0,,
nandi,last,East,180419.0,,
hansada,last,East,178512.0,,
marandi,last,East,177235.0,,
haq,last,East,175912.0,,
varma,last,East,175069.0,,
mukhajee,last,East,173462.0,,
shil,last,East,171201.0,,
mistri,last,East,170945.0,,
patel,last,East,170338.0,,
banaji,last,East,169268.0,,
samala,last,East,166252.0,,
kundu,last,East,163984.0,,
uranv,last,East,161278.0,,
dekka,last,East,158789.0,,
ravidas,last,East,157961.0,,
uraanv,last,East,156921.0,,
gop,last,East,155818.0,,
minya,last,East,154028.0,,
urao,last,East,153226.0,,
boro,last,East,148704.0,,
datta,last,East,145320.0,,
deb,last,East,144212.0,,
goswami,last,East,143666.0,,
parveen,last,East,141665.0,,
tudu,last,East,140684.0,,
meher,last,East,139636.0,,
daivi,last,East,138273.0,,
garai,last,East,136776.0,,
mehta,last,East,136745.0,,
bewoa,last,East,134770.0,,
chauhan,last,East,133411.0,,
ara,last,East,133191.0,,
rabha,last,East,132352.0,,
hansda,last,East,132153.0,,
stri,last,East,130369.0,,
baitha,last,East,128529.0,,
necha,last,East,126106.0,,
tud,last,East,125518.0,,
lakshara,last,East,124217.0,,
mandi,last,East,123475.0,,
bhuiya,last,East,122114.0,,
pathak,last,East,121821.0,,
bharti,last,East,120393.0,,
bhuiyan,last,East,120130.0,,
chyataji,last,East,118570.0,,
bara,last,East,118133.0,,
taanti,last,East,118042.0,,
gayen,last,East,117578.0,,
hemaram,last,East,117207.0,,
shah,last,East,113729.0,,
kisku,last,East,113453.0,,
ranjan,last,East,113023.0,,
bala,last,East,112834.0,,
baidya,last,East,111181.0,,
malakar,last,East,110172.0,,
bosak,last,East,109799.0,,
loskor,last,East,108752.0,,
kolita,last,East,108156.0,,
mitra,last,East,108090.0,,
mahali,last,East,107730.0,,
bano,last,East,105823.0,,
raj,last,East,104987.0,,
nayek,last,East,104615.0,,
kavi,last,East,104583.0,,
akhtar,last,East,102840.0,,
ojha,last,East,101636.0,,
senapati,last,East,101280.0,,
tripura,last,East,100844.0,,
modak,last,East,100574.0,,
shabar,last,East,99686.0,,
bhue,last,East,99649.0,,
harijan,last,East,99377.0,,
bosumatari,last,East,99274.0,,
momin,last,East,98526.0,,
hasan,last,East,98400.0,,
abdul,last,East,97847.0,,
nanda,last,East,97221.0,,
naik,last,East,96856.0,,
mahammad,last,East,96678.0,,
chakrabasti,last,East,95801.0,,
wpt,last,East,95660.0,,
muduli,last,East,95585.0,,
ichlam,last,East,95404.0,,
ruidis,last,East,94255.0,,
rishi,last,East,94154.0,,
paramanik,last,East,94026.0,,
lal,last,East,93539.0,,
dube,last,East,92805.0,,
husen,last,East,91304.0,,
rani,last,East,91217.0,,
riyanga,last,East,91179.0,,
poddar,last,East,91178.0,,
nesha,last,East,89532.0,,
mahana,last,East,89118.0,,
chakma,last,East,88580.0,,
kujur,last,East,88272.0,,
turi,last,East,87581.0,,
nahaka,last,East,86884.0,,
dalui,last,East,86104.0,,
chandra,last,East,85940.0,,
bay,last,East,85702.0,,
kena,last,East,85344.0,,
ahmed,last,East,84934.0,,
rishidev,last,East,84360.0,,
naga,last,East,83964.0,,
padhi,last,East,83914.0,,
kunwar,last,East,83877.0,,
mahakuda,last,East,83578.0,,
kole,last,East,82316.0,,
dalai,last,East,81722.0,,
magul,last,East,81583.0,,
hota,last,East,81133.0,,
kahar,last,East,81120.0,,
shrivastav,last,East,80872.0,,
kui,last,East,77366.0,,
mukhajjee,last,East,76913.0,,
mudi,last,East,76104.0,,
basu,last,East,75938.0,,
rai,last,East,75194.0,,
jahan,last,East,74728.0,,
ping,last,East,74506.0,,
barala,last,East,71833.0,,
adak,last,East,71702.0,,
prajapati,last,East,71384.0,,
nag,last,East,71298.0,,
miya,last,East,71060.0,,
sharmi,last,East,69502.0,,
khatua,last,East,68944.0,,
minj,last,East,68828.0,,
banik,last,East,68079.0,,
mantala,last,East,67625.0,,
bhattacharyya,last,East,67261.0,,
chanda,last,East,66776.0,,
mali,last,East,66681.0,,
hasada,last,East,66133.0,,
panigrahi,last,East,65852.0,,
satra,last,East,65778.0,,
murmoo,last,East,65421.0,,
kamat,last,East,65100.0,,
mochi,last,East,64487.0,,
dule,last,East,64126.0,,
andi,last,East,63765.0,,
shiit,last,East,63444.0,,
gopa,last,East,62954.0,,
upadhyay,last,East,62093.0,,
rajabangshi,last,East,61997.0,,
purakait,last,East,61686.0,,
banajji,last,East,61598.0,,
chetree,last,East,61580.0,,
dalei,last,East,61215.0,,
let,last,East,61119.0,,
koyal,last,East,60935.0,,
paik,last,East,60322.0,,
mia,last,East,60092.0,,
dolui,last,East,59842.0,,
besra,last,East,59232.0,,
ganguli,last,East,59054.0,,
mardi,last,East,58374.0,,
toppo,last,East,58287.0,,
rajvar,last,East,58205.0,,
sihah,last,East,58062.0,,
lakda,last,East,57868.0,,
mahapat,last,East,57669.0,,
banu,last,East,57515.0,,
bhandari,last,East,57385.0,,
jamaatia,last,East,57305.0,,
prakash,last,East,55968.0,,
rao,last,East,55917.0,,
gharida,last,East,55688.0,,
gorai,last,East,55637.0,,
orao,last,East,55454.0,,
tirki,last,East,55060.0,,
choudhuri,last,East,54875.0,,
uraine,last,East,54474.0,,
agrawal,last,East,54371.0,,
tanti,last,East,54145.0,,
rajvanshi,last,East,53939.0,,
chaurasiya,last,East,53853.0,,
kushwaha,last,East,53848.0,,
raja,last,East,53727.0,,
bose,last,East,53561.0,,
bahaman,last,East,53207.0,,
lenka,last,East,52992.0,,
mir,last,East,52696.0,,
ratha,last,East,52680.0,,
kisan,last,East,52647.0,,
bhuya,last,East,52565.0,,
vishwakarma,last,East,52500.0,,
jaiswal,last,East,52452.0,,
chaupal,last,East,52167.0,,
tudoo,last,East,52040.0,,
chyatajji,last,East,51779.0,,
purti,last,East,51721.0,,
kar,last,East,51704.0,,
doloi,last,East,51600.0,,
munta,last,East,51584.0,,
hosda,last,East,51378.0,,
bariha,last,East,51127.0,,
thapa,last,East,50885.0,,
lohra,last,East,50356.0,,
khanda,last,East,50139.0,,
dhali,last,East,49923.0,,
sultana,last,East,49861.0,,
panja,last,East,49851.0,,
bind,last,East,49660.0,,
sadhan,last,East,49537.0,,
bishi,last,East,49234.0,,
dash,last,East,48902.0,,
midya,last,East,48780.0,,
linga,last,East,48390.0,,
papa,last,East,48256.0,,
ghoshal,last,East,48230.0,,
rawat,last,East,48138.0,,
ekka,last,East,47447.0,,
kra,last,East,47432.0,,
kalindi,last,East,47424.0,,
pujari,last,East,46995.0,,
keshari,last,East,46978.0,,
pahan,last,East,46604.0,,
mahananda,last,East,46471.0,,
dhibar,last,East,46316.0,,
siha,last,East,46304.0,,
torafdar,last,East,46120.0,,
modi,last,East,46070.0,,
kalam,last,East,45935.0,,
talukdar,last,East,45868.0,,
chakrabatti,last,East,45809.0,,
vind,last,East,45721.0,,
ganju,last,East,44727.0,,
udin,last,East,44720.0,,
jan,last,East,44677.0,,
rabidas,last,East,44507.0,,
samad,last,East,44181.0,,
gadia,last,East,44132.0,,
turu,last,East,44077.0,,
ruidas,last,East,43911.0,,
ghorai,last,East,43905.0,,
ghodoi,last,East,43840.0,,
satapathi,last,East,43423.0,,
sai,last,East,43076.0,,
sengupta,last,East,43025.0,,
debasharmi,last,East,42909.0,,
nakkar,last,East,42905.0,,
sadaay,last,East,42760.0,,
barui,last,East,42736.0,,
gain,last,East,42692.0,,
sahani,last,East,42513.0,,
salam,last,East,42430.0,,
nadaf,last,East,42309.0,,
douloi,last,East,42246.0,,
husein,last,East,42244.0,,
parvin,last,East,42149.0,,
mete,last,East,41838.0,,
soni,last,East,41609.0,,
chaube,last,East,41384.0,,
agarwal,last,East,40881.0,,
vaishya,last,East,40787.0,,
dakua,last,East,40532.0,,
dhala,last,East,40520.0,,
god,last,East,40497.0,,
redi,last,East,40286.0,,
raula,last,East,40240.0,,
sutrodhar,last,East,40120.0,,
anand,last,East,40093.0,,
barobhuiya,last,East,40048.0,,
gharami,last,East,39755.0,,
khatrin,last,East,39735.0,,
bhakta,last,East,39703.0,,
kumbhar,last,East,39612.0,,
kazi,last,East,39504.0,,
bairagi,last,East,39060.0,,
fre,last,East,38987.0,,
sarkar,last,East,38885.0,,
lyngdoh,last,East,38847.0,,
lakkar,last,East,38681.0,,
khanam,last,East,38628.0,,
patar,last,East,38506.0,,
dom,last,East,38267.0,,
sikadar,last,East,38151.0,,
chattopadhyay,last,East,38079.0,,
chouhan,last,East,37947.0,,
tara,last,East,37824.0,,
mur,last,East,37392.0,,
suna,last,East,37387.0,,
vishwas,last,East,37157.0,,
karim,last,East,37134.0,,
shasmal,last,East,37054.0,,
bhutia,last,East,36939.0,,
konai,last,East,36556.0,,
mukhi,last,East,36511.0,,
sadhukhan,last,East,36427.0,,
pattanayk,last,East,35911.0,,
hajong,last,East,35658.0,,
guru,last,East,35655.0,,
kachhap,last,East,35649.0,,
laishram,last,East,35613.0,,
digala,last,East,35608.0,,
pati,last,East,35145.0,,
negi,last,East,35075.0,,
naskar,last,East,35017.0,,
jalil,last,East,34976.0,,
kaur,last,East,34970.0,,
hati,last,East,34962.0,,
bagha,last,East,34878.0,,
guha,last,East,34738.0,,
porel,last,East,34512.0,,
ravani,last,East,34370.0,,
jain,last,East,34212.0,,
kuvar,last,East,34001.0,,
jamal,last,East,33762.0,,
lama,last,East,33649.0,,
layek,last,East,33624.0,,
topno,last,East,33565.0,,
palei,last,East,33415.0,,
roy,last,East,33408.0,,
rakshit,last,East,33389.0,,
suman,last,East,33365.0,,
tamang,last,East,33357.0,,
parbhina,last,East,33338.0,,
musahar,last,East,33185.0,,
pahadiya,last,East,33154.0,,
chettri,last,East,33126.0,,
bhunaa,last,East,33021.0,,
naiya,last,East,32936.0,,
lakra,last,East,32895.0,,
laha,last,East,32892.0,,
majid,last,East,32880.0,,
rajoyar,last,East,32837.0,,
rahim,last,East,32763.0,,
badyakar,last,East,32568.0,,
dev,last,East,32564.0,,
bari,last,East,32349.0,,
sahis,last,East,32280.0,,
mahaldar,last,East,32275.0,,
hasda,last,East,32052.0,,
ghorui,last,East,31847.0,,
fatima,last,East,31770.0,,
bakshe,last,East,31471.0,,
talukadar,last,East,31401.0,,
alauddin,last,East,31391.0,,
kevat,last,East,31261.0,,
pani,last,East,31227.0,,
basara,last,East,31198.0,,
kisk,last,East,31153.0,,
sutradhar,last,East,31089.0,,
hemram,last,East,31065.0,,
rabidis,last,East,30878.0,,
iyasmin,last,East,30872.0,,
mana,last,East,30863.0,,
kumhar,last,East,30834.0,,
mirdha,last,East,30754.0,,
sana,last,East,30702.0,,
bayen,last,East,30702.0,,
bhumij,last,East,30230.0,,
urav,last,East,30167.0,,
naz,last,East,30010.0,,
singh,last,North,26318610.0,,
kumar,last,North,19952921.0,,
devi,last,North,17919304.0,,
lal,last,North,6143384.0,,
ram,last,North,5427411.0,,
kaur,last,North,5412562.0,,
bai,last,North,3248943.0,,
prasad,last,North,3061846.0,,
khan,last,North,2917588.0,,
ali,last,North,2105764.0,,
sharma,last,North,2015443.0,,
ahmad,last,North,1939637.0,,
yadav,last,North,1707231.0,,
kumari,last,North,1682829.0,,
chand,last,North,1618831.0,,
rani,last,North,1571443.0,,
prakash,last,North,1500783.0,,
pal,last,North,1308411.0,,
gupta,last,North,1200328.0,,
kanr,last,North,1183357.0,,
bano,last,North,1102474.0,,
chandra,last,North,1085435.0,,
begam,last,North,1057829.0,,
narayan,last,North,836453.0,,
shankar,last,North,812929.0,,
varma,last,North,792748.0,,
das,last,North,662238.0,,
mishra,last,North,641409.0,,
jagdish,last,North,621867.0,,
ramesh,last,North,573394.0,,
kanwar,last,North,568897.0,,
babu,last,North,559084.0,,
nath,last,North,534323.0,,
khatun,last,North,526651.0,,
kishor,last,North,504981.0,,
hasain,last,North,488297.0,,
hasan,last,North,477364.0,,
bahadur,last,North,469484.0,,
mohan,last,North,445210.0,,
suresh,last,North,443672.0,,
tiwari,last,North,439054.0,,
omprakash,last,North,436931.0,,
jahan,last,North,433534.0,,
jain,last,North,431341.0,,
rajendra,last,North,424775.0,,
pandey,last,North,421930.0,,
baboolal,last,North,414871.0,,
gopal,last,North,405056.0,,
chauhan,last,North,388220.0,,
rajesh,last,North,385991.0,,
raj,last,North,375969.0,,
sitaram,last,North,373839.0,,
laal,last,North,363226.0,,
ramalal,last,North,344899.0,,
radheshyam,last,North,342974.0,,
ramchandra,last,North,341657.0,,
shrivastav,last,North,335772.0,,
rajaram,last,North,333342.0,,
chaudhary,last,North,324505.0,,
ashok,last,North,322733.0,,
rajkumar,last,North,308945.0,,
kailash,last,North,303508.0,,
bala,last,North,303417.0,,
saini,last,North,303354.0,,
chotelal,last,North,302933.0,,
parveen,last,North,301909.0,,
nisha,last,North,300863.0,,
pratap,last,North,298379.0,,
maangilal,last,North,295900.0,,
agrawal,last,North,289904.0,,
alam,last,North,289817.0,,
rawat,last,North,285571.0,,
patel,last,North,282993.0,,
rakesh,last,North,280921.0,,
dinesh,last,North,278466.0,,
rameshwar,last,North,273033.0,,
kishan,last,North,271017.0,,
heeralal,last,North,265797.0,,
shah,last,North,260721.0,,
mukesh,last,North,256909.0,,
shyamlal,last,North,248372.0,,
shukla,last,North,245485.0,,
gangaram,last,North,243044.0,,
dayal,last,North,242281.0,,
lakshman,last,North,239830.0,,
mohanlaal,last,North,239187.0,,
mahesh,last,North,239133.0,,
shriram,last,North,236739.0,,
soni,last,North,235159.0,,
vinod,last,North,231984.0,,
naresh,last,North,230498.0,,
sanjay,last,North,227669.0,,
vati,last,North,224573.0,,
mahendra,last,North,223268.0,,
kushwaha,last,North,219262.0,,kushwah
santosh,last,North,215726.0,,
surendra,last,North,211303.0,,
meena,last,North,208555.0,,
ramsingh,last,North,207348.0,,
din,last,North,205447.0,,
dev,last,North,202060.0,,
ray,last,North,201791.0,,
jagannath,last,North,201671.0,,
dayaram,last,North,201595.0,,
salim,last,North,198729.0,,
ramcharan,last,North,198294.0,,
krishna,last,North,196871.0,,
ramanath,last,North,196375.0,,
sundar,last,North,195963.0,,
sunil,last,North,193114.0,,
lata,last,North,192657.0,,
ramapal,last,North,184167.0,,
baburam,last,North,183274.0,,
ramswaroop,last,North,183080.0,,
bihari,last,North,182267.0,,
mahaveer,last,North,182116.0,,
ramdas,last,North,182017.0,,
anil,last,North,181772.0,,
ramkumar,last,North,179096.0,,
kunwar,last,North,179078.0,,
vishwakarma,last,North,178109.0,,
shankarlal,last,North,177383.0,,
manoj,last,North,175189.0,,
subhash,last,North,171070.0,,
kamalesh,last,North,170366.0,,
ansari,last,North,169588.0,,
prahlad,last,North,168289.0,,
motilal,last,North,168202.0,,
pappu,last,North,166957.0,,
vijay,last,North,166754.0,,
ganesh,last,North,166104.0,,
thakur,last,North,165754.0,,
maurya,last,North,165322.0,,
eumar,last,North,164572.0,,
ghanshyam,last,North,162761.0,,
rajoo,last,North,160564.0,,
satyanarayan,last,North,160405.0,,
joshi,last,North,159956.0,,
charan,last,North,157310.0,,
kali,last,North,157011.0,,
ewmar,last,North,156550.0,,
pyari,last,North,156057.0,,
hanif,last,North,155040.0,,
gautam,last,North,153596.0,,
datt,last,North,153009.0,,
shyam,last,North,152065.0,,
kallu,last,North,151705.0,,
prajapati,last,North,151322.0,,
sahu,last,North,150339.0,,
govind,last,North,149242.0,,
kanhaiyalal,last,North,149079.0,,
lakhan,last,North,147755.0,,
ramanarayan,last,North,147579.0,,
tripathi,last,North,146252.0,,
bhagirath,last,North,145847.0,,
shamma,last,North,145547.0,,
munna,last,North,142995.0,,
rati,last,North,141913.0,,
hariram,last,North,140718.0,,
nand,last,North,139964.0,,nanda
jaiswal,last,North,139615.0,,
bhavarlaal,last,North,138811.0,,
mal,last,North,137599.0,,
kumaari,last,North,137037.0,,
goyal,last,North,136743.0,,
bhagwan,last,North,136701.0,,
husain,last,North,136158.0,,
vishwanath,last,North,135604.0,,
ramdayal,last,North,135040.0,,
ramnivas,last,North,134056.0,,
rafik,last,North,133875.0,,
dew,last,North,133863.0,,
rana,last,North,133739.0,,
tyagi,last,North,133638.0,,
ramdev,last,North,133215.0,,
siyaram,last,North,132670.0,,
rahman,last,North,131535.0,,
garg,last,North,131449.0,,
madanlal,last,North,130948.0,,
jitendra,last,North,129736.0,,
paal,last,North,129047.0,,
jayaram,last,North,127785.0,,
shama,last,North,127730.0,,
virendra,last,North,127705.0,,
ramanresh,last,North,126496.0,,
kashyap,last,North,126150.0,,
ramkishan,last,North,125664.0,,
arjun,last,North,123933.0,,
sagar,last,North,123900.0,,
sukharam,last,North,123695.0,,
ramgopal,last,North,123559.0,,
rathaur,last,North,122317.0,,
saxena,last,North,121029.0,,
rama,last,North,120485.0,,
karan,last,North,120072.0,,
baijnath,last,North,119578.0,,
sahay,last,North,118768.0,,
gulab,last,North,118653.0,,
akhtar,last,North,118345.0,,
ramlakhan,last,North,118028.0,,
manohar,last,North,117634.0,,
ratan,last,North,117309.0,,
raghuvir,last,North,117172.0,,
madan,last,North,116543.0,,
ramkaran,last,North,116009.0,,
laalaraam,last,North,115710.0,,
dewi,last,North,115180.0,,
mangal,last,North,114348.0,,
pathak,last,North,114336.0,,
bharti,last,North,114327.0,,
lakshminarayan,last,North,113262.0,,
satish,last,North,113048.0,,
deei,last,North,113027.0,,
bhura,last,North,112583.0,,
kashiram,last,North,112411.0,,
narendra,last,North,112196.0,,
banvari,last,North,112073.0,,
moolchand,last,North,111798.0,,
pannalal,last,North,111341.0,,
amarsingh,last,North,110900.0,,
raja,last,North,110859.0,,
bhola,last,North,110137.0,,
dube,last,North,110115.0,,
puran,last,North,109825.0,,
sen,last,North,109424.0,,
kishanlal,last,North,108851.0,,
heera,last,North,108626.0,,
rajpal,last,North,108519.0,,
lalji,last,North,108236.0,,
mahadev,last,North,108024.0,,
ramautar,last,North,107522.0,,
babulal,last,North,107378.0,,
jha,last,North,107340.0,,
raghunath,last,North,107298.0,,
ramsevak,last,North,106603.0,,
maseeh,last,North,105980.0,,
giri,last,North,105745.0,,
hari,last,North,105739.0,,
munnalal,last,North,105642.0,,
yaseen,last,North,105373.0,,
dharampal,last,North,104746.0,,
dasharath,last,North,104694.0,,
bansal,last,North,104597.0,,
nandlal,last,North,103700.0,,
kanhaiya,last,North,103602.0,,
majid,last,North,103404.0,,
ramkishor,last,North,103073.0,,
abdul,last,North,103004.0,,
tulsiram,last,North,102758.0,,
prabhu,last,North,102611.0,,
milan,last,North,102143.0,,
girdhari,last,North,101914.0,,
rajput,last,North,101835.0,,
hameed,last,North,101781.0,,
bharat,last,North,101606.0,,
ratanlal,last,North,101153.0,,
iqbal,last,North,101090.0,,
moti,last,North,100717.0,,
maniram,last,North,100665.0,,
kaloo,last,North,100516.0,,
ramjilal,last,North,100488.0,,
ramji,last,North,100447.0,,
bhan,last,North,99808.0,,
shivkumar,last,North,99800.0,,
asharam,last,North,99019.0,,
kaluram,last,North,98801.0,,
islam,last,North,98283.0,,
ramratan,last,North,97591.0,,
arvind,last,North,97565.0,,
sukhlal,last,North,96713.0,,
hanuman,last,North,96102.0,,
pramod,last,North,95109.0,,
kamal,last,North,94832.0,,
devilal,last,North,94825.0,,
sharif,last,North,94549.0,,
chandrapal,last,North,93933.0,,
ramprakash,last,North,93920.0,,
yusuf,last,North,93734.0,,
ramswarup,last,North,93616.0,,
nathu,last,North,93519.0,,
aslam,last,North,93362.0,,
dhaniram,last,North,92732.0,,
ajez,last,North,92458.0,,
rashid,last,North,92305.0,,
deepak,last,North,92102.0,,
ramavatar,last,North,91570.0,,
pradeep,last,North,91439.0,,
bhagwanadas,last,North,91416.0,,
laalchand,last,North,90920.0,,
nivas,last,North,90216.0,,
vegam,last,North,89859.0,,
ganpat,last,North,89858.0,,
omkar,last,North,89777.0,,
chandrabhan,last,North,89458.0,,
malik,last,North,89143.0,,
pyarelal,last,North,89103.0,,
anand,last,North,88834.0,,
dhurve,last,North,88592.0,,
kapoor,last,North,87968.0,,
sing,last,North,87924.0,,
balram,last,North,87770.0,,
shivcharan,last,North,87399.0,,
dilip,last,North,87306.0,,
upadhyay,last,North,87090.0,,
jayprakash,last,North,86836.0,,
swaroop,last,North,86635.0,,
nathuram,last,North,86510.0,,
rameshchandra,last,North,86453.0,,
negi,last,North,85929.0,,
hemraaj,last,North,84605.0,,
pande,last,North,84561.0,,
shivram,last,North,84532.0,,
ramadhar,last,North,84417.0,,
ramdeen,last,North,84330.0,,
dulare,last,North,84205.0,,
ismail,last,North,83756.0,,
ajay,last,North,83413.0,,
ramasare,last,North,82676.0,,
khaa,last,North,82492.0,,
santaram,last,North,82135.0,,
vahid,last,North,82058.0,,
harishankar,last,North,81720.0,,
shivlal,last,North,81618.0,,
sohanlal,last,North,81342.0,,
sukhadev,last,North,81335.0,,
dikshit,last,North,81155.0,,
smeh,last,North,81151.0,,
outar,last,North,80674.0,,
ibrahim,last,North,80168.0,,
kalyan,last,North,80063.0,,
harishchandra,last,North,80007.0,,
natthu,last,North,79965.0,,
chaurasiya,last,North,79613.0,,
lakshmi,last,North,79522.0,,
chhote,last,North,79402.0,,
tomar,last,North,79387.0,,
kalicharan,last,North,79383.0,,
praveen,last,North,79106.0,,
arora,last,North,78201.0,,
dharmendra,last,North,78136.0,,
shivprasad,last,North,77980.0,,
haq,last,North,77720.0,,
ramraj,last,North,77539.0,,
vir,last,North,77434.0,,
ramashankar,last,North,76974.0,,
prabhulal,last,North,76700.0,,
jamil,last,North,76594.0,,
vikram,last,North,76033.0,,
badrilal,last,North,75867.0,,
bherulal,last,North,75646.0,,
noor,last,North,75631.0,,
kol,last,North,75609.0,,
murali,last,North,75440.0,,
satpal,last,North,75031.0,,
shivnath,last,North,74997.0,,
devendra,last,North,74965.0,,
gurjar,last,North,74421.0,,
fatima,last,North,74275.0,,
nandaram,last,North,74208.0,,
umesh,last,North,73955.0,,
umashankar,last,North,73613.0,,
rasid,last,North,73575.0,,
rajveer,last,North,73504.0,,
munshi,last,North,72860.0,,
hariraam,last,North,72619.0,,
sah,last,North,72378.0,,
ramsahay,last,North,72025.0,,
ranjit,last,North,71993.0,,
shahid,last,North,71819.0,,
sonu,last,North,71558.0,,
ramphal,last,North,71545.0,,
sevak,last,North,71525.0,,
sundarlal,last,North,71264.0,,
pati,last,North,71153.0,,
khatul,last,North,70999.0,,
nasim,last,North,70928.0,,
parshuram,last,North,70871.0,,
shambhu,last,North,70796.0,,
chetaram,last,North,70709.0,,
ratiram,last,North,70681.0,,
avadhesh,last,North,70589.0,,
sandeep,last,North,70511.0,,
romar,last,North,70506.0,,
dulari,last,North,70374.0,,
irfan,last,North,69742.0,,
jaypal,last,North,69731.0,,
mandal,last,North,69687.0,,
ramveer,last,North,69501.0,,
bisht,last,North,69438.0,,
ramakant,last,North,69118.0,,
kala,last,North,68883.0,,
ravinder,last,North,68490.0,,
shobharam,last,North,68265.0,,
mau,last,North,67825.0,,
sohan,last,North,67733.0,,
mittal,last,North,67188.0,,
phoolchand,last,North,67009.0,,
shivshankar,last,North,66980.0,,
baldev,last,North,66852.0,,
sattar,last,North,66797.0,,
khelaavan,last,North,66734.0,,
munnilal,last,North,66624.0,,
umar,last,North,66454.0,,
deva,last,North,66368.0,,
badri,last,North,66219.0,,
hazari,last,North,65986.0,,
sonkar,last,North,65878.0,,
brijlal,last,North,65768.0,,
banshilal,last,North,65697.0,,
chunnilal,last,North,65677.0,,
kedar,last,North,65236.0,,
lala,last,North,64932.0,,
vishram,last,North,64779.0,,
purushottam,last,North,64270.0,,
mahipal,last,North,64197.0,,
bibi,last,North,63542.0,,
harilal,last,North,63509.0,,
shravan,last,North,63412.0,,
jeet,last,North,63176.0,,
shakil,last,North,63051.0,,
yunus,last,North,63008.0,,
ramdhani,last,North,62950.0,,
tarachand,last,North,62752.0,,
mishrilal,last,North,62717.0,,
ramjan,last,North,62709.0,,
deshraaj,last,North,62696.0,,
beg,last,North,62637.0,,
amarnath,last,North,62216.0,,
kalu,last,North,62128.0,,
prem,last,North,62115.0,,
hansraj,last,North,61981.0,,
shripal,last,North,61858.0,,
rajak,last,North,61570.0,,
ahirwar,last,North,61471.0,,
chandar,last,North,61416.0,,
ilyas,last,North,61401.0,,
nanuram,last,North,61261.0,,
swarup,last,North,61259.0,,
nishaad,last,North,61202.0,,
maatadeen,last,North,61046.0,,
gopi,last,North,61022.0,,
ramjit,last,North,60819.0,,
aasre,last,North,60762.0,,
kuldeep,last,North,60617.0,,
kanaram,last,North,60607.0,,
debi,last,North,60526.0,,
dwivedi,last,North,60486.0,,
arya,last,North,60348.0,,
anvar,last,North,60343.0,,
avasthi,last,North,60300.0,,
dharmaveer,last,North,60222.0,,
khalil,last,North,59843.0,,
ramu,last,North,59824.0,,
solanki,last,North,59618.0,,
patiram,last,North,59611.0,,
ramavdh,last,North,59502.0,,
ramanand,last,North,59369.0,,
maan,last,North,59190.0,,
rampratap,last,North,59149.0,,
banu,last,North,59062.0,,
rastogi,last,North,59008.0,,
goswami,last,North,58642.0,,
sarju,last,North,58426.0,,
ramkhelavan,last,North,58263.0,,
sharan,last,North,58188.0,,
roshan,last,North,58120.0,,
sudama,last,North,57948.0,,
sharmi,last,North,57937.0,,
pavan,last,North,57913.0,,
kishori,last,North,57797.0,,
usman,last,North,57759.0,,
gaud,last,North,57303.0,,
prabhudayal,last,North,57091.0,,
vano,last,North,56971.0,,
sabir,last,North,56899.0,,
bhatia,last,North,56880.0,,
ramvilas,last,North,56624.0,,
jam,last,North,56382.0,,
yameen,last,North,56212.0,,
saran,last,North,55815.0,,
habib,last,North,55777.0,,
bhushan,last,North,55753.0,,
shivanarayan,last,North,55684.0,,
malviya,last,North,55576.0,,
sumer,last,North,55523.0,,
ishwar,last,North,55408.0,,
nagar,last,North,55350.0,,
nizamuddin,last,North,54850.0,,
rameshchand,last,North,54729.0,,
baliram,last,North,54698.0,,
ramchandar,last,North,54476.0,,
rupa,last,North,54352.0,,
rambharose,last,North,54333.0,,
devisimh,last,North,54136.0,,
sain,last,North,54125.0,,
kishun,last,North,54097.0,,
arif,last,North,53966.0,,
motiram,last,North,53913.0,,
kumar,last,South,1148908.0,,
arumugam,last,South,662163.0,,
shaik,last,South,658953.0,,
ramasamy,last,South,592396.0,,
krishnan,last,South,590474.0,,
reddy,last,South,572311.0,,
perumal,last,South,514395.0,,
murugan,last,South,486864.0,,
nair,last,South,485444.0,,
rajendran,last,South,433048.0,,
mani,last,South,429253.0,,
nambaru,last,South,425145.0,,
babu,last,South,399380.0,,
nembaru,last,South,398523.0,,
lakshmi,last,South,395969.0,,
ganesan,last,South,392172.0,,
murugesan,last,South,383416.0,,
kannan,last,South,373095.0,,
shanmugam,last,South,357345.0,,
joseph,last,South,351086.0,,
narayanan,last,South,348815.0,,
raman,last,South,343813.0,,
subramaniyan,last,South,331910.0,,
begam,last,South,311629.0,,
subramani,last,South,302602.0,,
selvaraj,last,South,301439.0,,
thomas,last,South,289627.0,,
lingamu,last,South,283630.0,,
sekar,last,South,283127.0,,
munusamy,last,South,278686.0,,
ravi,last,South,275857.0,,
patil,last,South,267632.0,,
vel,last,South,263345.0,,
periyasami,last,South,263315.0,,
natarajan,last,South,262015.0,,
kandasamy,last,South,260681.0,,
srinivasan,last,South,255891.0,,
pillai,last,South,251199.0,,
govindan,last,South,249232.0,,
dod,last,South,242128.0,,
ali,last,South,241957.0,,
ezhumalai,last,South,241265.0,,
manikkam,last,South,238060.0,,
ramesh,last,South,236191.0,,
gopal,last,South,232726.0,,
palani,last,South,232235.0,,
balakrishnan,last,South,231463.0,,
raja,last,South,230180.0,,
selvam,last,South,229747.0,,
rajan,last,South,224974.0,,
raju,last,South,222947.0,,
venkatesan,last,South,221653.0,,
rao,last,South,217943.0,,
kuppusamy,last,South,215272.0,,
palanichchami,last,South,214027.0,,
duraisamy,last,South,212317.0,,
govindasami,last,South,211777.0,,
marimuthu,last,South,210731.0,,
palanisamy,last,South,204570.0,,
mariyappan,last,South,198483.0,,
muthu,last,South,198212.0,,
muthusamy,last,South,197955.0,,
suresh,last,South,195534.0,,
ponnusamy,last,South,191868.0,,
thangavel,last,South,190418.0,,
varghese,last,South,183818.0,,
ramalingam,last,South,178667.0,,
devi,last,South,177250.0,,
raj,last,South,177016.0,,
basha,last,South,175639.0,,
sankar,last,South,175252.0,,
krishnamoorththi,last,South,173185.0,,
george,last,South,173131.0,,
ramachandran,last,South,171722.0,,
mathew,last,South,167651.0,,
saravanan,last,South,166092.0,,
kumari,last,South,160905.0,,
jayaraman,last,South,160178.0,,
nagaraj,last,South,159536.0,,
lakshmanan,last,South,158467.0,,
ramakrishnan,last,South,157376.0,,
radhakrishnan,last,South,156919.0,,
peru,last,South,156734.0,,
chinnasamy,last,South,156645.0,,
karuppaiya,last,South,148532.0,,
kutty,last,South,147507.0,,
velayudhan,last,South,146458.0,,
govindaraj,last,South,145934.0,,
annamalai,last,South,145126.0,,
rangasami,last,South,143121.0,,
bai,last,South,142089.0,,
velu,last,South,141512.0,,
suppaiya,last,South,140198.0,,
mogan,last,South,139392.0,,
sundaram,last,South,137807.0,,
supramani,last,South,137459.0,,
vijayan,last,South,133445.0,,
raji,last,South,130487.0,,
manoharan,last,South,130294.0,,
chandran,last,South,129030.0,,
kuru,last,South,128611.0,,
arunachalam,last,South,124536.0,,
nadesan,last,South,124470.0,,
subramaniyam,last,South,124257.0,,
swaminathan,last,South,123161.0,,
gurusamy,last,South,122545.0,,
chandiran,last,South,122400.0,,
nagarajan,last,South,119522.0,,
raghavan,last,South,119425.0,,
narayanasamy,last,South,119359.0,,
beevi,last,South,118378.0,,
jose,last,South,117945.0,,
john,last,South,116960.0,,
amma,last,South,116698.0,,
balan,last,South,116317.0,,
venkatachalam,last,South,115002.0,,
kumaran,last,South,114934.0,,
ayyappan,last,South,114630.0,,
kuppan,last,South,113104.0,,
sankaran,last,South,112144.0,,
paramasivam,last,South,111467.0,,
gopalan,last,South,111045.0,,
banu,last,South,110712.0,,
moorthi,last,South,110202.0,,
rajagopal,last,South,107463.0,,
krishnasamy,last,South,107413.0,,
ramu,last,South,107328.0,,
vayassu,last,South,107137.0,,
ots,last,South,106055.0,,
manikandan,last,South,105572.0,,
ranganathan,last,South,105530.0,,
madhavan,last,South,104501.0,,
ravichandran,last,South,104014.0,,
pandiyan,last,South,103716.0,,
palaniyappan,last,South,103709.0,,
viswanathan,last,South,103462.0,,
chinnathambi,last,South,102367.0,,
prasad,last,South,102345.0,,
dasari,last,South,102340.0,,
gunasekaran,last,South,101905.0,,
ganapathi,last,South,101645.0,,
kesavan,last,South,99183.0,,
gauda,last,South,97346.0,,gaud
khan,last,South,95466.0,,
senthilkumar,last,South,95054.0,,
vijayakumar,last,South,94308.0,,
vadivel,last,South,93701.0,,
thangaraj,last,South,92654.0,,
damodaran,last,South,92608.0,,
lokanathan,last,South,92364.0,,
mohanan,last,South,91439.0,,
kaliyaperumal,last,South,90942.0,,
das,last,South,90871.0,,
kaliyappan,last,South,88670.0,,
mahalingam,last,South,88288.0,,
antony,last,South,87989.0,,
prabhakaran,last,South,87975.0,,
rahman,last,South,87234.0,,
karuppan,last,South,86233.0,,
ibrahim,last,South,85840.0,,
gopi,last,South,85627.0,,
devaraj,last,South,85568.0,,
velayudham,last,South,85460.0,,
prakash,last,South,84989.0,,
narayan,last,South,84234.0,,
anandhan,last,South,84081.0,,
padma,last,South,83200.0,,
abraham,last,South,81611.0,,
bhaskar,last,South,81476.0,,
venkatesh,last,South,81012.0,,
kalimuthu,last,South,81000.0,,
chacko,last,South,80678.0,,
vasu,last,South,80257.0,,
panneerselvam,last,South,79165.0,,
durairaj,last,South,78379.0,,
biradara,last,South,77937.0,,
dhanapal,last,South,77881.0,,
muniyandi,last,South,77641.0,,
krishna,last,South,77165.0,,
anbazhagan,last,South,77074.0,,
sukumaran,last,South,75958.0,,
pra,last,South,75508.0,,
vasudevan,last,South,74783.0,,
abdulla,last,South,74313.0,,
kanniyappan,last,South,74020.0,,
sivakkumar,last,South,73821.0,,
thangarasu,last,South,73677.0,,
madara,last,South,73672.0,,
raveendran,last,South,73514.0,,
ramamoorththi,last,South,72579.0,,
nayka,last,South,72269.0,,
venugopal,last,South,72061.0,,
ramulu,last,South,72002.0,,
thyagarajan,last,South,71096.0,,
pandi,last,South,71029.0,,
kota,last,South,70923.0,,
chandrasekaran,last,South,70525.0,,
pujari,last,South,70431.0,,
rajesh,last,South,70356.0,,
rathinam,last,South,69796.0,,
karri,last,South,69555.0,,
balu,last,South,69414.0,,
dandapani,last,South,69405.0,,
sampath,last,South,68501.0,,
chinnappan,last,South,68409.0,,
mutthaiah,last,South,68180.0,,
mathai,last,South,68159.0,,
kamble,last,South,68015.0,,
karthikeyan,last,South,67923.0,,
ravu,last,South,67873.0,,
hamsa,last,South,67798.0,,
chandrasekar,last,South,67652.0,,
sujata,last,South,67592.0,,
abdul,last,South,67451.0,,
veerappan,last,South,67280.0,,
durai,last,South,67160.0,,
munisamy,last,South,67095.0,,
rajamanikkam,last,South,67085.0,,
rathod,last,South,67073.0,,
veluchchami,last,South,66875.0,,
muniyappan,last,South,66685.0,,
hota,last,South,66435.0,,
rasu,last,South,66389.0,,
thankappan,last,South,66327.0,,
venkata,last,South,66292.0,,
murali,last,South,65777.0,,
karuppasami,last,South,65759.0,,
palanivel,last,South,65732.0,,
pal,last,South,65595.0,,
karunakaran,last,South,65468.0,,
jayakumar,last,South,65395.0,,
jeganathan,last,South,65020.0,,
ramachandiran,last,South,64307.0,,
kaliyamurththi,last,South,64206.0,,
baskaran,last,South,63731.0,,
sreedharan,last,South,63177.0,,
than,last,South,63099.0,,
mohan,last,South,62663.0,,
kumarasamy,last,South,62113.0,,
basheer,last,South,61697.0,,
bhaskaran,last,South,61662.0,,
roto,last,South,61643.0,,
bandi,last,South,60344.0,,
naidu,last,South,60126.0,,
nataraj,last,South,59639.0,,
chidambaram,last,South,59588.0,,
lakshmamma,last,South,59415.0,,
veerasamy,last,South,59054.0,,
vijay,last,South,59031.0,,
madhu,last,South,59021.0,,
rengasamy,last,South,59012.0,,
bee,last,South,58869.0,,
rani,last,South,58570.0,,
balraj,last,South,58259.0,,
maadasami,last,South,57739.0,,
goundar,last,South,57704.0,,
balaraman,last,South,57662.0,,
ramar,last,South,57593.0,,
kandan,last,South,57390.0,,
joy,last,South,57176.0,,
aboobacker,last,South,57156.0,,
purushothaman,last,South,57143.0,,
jacob,last,South,56637.0,,
haji,last,South,56615.0,,
gandhi,last,South,56552.0,,
ilangovan,last,South,56432.0,,
pichai,last,South,56289.0,,
chinnathurai,last,South,56204.0,,
selvarasu,last,South,56158.0,,
oto,last,South,56045.0,,
surendran,last,South,55787.0,,
muthuchchaami,last,South,55597.0,,
nagappan,last,South,55382.0,,
kanagaraj,last,South,55185.0,,
nachimuthu,last,South,55140.0,,
ramadas,last,South,54898.0,,
karuppusami,last,South,54505.0,,
hussain,last,South,54369.0,,
francis,last,South,54308.0,,
muniyan,last,South,54240.0,,
hirematha,last,South,54162.0,,
moideen,last,South,54117.0,,
veeran,last,South,54102.0,,
shaji,last,South,54016.0,,
meri,last,South,53760.0,,
sivalingam,last,South,53696.0,,
jayapal,last,South,53670.0,,
andi,last,South,53663.0,,
arjunan,last,South,53496.0,,
sasi,last,South,53230.0,,
sebastian,last,South,53216.0,,
hameed,last,South,53075.0,,
sellamuththu,last,South,52996.0,,
venkatraman,last,South,52885.0,,
arun,last,South,52408.0,,
badigera,last,South,52305.0,,
maari,last,South,51849.0,,
ara,last,South,51459.0,,
chettu,last,South,51417.0,,
sivakumar,last,South,51305.0,,
srinivas,last,South,51152.0,,
gangadharan,last,South,51137.0,,
rajamani,last,South,50845.0,,
talavara,last,South,50844.0,,
vellaiyan,last,South,50824.0,,
ekambaram,last,South,50649.0,,
kunju,last,South,50630.0,,
mahendiran,last,South,50211.0,,
chavan,last,South,50012.0,,
nakka,last,South,49939.0,,
sokkalingam,last,South,49873.0,,
bandaru,last,South,49847.0,,
jyoti,last,South,49753.0,,
sundaramurthi,last,South,49604.0,,
koli,last,South,49573.0,,
eswaran,last,South,49556.0,,
challa,last,South,49552.0,,
selvakumar,last,South,49170.0,,
somasundaram,last,South,49158.0,,
ramanathan,last,South,49119.0,,
ammal,last,South,48781.0,,
vellaichchami,last,South,48353.0,,
balaji,last,South,48232.0,,
kaasi,last,South,48212.0,,
mulla,last,South,48085.0,,
velmurugan,last,South,47960.0,,
usen,last,South,47881.0,,
sellaiya,last,South,47847.0,,
dharmalingam,last,South,47393.0,,
kathirvel,last,South,47367.0,,
ismail,last,South,47027.0,,
unnikrishnan,last,South,46496.0,,
annadurai,last,South,46465.0,,
pathan,last,South,46193.0,,
manjula,last,South,45768.0,,
balamurugan,last,South,45723.0,,
jan,last,South,45541.0,,
murugaiyan,last,South,45497.0,,
prabhu,last,South,45408.0,,
palli,last,South,45325.0,,
lamani,last,South,45265.0,,
samuel,last,South,45250.0,,
dada,last,South,45149.0,,
fathima,last,South,45040.0,,
chinnaiyan,last,South,44996.0,,
mugamadu,last,South,44856.0,,
akula,last,South,44821.0,,
rangan,last,South,44664.0,,
varathan,last,South,44584.0,,
sudhakar,last,South,44398.0,,
balasubramaniyan,last,South,44376.0,,
jadhav,last,South,44354.0,,
golla,last,South,44296.0,,
ganesh,last,South,44175.0,,
pri,last,South,44049.0,,
priya,last,South,44006.0,,
sadasivam,last,South,43951.0,,
satyanarayan,last,South,43937.0,,
soman,last,South,43920.0,,
chinnapaiyan,last,South,43862.0,,
thangavelu,last,South,43748.0,,
varkey,last,South,43566.0,,
harijan,last,South,43564.0,,
sellappan,last,South,43467.0,,
rasheed,last,South,43416.0,,
devar,last,South,43269.0,,
salam,last,South,43184.0,,
parameswaran,last,South,43148.0,,
kuttappan,last,South,43065.0,,
kali,last,South,43055.0,,
paul,last,South,43050.0,,
mahesh,last,South,42998.0,,
narasimman,last,South,42984.0,,
jayaraj,last,South,42914.0,,
alagarsami,last,South,42887.0,,
ponnuchchami,last,South,42760.0,,
selvi,last,South,42630.0,,
naadaar,last,South,42243.0,,
mallayya,last,South,42150.0,,
muthukrishnan,last,South,42110.0,,
kamaraj,last,South,41744.0,,
varadarajan,last,South,41683.0,,
karunanidhi,last,South,41672.0,,
pandurangan,last,South,41546.0,,
chinta,last,South,41410.0,,
ahmad,last,South,41363.0,,
shankar,last,South,41342.0,,
thirunavukkarasu,last,South,41295.0,,
angamuthu,last,South,41285.0,,
karuppannan,last,South,41255.0,,
kannaiyan,last,South,41096.0,,
khadar,last,South,40994.0,,
santhanam,last,South,40708.0,,
shanmugasundaram,last,South,40674.0,,
rajkumar,last,South,40630.0,,
koya,last,South,40572.0,,
saheb,last,South,40544.0,,
pakkirisami,last,South,40421.0,,
mathiyazhagan,last,South,40303.0,,
parthasaarathi,last,South,39909.0,,
letchmanan,last,South,39884.0,,
ramaiya,last,South,39864.0,,
sulaiman,last,South,39820.0,,
subbarayan,last,South,39809.0,,
sivaraman,last,South,39785.0,,
sasidharan,last,South,39718.0,,
mana,last,South,39673.0,,
pachaiyappan,last,South,39671.0,,
boya,last,South,39496.0,,
kumbara,last,South,39370.0,,
mekala,last,South,39320.0,,
katta,last,South,39265.0,,
maasilamani,last,South,39261.0,,
parasuraman,last,South,39236.0,,
boopathi,last,South,39200.0,,
majeed,last,South,38829.0,,
sai,last,South,38751.0,,
venkatamma,last,South,38746.0,,
bharathi,last,South,38379.0,,
mary,last,South,38261.0,,
anthoni,last,South,37858.0,,
narsamma,last,South,37809.0,,
ganta,last,South,37675.0,,
rahiman,last,South,37667.0,,
kasinathan,last,South,37592.0,,
govindarasu,last,South,37374.0,,
lavanya,last,South,37196.0,,
ashokan,last,South,37184.0,,
boddu,last,South,37138.0,,
kala,last,South,37105.0,,
biju,last,South,37065.0,,
konda,last,South,37016.0,,
kumaresan,last,South,37015.0,,
chinnachchaami,last,South,36873.0,,
nayak,last,South,36837.0,,
asha,last,South,36779.0,,
natarasan,last,South,36556.0,,
murugaanandham,last,South,36552.0,,
musthafa,last,South,36512.0,,
padmanaban,last,South,36395.0,,
thiruppathi,last,South,36392.0,,
rajasekar,last,South,36368.0,,
saami,last,South,36353.0,,
palaniandi,last,South,36343.0,,
ayyasami,last,South,36337.0,,
alavi,last,South,36291.0,,
anand,last,South,36246.0,,
maruthamuthu,last,South,35976.0,,
mallappa,last,South,35940.0,,
sasikumar,last,South,35927.0,,
kurian,last,South,35772.0,,
mol,last,South,35705.0,,
velusami,last,South,35685.0,,
chinna,last,South,35583.0,,
seenuvasan,last,South,35568.0,,
muthukumar,last,South,35540.0,,
ponnan,last,South,35491.0,,
periyannan,last,South,35406.0,,
naik,last,South,35317.0,,
kannappan,last,South,35297.0,,
rajappan,last,South,35115.0,,
nagamani,last,South,34963.0,,
pilli,last,South,34904.0,,
sahadevan,last,South,34884.0,,
subramanyam,last,South,34831.0,,
santhosh,last,South,34820.0,,
korra,last,South,34816.0,,
aarokkiyasaami,last,South,34758.0,,
lakshmidevi,last,South,34534.0,,
gaddam,last,South,34513.0,,
mallamma,last,South,34484.0,,
chakali,last,South,34479.0,,
senthil,last,South,34400.0,,
mala,last,South,34329.0,,
selvan,last,South,34224.0,,
bhuya,last,South,34207.0,,
ayyanar,last,South,34115.0,,
vaiyapuri,last,South,34092.0,,
nagamma,last,South,34060.0,,
radha,last,South,34051.0,,
saba,last,South,34003.0,,
nadapha,last,South,33860.0,,
venu,last,South,33829.0,,
rajaram,last,South,33606.0,,
mari,last,South,33472.0,,
salim,last,South,33472.0,,
raani,last,South,33415.0,,
jagadeesan,last,South,33398.0,,
ayyavu,last,South,33314.0,,
kol,last,South,33258.0,,
mula,last,South,33203.0,,
singaram,last,South,33164.0,,
shanmugavel,last,South,33147.0,,
appu,last,South,33127.0,,
sureshkumar,last,South,33036.0,,
nadar,last,South,32959.0,,
pasupuleti,last,South,32930.0,,
talari,last,South,32928.0,,
yadamma,last,South,32879.0,,
patil,last,West,2553214.0,,
jadhav,last,West,1627477.0,,
pavar,last,West,1447644.0,,pavara
shinde,last,West,1103005.0,,
chavan,last,West,919708.0,,
kamble,last,West,815147.0,,
gayakawad,last,West,774686.0,,
khan,last,West,646831.0,,
more,last,West,607285.0,,
rathod,last,West,588538.0,,
chaudhari,last,West,536158.0,,
kadam,last,West,531137.0,,
yadav,last,West,504017.0,,
sonavane,last,West,424526.0,,
raut,last,West,419408.0,,
kale,last,West,390807.0,,
pathan,last,West,386815.0,,
shah,last,West,368511.0,,shaha
deshmukh,last,West,353146.0,,
mane,last,West,347324.0,,
savant,last,West,332480.0,,
patel,last,West,328767.0,,
bhosale,last,West,316483.0,,
mali,last,West,314722.0,,
waghmare,last,West,312037.0,,
thackeray,last,West,280864.0,,
naik,last,West,277151.0,,
ansari,last,West,264556.0,,
gupta,last,West,250471.0,,
koli,last,West,250373.0,,
ramesh,last,West,248252.0,,
jagatap,last,West,245361.0,,
suryavamshi,last,West,240635.0,,
joshi,last,West,219241.0,,
ingale,last,West,215127.0,,
meshram,last,West,210631.0,,
sharma,last,West,198010.0,,
gita,last,West,191900.0,,
bhil,last,West,186270.0,,
shelke,last,West,177518.0,,
nikam,last,West,171629.0,,
thakur,last,West,168973.0,,
sutar,last,West,167631.0,,
thorat,last,West,166166.0,,
savita,last,West,165416.0,,
jain,last,West,164228.0,,
sing,last,West,157244.0,,
kumbhar,last,West,155903.0,,
mahajan,last,West,152425.0,,
bharat,last,West,147478.0,,
vagh,last,West,145410.0,,
desai,last,West,143497.0,,
mhatre,last,West,143298.0,,
suresh,last,West,141822.0,,
ashoka,last,West,141544.0,,ashok
gawali,last,West,137456.0,,
mohite,last,West,137033.0,,
hansa,last,West,135914.0,,
manjula,last,West,134477.0,,
gurav,last,West,133954.0,,
gavade,last,West,131561.0,,
manisha,last,West,131390.0,,manish
bhagat,last,West,130668.0,,
rekha,last,West,129643.0,,
dinesh,last,West,128463.0,,
ahire,last,West,127666.0,,
sanjay,last,West,126662.0,,
abdul,last,West,126637.0,,
kureshi,last,West,124021.0,,
babu,last,West,123935.0,,
sabale,last,West,122298.0,,
dalavi,last,West,121442.0,,
mahesh,last,West,120896.0,,
singh,last,West,120888.0,,
ahmad,last,West,120077.0,,
vijay,last,West,119682.0,,
lila,last,West,119553.0,,
shende,last,West,117452.0,,
rajesh,last,West,117047.0,,
bhalerao,last,West,116619.0,,
sharada,last,West,116358.0,,
tayade,last,West,116344.0,,
ramila,last,West,116256.0,,
mina,last,West,114976.0,,
valavi,last,West,114112.0,,
shanta,last,West,112196.0,,
bhoir,last,West,109892.0,,
kharat,last,West,109839.0,,
salave,last,West,109824.0,,
pande,last,West,109661.0,,
pravin,last,West,109542.0,,
lokhande,last,West,109262.0,,
madhu,last,West,108080.0,,
kakade,last,West,107564.0,,
salunkhe,last,West,107385.0,,
gavit,last,West,106272.0,,
raju,last,West,106125.0,,
bhavna,last,West,105141.0,,
shelar,last,West,105099.0,,
bharati,last,West,104932.0,,
mukesh,last,West,104813.0,,
lakshmi,last,West,103873.0,,
sangeeta,last,West,102804.0,,
gore,last,West,101326.0,,
bansode,last,West,100546.0,,
dongare,last,West,100516.0,,
mishra,last,West,99770.0,,
ali,last,West,98142.0,,
rane,last,West,97832.0,,
panchal,last,West,96562.0,,
prakash,last,West,93109.0,,prakasha
padavi,last,West,90048.0,,
dilip,last,West,89367.0,,
madavi,last,West,88453.0,,
begam,last,West,87405.0,,
rajput,last,West,87243.0,,
parab,last,West,86555.0,,
salunke,last,West,86345.0,,
arvind,last,West,86026.0,,
asha,last,West,85270.0,,
pujari,last,West,84953.0,,
tadavi,last,West,84769.0,,
mule,last,West,84009.0,,
borkar,last,West,83927.0,,
chogule,last,West,83683.0,,
kulkarni,last,West,83647.0,,
tambe,last,West,82809.0,,
kanta,last,West,82194.0,,
tiwari,last,West,82023.0,,
bhoyar,last,West,81466.0,,
ghadge,last,West,81283.0,,
jaya,last,West,80969.0,,
wankhede,last,West,80636.0,,
champa,last,West,80436.0,,
husen,last,West,79980.0,,
govinda,last,West,79366.0,,govind
mulla,last,West,79254.0,,
shankar,last,West,79084.0,,
deshpande,last,West,79057.0,,
daksha,last,West,79051.0,,
sonal,last,West,77765.0,,
shetty,last,West,77599.0,,
mehta,last,West,76370.0,,
bagavan,last,West,75734.0,,
vankhade,last,West,75714.0,,
sathe,last,West,75309.0,,
varma,last,West,75225.0,,
bagul,last,West,74668.0,,
mani,last,West,74264.0,,
londhe,last,West,73648.0,,
salim,last,West,72918.0,,
devare,last,West,72558.0,,
borse,last,West,72452.0,,
ghodake,last,West,71770.0,,
varsha,last,West,71275.0,,
ingole,last,West,71267.0,,
nita,last,West,70700.0,,
paradeshi,last,West,70348.0,,
agrawal,last,West,69647.0,,
fernandes,last,West,69188.0,,
vinod,last,West,69113.0,,
mahale,last,West,68976.0,,
nayana,last,West,68553.0,,
dhumal,last,West,68462.0,,
gosavi,last,West,68323.0,,
thombare,last,West,67873.0,,
vishwakarma,last,West,67817.0,,
paradhi,last,West,67748.0,,
khade,last,West,67640.0,,
bhise,last,West,67561.0,,
kamala,last,West,67348.0,,
usha,last,West,66984.0,,
ismail,last,West,66812.0,,
satpute,last,West,66773.0,,
khandare,last,West,66715.0,,
surve,last,West,66669.0,,
arun,last,West,65781.0,,aruna
maske,last,West,65772.0,,
gawande,last,West,65526.0,,
aher,last,West,65190.0,,
giri,last,West,65111.0,,
kolhe,last,West,64177.0,,
uike,last,West,63852.0,,
momin,last,West,63794.0,,
mohan,last,West,62868.0,,
ranjan,last,West,62567.0,,
prajapati,last,West,62212.0,,
marathe,last,West,62133.0,,
kishor,last,West,61487.0,,
khot,last,West,61439.0,,
kailas,last,West,61177.0,,
rama,last,West,60998.0,,
chauhan,last,West,60869.0,,
pal,last,West,60749.0,,
shailesh,last,West,60563.0,,
tamboli,last,West,60542.0,,
nalavade,last,West,60128.0,,
jagdale,last,West,59856.0,,
devakar,last,West,59762.0,,
kokila,last,West,59415.0,,
landage,last,West,59223.0,,
vaidya,last,West,58956.0,,
manakar,last,West,58914.0,,
swami,last,West,58648.0,,
bhanu,last,West,58631.0,,
khairanar,last,West,58424.0,,
solanki,last,West,58409.0,,
ramteke,last,West,58355.0,,
ibrahim,last,West,58164.0,,
sumitra,last,West,58037.0,,
mujavar,last,West,58031.0,,
dube,last,West,57497.0,,
gade,last,West,57363.0,,
hira,last,West,57332.0,,
magar,last,West,57324.0,,
kanu,last,West,57207.0,,
lad,last,West,57082.0,,
kiran,last,West,56796.0,,
gadekar,last,West,56723.0,,
ade,last,West,56608.0,,
kumar,last,West,56565.0,,
nayar,last,West,56374.0,,
kanchan,last,West,56126.0,,
mhaske,last,West,56047.0,,
bankar,last,West,55874.0,,
vasave,last,West,55787.0,,
kadu,last,West,55664.0,,
bagade,last,West,55460.0,,
mahadik,last,West,55382.0,,
lakshman,last,West,55306.0,,
rokade,last,West,55166.0,,
anita,last,West,55104.0,,
navale,last,West,55019.0,,
patole,last,West,54848.0,,
saiyyad,last,West,54678.0,,
misal,last,West,54314.0,,
manu,last,West,53888.0,,
mahendra,last,West,53348.0,,
dhawale,last,West,53129.0,,
lohar,last,West,53116.0,,
naresh,last,West,53077.0,,
nagare,last,West,52959.0,,
pushpa,last,West,52907.0,,
kavale,last,West,52860.0,,
manju,last,West,52858.0,,
kshirsagar,last,West,52722.0,,
ghule,last,West,52635.0,,
nilesh,last,West,52500.0,,
bavane,last,West,52472.0,,
bano,last,West,52443.0,,
jayanti,last,West,52148.0,,
dhanagar,last,West,52011.0,,
yusuf,last,West,51989.0,,
sunil,last,West,51954.0,,
dhage,last,West,51936.0,,
suravase,last,West,51785.0,,
hetal,last,West,51697.0,,
jagadisha,last,West,51244.0,,
rafik,last,West,50878.0,,
sonatakke,last,West,50838.0,,
shevale,last,West,50197.0,,
gharat,last,West,50103.0,,
ganga,last,West,49993.0,,
sapkal,last,West,49966.0,,
soni,last,West,49933.0,,
kamlesh,last,West,49871.0,,
anil,last,West,49791.0,,
lalita,last,West,49565.0,,
sunita,last,West,49525.0,,
rakesh,last,West,49338.0,,
sanap,last,West,48959.0,,
ghorpade,last,West,48850.0,,
sarode,last,West,48740.0,,
sonar,last,West,48719.0,,
sakhare,last,West,48647.0,,
jyoti,last,West,47958.0,,
pagare,last,West,47666.0,,
gavai,last,West,47609.0,,
shirsath,last,West,47501.0,,
ghuge,last,West,47470.0,,
yevale,last,West,47000.0,,
patle,last,West,46868.0,,
urmila,last,West,46803.0,,
salavi,last,West,46764.0,,
narayan,last,West,46684.0,,
bhoi,last,West,46569.0,,
ramana,last,West,46419.0,,
balu,last,West,46318.0,,
jamadar,last,West,46314.0,,
hitesh,last,West,45995.0,,
chandrika,last,West,45987.0,,
parvin,last,West,45978.0,,
vasant,last,West,45955.0,,
shete,last,West,45920.0,,
kanti,last,West,45915.0,,
pandhare,last,West,45778.0,,
ganesh,last,West,45767.0,,
hina,last,West,45750.0,,
santosh,last,West,45722.0,,
gedam,last,West,45651.0,,
paramar,last,West,45583.0,,
babar,last,West,45500.0,,
shirke,last,West,45317.0,,
mulani,last,West,45306.0,,
kshirasagar,last,West,45296.0,,
jayshri,last,West,45194.0,,
solanke,last,West,45191.0,,
kapse,last,West,45183.0,,
rajendra,last,West,45090.0,,
karande,last,West,45002.0,,
haresh,last,West,44984.0,,
shivaji,last,West,44755.0,,
kolekar,last,West,44496.0,,
kokate,last,West,44356.0,,
labhu,last,West,43922.0,,
bhoye,last,West,43780.0,,
dhole,last,West,43616.0,,
chandu,last,West,43491.0,,
beg,last,West,43220.0,,
manoj,last,West,43157.0,,
sahare,last,West,43090.0,,
hasmukh,last,West,43077.0,,
gunjal,last,West,42943.0,,
pathak,last,West,42595.0,,
munde,last,West,42574.0,,
vanita,last,West,42341.0,,
gavhane,last,West,42202.0,,
katkar,last,West,42183.0,,
soma,last,West,42022.0,,
sushila,last,West,42014.0,,
gulab,last,West,42000.0,,
jitendra,last,West,41946.0,,
kalpana,last,West,41945.0,,
hajare,last,West,41886.0,,
bhavesh,last,West,41831.0,,
bobade,last,West,41821.0,,
dange,last,West,41821.0,,
bhagawat,last,West,41741.0,,
pandita,last,West,41685.0,,
madane,last,West,41519.0,,
mate,last,West,41504.0,,
puri,last,West,41466.0,,
khandagale,last,West,41215.0,,
korade,last,West,41152.0,,
kalu,last,West,41123.0,,
zhade,last,West,40990.0,,
dipak,last,West,40990.0,,
chaure,last,West,40977.0,,
vaishali,last,West,40975.0,,
birajdar,last,West,40945.0,,
sita,last,West,40927.0,,
waghamode,last,West,40860.0,,
khobragade,last,West,40426.0,,
borade,last,West,40405.0,,
kate,last,West,40353.0,,
dabhade,last,West,40333.0,,
parvati,last,West,40289.0,,
shilpa,last,West,40177.0,,
kore,last,West,40053.0,,
mahamad,last,West,39964.0,,
khandekar,last,West,39960.0,,
chandrakant,last,West,39840.0,,
gujar,last,West,39801.0,,
vani,last,West,39795.0,,
bhikha,last,West,39756.0,,
sangale,last,West,39756.0,,
subhash,last,West,39666.0,,
ugale,last,West,39662.0,,
gaonkar,last,West,39618.0,,
bhandari,last,West,39483.0,,
avhad,last,West,39429.0,,
ishwar,last,West,39425.0,,
jayesha,last,West,39367.0,,
mansukh,last,West,39297.0,,
vilas,last,West,39141.0,,
gandhi,last,West,39114.0,,
krishna,last,West,39082.0,,
dhotre,last,West,38980.0,,
jaiswal,last,West,38603.0,,
gajabhiye,last,West,38530.0,,
daya,last,West,38381.0,,
saroja,last,West,38141.0,,
sagar,last,West,38120.0,,
mundhe,last,West,38053.0,,
jyotsana,last,West,37997.0,,
ajay,last,West,37703.0,,
vipul,last,West,37625.0,,
kazi,last,West,37605.0,,
inamadar,last,West,37588.0,,
sandip,last,West,37544.0,,
gite,last,West,37470.0,,
savale,last,West,37406.0,,
dhurve,last,West,37387.0,,
khedkar,last,West,37386.0,,
chopade,last,West,37381.0,,
sanjaykumar,last,West,37242.0,,
vitthal,last,West,37168.0,,
aatram,last,West,37059.0,,
nevare,last,West,37056.0,,
ratan,last,West,36476.0,,
kajal,last,West,36361.0,,
tupe,last,West,36183.0,,
yogesh,last,West,36173.0,,
gholap,last,West,36142.0,,
nirmala,last,West,36006.0,,
ubale,last,West,35978.0,,
jagruti,last,West,35935.0,,
javale,last,West,35888.0,,
pol,last,West,35784.0,,
ganpat,last,West,35550.0,,
satish,last,West,35492.0,,
mahadev,last,West,35398.0,,
kumbhare,last,West,35259.0,,
biradar,last,West,35055.0,,
nagpure,last,West,35043.0,,
usman,last,West,34879.0,,
gadhave,last,West,34796.0,,
magan,last,West,34712.0,,
hasan,last,West,34533.0,,
khadse,last,West,34310.0,,
kailash,last,West,34307.0,,
shendage,last,West,34284.0,,
rita,last,West,34193.0,,
vishnu,last,West,34129.0,,
bhamare,last,West,34091.0,,
ramji,last,West,34034.0,,
ramachandra,last,West,33972.0,,
vimala,last,West,33958.0,,
rahul,last,West,33924.0,,
rasila,last,West,33886.0,,
ambhore,last,West,33795.0,,
adhav,last,West,33754.0,,
kavita,last,West,33662.0,,
kavade,last,West,33493.0,,
bhandare,last,West,33325.0,,
shabbir,last,West,33269.0,,
prasad,last,West,33228.0,,
kasabe,last,West,32990.0,,
pinjari,last,West,32941.0,,
nadaf,last,West,32911.0,,
jayasval,last,West,32689.0,,
das,last,West,32684.0,,
dhande,last,West,32527.0,,
povar,last,West,32400.0,,
sakpal,last,West,32350.0,,
ram,last,West,32347.0,,
bansod,last,West,32303.0,,
parul,last,West,32266.0,,
niru,last,West,32233.0,,
bangar,last,West,32158.0,,
tara,last,West,32070.0,,
bodke,last,West,31999.0,,
kute,last,West,31977.0,,
jashu,last,West,31887.0,,
namdev,last,West,31746.0,,
sahu,last,West,31721.0,,
mote,last,West,31578.0,,
pradhan,last,West,31550.0,,
kalpesh,last,West,31479.0,,
prabha,last,West,31353.0,,
puja,last,West,31018.0,,
thakkar,last,West,30991.0,,
devakate,last,West,30974.0,,
kedar,last,West,30941.0,,
shedge,last,West,30695.0,,
hanif,last,West,30694.0,,
manghu,last,West,30690.0,,
naran,last,West,30628.0,,
tekam,last,West,30580.0,,
gajanana,last,West,30510.0,,
shanti,last,West,30503.0,,
vinu,last,West,30440.0,,
bashir,last,West,30410.0,,
shobhana,last,West,30371.0,,
nitin,last,West,30287.0,,
vijaykumar,last,West,30191.0,,
pote,last,West,30117.0,,
surekha,last,West,30087.0,,
kasar,last,West,30087.0,,
uke,last,West,30033.0,,
jignesh,last,West,29966.0,,
minakshi,last,West,29926.0,,
priyanka,last,West,29901.0,,
jashi,last,West,29851.0,,
zha,last,West,29637.0,,
lalji,last,West,29595.0,,
girase,last,West,29502.0,,
rahim,last,West,29470.0,,
shaikha,last,West,29449.0,,
chand,last,West,29424.0,,
mahebub,last,West,29376.0,,
chhagan,last,West,29215.0,,
bhujabal,last,West,29186.0,,
moo,first,East,1604693.0,0.020193270613132856,
moohammad,first,East,1282035.0,0.012428677844208622,
samjay,first,East,531118.0,0.011596293102474403,
geethaa,first,East,489676.0,0.9968428103480669,
manooj,first,East,481385.0,0.010307757823779304,
suneethaa,first,East,460855.0,0.9976283212724175,
meenaa,first,East,433936.0,0.9974235832012094,
mamathaa,first,East,424416.0,0.9968474327075322,
raajes,first,East,423167.0,0.007625830936722381,
reethaa,first,East,397548.0,0.9980077877388391,
samthoosh,first,East,393435.0,0.012454407970821101,
rekhaa,first,East,370662.0,0.9973857584537935,
vijay,first,East,353585.0,0.018295459366206145,
ajay,first,East,352704.0,0.014933201778261658,
asook,first,East,346746.0,0.007201236640076598,
reenaa,first,East,345639.0,0.9977693489449976,
anithaa,first,East,344705.0,0.9963185912591926,
samgeethaa,first,East,328635.0,0.9974257154594003,
mukes,first,East,317939.0,0.007608377707673484,
ushaa,first,East,314993.0,0.9970158067004664,
aasaa,first,East,314685.0,0.9947344169566392,
suneel,first,East,309763.0,0.011834854388677795,
anil,first,East,308306.0,0.01122586002218575,
kiran,first,East,296302.0,0.9747993601123178,
vinood,first,East,292856.0,0.007799054825579807,
maalathee,first,East,284104.0,0.9974206092536623,maalathi
soonee,first,East,276331.0,0.9872471782029523,
sumithraa,first,East,269730.0,0.9975975975975976,
sures,first,East,265415.0,0.007516530716048453,
lalithaa,first,East,258258.0,0.9947029714471575,
umes,first,East,254232.0,0.007902231033072155,
dines,first,East,250641.0,0.006495345933027717,
beebee,first,East,248648.0,0.9890447540297931,
sarithaa,first,East,246413.0,0.9963070130228519,
pimkee,first,East,239893.0,0.9961607883514734,
baasanthi,first,East,237489.0,0.9986957055135498,baasanthee
raakes,first,East,236638.0,0.008029141557991532,
urmilaa,first,East,235634.0,0.9973603130278313,
pramilaa,first,East,232129.0,0.9975660085555876,
renu,first,East,232033.0,0.9938715613727358,
seemaa,first,East,228468.0,0.9954960869793582,
vikaas,first,East,227859.0,0.008356044746970714,
pramood,first,East,225875.0,0.009102379634753735,
soobhaa,first,East,224729.0,0.9739152490332801,
saamthi,first,East,223874.0,0.992694906515427,saamthee
aneethaa,first,East,223354.0,0.9975196325116183,
aarathee,first,East,221473.0,0.9956699010714625,
dileep,first,East,218875.0,0.007332952598515134,
munnee,first,East,218451.0,0.9569468668030817,
poonam,first,East,218283.0,0.9941131466948869,
deepak,first,East,216996.0,0.010852734612619588,
samkar,first,East,213459.0,0.008376315826458477,
saanthi,first,East,209089.0,0.9674117940728372,saanthee
suseelaa,first,East,207789.0,0.9919870638002974,
sunithaa,first,East,206648.0,0.9965884015330417,
prathimaa,first,East,203342.0,0.9965673594240245,
ramjeeth,first,East,201648.0,0.011331627390303895,
kumaaree,first,East,199899.0,0.9918158670128415,
pamkaj,first,East,197136.0,0.010013391770148527,
savithaa,first,East,195480.0,0.9965520769388173,
mamjoo,first,East,195464.0,0.9947867638030532,
meeraa,first,East,193738.0,0.9953442277715265,
rames,first,East,192169.0,0.007410144195994151,
surendr,first,East,186681.0,0.007756547265120714,
raanee,first,East,185934.0,0.9966708617036153,
nirmalaa,first,East,182311.0,0.9941747892337819,
amith,first,East,180534.0,0.011903574949870939,
pradeep,first,East,180467.0,0.007397474330487014,
sarasvathee,first,East,179990.0,0.9962053447413746,
priyamkaa,first,East,179269.0,0.9956378403404939,
poojaa,first,East,177818.0,0.9934483573091588,
punam,first,East,176078.0,0.993474482899624,
sabithaa,first,East,176024.0,0.9969720038176613,
jithendr,first,East,174701.0,0.007355424410850539,
mamju,first,East,170915.0,0.9906035163677852,
paarvathee,first,East,170502.0,0.9965278999659828,
neelam,first,East,169788.0,0.9894397719509035,
roobee,first,East,168393.0,0.9941446497182187,
saavithree,first,East,163961.0,0.9975420984258452,
bebee,first,East,159652.0,0.9954964547891665,
gudiyaa,first,East,159600.0,0.9965726817042606,
raahul,first,East,158934.0,0.00847521612744913,
suloochanaa,first,East,157415.0,0.9982339675380364,
arjun,first,East,156608.0,0.008345678381691868,
kousalyaa,first,East,155367.0,0.997541305425219,
ganes,first,East,153095.0,0.007472484405107939,
chandan,first,East,152491.0,0.03595622036710363,
nares,first,East,150699.0,0.007531569552551775,
babithaa,first,East,149995.0,0.9970932364412147,
raajeev,first,East,149976.0,0.0081546380754254,
mahes,first,East,148975.0,0.007544890082228562,
pushpaa,first,East,148282.0,0.9940383863179617,
seelaa,first,East,147583.0,0.9942811841472257,
ravi,first,East,147099.0,0.015683315318255054,
raajendr,first,East,143581.0,0.006839345038688963,
kavithaa,first,East,136527.0,0.9965281592652003,
goopaal,first,East,133762.0,0.006877887591393669,
abdul,first,East,133396.0,0.009985306905754296,
bhoolaa,first,East,132041.0,0.023280647677615285,
sushamaa,first,East,130422.0,0.9958059223137201,
aravind,first,East,130386.0,0.007293727854217477,
babeethaa,first,East,130253.0,0.9974434370033703,
moohan,first,East,128236.0,0.00958389219875854,
champaa,first,East,128111.0,0.988369460858162,
sakunthalaa,first,East,126481.0,0.9974462567500257,
aroon,first,East,125447.0,0.023173132876832446,
sudheer,first,East,123881.0,0.013932725761012585,
maneesh,first,East,123361.0,0.02046838141714156,
kalaavathee,first,East,120626.0,0.997380332598279,
sunainaa,first,East,118300.0,0.9975655114116653,
mahendr,first,East,116186.0,0.007229786721291722,
raaju,first,East,115236.0,0.03811308965948141,
samjeev,first,East,113925.0,0.008189598420013166,
lalan,first,East,111820.0,0.011831514934716509,
veenaa,first,East,109992.0,0.9930904065750237,
upendr,first,East,109722.0,0.006726089571826981,
gaayathree,first,East,109683.0,0.9957240411002617,
kamales,first,East,108795.0,0.027427731053816812,
prakaas,first,East,108062.0,0.009281708648738687,
ravindr,first,East,107346.0,0.008644942522311032,
rimkee,first,East,105661.0,0.9950028865901326,
subhaash,first,East,105624.0,0.012042717564189957,
raajakumaar,first,East,105361.0,0.010829434041058836,
aabdul,first,East,104311.0,0.006308059552683801,
archanaa,first,East,104167.0,0.9928960227327273,
jagadees,first,East,103198.0,0.006502063993488246,
thaaraa,first,East,102518.0,0.9559491991650246,
manooramaa,first,East,102416.0,0.9959967192626152,
samjoo,first,East,102186.0,0.9671187833949856,
madan,first,East,101089.0,0.011019992284026947,
vimalaa,first,East,99287.0,0.992335351053008,
suboodh,first,East,98985.0,0.013618224983583371,
vinay,first,East,98292.0,0.010133072884873641,
samjeeth,first,East,98236.0,0.014729834276639929,
raadhikaa,first,East,97500.0,0.9882461538461539,
thetharee,first,East,94757.0,0.9968551136063827,
kuni,first,East,94452.0,0.9977131241265405,
ajeeth,first,East,92941.0,0.008392420998267718,
ramju,first,East,92762.0,0.9879584312541774,
arun,first,East,92643.0,0.02486966095657524,
uday,first,East,92531.0,0.029946720558515525,
sravan,first,East,92409.0,0.009241524093973531,
yasoodaa,first,East,92368.0,0.9945002598302443,
roohith,first,East,91846.0,0.008568691069834287,
avadhes,first,East,90863.0,0.010510328736669492,
vibhaa,first,East,90806.0,0.9951875426733916,
goutham,first,East,90260.0,0.01906713937513849,
abhishek,first,East,89781.0,0.007328944876978425,
leelaa,first,East,89522.0,0.9776256115815107,
lakshman,first,East,89453.0,0.008048919544341721,
samju,first,East,88312.0,0.961647341244678,
sambhu,first,East,87660.0,0.01783025325119781,
pappu,first,East,87530.0,0.011298983205758025,
maayaa,first,East,86748.0,0.9712270023516393,
soonoo,first,East,86694.0,0.03748817680577664,
kabithaa,first,East,86328.0,0.9974863312019275,
sulekhaa,first,East,86160.0,0.9969011142061281,
sudhaa,first,East,85186.0,0.9863123048388233,
yoogendr,first,East,84887.0,0.006597005430749114,
akhiles,first,East,84351.0,0.009413047859539307,
indu,first,East,84265.0,0.9755177119800629,
suseel,first,East,83246.0,0.03767147971073685,
maalaa,first,East,82430.0,0.9863641877957054,
sambhoo,first,East,81914.0,0.012403252191322607,
khusaboo,first,East,81434.0,0.9936021809072377,
sunil,first,East,81419.0,0.013215588498999006,
sujeeth,first,East,81239.0,0.015669813759401272,
namithaa,first,East,81062.0,0.9952135402531396,
nehaa,first,East,80416.0,0.9897781536012734,
neethoo,first,East,80078.0,0.9907839856140264,
samdeep,first,East,79805.0,0.00895933838731909,
virendr,first,East,79621.0,0.006782130342497582,
sathabhaamaa,first,East,79546.0,0.9991451487189802,
naaraayan,first,East,78262.0,0.007513224808974981,
kaamthi,first,East,78034.0,0.9864698149458995,kaamthee
raajemdr,first,East,77461.0,0.006958340326099585,
aamju,first,East,77317.0,0.9911791714629383,
saanthilathaa,first,East,77103.0,0.9989105482276954,
laleethaa,first,East,76677.0,0.9932183053588429,
dulaaree,first,East,75545.0,0.9927857568336753,
pujaa,first,East,75355.0,0.9960851967354521,
sabanam,first,East,75116.0,0.9911470259332232,
ramjoo,first,East,74342.0,0.9910010492050254,
prameelaa,first,East,74292.0,0.9973886824960965,
kusum,first,East,74234.0,0.9687340032869036,
neeraj,first,East,73636.0,0.04512738334510294,
sukaanthi,first,East,73179.0,0.9978545757662718,
kunthalaa,first,East,72709.0,0.9990510115666561,
bhaarathee,first,East,72161.0,0.9891492634525575,
bharath,first,East,72145.0,0.006694850648000555,
preethi,first,East,72016.0,0.9886136414130193,
nisaa,first,East,70899.0,0.9901832183810773,
binood,first,East,70426.0,0.00813619969897481,
bimalaa,first,East,69888.0,0.9930173992673993,
khusabu,first,East,69767.0,0.9934639586050712,
pappoo,first,East,68654.0,0.011521542808867654,
raajakumaaree,first,East,68444.0,0.996288936941149,
ajith,first,East,68130.0,0.02590635549684427,
amar,first,East,67932.0,0.04401460283813225,
chimthaa,first,East,67402.0,0.9837541912702887,
sahanaaj,first,East,67232.0,0.9842039504997621,
prabhaa,first,East,66643.0,0.9826538421139505,
kalpanaa,first,East,66450.0,0.9932129420617005,
geethaanjjali,first,East,65543.0,0.9984191373859095,geethaanjjalee
maadhuree,first,East,65255.0,0.9859780859704237,
sathees,first,East,65221.0,0.00829487435028595,
iamdu,first,East,65012.0,0.9758506121946717,
kisoor,first,East,63489.0,0.04815007324103388,
naseemaa,first,East,62657.0,0.9939990743252949,
raamajee,first,East,62538.0,0.011864786209984329,
visvanaath,first,East,61852.0,0.0061113626075147125,
aphasaanaa,first,East,61426.0,0.9944323250740729,
niramjan,first,East,61371.0,0.022258069772368057,
mahemdr,first,East,61356.0,0.006356346567572854,
samdhyaa,first,East,61149.0,0.9922484423293921,
raajaa,first,East,61046.0,0.04000262097434722,
sujaathaa,first,East,60438.0,0.9945233131473576,
dasarath,first,East,60325.0,0.007343555739743058,
dharmaindr,first,East,60220.0,0.007007638658253072,
kumthee,first,East,60095.0,0.9968050586571262,
suraj,first,East,59765.0,0.041596251986948884,
jeethendr,first,East,59722.0,0.007166538294095978,
chinthaa,first,East,59445.0,0.979998317772731,
kunthee,first,East,59270.0,0.9971486418086721,
sareethaa,first,East,57931.0,0.9970136886986243,
hemalathaa,first,East,57831.0,0.9971641507150144,
roopaa,first,East,57630.0,0.9818844351900052,
naveen,first,East,57596.0,0.011528578373498159,
kanhaiyaa,first,East,57416.0,0.01065904974223213,
seethaaraam,first,East,57283.0,0.00792556255782693,
sabaanaa,first,East,57097.0,0.9920135909067026,
basamthee,first,East,56839.0,0.9961646052886223,
svethaa,first,East,56542.0,0.9876905663046939,
sarasbathee,first,East,56349.0,0.998207599070081,
babaloo,first,East,55642.0,0.009579094928291579,
lakhan,first,East,55386.0,0.00864839490123858,
prabhaavathee,first,East,55207.0,0.9977357943739018,
sooniyaa,first,East,54948.0,0.9874972701463202,
dheeraj,first,East,54605.0,0.015218386594634191,
aamjalee,first,East,54222.0,0.988786839290325,
harendr,first,East,53950.0,0.007432808155699722,
ranajeeth,first,East,53731.0,0.009622005918371146,
mamgal,first,East,53502.0,0.019046016971328173,
saabithree,first,East,53268.0,0.9960388976496208,
rasmithaa,first,East,53158.0,0.9984198051092968,
naagendr,first,East,52762.0,0.007732838027368182,
amarajeeth,first,East,52754.0,0.01745839178071805,
lakshmeepriaa,first,East,52682.0,0.9992407273831669,
raamachandr,first,East,52604.0,0.005588928598585659,
chamdaa,first,East,52592.0,0.9791793428658351,
maneeshaa,first,East,52505.0,0.9852395009999048,
vivek,first,East,52202.0,0.009980460518754071,
vipin,first,East,51656.0,0.010608641784110268,
minaa,first,East,51647.0,0.9897186671055433,
haseenaa,first,East,51333.0,0.9949545126916408,
raamadev,first,East,51332.0,0.006798877892932284,
premalathaa,first,East,50975.0,0.9971358509073075,
rehaanaa,first,East,50653.0,0.9934258582907232,
beenaa,first,East,50123.0,0.9862737665343255,
aanand,first,East,49870.0,0.0195909364347303,
sreemathee,first,East,49725.0,0.9949723479135244,
aneel,first,East,49714.0,0.011706963833125477,
rajiyaa,first,East,49514.0,0.994102678030456,
budhanee,first,East,49070.0,0.9919298960668432,
devanthee,first,East,48836.0,0.9966008682119748,
kedaar,first,East,48802.0,0.026843162165485022,
umilaa,first,East,48614.0,0.9989303492820998,
rubee,first,East,48379.0,0.9905950929122139,
salamaa,first,East,48360.0,0.9942100909842845,
soudaamini,first,East,48171.0,0.9994394967926761,
amrithaa,first,East,48143.0,0.9853976694431174,
neethu,first,East,47735.0,0.9893998114590971,
leelaavathee,first,East,47678.0,0.996916816980578,
bhagabathee,first,East,47674.0,0.9959097201829089,
dharmandr,first,East,47667.0,0.007237711624394235,
resamaa,first,East,47495.0,0.9944204653121381,
rinaa,first,East,47345.0,0.9963248495089239,
minathee,first,East,47070.0,0.9963671128107074,
suremdr,first,East,47057.0,0.00758654397857917,
goovind,first,East,46857.0,0.00787502400921954,
avinaas,first,East,46693.0,0.009723084830702675,
aamjoo,first,East,46645.0,0.9930539178904492,
prabhu,first,East,46086.0,0.014646530399687541,
upemdr,first,East,45998.0,0.00708726466368103,
mithun,first,East,45792.0,0.013255590496156534,
aaseesh,first,East,45389.0,0.009539756328625878,
laalathee,first,East,44590.0,0.998116169544741,
raajakisoor,first,East,44492.0,0.03506248314303695,
dipak,first,East,44429.0,0.01359472416664791,
ramjanaa,first,East,44389.0,0.9892540944828674,
rambhaa,first,East,43981.0,0.996202905800232,
dhanamjay,first,East,43668.0,0.0075341210955390675,
sail,first,East,43406.0,0.9862922176657605,
sivajee,first,East,43250.0,0.013410404624277457,
sakeelaa,first,East,43217.0,0.9927343406529838,
manjjalathaa,first,East,43202.0,0.9988889403268367,
sooshamaa,first,East,43137.0,0.9980990796763799,
manju,first,East,42963.0,0.9872448385820357,
renoo,first,East,42945.0,0.9952031668413086,
chaamdanee,first,East,42581.0,0.9942932293746037,
babalu,first,East,42362.0,0.01100042490911666,
devendr,first,East,42277.0,0.007758355607067673,
sameenaa,first,East,41607.0,0.9943519119378951,
sakumthalaa,first,East,41575.0,0.9972339146121467,
sailendr,first,East,41086.0,0.009394927712602833,
jameelaa,first,East,41052.0,0.9943242716554613,
naval,first,East,40660.0,0.011067388096409248,
sivasamkar,first,East,40646.0,0.0066181174039265855,
nirupamaa,first,East,40038.0,0.9973275388381038,
vakeel,first,East,39928.0,0.01056902424363855,
bheem,first,East,39794.0,0.010277931346434135,
priyaa,first,East,39325.0,0.9767323585505404,
rebathee,first,East,39279.0,0.9851829221721531,
vikram,first,East,39233.0,0.0072897815614406235,
chandaa,first,East,39175.0,0.9773580089342693,
jareenaa,first,East,39126.0,0.9959617645555385,
bhumisoothaa,first,East,39081.0,0.9996161817763107,
namd,first,East,39036.0,0.03489086996618506,
reemaa,first,East,38917.0,0.9948865534342318,
isarath,first,East,38819.0,0.9788505628686983,
resamee,first,East,38746.0,0.9940380942548909,
tunatun,first,East,38685.0,0.03347550730257206,
aalook,first,East,38372.0,0.014593974773272178,
aravimd,first,East,38357.0,0.00948979325807545,
ramjith,first,East,38345.0,0.013821880297300821,
raakhee,first,East,38217.0,0.990004448282178,
rimkri,first,East,37928.0,0.9783009913520354,
nisaamani,first,East,37753.0,0.9853786454056631,
kaamesvar,first,East,37616.0,0.008799447043811144,
julee,first,East,37387.0,0.9931794474015032,
uraprameelaa,first,East,37350.0,0.9990629183400268,
lathaa,first,East,37296.0,0.9958172458172458,
birendr,first,East,37227.0,0.006688693690063663,
raamapraves,first,East,37112.0,0.007221383918948049,
sebathee,first,East,37093.0,0.998975547947052,
chhootelaal,first,East,36678.0,0.00768853263536725,
sikandar,first,East,36325.0,0.010378527185134205,
nibhaa,first,East,36273.0,0.9943759821354726,
nilam,first,East,36245.0,0.9874465443509449,
anuj,first,East,36194.0,0.016715477703486765,
kapil,first,East,36116.0,0.013982722339129472,
jithemdr,first,East,35915.0,0.008018933593206181,
prabhaath,first,East,35807.0,0.020051945150389588,
sourabh,first,East,35788.0,0.010757795909243322,
sakeenaa,first,East,35705.0,0.9946506091583812,
mahaadev,first,East,35658.0,0.0088339222614841,
sahadev,first,East,35558.0,0.006918274368637156,
raamanaath,first,East,35281.0,0.006490745727161929,
najamaa,first,East,35237.0,0.9937281834435394,
sathyanaaraayan,first,East,35083.0,0.006413362597269333,
kanaka,first,East,34992.0,0.9846822130772748,
dukhanee,first,East,34876.0,0.9952116068356462,
urmeelaa,first,East,34824.0,0.9983057661382955,
kaynthi,first,East,34707.0,0.9958797937015588,
muniyaa,first,East,34682.0,0.9920708148319013,
anjjanaa,first,East,34612.0,0.9960418352016641,
lalith,first,East,34524.0,0.048690765844050514,
samyukthaa,first,East,34484.0,0.9978540772532188,
sathyandr,first,East,34415.0,0.007409559784977481,
baalesvar,first,East,34381.0,0.010267298798755126,
silaa,first,East,34351.0,0.987394835667084,
sukhadev,first,East,34348.0,0.006725282403633399,
anjjalee,first,East,34285.0,0.9966457634534053,
noothan,first,East,34259.0,0.9857263784698911,
visaal,first,East,34246.0,0.009490159434678503,
mahaaveer,first,East,34198.0,0.007690508216854787,
raajesvar,first,East,34149.0,0.01355823010922721,
jayaprakaas,first,East,34141.0,0.007058961366099411,
nithees,first,East,34115.0,0.008852410962919537,
kamalee,first,East,34085.0,0.9726272553909344,
subhadraa,first,East,34077.0,0.9957155852921326,
moohamad,first,East,34062.0,0.015148846221595914,
kanakalathaa,first,East,33999.0,0.9982646548427895,
phulakumaaree,first,East,33916.0,0.9966682391791485,
indumathee,first,East,33837.0,0.9995566982888554,
rithaa,first,East,33671.0,0.9963767039885956,
aanamd,first,East,33555.0,0.014692296230070035,
mahesvar,first,East,33506.0,0.01566883543245986,
sathyendr,first,East,33492.0,0.006747880090767945,
sailes,first,East,33469.0,0.015566643759897218,
paabathee,first,East,33432.0,0.997876286192869,
dharmaseelaa,first,East,33331.0,0.9974198193873571,
rithes,first,East,33266.0,0.008958095352612277,
manoohar,first,East,33100.0,0.028821752265861027,
brajes,first,East,33043.0,0.007051417849468874,
sathrudhan,first,East,32848.0,0.007306380905991232,
prathibhaa,first,East,32828.0,0.9922017789691726,
naagesvar,first,East,32717.0,0.012012103799248098,
aasamaa,first,East,32619.0,0.9944510867899077,
paramesvar,first,East,32557.0,0.011610406364222748,
chanjchalaa,first,East,32318.0,0.9979577944179714,
amares,first,East,32261.0,0.0082762468615356,
balaraam,first,East,32227.0,0.006423185527663139,
aasuthoosh,first,East,32074.0,0.008168610089168797,
chamelee,first,East,32006.0,0.9947822283321878,
maanasee,first,East,31914.0,0.9946105157611079,
gulaam,first,East,31902.0,0.014701272647482916,
kisun,first,East,31769.0,0.04850640561553716,
soonam,first,East,31738.0,0.9772512445648749,
nithes,first,East,31662.0,0.009032910113069295,
sapanaa,first,East,31577.0,0.9777369604458942,
vineethaa,first,East,31492.0,0.9906642956941445,
bilaasinee,first,East,31444.0,0.9994275537463427,
aman,first,East,31183.0,0.04213834461084565,
aadithy,first,East,31044.0,0.013947944852467465,
sanooj,first,East,31022.0,0.016149829153503964,
hareraam,first,East,31000.0,0.0066129032258064515,
kumudinee,first,East,30963.0,0.9991279914736944,
kalyaanee,first,East,30919.0,0.990685339111873,
vishnu,first,East,30910.0,0.04234875444839858,
kaanthi,first,East,30785.0,0.9652752964105896,
julekhaa,first,East,30722.0,0.9932947073758219,
aum,first,East,30719.0,0.011068068622025456,
kousal,first,East,30709.0,0.044742583607411505,
mithaa,first,East,30538.0,0.9952190713209771,
banithaa,first,East,30498.0,0.9967538855006886,
phaathamaa,first,East,30381.0,0.9947993811921925,
veerendr,first,East,30376.0,0.006748749012378193,
bachchee,first,East,30355.0,0.9802009553615549,
javaahar,first,East,30350.0,0.006589785831960461,
jayaraam,first,East,30343.0,0.008502784826813433,
bhikhaaree,first,East,30124.0,0.010921524365954057,
nousaad,first,East,30050.0,0.02179700499168053,
sandhyaa,first,East,30022.0,0.9960695489974019,
raamachamdr,first,East,29975.0,0.005137614678899082,
basanthee,first,East,29869.0,0.9919983929826911,
chandrakaanthi,first,East,29743.0,0.998621524392294,
amarendr,first,East,29582.0,0.00598336826448516,
rupaa,first,East,29498.0,0.9546070920062377,
puneethaa,first,East,29444.0,0.994565955712539,
md,first,East,29424.0,0.010059815116911366,
sivanaath,first,East,29233.0,0.006909998973762529,
sameer,first,East,29223.0,0.04243233069842248,
kaarthik,first,East,29153.0,0.01615614173498439,
saadhanaa,first,East,29129.0,0.9841395173195098,
nand,first,East,29102.0,0.043261631502989485,
chhootoo,first,East,28975.0,0.01905090595340811,
narendr,first,East,28957.0,0.011672479883965881,
bhagavaan,first,East,28918.0,0.04993429697766097,
aakaas,first,East,28898.0,0.04162917848986089,
kaanjchana,first,East,28503.0,0.9882117671824019,
anuraadhaa,first,East,28482.0,0.9892914823397233,
baijanaath,first,East,28447.0,0.006292403416880515,
raajadev,first,East,28443.0,0.008367612417818093,
roonaa,first,East,28381.0,0.9917198125506501,
chandrakalaa,first,East,28330.0,0.998305683021532,
raamavilaas,first,East,28230.0,0.006624158696422246,
laalabaaboo,first,East,28218.0,0.0093202920121908,
chhoote,first,East,28163.0,0.014238539928274686,
gourav,first,East,28134.0,0.009952370796900548,
santhoosh,first,East,28073.0,0.04456239090941474,
nithu,first,East,27997.0,0.9624959817123263,
pimtoo,first,East,27968.0,0.025135869565217392,
ahalaa,first,East,27895.0,0.9986018999820756,
sameemaa,first,East,27892.0,0.9936540943639753,
muraaree,first,East,27833.0,0.021377501526964396,
ameeth,first,East,27779.0,0.008927607185283848,
deepaa,first,East,27716.0,0.9689349112426036,
begam,first,East,27659.0,0.9849596876242814,
yoogemdr,first,East,27610.0,0.007388627308946034,
prabhaasinee,first,East,27422.0,0.9989789220334039,
rookasaanaa,first,East,27262.0,0.9955249064632089,
aamkith,first,East,27245.0,0.019636630574417325,
chamchalaa,first,East,27149.0,0.9926332461600795,
chandesvar,first,East,27143.0,0.009542055041815569,
alee,first,East,26996.0,0.040117054378426435,
maanathee,first,East,26985.0,0.9965536409116176,
raamabaaboo,first,East,26960.0,0.007084569732937685,
basamth,first,East,26865.0,0.01790433649730132,
gaaythree,first,East,26829.0,0.9986581683998658,
ghanasyaam,first,East,26823.0,0.007866383327741118,
anupamaa,first,East,26779.0,0.9908883826879271,
heeraalaal,first,East,26760.0,0.007399103139013453,
prabhaathee,first,East,26723.0,0.9980541106911649,
kousalaa,first,East,26702.0,0.996254962175118,
haree,first,East,26681.0,0.026123458640980472,
noorajahaa,first,East,26652.0,0.9904697583671019,
rajanees,first,East,26576.0,0.013207405177603854,
kuladeep,first,East,26566.0,0.018632838967100804,
sasmithaa,first,East,26559.0,0.998192703038518,
chaaadanee,first,East,26553.0,0.995066470831921,
susilaa,first,East,26495.0,0.9932817512738252,
sabeenaa,first,East,26425.0,0.9936802270577105,
nandalaal,first,East,26388.0,0.005760194027588298,
soomithraa,first,East,26200.0,0.997824427480916,
nathunee,first,East,26124.0,0.03192466697289848,
pahaabatha,first,East,26106.0,0.9997701677775224,
sithaa,first,East,26072.0,0.9594584228290887,
thapan,first,East,25994.0,0.01027160113872432,
umaasamkar,first,East,25978.0,0.007198398645007314,
alakaa,first,East,25962.0,0.9861335798474694,
bhunesvar,first,East,25952.0,0.011868064118372379,
hema,first,East,25928.0,0.9641700092564024,
ahalyaa,first,East,25913.0,0.9979161038860803,
moo,first,North,1403800.0,0.004593246901267987,
suneethaa,first,North,1402784.0,0.995878196500673,
geethaa,first,North,1104352.0,0.9925114456260323,
suman,first,North,965486.0,0.9829267332721552,
rames,first,North,953378.0,0.018176421104745443,
raakes,first,North,920181.0,0.02072418361170248,
seemaa,first,North,913294.0,0.9954680530037425,
rekhaa,first,North,911392.0,0.9936020943787086,
mamathaa,first,North,909768.0,0.995627456670272,
anil,first,North,878873.0,0.006862197382329415,
suneel,first,North,859745.0,0.016430453215779097,
manooj,first,North,851702.0,0.035303427724720615,
asook,first,North,842959.0,0.014676870405322204,
sures,first,North,834662.0,0.03948185013813975,
kamalaa,first,North,831402.0,0.9613003095975232,
dines,first,North,828369.0,0.009081701512248769,
samjay,first,North,808054.0,0.009423875137057672,
vinood,first,North,800662.0,0.04092238672498508,
raajendr,first,North,771532.0,0.00815649901753913,
aneethaa,first,North,752031.0,0.9954789097789851,
samgeethaa,first,North,698702.0,0.9956934429842765,
ajay,first,North,686559.0,0.006333031829748062,
deepak,first,North,676381.0,0.007517952160099116,
aasaa,first,North,661405.0,0.9659437107369917,
meenaa,first,North,660233.0,0.9943217015811084,
sarooj,first,North,645015.0,0.9565917071696007,
poonam,first,North,643494.0,0.9808094558768224,
jagadees,first,North,632811.0,0.014778504166330864,
poojaa,first,North,628747.0,0.9903554211789479,
suseelaa,first,North,623067.0,0.9938899026910428,
pushpaa,first,North,604802.0,0.9957473685602891,
pradeep,first,North,574418.0,0.010793533628820825,
kiran,first,North,563799.0,0.9660304470210128,
jithendr,first,North,563588.0,0.005060434217903859,
saanthi,first,North,563059.0,0.957922308576621,saanthee
amith,first,North,555804.0,0.005822196313808464,
munnee,first,North,547558.0,0.960614218037176,
surendr,first,North,529708.0,0.020252667507381424,
mahendr,first,North,527219.0,0.014900828687888714,
neelam,first,North,519412.0,0.9858128037088092,
vimalaa,first,North,518589.0,0.9947453571132439,
saavithree,first,North,505215.0,0.9960155577328464,
mamjoo,first,North,499464.0,0.9892484743645188,
pavan,first,North,495230.0,0.041027401409446114,
meeraa,first,North,494081.0,0.9945636444226756,
mahes,first,North,488036.0,0.008329303575965707,
maayaa,first,North,480337.0,0.9769890722555206,
reenaa,first,North,478429.0,0.995575101007673,
seelaa,first,North,464863.0,0.9952373064752411,
nirmalaa,first,North,459082.0,0.9949595061448717,
samdeep,first,North,453055.0,0.019845272649016123,
raajakumaar,first,North,435507.0,0.004622198954322204,
raanee,first,North,434463.0,0.9949915182650767,
raadhaa,first,North,430168.0,0.9514468765691544,
aarathee,first,North,426062.0,0.9933014443907224,
savithaa,first,North,400257.0,0.9950981494389854,
sarithaa,first,North,394953.0,0.9948095089795495,
kavithaa,first,North,394154.0,0.9954890727989567,
nares,first,North,385197.0,0.047331625116498834,
preethee,first,North,384795.0,0.9919317775621713,preethi
ushaa,first,North,376224.0,0.9956541847410053,
pramood,first,North,374841.0,0.018984049236876435,
jyoothi,first,North,366218.0,0.9766013685837397,
sathees,first,North,363447.0,0.00796264654818997,
omaprakaas,first,North,360812.0,0.0027604403401217253,
anithaa,first,North,357631.0,0.9955233187279626,
rajanee,first,North,355918.0,0.9863676464803691,
raahul,first,North,349585.0,0.0038016505284837734,
vikaas,first,North,348164.0,0.005276249123976057,
reethaa,first,North,346439.0,0.9948648968505278,
dharmendr,first,North,344335.0,0.0027763660388865495,
narendr,first,North,344129.0,0.01905971307271401,
ravi,first,North,342607.0,0.011111857025688326,
sakunthalaa,first,North,335556.0,0.9951990129814398,
priyamkaa,first,North,333401.0,0.9901380019855969,
aravind,first,North,332031.0,0.004499579858507187,
gudadee,first,North,330291.0,0.9947985261481542,
subhaash,first,North,329540.0,0.006390726467196698,
kalaavathee,first,North,325682.0,0.9951916286438919,
pamkaj,first,North,324533.0,0.024715514292845412,
kusum,first,North,322034.0,0.9918052131141433,
pimkee,first,North,317272.0,0.9907335031140473,
goopaal,first,North,315769.0,0.011597085211024516,
devendr,first,North,304964.0,0.009978226938261565,
maneesh,first,North,299072.0,0.015193665739353735,
moohammad,first,North,292892.0,0.004537508706280813,
raadhesyaam,first,North,282718.0,0.003193995430075199,
raajakumaaree,first,North,276974.0,0.9939019546961086,
dileep,first,North,276251.0,0.004068763551987142,
roohith,first,North,275252.0,0.004007237004635752,
archanaa,first,North,273231.0,0.9933389695898343,
umes,first,North,271940.0,0.027336912554239905,
nisaa,first,North,271694.0,0.9927823212879195,
renoo,first,North,269692.0,0.9920131112528365,
samkar,first,North,269392.0,0.010579378749183346,
maalathee,first,North,266960.0,0.9906165717710519,
pappoo,first,North,264968.0,0.02967528154343166,
urmilaa,first,North,264495.0,0.9957617346263634,
sumithraa,first,North,258511.0,0.9957603351501484,
paarvathee,first,North,256675.0,0.995928703613519,
abdul,first,North,256128.0,0.0035216766616691653,
suseel,first,North,254291.0,0.04688722762504375,
sunithaa,first,North,247215.0,0.9958902170175757,
samjeev,first,North,244825.0,0.006012457878076177,
aaseesh,first,North,244069.0,0.005711499616911611,
gaayathree,first,North,241004.0,0.991697233240942,
neethoo,first,North,236505.0,0.9783683220227902,
madan,first,North,236091.0,0.01925952281111944,
lalithaa,first,North,235885.0,0.9864934184030354,
nehaa,first,North,230684.0,0.9905411732066377,
baaboo,first,North,226629.0,0.016379192424623504,
ravindr,first,North,223553.0,0.020979365072264743,
arjun,first,North,218862.0,0.004011660315632682,
sushamaa,first,North,218525.0,0.9953094611600504,
saamthee,first,North,218155.0,0.9742728149986214,saamthi
goovind,first,North,217485.0,0.013766466652872612,
lakshman,first,North,217133.0,0.006539770555373896,
veerendr,first,North,214550.0,0.004367280354229783,
sachin,first,North,214184.0,0.0048883203227131815,
vikram,first,North,213951.0,0.005202125720375226,
raajeev,first,North,213874.0,0.003904167874542955,
resamaa,first,North,213669.0,0.9903729600456781,
abhishek,first,North,208672.0,0.0029520012268057045,
babeethaa,first,North,205919.0,0.9961635400327313,
ooshaa,first,North,203193.0,0.9961465207954998,
ganes,first,North,203117.0,0.011978317915290202,
bimalaa,first,North,202941.0,0.9972060845270301,
maneeshaa,first,North,202500.0,0.9892888888888889,
raamakalee,first,North,200824.0,0.9947516233119548,
sudhaa,first,North,198003.0,0.9930354590587012,
ajeeth,first,North,197862.0,0.024501925584498287,
munnaa,first,North,196365.0,0.04445802459705141,
naaraayan,first,North,196156.0,0.032836110034870206,
aroon,first,North,194677.0,0.023217945622749477,
raamavathee,first,North,192975.0,0.9943826920585568,
aamkith,first,North,189339.0,0.00967048521435098,
sapanaa,first,North,188309.0,0.9931336261145245,
baaboolaal,first,North,187133.0,0.0023566126765455584,
mou,first,North,186956.0,0.004396756456064529,
haree,first,North,186048.0,0.033168859649122806,
moonikaa,first,North,185905.0,0.9925392001290982,
gudiyaa,first,North,184843.0,0.9911113755998334,
gourav,first,North,183175.0,0.004771393476183977,
avadhes,first,North,183048.0,0.018514269481228966,
babalee,first,North,182897.0,0.9688786584799095,
yooges,first,North,181071.0,0.023797294983735662,
vinay,first,North,180861.0,0.02449394839130603,
raamesvar,first,North,179110.0,0.0037463011557143655,
mahaaveer,first,North,176873.0,0.0032283050550394915,
sravan,first,North,174768.0,0.036980454087704846,
roosanee,first,North,174267.0,0.9954495113819599,
vipin,first,North,173007.0,0.01325957909217546,
vivek,first,North,172968.0,0.005897044540030526,
sarasvathee,first,North,170208.0,0.9915103872908442,
seethaaraam,first,North,169901.0,0.005573834174018987,
ghanasyaam,first,North,168204.0,0.0041556681172861525,
sreemathee,first,North,165867.0,0.9946161683758674,
mohd,first,North,161960.0,0.0021980735984193627,
sabanam,first,North,161309.0,0.9912900086170021,
moohith,first,North,160807.0,0.005117936408240935,
akhiles,first,North,159477.0,0.04374925537851853,
vineethaa,first,North,158917.0,0.9923607921116054,
raajaaraam,first,North,158488.0,0.0027131391651102925,
madhu,first,North,157721.0,0.9608993095402641,
naveen,first,North,156940.0,0.018988148336944056,
sooniyaa,first,North,155242.0,0.9925084706458304,
maa,first,North,154587.0,0.006669383583354357,
saleem,first,North,154230.0,0.014685858782338067,
visaal,first,North,151279.0,0.008652886388725467,
raamachandr,first,North,150327.0,0.002833822267456944,
sunil,first,North,150214.0,0.012016190235264356,
chhootelaal,first,North,148250.0,0.0027251264755480606,
hemalathaa,first,North,148123.0,0.994727354968506,
harees,first,North,146706.0,0.008200073616620998,
saadhanaa,first,North,145475.0,0.9933253136277711,
prahalaad,first,North,145093.0,0.0036597216957399738,
sailendr,first,North,144761.0,0.008717817644255013,
aanand,first,North,143846.0,0.035079181902868344,
sabaanaa,first,North,141820.0,0.9932661119729235,
sumith,first,North,140979.0,0.023443207853651962,
beenaa,first,North,140907.0,0.9950676687460523,
kalpanaa,first,North,140110.0,0.9931268289201342,
raamalaal,first,North,138130.0,0.002975457901976399,
sahanaaj,first,North,138053.0,0.9776172919096289,
premaa,first,North,137911.0,0.9507725997201093,
raamakumaar,first,North,137223.0,0.003738440348921099,
manjoo,first,North,136436.0,0.9866164355448709,
sourabh,first,North,135392.0,0.018006972346962892,
maadhuree,first,North,134866.0,0.9930301187845714,
virendr,first,North,134755.0,0.006953359801120552,
ramjanaa,first,North,134231.0,0.9925352563863787,
subham,first,North,133588.0,0.01646105937659071,
leelaavathee,first,North,133412.0,0.9952178214853237,
salamaa,first,North,133173.0,0.9928438947834771,
bebee,first,North,132914.0,0.9917314955535158,
kousalyaa,first,North,132669.0,0.9962764473991663,
babaloo,first,North,131304.0,0.011766587461158837,
lalith,first,North,131090.0,0.020276146159127317,
rachanaa,first,North,130948.0,0.991851727403244,
samdhyaa,first,North,129874.0,0.9934320957235474,
sandeep,first,North,129342.0,0.02635648126671924,
urmithraa,first,North,129130.0,0.9952296135677224,
sudheer,first,North,129111.0,0.0044070605912741746,
imaraan,first,North,128525.0,0.011048434156778838,
vandanaa,first,North,128000.0,0.9928046875,
premavathee,first,North,127211.0,0.9949847104417071,
chhootee,first,North,127041.0,0.9858234743114428,
hari,first,North,126886.0,0.04010686758192393,
anuj,first,North,126577.0,0.016819801385717783,
kapil,first,North,125043.0,0.005718032996649153,
yoogendr,first,North,124862.0,0.004060482772981371,
aakaas,first,North,124219.0,0.007671934245163783,
kumaaree,first,North,122825.0,0.9836352534093222,
veenaa,first,North,122548.0,0.9944021934262494,
saralaa,first,North,122032.0,0.9958289628949784,
raamaprasaad,first,North,122017.0,0.004105985231566093,
kanhaiyaa,first,North,121708.0,0.00479015348210471,
bharath,first,North,119702.0,0.008988989323486659,
raamapaal,first,North,119422.0,0.003341092930950746,
sreeraam,first,North,119033.0,0.0032596002789142507,
chhoote,first,North,118897.0,0.005761289183074426,
aamjoo,first,North,118839.0,0.9881099639007397,
roobee,first,North,118411.0,0.9887848257340957,
raamarathee,first,North,116935.0,0.9861632530893232,
heeraalaal,first,North,116890.0,0.0031739242022414235,
omavathee,first,North,116515.0,0.9954769772132344,
bhaarathee,first,North,116459.0,0.9858061635425343,
maamgeelaal,first,North,115993.0,0.0026898174889864045,
sivakumaar,first,North,114593.0,0.00539299957239971,
dheeraj,first,North,114479.0,0.03074799744931385,
prathaap,first,North,113707.0,0.012215606778826282,
karan,first,North,112539.0,0.010760714063569073,
nithin,first,North,111707.0,0.01119894008432775,
raadhikaa,first,North,111621.0,0.9651320092097365,
bhaavanaa,first,North,111462.0,0.992392025981949,
moohanalaal,first,North,111257.0,0.0021481794403947615,
indraa,first,North,110583.0,0.9897000443106083,
soonam,first,North,110531.0,0.9752919995295437,
raamanivaas,first,North,110350.0,0.0030539193475305846,
sakeel,first,North,109789.0,0.01970142728324331,
raahal,first,North,109237.0,0.003863159918342686,
balaraam,first,North,109099.0,0.002887285859632077,
aphasaanaa,first,North,108692.0,0.9915173149817834,
lathaa,first,North,108349.0,0.9958559839038662,
laalee,first,North,105634.0,0.975452979154439,
iraphaan,first,North,105367.0,0.009035086886786186,
varshaa,first,North,104848.0,0.9923889821455821,
syaamalaal,first,North,104475.0,0.003723378798755683,
raajapaal,first,North,104320.0,0.045254984662576686,
raamasimh,first,North,103847.0,0.0022147967683226284,
phoolamathee,first,North,102866.0,0.9939435770808625,
prabhaavathee,first,North,102061.0,0.9929355973388464,
dayaaraam,first,North,102048.0,0.002910395108184384,
priyaa,first,North,101486.0,0.9870819620440258,
ramjeeth,first,North,101485.0,0.029698970291176036,
vijendr,first,North,101472.0,0.00472051403342794,
rimkee,first,North,101027.0,0.9912102705217417,
raamapyaaree,first,North,100524.0,0.994747522979587,
mamju,first,North,100347.0,0.9921372836258184,
manju,first,North,100332.0,0.9942490930112028,
bhaarath,first,North,100285.0,0.014578451413471605,
ser,first,North,99380.0,0.026142080901589856,
sathapaal,first,North,98762.0,0.03605637795913408,
aamjalee,first,North,97871.0,0.9890059363856505,
dasarath,first,North,97642.0,0.02684295692427439,
haseenaa,first,North,97328.0,0.9924687654118034,
raajesvaree,first,North,97157.0,0.9745566454295624,
premalathaa,first,North,97099.0,0.9935941667782366,
pushpendr,first,North,96352.0,0.008551976087678511,
nasareen,first,North,96329.0,0.9887261364698066,
banavaaree,first,North,96017.0,0.005686493016861597,
prabhaa,first,North,95943.0,0.9742034332885151,
pramilaa,first,North,95894.0,0.9954428848520241,
gamgaaraam,first,North,95113.0,0.0032067120162333224,
jayaprakaas,first,North,94814.0,0.0029636973442740524,
sathyanaaraayan,first,North,94494.0,0.00268800135458336,
moohanee,first,North,94448.0,0.992217940030493,
vaseem,first,North,94208.0,0.03173828125,
raajavathee,first,North,94062.0,0.9947694074121324,
raakhee,first,North,93091.0,0.991137703967086,
sakeelaa,first,North,92900.0,0.9853498385360603,
jareenaa,first,North,92118.0,0.9941270978527541,
saayaraa,first,North,92070.0,0.9916585206907788,
gajendr,first,North,91641.0,0.006580024224964808,
pharajaanaa,first,North,91458.0,0.99199632618251,
hanumaan,first,North,90898.0,0.004004488547602807,
raamanares,first,North,90838.0,0.003412668706928818,
kisoor,first,North,90466.0,0.01567439701103177,
soomavathee,first,North,90261.0,0.9951252478922237,
urmilraa,first,North,89099.0,0.9949269913242573,
kaaloo,first,North,88572.0,0.028191753601589667,
irasaad,first,North,88478.0,0.016422161441262236,
sivaanee,first,North,88082.0,0.9881814672691356,
raamajee,first,North,88010.0,0.009862515623224634,
samaa,first,North,87710.0,0.9769125527305894,
arun,first,North,87601.0,0.0320087670232075,
sivam,first,North,87568.0,0.011682349716791522,
anuraadhaa,first,North,87188.0,0.9910996926182503,
bhoopendr,first,North,87109.0,0.010768118104903052,
hemaraaj,first,North,86929.0,0.004451909029207744,
jaaved,first,North,86801.0,0.004700406677342427,
yasoodaa,first,North,86587.0,0.9872151708686061,
manooramaa,first,North,86551.0,0.9924899770077757,
chamelee,first,North,86271.0,0.9951084373659747,
dharmaveer,first,North,85467.0,0.0036622322065826577,
svethaa,first,North,85288.0,0.9895999437201013,
mamgal,first,North,85207.0,0.015738143579752836,
raghuveer,first,North,84923.0,0.005063410383523898,
sathendr,first,North,83938.0,0.005384926969906359,
aalook,first,North,83597.0,0.004629352727968707,
rasmi,first,North,83436.0,0.991921952154945,
sanjay,first,North,83391.0,0.005504191099758967,
sunita,first,North,83255.0,0.9981983064080235,
samkaralaal,first,North,82965.0,0.0021936961369252096,
kamalee,first,North,82886.0,0.9934608981010062,
kalaa,first,North,82877.0,0.9666976362561386,
raamasvaroop,first,North,81987.0,0.0043543488601851515,
aasamaa,first,North,81330.0,0.9896348210992254,
bhamvaree,first,North,80759.0,0.9971272551666068,
samaser,first,North,80731.0,0.028749798714248553,
babithaa,first,North,80555.0,0.9940413382161256,
deepikaa,first,North,80474.0,0.990767204314437,
jasoodaa,first,North,80282.0,0.9925014324506116,
kamalaabaaee,first,North,79982.0,0.9980745667775249,
asalam,first,North,79714.0,0.007501819002935495,
mainaa,first,North,79709.0,0.9903774981495189,
uday,first,North,79264.0,0.01237636253532499,
raamaveer,first,North,79143.0,0.003828512944922482,
anjoo,first,North,79013.0,0.9843696606887474,
raamabaaboo,first,North,78861.0,0.0031574542549549205,
raajaraanee,first,North,78606.0,0.9939953693102308,
bhaagavathee,first,North,78597.0,0.9929259386490579,
geethaabaaee,first,North,78078.0,0.9984118445656908,
raamadaas,first,North,77894.0,0.0030682722674403675,
basanthee,first,North,77600.0,0.9873711340206186,
lakhan,first,North,77307.0,0.020114607991514353,
meenaakshee,first,North,77218.0,0.9939651376622031,
saahid,first,North,77085.0,0.014788869429850166,
hariom,first,North,76828.0,0.008981100640391523,
indraavathee,first,North,76301.0,0.9935256418657684,
renu,first,North,76090.0,0.9928637140228677,
rijavaan,first,North,75964.0,0.04636406718972145,
kousilyaa,first,North,75895.0,0.9937808814809935,
kaamthaa,first,North,75411.0,0.9782657702457201,
dharmapaal,first,North,75120.0,0.0027955271565495207,
prathibhaa,first,North,75089.0,0.9911172075803379,
siyaaraam,first,North,74952.0,0.004002561639449248,
raamakisoor,first,North,74920.0,0.003643886812600107,
durgaavathee,first,North,74871.0,0.9942033631178961,
rookasaanaa,first,North,74532.0,0.9936403155691516,
bhaageerath,first,North,74460.0,0.004136449100188021,
athul,first,North,74303.0,0.007173330821097399,
neethaa,first,North,73839.0,0.9916846111133683,
rajiyaa,first,North,73745.0,0.9931927588311072,
raamaprakaas,first,North,73721.0,0.0030520475848130114,
hareeraam,first,North,73548.0,0.003059226627508566,
aariph,first,North,73445.0,0.010592960718905304,
kanhaiyaalaal,first,North,73246.0,0.0026213035524124185,
salamaan,first,North,72912.0,0.006857581742374369,
raamadevee,first,North,72718.0,0.9931791303391182,
bheem,first,North,72589.0,0.01657275895796884,
raamasree,first,North,72502.0,0.9785799012441037,
chandraavathee,first,North,72348.0,0.9924807873057997,
kusamaa,first,North,72312.0,0.9945375594645426,
naajamaa,first,North,71906.0,0.9923789391705838,
raamacharan,first,North,71891.0,0.0025733401955738548,
ranaveer,first,North,71846.0,0.030648887899117558,
kesav,first,North,71197.0,0.02943944267314634,
anuraag,first,North,70817.0,0.012313427566827174,
manoj,first,North,70687.0,0.012350219983872564,
leelaabaaee,first,North,70593.0,0.9983567775841797,
phoolavathee,first,North,70579.0,0.9962170050581618,
pujaa,first,North,70558.0,0.980186513223164,
giradhaaree,first,North,70523.0,0.00452334699317953,
vidyaavathee,first,North,70517.0,0.9942283421019045,
jameelaa,first,North,70491.0,0.9867784539870338,
dheerendr,first,North,70453.0,0.003136843001717457,
jeethendr,first,North,70312.0,0.004266697007623165,
anita,first,North,70258.0,0.998420108742065,
raamagoopaal,first,North,70040.0,0.002455739577384352,
rapheek,first,North,69776.0,0.009516166016968586,
indrajeeth,first,North,69702.0,0.04961120197411839,
raamanaath,first,North,69579.0,0.002845686198421938,
madanalaal,first,North,69324.0,0.0020339276441059375,
sabeenaa,first,North,69245.0,0.9924759910462849,
chandrapaal,first,North,68770.0,0.003228151810382434,
rookamanee,first,North,68582.0,0.9956839987168645,
ravee,first,North,68351.0,0.023701189448581586,
sathyendr,first,North,68194.0,0.0041059330732909054,
kamalaadevee,first,North,67776.0,0.9949244570349386,
aamjanaa,first,North,67766.0,0.9946433314641561,
chandrabhaan,first,North,67419.0,0.003975140539017191,
geethaadevee,first,North,67005.0,0.9955824192224461,
asvanee,first,North,66970.0,0.02707182320441989,
sameenaa,first,North,66773.0,0.9937699369505638,
baabooraam,first,North,66716.0,0.0028478925595059657,
chandravathee,first,North,66659.0,0.994044315096236,
sikhaa,first,North,66634.0,0.9892247201128553,
sambhoo,first,North,66531.0,0.0258526100614751,
desaraaj,first,North,66493.0,0.0032484622441460004,
jayaraam,first,North,65537.0,0.003158521140729664,
raamaavathaar,first,North,65366.0,0.003243276321023162,
khusaboo,first,North,65366.0,0.9837530214484594,
bahaadur,first,North,64974.0,0.0035244867177640286,
aamgooree,first,North,64929.0,0.9951793497512668,
alee,first,North,64831.0,0.017013465780259442,
raamalakhan,first,North,64599.0,0.003126983389835756,
saalinee,first,North,64239.0,0.9913292548140538,
aasiph,first,North,64236.0,0.013855159100815742,
raajabaalaa,first,North,64152.0,0.9965862326973438,
dulaaree,first,North,64114.0,0.9921701968368843,
laalajee,first,North,64005.0,0.010171080384344973,
sahajaad,first,North,63626.0,0.03948071543079873,
raamakisan,first,North,63590.0,0.002783456518320491,
alakaa,first,North,63470.0,0.9919647077359383,
jayapaal,first,North,63025.0,0.004046013486711623,
nidhi,first,North,62944.0,0.985638027452974,
saajid,first,North,62837.0,0.013909002657669844,
raveendr,first,North,62833.0,0.007511976190855124,
kalyaan,first,North,62794.0,0.01226231805586521,
ashok,first,North,62786.0,0.0058771063612907334,
harendr,first,North,62763.0,0.006659974825932476,
rithu,first,North,62690.0,0.9798532461317595,
bhamvaralaal,first,North,62566.0,0.002765080075440335,
kunthee,first,North,62520.0,0.9934900831733845,
aasuthoosh,first,North,62318.0,0.004830065149715973,
laalaaraam,first,North,62212.0,0.0027968880601813156,
raamakaran,first,North,62186.0,0.002685491911362686,
chandrakalaa,first,North,62036.0,0.9932458572441808,
umaasamkar,first,North,61924.0,0.003956462760803566,
aayasaa,first,North,61883.0,0.989787179031398,
amit,first,North,61563.0,0.005376606078326267,
jameel,first,North,61463.0,0.024014447716512375,
upendr,first,North,61368.0,0.003878242732368661,
sakeenaa,first,North,61344.0,0.9915558163797601,
hamsaraaj,first,North,61071.0,0.006222265887245992,
meenoo,first,North,60944.0,0.9730244158571804,
raadhe,first,North,60822.0,0.030186445693992304,
prasaanth,first,North,60814.0,0.004489097905087645,
aajaad,first,North,60561.0,0.03538580934925117,
najamaa,first,North,60513.0,0.9928114619999009,
nousaad,first,North,60419.0,0.02888164319171122,
lakshmeebaaee,first,North,59720.0,0.9977729403884795,
jaakir,first,North,59592.0,0.005118136662639281,
premabaaee,first,North,59580.0,0.9980866062437059,
pintoo,first,North,59381.0,0.036796281638908065,
yaasameen,first,North,59227.0,0.9787596873047766,
mootheelaal,first,North,59190.0,0.0032437911809427267,
aneesaa,first,North,59116.0,0.9887847621625279,
rihaanaa,first,North,58967.0,0.9920463988332457,
muhammad,first,North,58784.0,0.006158138268916712,
visvanaath,first,North,58745.0,0.00347263596901864,
phareedaa,first,North,58498.0,0.9910595234025095,
hinaa,first,North,58279.0,0.9898934436074744,
sivasamkar,first,North,58262.0,0.0030036730630599705,
aasaaraam,first,North,57898.0,0.004974265086876922,
kaalooraam,first,North,57743.0,0.0032904421315137766,
jagathaar,first,North,57672.0,0.019350811485642945,
amarasimh,first,North,57593.0,0.0021356762106506,
maayaadevee,first,North,57378.0,0.994388092997316,
avanees,first,North,57375.0,0.014553376906318083,
raamasevak,first,North,57362.0,0.0029985007496251873,
abhay,first,North,57238.0,0.006935951640518537,
hemanth,first,North,57220.0,0.01873470814400559,
seema,first,North,57124.0,0.9979518241019536,
nanhee,first,North,57102.0,0.992504640818185,
sivaraaj,first,North,57078.0,0.010161533340341287,
rijavaanaa,first,North,56974.0,0.9800084248955664,
sareeph,first,North,56951.0,0.02093027339291672,
prathimaa,first,North,56644.0,0.9905550455476309,
aadithy,first,North,56535.0,0.009976120986999204,
raasid,first,North,56320.0,0.011345880681818183,
rehaanaa,first,North,56266.0,0.9899050936622472,
omakaar,first,North,55840.0,0.004351719197707736,
baabulaal,first,North,55797.0,0.0023657185870208076,
divyaa,first,North,55572.0,0.9836248470452746,
reethoo,first,North,55460.0,0.9848178867652362,
paaravathee,first,North,55307.0,0.9954436147323124,
jagannaath,first,North,55276.0,0.0029307475215283305,
kumaar,first,North,55229.0,0.013833312209165475,
himaamsu,first,North,55196.0,0.02541850858757881,
munneedevee,first,North,55177.0,0.9943092230458344,
pooja,first,North,55090.0,0.995970230531857,
subhaavathee,first,North,55078.0,0.9919931733178402,
simalaa,first,North,54984.0,0.9915975556525535,
kalaabaaee,first,North,54870.0,0.9981957353745216,
saaheen,first,North,54604.0,0.9764486118233097,
vakeel,first,North,54529.0,0.010251425846797117,
maanasimh,first,North,54342.0,0.0023554525045084832,
vineeth,first,North,54268.0,0.02432372668976192,
akshay,first,North,54156.0,0.006315089740748948,
raamadayaal,first,North,53931.0,0.002781331701618735,
amaranaath,first,North,53718.0,0.0031646747831266986,
avinaas,first,North,53591.0,0.04353342912056129,
reemaa,first,North,53560.0,0.9929611650485437,
sathyavathee,first,North,53467.0,0.9944451717882058,
asookakumaar,first,North,53200.0,0.0018796992481203006,
lakshmi,first,South,507069.0,0.9511624650688565,
abdul,first,South,245413.0,0.005932856042670926,
suresh,first,South,212584.0,0.004465538202562424,suresha
ramesh,first,South,164099.0,0.006354562777539936,ramesha
muhammed,first,South,146664.0,0.002522773141329842,
mohammed,first,South,131685.0,0.006037134069939628,
satyavathi,first,South,126331.0,0.9975698759607697,
nagamani,first,South,114739.0,0.9941519448487437,
rajesh,first,South,113642.0,0.0036166206156174655,
ravi,first,South,110691.0,0.009711720013370555,
srinivasarao,first,South,103917.0,0.004157163890412541,
mary,first,South,103024.0,0.9966124398198478,
srinivasa,first,South,100523.0,0.009585518185765338,srinivas
ramanamma,first,South,94387.0,0.9945543348130569,
babu,first,South,92443.0,0.003883474140821912,
kumari,first,South,89900.0,0.9951279199110122,
parvathi,first,South,89175.0,0.9958284272497897,
nagaraju,first,South,86894.0,0.017918383317605358,
usha,first,South,86749.0,0.9966685494933659,
varalakshmi,first,South,85217.0,0.9971132520506472,
santha,first,South,83751.0,0.9866867261286433,
joseph,first,South,83023.0,0.0027582718041988365,
padma,first,South,83020.0,0.9794507347627078,
jyothi,first,South,81136.0,0.9613611713665944,
apparao,first,South,80962.0,0.00671920160075097,
geetha,first,South,80082.0,0.9962538398141905,
sarojini,first,South,79910.0,0.9979727193092228,
fathima,first,South,77336.0,0.9981767870073446,
sujatha,first,South,75024.0,0.9973208573256558,
sathyanarayan,first,South,73988.0,0.006095583067524463,
rajan,first,South,73861.0,0.0029514899608724496,
thomas,first,South,73449.0,0.0020830780541600293,
anil,first,South,72616.0,0.0053569461275751904,
basavaraaja,first,South,72131.0,0.003812507798311406,
ashoka,first,South,71730.0,0.010321414882549416,ashok
lakshhmi,first,South,71560.0,0.9929709334823924,
leela,first,South,71341.0,0.9539255126785439,
prasad,first,South,70963.0,0.005989036540168821,
devi,first,South,70669.0,0.9682321810128911,
sunitha,first,South,69545.0,0.9972391976418147,
rambabu,first,South,68991.0,0.006768998854923106,
mahesh,first,South,68372.0,0.005644458528083656,mahesha
omana,first,South,67333.0,0.9984108832221942,
santhosh,first,South,67241.0,0.018545232819262056,
anitha,first,South,66802.0,0.9973653483428639,
mahaadevi,first,South,66731.0,0.9924173172888163,
sindhu,first,South,63403.0,0.9964828162705235,
mini,first,South,62759.0,0.9988527541866505,
satyanarayana,first,South,62000.0,0.008096774193548387,
lakshmidevi,first,South,61038.0,0.9976244306825256,
biju,first,South,60711.0,0.010706461761460033,
venkatalakshmi,first,South,60266.0,0.995005475724289,
arun,first,South,59131.0,0.008506536334579155,
renukaa,first,South,58593.0,0.9925759049715837,
mariyamma,first,South,58183.0,0.9981609748551983,
muhammad,first,South,56930.0,0.0037941331459687335,
subbarao,first,South,56545.0,0.004863383146166769,
mohanan,first,South,56296.0,0.0023269859315049025,
annamma,first,South,56002.0,0.9985714795900147,
srinu,first,South,55831.0,0.007970482348516057,
madhavi,first,South,55806.0,0.9965595097301365,
bhavani,first,South,55513.0,0.9609100571037414,
sunil,first,South,54807.0,0.0044519860601747955,
vishnu,first,South,54771.0,0.04164612659984298,
vinod,first,South,54659.0,0.0037871164858486253,
narayanamma,first,South,54635.0,0.9960098837741375,
chandran,first,South,52992.0,0.0016983695652173913,
laxmi,first,South,52342.0,0.9619808184631844,
shaji,first,South,51784.0,0.03064653174725784,
bindhu,first,South,51775.0,0.9975663930468373,
bindu,first,South,51761.0,0.9958656131063929,
janaki,first,South,51483.0,0.9622788104811297,
basappa,first,South,51267.0,0.006007763278522246,
mallappa,first,South,51147.0,0.0074491172502786085,
subbamma,first,South,50845.0,0.9964794965089979,
hanamamtha,first,South,50645.0,0.005429953598578339,
thankamma,first,South,50644.0,0.9988152594581786,
rajeswari,first,South,50567.0,0.9953527003777167,
lalitha,first,South,50543.0,0.9921453020200621,
sreenivasulu,first,South,50044.0,0.006314443289904883,
george,first,South,49588.0,0.002319109461966605,
lakshhmibaayi,first,South,49455.0,0.9956526134870084,
sarada,first,South,49354.0,0.9965757588037444,
vijayan,first,South,49155.0,0.0022378191435255823,
nagalakshmi,first,South,48852.0,0.9958445918283796,
jameela,first,South,48692.0,0.9984597059065144,
divya,first,South,48455.0,0.9879269425239914,
nagaswararao,first,South,48042.0,0.0044544357020940015,
gopi,first,South,47717.0,0.020977848565500765,
jose,first,South,46717.0,0.003489093905858681,
varghese,first,South,46207.0,0.001666414179669747,
ramakrishna,first,South,46139.0,0.012288952946531134,
vijayalakshmi,first,South,46017.0,0.9970228393854446,
narayanan,first,South,45784.0,0.0018347020793290233,
ammini,first,South,45564.0,0.9985295408655956,
beena,first,South,45439.0,0.9984594731398139,
bharathi,first,South,45376.0,0.9912729196050776,
aneesh,first,South,45098.0,0.0031486983901725133,
ramarao,first,South,45005.0,0.005132763026330408,
saraswathi,first,South,44991.0,0.9955324398212976,
subaida,first,South,44938.0,0.9985090569228715,
sreedevi,first,South,44925.0,0.9980189204229271,
lakshmamma,first,South,44842.0,0.9963873154631818,
latha,first,South,44712.0,0.9981660404365719,
indira,first,South,44449.0,0.9964003689621814,
venkateswarlu,first,South,44198.0,0.007828408525272636,
rajamma,first,South,43685.0,0.9981687077944374,
siddappa,first,South,43250.0,0.006289017341040462,
padmavathi,first,South,43049.0,0.9968640386536273,
sainaba,first,South,42924.0,0.9990215264187867,
khadeeja,first,South,42854.0,0.9992066084846222,
sandhya,first,South,42675.0,0.9953837141183363,
krishnan,first,South,42507.0,0.0020702472533935586,
enkateshwarlu,first,South,42377.0,0.003610449064350945,
murali,first,South,42355.0,0.014756227127847951,
pathumma,first,South,42302.0,0.9984161505366177,
shobhaa,first,South,42280.0,0.9938032166508988,
shrinu,first,South,42035.0,0.007327227310574521,
sheeja,first,South,41808.0,0.9989236509758898,
ramadevi,first,South,41590.0,0.9969463813416687,
rani,first,South,41394.0,0.9955790694303522,
jayamma,first,South,41275.0,0.997625681405209,
kadeeja,first,South,41130.0,0.9989059080962801,
yallavva,first,South,40913.0,0.9928384621025103,
sheeba,first,South,40735.0,0.998919847796735,
kalyani,first,South,40532.0,0.9918336129477944,
jayalakshmi,first,South,40338.0,0.9973474143487531,
nagamma,first,South,40163.0,0.9959913353086174,
haseena,first,South,40066.0,0.9971297359357061,
sudha,first,South,39830.0,0.9850112980165704,
john,first,South,39564.0,0.018906076230916995,
radhakrishnan,first,South,39322.0,0.0017293118356136515,
venkatesh,first,South,38974.0,0.006106635192692564,
praveen,first,South,38901.0,0.009922624097066913,
amina,first,South,38894.0,0.9832364889185993,
venkateshwararao,first,South,38561.0,0.00285262311662042,
reshma,first,South,38547.0,0.9967831478454873,
ayisha,first,South,38067.0,0.9986865263876848,
girija,first,South,37899.0,0.9944061848597588,
sumathi,first,South,37753.0,0.9977750112573835,
sajitha,first,South,37735.0,0.9983304624354048,
mathew,first,South,37633.0,0.0014083384263811017,
padamavathi,first,South,37329.0,0.9975086393956442,
gamgavva,first,South,37217.0,0.9942768089851411,
akhil,first,South,37115.0,0.0026943284386366697,
pradeep,first,South,37004.0,0.002702410550210788,
ratheesh,first,South,36949.0,0.0014885382554331646,
raveendran,first,South,36921.0,0.0017334308388180168,
nisha,first,South,36860.0,0.9983993488876831,
gangamma,first,South,36670.0,0.9954731388055631,
yallappa,first,South,36669.0,0.00998118301562628,
lakshhmana,first,South,36240.0,0.0048841059602649,
paarvathi,first,South,36147.0,0.9949650040113979,
unnikrishnan,first,South,35907.0,0.0018102319881917175,
kamala,first,South,35667.0,0.9804300894384165,
pushpa,first,South,35597.0,0.9800544989746327,
kiran,first,South,35579.0,0.04862418842575677,
mariamma,first,South,35429.0,0.9980806683790115,
syamala,first,South,35400.0,0.9797175141242938,
nirmala,first,South,35082.0,0.991192064306482,
valsala,first,South,34903.0,0.9981663467323726,
nabeesa,first,South,34802.0,0.9981897592092408,
devaki,first,South,34740.0,0.9968911917098445,
savithaa,first,South,34733.0,0.9904989491261912,
sujata,first,South,34697.0,0.9965414877366919,
mohamed,first,South,34621.0,0.015164206695358309,
balakrishnan,first,South,34521.0,0.0019408476000115872,
safiya,first,South,34496.0,0.9988404452690167,
shaamthavva,first,South,34472.0,0.9954745880714783,
venkateswara,first,South,34469.0,0.012910151150308974,
deepa,first,South,34209.0,0.9969890964366103,
manoj,first,South,34006.0,0.0046756454743280594,
ramachandran,first,South,33629.0,0.0016949656546433138,
rajani,first,South,33485.0,0.9828579961176647,
vijayamma,first,South,33325.0,0.9981995498874718,
maaruthi,first,South,33258.0,0.004239581454086235,
ramulamma,first,South,33213.0,0.9954836961430765,
sreeja,first,South,33200.0,0.9987650602409639,
mallamma,first,South,33102.0,0.9949549876140414,
ramalakshmi,first,South,32784.0,0.9950280624694973,
asha,first,South,32768.0,0.994415283203125,
aisha,first,South,32571.0,0.9986798071904455,
sheela,first,South,32559.0,0.9946251420498172,
antony,first,South,32486.0,0.005386935910853906,
sobhana,first,South,32456.0,0.99205077643579,
narasamma,first,South,32383.0,0.9925578235493931,
samthoshha,first,South,32089.0,0.007728505095203964,
suseela,first,South,31978.0,0.9969041215835888,
chandrika,first,South,31891.0,0.9984321595434449,
santhi,first,South,31724.0,0.9703063926364898,
mohan,first,South,31498.0,0.016858213219886977,
sulochana,first,South,31351.0,0.997639628719977,
thankamani,first,South,31043.0,0.9858583255484328,
ambika,first,South,30705.0,0.9974596971177333,
rathnamma,first,South,30659.0,0.9979125216086631,
manikandan,first,South,30592.0,0.0019939853556485356,
soumya,first,South,30587.0,0.998038382319286,
prakaasha,first,South,30564.0,0.00350085067399555,
anoop,first,South,30517.0,0.0008847527607562998,
surendran,first,South,30499.0,0.002623036820879373,
athira,first,South,30300.0,0.9976237623762376,
githaa,first,South,30188.0,0.991784815158341,
anusha,first,South,30105.0,0.9941205779770802,
kavitha,first,South,29895.0,0.9968222110720857,
manju,first,South,29807.0,0.9818834501962627,
ganesh,first,South,29777.0,0.011854787251905833,
narayana,first,South,29386.0,0.03457428707547812,
suhara,first,South,29366.0,0.9987400395014643,
krishnaveni,first,South,29339.0,0.9960803026688027,
mahaadeva,first,South,29296.0,0.012766247951938831,
rahul,first,South,29295.0,0.0018774534903567162,
sudhakar,first,South,29187.0,0.00575598725459965,
nimgappa,first,South,29092.0,0.006531005087309226,
shivaanamda,first,South,29075.0,0.004505588993981084,
shamkara,first,South,28940.0,0.005701451278507256,
chinnamma,first,South,28916.0,0.9962304606446258,
mallikaarjuna,first,South,28888.0,0.004119357518692883,
jayashri,first,South,28796.0,0.9919780525072927,
appalanaidu,first,South,28701.0,0.007142608271488798,
mamjunaathha,first,South,28515.0,0.0039978958442924775,
bhimappa,first,South,28514.0,0.0069790278459704,
savitri,first,South,28512.0,0.9967382154882155,
anilkumar,first,South,28469.0,0.0025641926305806314,
shivappa,first,South,28457.0,0.004989984889482377,
sreejith,first,South,28379.0,0.002678036576341661,
naseema,first,South,28345.0,0.9984124184159464,
dhanalakshmi,first,South,28341.0,0.9961539818637309,
remya,first,South,28128.0,0.9987912400455062,
ramla,first,South,28070.0,0.9973993587459922,
leelamma,first,South,28054.0,0.9991445070221715,
subramanyam,first,South,28050.0,0.007736185383244207,
sasidharan,first,South,27913.0,0.001647977644824992,
nafeesa,first,South,27895.0,0.9987811435741172,
velayudhan,first,South,27710.0,0.001804402742692169,
vimala,first,South,27641.0,0.9930899750370826,
suma,first,South,27617.0,0.9971394430966434,
joy,first,South,27596.0,0.009566603855631252,
balan,first,South,27574.0,0.002611155436280554,
kondamma,first,South,27527.0,0.9947324445090275,
ibrahim,first,South,27520.0,0.002507267441860465,
venkatamma,first,South,27468.0,0.9960681520314548,
saavithri,first,South,27387.0,0.993025888195129,
shibu,first,South,27381.0,0.0038712976151345823,
sulaikha,first,South,27243.0,0.9988253863377748,
viththala,first,South,27139.0,0.0041637495854674085,
mamjulaa,first,South,27087.0,0.9924687119282313,
sukumaran,first,South,27081.0,0.0018463129131125143,
savithri,first,South,27045.0,0.9977444999075614,
naresh,first,South,26958.0,0.005452926774983307,
priya,first,South,26934.0,0.9936511472488305,
rosamma,first,South,26921.0,0.9988113368745589,
suryanarain,first,South,26868.0,0.007146047342563644,
satish,first,South,26864.0,0.005881477069684336,
ramya,first,South,26843.0,0.9956413217598629,
raaju,first,South,26841.0,0.006296337692336351,
bhaarathi,first,South,26664.0,0.9913741374137414,
anuradha,first,South,26589.0,0.9954868554665464,
aswathy,first,South,26548.0,0.9983426246798253,
smitha,first,South,26542.0,0.998945068193806,
neethu,first,South,26405.0,0.997273243703844,
kasthuri,first,South,26400.0,0.990909090909091,
mallavva,first,South,26283.0,0.994140699311342,
satheesh,first,South,26261.0,0.002894025360801188,
saritha,first,South,26219.0,0.9977878637629201,
ajith,first,South,26158.0,0.004090526798684915,
basavva,first,South,26012.0,0.9933492234353375,
basheer,first,South,25685.0,0.019233015378625658,
narayani,first,South,25622.0,0.9971508859573803,
sarath,first,South,25570.0,0.005240516229956981,
naagappa,first,South,25403.0,0.005668621816320907,
koteswararao,first,South,25235.0,0.006538537745195166,
sunithaa,first,South,25174.0,0.9916977834273457,
nageswara,first,South,25127.0,0.007243204521033152,
aboobacker,first,South,25124.0,0.0024677599108422228,
subbalakshmi,first,South,24861.0,0.9971441213145087,
lavanya,first,South,24848.0,0.985954603992273,
radhamani,first,South,24678.0,0.9983386011832401,
aadilakshmi,first,South,24383.0,0.9969650986342944,
meenakshi,first,South,24348.0,0.9950714637752588,
venkayamma,first,South,24305.0,0.9974079407529315,
prakash,first,South,24286.0,0.00790578934365478,
ponnamma,first,South,24205.0,0.9988019004337947,
ramanaiah,first,South,24185.0,0.011205292536696299,
aleyamma,first,South,24177.0,0.9990900442569384,
shrishaila,first,South,24127.0,0.005512496373357649,
vasu,first,South,24063.0,0.00806217013672443,
manjula,first,South,23881.0,0.9632343704199992,
nilavva,first,South,23770.0,0.9944888514934792,
sobha,first,South,23766.0,0.9962130775056803,
suribabu,first,South,23665.0,0.005282062117050497,
hamsa,first,South,23626.0,0.03978667569626682,
swathi,first,South,23481.0,0.9865848984285167,
shaamthaa,first,South,23317.0,0.9945962173521465,
sattibabu,first,South,23296.0,0.005880837912087912,
reena,first,South,23270.0,0.9987107864202837,
renuka,first,South,23257.0,0.9855097390033108,
remani,first,South,23208.0,0.9982764563943468,
anjali,first,South,23204.0,0.995431822099638,
eeshvaramma,first,South,23164.0,0.9971939216024867,
prameela,first,South,23089.0,0.9969249426133656,
baabu,first,South,23064.0,0.006460284425945196,
jayasree,first,South,23033.0,0.9987409369165979,
kamalamma,first,South,22968.0,0.9979536746778126,
vijailaxmi,first,South,22914.0,0.9980797765558174,
srinivasulu,first,South,22875.0,0.006251366120218579,
naveen,first,South,22703.0,0.012201030700788443,
abhilash,first,South,22647.0,0.0014571466419393297,
rajeev,first,South,22620.0,0.004155614500442086,
rajendran,first,South,22572.0,0.001949317738791423,
dhanya,first,South,22567.0,0.997828687907121,
appanna,first,South,22543.0,0.024575256177083796,
danalaxmi,first,South,22539.0,0.9972492124761525,
saramma,first,South,22518.0,0.9985345057287504,
shaamthaabaayi,first,South,22493.0,0.9956875472369181,
sharanappa,first,South,22462.0,0.006544386074258748,
anju,first,South,22391.0,0.9935688446250726,
rekhaa,first,South,22344.0,0.9929287504475475,
samgithaa,first,South,22313.0,0.9912607000403353,
ali,first,South,22171.0,0.018943665148166523,
sridevi,first,South,22158.0,0.9961639137106237,
sreedharan,first,South,22125.0,0.0022598870056497176,
venkatrao,first,South,22117.0,0.004657051137134331,
noushad,first,South,22014.0,0.01757972199509403,
abraham,first,South,21975.0,0.002093287827076223,
shridevi,first,South,21969.0,0.991761117938914,
radhika,first,South,21961.0,0.9969946723737535,
sarasvati,first,South,21819.0,0.9956918282231083,
karthiayani,first,South,21769.0,0.9988975148146447,
mano,first,South,21714.0,0.007230358294188081,
kumar,first,South,21658.0,0.02114692030658417,
prasanth,first,South,21628.0,0.009432217495838727,
annapurna,first,South,21578.0,0.9918435443507276,
irappa,first,South,21512.0,0.005624767571587951,
mahaamthesha,first,South,21385.0,0.0036941781622632686,
sandeep,first,South,21232.0,0.002825923134890731,
manga,first,South,21216.0,0.9621983408748115,
molly,first,South,21199.0,0.9994339355629982,
ramadaevi,first,South,21191.0,0.9976876976074749,
anjamma,first,South,21177.0,0.9967417481229636,
santhamma,first,South,21131.0,0.9986749325635322,
rajeshvari,first,South,21085.0,0.9968698126630305,
moideen,first,South,21036.0,0.002519490397413957,
nalini,first,South,21034.0,0.991585052771703,
ammaji,first,South,20910.0,0.9942132950741273,
suryanarayana,first,South,20878.0,0.008190439697289012,
basamma,first,South,20858.0,0.9944865279509061,
prabhavathi,first,South,20822.0,0.9967822495437518,
noorjahan,first,South,20790.0,0.9948532948532949,
kumaran,first,South,20766.0,0.002552248868342483,
vijayakumari,first,South,20738.0,0.9967209952743755,
bhaskaran,first,South,20671.0,0.0017415703159015046,
muraleedharan,first,South,20618.0,0.0020855563100203706,
parashuraama,first,South,20615.0,0.004753820033955857,
lachami,first,South,20529.0,0.9510448633640216,
prabhakaran,first,South,20519.0,0.0017544714654710268,
abdulla,first,South,20397.0,0.0034318772368485562,
mallikarjuna,first,South,20340.0,0.008210422812192723,
aanamda,first,South,20162.0,0.00446384287273088,
abdu,first,South,20149.0,0.0019355799295250385,
asokan,first,South,20044.0,0.0013969267611255239,
gopalan,first,South,20039.0,0.002145815659464045,
venkatarao,first,South,20036.0,0.005789578758235177,
seetamma,first,South,19973.0,0.9966955389776198,
sailaja,first,South,19845.0,0.9954648526077098,
baiju,first,South,19820.0,0.008324924318869829,
ramakrishnan,first,South,19812.0,0.0019180294770845953,
laila,first,South,19776.0,0.9987358414239482,
sudheesh,first,South,19708.0,0.001928151004668155,
vilasini,first,South,19638.0,0.9984214278439759,
mallika,first,South,19538.0,0.9895588084757908,
gauravva,first,South,19512.0,0.9939011890118902,
samgappa,first,South,19479.0,0.0042609990245905845,
jisha,first,South,19450.0,0.9980976863753214,
pavan,first,South,19358.0,0.016014051038330406,
kallappa,first,South,19354.0,0.00599359305569908,
musthafa,first,South,19341.0,0.0028436999121038207,
surekhaa,first,South,19214.0,0.9934422816696159,
suvarnaa,first,South,19214.0,0.9936504632039138,
sunamdaa,first,South,19203.0,0.9940113523928553,
swapna,first,South,19172.0,0.9955664510744836,
raamappa,first,South,19170.0,0.0038601982263954094,
sumithraa,first,South,19152.0,0.9934732664995823,
anagamma,first,South,19129.0,0.9976475508390402,
ravikumar,first,South,19106.0,0.005129278760598765,
sarasamma,first,South,19083.0,0.999109154745061,
narasimhulu,first,South,19036.0,0.006356377390208027,
ramaiah,first,South,18972.0,0.009434956778410289,
vani,first,South,18960.0,0.9916666666666667,
sabu,first,South,18943.0,0.0025339175420999844,
sudheer,first,South,18884.0,0.004130480830332557,
venkateshwarlu,first,South,18868.0,0.005935976256094976,
edukondalu,first,South,18830.0,0.02867764206054169,
durgarao,first,South,18799.0,0.0056385977977552,
sujaathaa,first,South,18703.0,0.9917660268406138,
nageswararao,first,South,18699.0,0.006363976683245094,
rangamma,first,South,18570.0,0.9967689822294022,
hemalatha,first,South,18463.0,0.9959378215891241,
veerababu,first,South,18400.0,0.0052173913043478265,
preetha,first,South,18358.0,0.9989105567055234,
rugmini,first,South,18344.0,0.9991822939380723,
veeramma,first,South,18305.0,0.9961759082217974,
kalavathi,first,South,18286.0,0.9963906813956032,
kantamma,first,South,18269.0,0.9961136351196015,
sravani,first,South,18205.0,0.9921999450700357,
ramakrishan,first,South,18171.0,0.010896483407627538,
raghavan,first,South,18164.0,0.001596564633340674,
soman,first,South,18137.0,0.002150300490709599,
thankappan,first,South,18117.0,0.001269525859689794,
govindamma,first,South,18094.0,0.9949707085221621,
sadaashiva,first,South,18088.0,0.004367536488279523,
manu,first,South,17961.0,0.042425254718556876,
narasimha,first,South,17948.0,0.011143302874972142,
anjaneyulu,first,South,17879.0,0.007438894792773645,
maimoona,first,South,17846.0,0.9985991258545333,
anand,first,South,17771.0,0.01204209104721175,
adilakshmi,first,South,17745.0,0.9965060580445196,
rema,first,South,17724.0,0.9985330625141051,
bhaskar,first,South,17660.0,0.01506228765571914,
gopalakrishnan,first,South,17643.0,0.0015870316839539762,
ramanjaneyulu,first,South,17627.0,0.0070346627333068585,
gauramma,first,South,17622.0,0.9956304619225967,
lakshmana,first,South,17502.0,0.028682436292995085,
pramod,first,South,17484.0,0.0020018302447952414,
dileep,first,South,17474.0,0.003376445004005952,
mangamma,first,South,17442.0,0.9956427015250545,
revathi,first,South,17440.0,0.9928899082568807,
rajitha,first,South,17418.0,0.9971868182340108,
johnson,first,South,17405.0,0.002010916403332376,
hanamavva,first,South,17341.0,0.9946369874863041,
chellamma,first,South,17263.0,0.9987835254590743,
rekha,first,South,17263.0,0.9950182471181139,
vijayakumar,first,South,17215.0,0.006680220737728725,
baburao,first,South,17207.0,0.004416807113384088,
lissy,first,South,17199.0,0.9995348566777138,
venkatasubbamma,first,South,17177.0,0.9956336962216918,
sanyasamma,first,South,17137.0,0.9955067981560366,
rasiya,first,South,17104.0,0.9989476145930777,
sarala,first,South,17100.0,0.9973684210526316,
vipin,first,South,17087.0,0.0015216246269093463,
kavithaa,first,South,17076.0,0.9904544389786836,
asharaf,first,South,17009.0,0.0038215062613910283,
sini,first,South,17001.0,0.9921181106993706,
sameera,first,South,16988.0,0.9961149046385684,
ganapathi,first,South,16977.0,0.034752900983683804,
polamma,first,South,16943.0,0.9953963288673788,
rajyalakshmi,first,South,16932.0,0.9965154736593432,
eswaramma,first,South,16929.0,0.992320869513852,
shiju,first,South,16918.0,0.011407967844898925,
sheena,first,South,16908.0,0.990596167494677,
jithin,first,South,16904.0,0.002129673450070989,
sajeev,first,South,16901.0,0.01733625229276374,
renjith,first,South,16888.0,0.0034343912837517766,
sreekumar,first,South,16863.0,0.001779042874933286,
vanaja,first,South,16843.0,0.9975657543193018,
ranjith,first,South,16798.0,0.0029170139302297894,
saranya,first,South,16747.0,0.9972532393861587,
nilamma,first,South,16711.0,0.9956316198910897,
jacob,first,South,16696.0,0.0016171538092956397,
mounika,first,South,16658.0,0.9930363789170369,
annapoorna,first,South,16653.0,0.9967573410196361,
nagaratnam,first,South,16650.0,0.9821621621621621,
vijayalakshhmi,first,South,16643.0,0.991227543111218,
sumesh,first,South,16635.0,0.0018034265103697023,
gracy,first,South,16607.0,0.9990365508520503,
bhargavi,first,South,16585.0,0.9949351823937292,
sujith,first,South,16579.0,0.004041257011882502,
asya,first,South,16520.0,0.9980629539951574,
suja,first,South,16500.0,0.9969090909090909,
jhansi,first,South,16455.0,0.9944697660285627,
sushilaa,first,South,16450.0,0.9947720364741641,
shivamma,first,South,16444.0,0.9959255655558258,
kishore,first,South,16442.0,0.005656246198759275,
lakshmanarao,first,South,16393.0,0.0046361251753797355,
arjuna,first,South,16335.0,0.017202326293235384,
pavani,first,South,16175.0,0.9928902627511592,
chacko,first,South,16167.0,0.0009278159213212099,
subbarayudu,first,South,16164.0,0.0068052462261816386,
francis,first,South,16133.0,0.006322444678609062,
kannan,first,South,16104.0,0.003601589667163438,
subrahmanyam,first,South,16091.0,0.009135541607109565,
venkateswararao,first,South,16070.0,0.0048537647790914745,
priyanka,first,South,16070.0,0.9942128189172371,
chandramma,first,South,16069.0,0.9944613852759973,
rohini,first,South,16050.0,0.9742056074766355,
sebastian,first,South,16037.0,0.0016836066595996757,
thresiamma,first,South,16016.0,0.9990634365634365,
parvatamma,first,South,15974.0,0.9976837360711156,
annie,first,South,15957.0,0.9986839631509682,
saleena,first,South,15950.0,0.9986833855799373,
shylaja,first,South,15903.0,0.9993711878261963,
sarasvathi,first,South,15885.0,0.9925716084356311,
james,first,South,15824.0,0.0038549039433771488,
sivadasan,first,South,15808.0,0.0015814777327935222,
jessy,first,South,15798.0,0.9973414356247626,
gireesh,first,South,15787.0,0.0023437005130803826,
maria,first,West,11812.0,0.9969522519471724,
sabaanaa,first,West,9577.0,0.9924819880964811,
paraveen,first,West,6349.0,0.9855095290596945,
laxmi,first,West,5426.0,0.9961297456690011,
saaheen,first,West,5110.0,0.9810176125244618,
pharajaanaa,first,West,4699.0,0.9951053415620345,
santosh,first,West,4649.0,0.012475801247580125,
sunita,first,West,4226.0,0.9981069569332702,
nasareen,first,West,4147.0,0.9896310585965759,
sunithaa,first,West,4027.0,0.9920536379438788,
begam,first,West,4007.0,0.9857748939356127,
sanjay,first,West,3951.0,0.003290306251581878,
prakash,first,West,3932.0,0.002288911495422177,
suresh,first,West,3894.0,0.002054442732408834,
sameenaa,first,West,3733.0,0.9924993302973479,
rijavaanaa,first,West,3718.0,0.9776761699838623,
salamaa,first,West,3644.0,0.9890230515916575,
krishna,first,West,3460.0,0.02601156069364162,
rajesh,first,West,3459.0,0.003180109858340561,
jose,first,West,3459.0,0.003469210754553339,
sulathaanaa,first,West,3456.0,0.9811921296296297,
ramesh,first,West,3449.0,0.002029573789504204,
reshma,first,West,3402.0,0.9991181657848325,
rehaanaa,first,West,3387.0,0.9884853852967228,
anita,first,West,3293.0,0.9972669298511995,
antonio,first,West,3290.0,0.008206686930091186,
manisha,first,West,3287.0,0.998478856099787,
sahanaaj,first,West,3279.0,0.9786520280573345,
mahesh,first,West,3275.0,0.000916030534351145,
lakshmee,first,West,3216.0,0.9791666666666666,
anithaa,first,West,3216.0,0.9919154228855721,
ashok,first,West,3115.0,0.0016051364365971107,
usha,first,West,3110.0,0.9981515711645101,ushaa
anand,first,West,3069.0,0.002606712284131639,
lakshmeebaaee,first,West,3050.0,0.9970491803278688,
narayan,first,West,3042.0,0.0023011176857330702,
baanoo,first,West,3030.0,0.9798679867986798,
fatima,first,West,3022.0,0.99867637326274,
savita,first,West,2836.0,0.997179125528914,
geeta,first,West,2796.0,0.9978540772532188,
aamjum,first,West,2787.0,0.9583781844277001,
francisco,first,West,2755.0,0.006533575317604356,
saamthaabaaee,first,West,2739.0,0.9978094194961665,
chandrakant,first,West,2676.0,0.0029895366218236174,
rajendra,first,West,2525.0,0.0031683168316831685,
anthony,first,West,2465.0,0.0016227180527383367,
amita,first,West,2465.0,0.994331983805668,amit
rukhasaanaa,first,West,2411.0,0.9958523434259643,
nilesh,first,West,2376.0,0.0025252525252525255,
umesh,first,West,2355.0,0.003821656050955414,
pandurang,first,West,2349.0,0.001277139208173691,
rubeenaa,first,West,2334.0,0.991859468723222,
pooja,first,West,2312.0,0.9982698961937716,
yaasmeen,first,West,2307.0,0.9921976592977894,
sneha,first,West,2297.0,0.9982585981715281,
najamaa,first,West,2242.0,0.9933095450490633,
prashant,first,West,2232.0,0.0013440860215053765,
sandeep,first,West,2228.0,0.004937163375224416,
sakeelaa,first,West,2225.0,0.9896629213483146,
rekha,first,West,2224.0,0.9982014388489209,
naajeeyaa,first,West,2210.0,0.9891402714932127,
priyanka,first,West,2203.0,0.9981842941443486,
samgithaa,first,West,2201.0,0.9927305770104498,
phareedaa,first,West,2201.0,0.9845524761472059,
gurudas,first,West,2196.0,0.001366120218579235,
vaisaalee,first,West,2184.0,0.9908424908424909,
kalpanaa,first,West,2157.0,0.9944367176634215,
subhash,first,West,2155.0,0.0018561484918793504,
suraj,first,West,2145.0,0.04195804195804196,
parvati,first,West,2143.0,0.9986000933271115,
rekhaa,first,West,2141.0,0.9771134983652499,
sarita,first,West,2127.0,0.999059708509638,
rajiyaa,first,West,2108.0,0.9895635673624289,
dinesh,first,West,2105.0,0.00332541567695962,
mahadev,first,West,2098.0,0.005243088655862726,
kavithaa,first,West,2094.0,0.9918815663801337,
joao,first,West,2090.0,0.00430622009569378,
sangeeta,first,West,2073.0,0.9966232513265798,
niloophar,first,West,2068.0,0.9937137330754352,
sarasvathee,first,West,2059.0,0.9514327343370568,
soobhaa,first,West,2011.0,0.9806066633515664,
priya,first,West,2002.0,0.998001998001998,
laxman,first,West,2000.0,0.0025,
jyoti,first,West,2000.0,0.9935,
aayasaa,first,West,1980.0,0.9939393939393939,
joaquim,first,West,1975.0,0.010632911392405063,
thabassum,first,West,1954.0,0.9933469805527124,
deepa,first,West,1952.0,0.9994877049180327,
ana,first,West,1933.0,0.9875840662183135,
rukmini,first,West,1925.0,1.0,
seema,first,West,1921.0,0.9994794377928162,
smita,first,West,1896.0,0.9994725738396625,
john,first,West,1893.0,0.0036978341257263604,
surekha,first,West,1879.0,0.9994678020223523,
supriya,first,West,1877.0,0.9962706446457112,
sumitra,first,West,1871.0,0.9978621058257616,
asha,first,West,1861.0,0.9978506179473401,
paravin,first,West,1859.0,0.9892415277030662,
aaphareen,first,West,1859.0,0.9935449166218397,
jayasree,first,West,1846.0,0.9902491874322861,
uday,first,West,1837.0,0.048448557430593356,
agnelo,first,West,1833.0,0.005455537370430988,
kavita,first,West,1832.0,0.9983624454148472,
nirmalaa,first,West,1832.0,0.9732532751091703,
archanaa,first,West,1832.0,0.99617903930131,
prasad,first,West,1828.0,0.047592997811816196,
rupesh,first,West,1809.0,0.002211166390270868,
hinaa,first,West,1805.0,0.9916897506925207,
aphasaanaa,first,West,1785.0,0.9938375350140056,
samgeethaa,first,West,1772.0,0.9909706546275395,
saminaa,first,West,1771.0,0.9920948616600791,
aasamaa,first,West,1770.0,0.9943502824858758,
vinod,first,West,1766.0,0.0033975084937712344,
saeedaa,first,West,1759.0,0.9778283115406481,
govind,first,West,1747.0,0.0011448196908986834,
vaishali,first,West,1746.0,0.9982817869415808,
sabaanaabee,first,West,1746.0,0.9891179839633448,
resamaa,first,West,1735.0,0.9948126801152738,
akshay,first,West,1731.0,0.04101675332177932,
gajanan,first,West,1729.0,0.0,
jareenaa,first,West,1721.0,0.9970947123765252,
shankar,first,West,1719.0,0.0011634671320535194,
damodar,first,West,1712.0,0.0035046728971962616,
rubinaa,first,West,1708.0,0.9947306791569087,
ashwini,first,West,1686.0,0.9922894424673784,
sushma,first,West,1676.0,1.0,
ganesh,first,West,1675.0,0.0029850746268656717,
manoj,first,West,1668.0,0.0077937649880095924,
suvarna,first,West,1662.0,0.9945848375451264,
shilpa,first,West,1656.0,1.0,
satish,first,West,1645.0,0.00182370820668693,
resmaa,first,West,1637.0,0.9969456322541234,
lathaa,first,West,1629.0,0.9711479435236341,
mohan,first,West,1626.0,0.0024600246002460025,
shobha,first,West,1626.0,0.9993849938499385,
sandesh,first,West,1623.0,0.0018484288354898336,
vinayak,first,West,1608.0,0.0012437810945273632,
yaasmin,first,West,1605.0,0.9869158878504672,
sabanam,first,West,1595.0,0.9918495297805643,
poonam,first,West,1594.0,0.9749058971141782,
phaathemaa,first,West,1583.0,0.9949463044851548,
sujata,first,West,1565.0,1.0,
urmila,first,West,1555.0,0.9993569131832798,
vamdanaa,first,West,1554.0,0.9961389961389961,
kamalaabaaee,first,West,1552.0,0.9980670103092784,
surekhaa,first,West,1549.0,0.9657843770174306,
manishaa,first,West,1546.0,0.9851228978007762,
kumaaree,first,West,1539.0,0.9623131903833658,
saajedaa,first,West,1516.0,0.9927440633245382,
sanjana,first,West,1514.0,0.9993394980184941,
aasiyaa,first,West,1512.0,0.9742063492063492,
yaasameen,first,West,1507.0,0.9900464499004645,
kalpana,first,West,1491.0,0.9993293091884641,
savitri,first,West,1489.0,0.9993284083277367,
archana,first,West,1488.0,0.9979838709677419,
vishal,first,West,1486.0,0.005383580080753701,
simaa,first,West,1480.0,0.9702702702702702,
pushpaa,first,West,1478.0,0.9952638700947226,
francis,first,West,1464.0,0.012295081967213115,
laximi,first,West,1449.0,1.0,
raju,first,West,1446.0,0.011065006915629323,
seemaa,first,West,1444.0,0.9806094182825484,
mumathaajabee,first,West,1442.0,0.9951456310679612,
jubedaabee,first,West,1441.0,0.9951422623178349,
lalita,first,West,1437.0,0.9972164231036882,
nusarath,first,West,1435.0,0.954006968641115,
joseph,first,West,1434.0,0.03207810320781032,
pramila,first,West,1432.0,0.9986033519553073,
sharmila,first,West,1430.0,1.0,
vithal,first,West,1423.0,0.02881236823612087,
lata,first,West,1421.0,0.9985925404644617,
rohidas,first,West,1415.0,0.0028268551236749115,
sireen,first,West,1408.0,0.9829545454545454,
sangita,first,West,1401.0,0.9985724482512491,
anant,first,West,1399.0,0.0014295925661186562,
phaathamaa,first,West,1399.0,0.9928520371694067,
sakumthalaa,first,West,1397.0,0.9949892627057981,
haseenaa,first,West,1397.0,0.9856836077308518,
divya,first,West,1396.0,0.9978510028653295,
saahedaa,first,West,1393.0,0.9964106245513281,
chamdrakalaa,first,West,1392.0,0.9920977011494253,
filomena,first,West,1389.0,0.986321094312455,
ulhas,first,West,1377.0,0.0007262164124909223,
anusayaa,first,West,1373.0,0.9956300072833212,
heenaa,first,West,1362.0,0.9919236417033774,
vanita,first,West,1360.0,0.9992647058823529,
shrikant,first,West,1358.0,0.004418262150220913,
saayamaa,first,West,1350.0,0.9940740740740741,
sabeenaa,first,West,1348.0,0.9925816023738873,
janaabaaee,first,West,1346.0,0.9955423476968797,
ankita,first,West,1343.0,0.9970215934475056,
anandi,first,West,1343.0,0.9977661950856291,
ravindra,first,West,1342.0,0.0,
nikita,first,West,1341.0,0.9985085756897838,
swati,first,West,1337.0,0.9992520568436799,
yogesh,first,West,1331.0,0.002253944402704733,
saayaraabee,first,West,1327.0,0.9917106254709872,
pratima,first,West,1326.0,1.0,
pramod,first,West,1325.0,0.0015094339622641509,
neha,first,West,1322.0,0.9984871406959153,
samir,first,West,1321.0,0.03785011355034065,
prabhakar,first,West,1321.0,0.009084027252081756,
tukaram,first,West,1316.0,0.0022796352583586625,
hameedaabee,first,West,1316.0,0.9916413373860182,
sonali,first,West,1313.0,0.996953541507997,
naajemaa,first,West,1312.0,0.9946646341463414,
ramchandra,first,West,1312.0,0.0022865853658536584,
sunanda,first,West,1308.0,0.9992354740061162,
vandana,first,West,1296.0,0.9992283950617284,
aayesaa,first,West,1296.0,0.996141975308642,
renuka,first,West,1295.0,0.9976833976833976,
nirmala,first,West,1293.0,0.9992266047950503,
sahenaaj,first,West,1293.0,0.9860788863109049,
sadanand,first,West,1289.0,0.0015515903801396431,
rahul,first,West,1280.0,0.0046875,
sarvesh,first,West,1276.0,0.0023510971786833857,
sita,first,West,1269.0,0.9984239558707644,
gauri,first,West,1269.0,0.9936958234830575,
asvinee,first,West,1263.0,0.9817893903404592,
shailesh,first,West,1256.0,0.0031847133757961785,
hameedaa,first,West,1255.0,0.9912350597609562,
sweta,first,West,1248.0,0.999198717948718,
yeshwant,first,West,1244.0,0.0008038585209003215,
maya,first,West,1243.0,0.995172968624296,
raeesaa,first,West,1239.0,0.9887005649717514,
bharati,first,West,1238.0,0.9935379644588045,
shanti,first,West,1238.0,0.9951534733441034,
radha,first,West,1234.0,0.9902755267423015,
manohar,first,West,1233.0,0.0008110300081103001,
varsha,first,West,1233.0,0.9959448499594485,
pratiksha,first,West,1226.0,0.99836867862969,
susilaa,first,West,1222.0,0.9926350245499181,
sandhya,first,West,1220.0,0.9983606557377049,
pharaheen,first,West,1215.0,0.994238683127572,
jameelaa,first,West,1215.0,0.9868312757201646,
tulshidas,first,West,1214.0,0.0,
ramdas,first,West,1213.0,0.0,
nisha,first,West,1213.0,0.9967023907666942,
pharahaanaa,first,West,1211.0,0.9933938893476466,
haseenaabee,first,West,1207.0,0.9933719966859983,
shubhangi,first,West,1207.0,0.9991714995857498,
ujwala,first,West,1204.0,0.9991694352159468,
mohammed,first,West,1201.0,0.004995836802664446,
diksha,first,West,1200.0,1.0,
pushpa,first,West,1194.0,1.0,
suloochanaa,first,West,1188.0,0.9966329966329966,
peter,first,West,1183.0,0.00422654268808115,
miraabaaee,first,West,1183.0,0.9966187658495351,
saaberaabee,first,West,1183.0,0.9940828402366864,
sayyadaa,first,West,1175.0,0.9889361702127659,
thaaraabaaee,first,West,1175.0,0.9991489361702127,
jijaabaaee,first,West,1175.0,0.9940425531914894,
mohammad,first,West,1174.0,0.0034071550255536627,
rukasaanaa,first,West,1172.0,0.992320819112628,
sunamdaa,first,West,1170.0,0.9888888888888889,
manuel,first,West,1168.0,0.015410958904109588,
julekhaa,first,West,1164.0,0.9879725085910653,
deepali,first,West,1160.0,1.0,
geethaa,first,West,1158.0,0.9879101899827288,
gopal,first,West,1157.0,0.003457216940363008,
sebastiao,first,West,1154.0,0.01733102253032929,
asamaa,first,West,1142.0,0.9938704028021016,
nitin,first,West,1141.0,0.006134969325153374,
savio,first,West,1131.0,0.007073386383731211,
sumayyaa,first,West,1130.0,0.9938053097345133,
sushila,first,West,1128.0,0.9973404255319149,
vasudev,first,West,1128.0,0.028368794326241134,
vijaya,first,West,1126.0,0.9822380106571936,
suchita,first,West,1120.0,0.9991071428571429,
rita,first,West,1115.0,0.9982062780269059,
jaahedaa,first,West,1114.0,0.9982046678635548,
sakeelaabee,first,West,1114.0,0.992818671454219,
sushant,first,West,1113.0,0.0035938903863432167,
shashikant,first,West,1112.0,0.0017985611510791368,
najamaabee,first,West,1112.0,0.9928057553956835,
devidas,first,West,1103.0,0.0027198549410698096,
premanand,first,West,1102.0,0.0018148820326678765,
ramjanaa,first,West,1100.0,0.9927272727272727,
varshaa,first,West,1098.0,0.9681238615664846,
dattaram,first,West,1092.0,0.0,
kaamthaabaaee,first,West,1092.0,0.9935897435897436,
sabaa,first,West,1089.0,0.9843893480257117,
phaathamaabee,first,West,1084.0,0.9916974169741697,
samareen,first,West,1081.0,0.9740980573543015,
thaaheraa,first,West,1075.0,0.9906976744186047,
naresh,first,West,1073.0,0.001863932898415657,
nagamaa,first,West,1073.0,0.994408201304753,
lalithaa,first,West,1072.0,0.9953358208955224,
anisaa,first,West,1069.0,0.9859681945743686,
jubedaa,first,West,1066.0,0.9943714821763602,
vasanti,first,West,1066.0,1.0,
pedro,first,West,1064.0,0.0037593984962406013,
kamalaa,first,West,1057.0,0.9687795648060549,
vanithaa,first,West,1056.0,0.9914772727272727,
dipaalee,first,West,1051.0,0.9876308277830638,
paarvathee,first,West,1050.0,0.9876190476190476,
mohini,first,West,1049.0,0.9990467111534795,
aminaabee,first,West,1047.0,0.997134670487106,
shubham,first,West,1046.0,0.020076481835564052,
vijayaa,first,West,1041.0,0.9596541786743515,
ajit,first,West,1034.0,0.0038684719535783366,
rohan,first,West,1033.0,0.0,
siddhi,first,West,1032.0,0.9893410852713178,
sameemabaanoo,first,West,1031.0,0.9932104752667313,
saaeesthaa,first,West,1028.0,0.9902723735408561,
aasaabaaee,first,West,1025.0,0.9951219512195122,
saraswati,first,West,1023.0,0.9980449657869013,
lilaabaaee,first,West,1021.0,0.9960822722820764,
soonaalee,first,West,1015.0,0.9842364532019704,
sudha,first,West,1014.0,0.9970414201183432,
saeedaabee,first,West,1009.0,0.9920713577799801,
ujamaa,first,West,1006.0,0.9940357852882704,
naseemabaanoo,first,West,1003.0,0.9940179461615155,
sudesh,first,West,997.0,0.012036108324974924,
trupti,first,West,993.0,1.0,
asmaa,first,West,992.0,0.9899193548387096,
nitesh,first,West,990.0,0.00101010101010101,
neeta,first,West,990.0,0.998989898989899,
rupali,first,West,989.0,0.9989888776541962,
saleemaabee,first,West,987.0,0.993920972644377,
kishor,first,West,986.0,0.0010141987829614604,
babu,first,West,984.0,0.016260162601626018,
pharajaanaabee,first,West,976.0,0.9907786885245902,
jameelaabee,first,West,971.0,0.9948506694129763,
sujaathaa,first,West,968.0,0.9855371900826446,
khaathun,first,West,968.0,0.9524793388429752,
khaathoon,first,West,967.0,0.9669079627714581,
meena,first,West,966.0,0.9927536231884058,
nikhil,first,West,960.0,0.040625,
rajeeyaa,first,West,954.0,0.989517819706499,
chandravati,first,West,953.0,0.9989506820566632,
ranjana,first,West,951.0,0.9968454258675079,
rosa,first,West,948.0,0.9989451476793249,
aabedaabee,first,West,945.0,0.9883597883597883,
naaheed,first,West,942.0,0.9522292993630573,
radhika,first,West,940.0,1.0,
shakuntala,first,West,940.0,0.9989361702127659,
milagrina,first,West,938.0,0.9989339019189766,
sahanaajabee,first,West,936.0,0.9946581196581197,
pallavi,first,West,930.0,0.9978494623655914,
prathibhaa,first,West,930.0,0.9924731182795699,
haleemaabee,first,West,926.0,0.9967602591792657,
pramilaa,first,West,923.0,0.9967497291440953,
vidhya,first,West,921.0,0.995656894679696,
nurajahaa,first,West,921.0,0.990228013029316,
raadhaabaaee,first,West,919.0,0.9956474428726877,
rajiyaabee,first,West,918.0,0.9956427015250545,
sheetal,first,West,918.0,0.9978213507625272,
rehaanaabee,first,West,917.0,0.9934569247546347,
prema,first,West,916.0,0.9945414847161572,
aabedaa,first,West,915.0,0.9978142076502732,
kalaavathee,first,West,913.0,0.9934282584884995,
vasant,first,West,909.0,0.011001100110011002,
nurajah,first,West,905.0,0.9955801104972376,
ankush,first,West,904.0,0.0,
anjali,first,West,901.0,1.0,
mahendra,first,West,901.0,0.00776914539400666,
dayanand,first,West,900.0,0.0033333333333333335,
pundalik,first,West,899.0,0.004449388209121246,
saayaraabaanoo,first,West,895.0,0.9910614525139665,
chamdrabhaagaa,first,West,895.0,0.994413407821229,
shruti,first,West,894.0,0.9977628635346756,
pratibha,first,West,892.0,0.9977578475336323,
nagesh,first,West,886.0,0.001128668171557562,
sasikalaa,first,West,885.0,0.9909604519774011,
hanumant,first,West,884.0,0.0011312217194570137,
nikhath,first,West,884.0,0.9920814479638009,
rajeeyaabee,first,West,883.0,0.9943374858437146,
menino,first,West,880.0,0.005681818181818182,
prabhavati,first,West,879.0,0.9988623435722411,
rupa,first,West,876.0,0.9931506849315068,
kusum,first,West,875.0,0.9645714285714285,
rajani,first,West,870.0,0.9839080459770115,
saahisthaa,first,West,869.0,0.9930955120828538,
jayesh,first,West,869.0,0.0023014959723820483,
rupaalee,first,West,867.0,0.9850057670126874,
thaaheraabee,first,West,864.0,0.9930555555555556,
shantaram,first,West,863.0,0.0011587485515643105,
prachi,first,West,862.0,0.9976798143851509,
ramakant,first,West,862.0,0.002320185614849188,
suryakant,first,West,859.0,0.0,
kashinath,first,West,857.0,0.002333722287047841,
joanita,first,West,857.0,0.9976662777129521,
napheesaa,first,West,855.0,0.9801169590643275,
gajaalaa,first,West,853.0,0.9660023446658851,
rohini,first,West,853.0,0.9988276670574443,
baanoobee,first,West,852.0,0.9953051643192489,
mary,first,West,850.0,0.9764705882352941,
shital,first,West,849.0,0.9858657243816255,
datta,first,West,848.0,0.00589622641509434,
sulochana,first,West,846.0,0.9988179669030733,
sulaksha,first,West,845.0,0.9988165680473373,
paresh,first,West,844.0,0.005924170616113744,
nilima,first,West,840.0,0.9976190476190476,
rashmi,first,West,839.0,0.9940405244338498,
rosy,first,West,835.0,1.0,
manjula,first,West,834.0,0.9976019184652278,
mario,first,West,834.0,0.013189448441247002,
tharannum,first,West,832.0,0.9951923076923077,
jayanti,first,West,830.0,0.9686746987951808,
sugaraabee,first,West,830.0,0.9879518072289156,
bhaagyasree,first,West,827.0,0.9975816203143894,
lathaabaaee,first,West,827.0,0.9987908101571947,
sithaabaaee,first,West,824.0,0.9939320388349514,
priti,first,West,824.0,0.9951456310679612,
sumaiyyaa,first,West,820.0,0.9939024390243902,
alakaa,first,West,819.0,0.9792429792429792,
bharat,first,West,819.0,0.008547008547008548,
saamthaa,first,West,818.0,0.960880195599022,
madhavi,first,West,817.0,0.9742962056303549,
ujvalaa,first,West,816.0,0.9926470588235294,
karishma,first,West,815.0,0.9987730061349693,
saaheenaa,first,West,815.0,0.992638036809816,
saguphthaa,first,West,815.0,0.992638036809816,
punam,first,West,814.0,0.9582309582309583,
sumanabaaee,first,West,812.0,0.9963054187192119,
surendra,first,West,812.0,0.0024630541871921183,
shashikala,first,West,810.0,0.9987654320987654,
dnyaneshwar,first,West,809.0,0.0012360939431396785,
antoneta,first,West,803.0,0.9975093399750934,
sandip,first,West,803.0,0.0049813200498132005,
ameenaabee,first,West,801.0,0.9862671660424469,
anuradha,first,West,799.0,0.9987484355444305,
maalanabee,first,West,797.0,0.9962358845671268,
taramati,first,West,796.0,1.0,
ramnath,first,West,796.0,0.001256281407035176,
anisha,first,West,795.0,1.0,
siddesh,first,West,794.0,0.0,
gamgaabaaee,first,West,793.0,0.9911727616645649,
leena,first,West,792.0,0.9987373737373737,
sumithraa,first,West,791.0,0.9646017699115044,
gokuldas,first,West,786.0,0.001272264631043257,
mangala,first,West,785.0,0.9961783439490446,
premavati,first,West,784.0,0.9987244897959183,
saahin,first,West,779.0,0.982028241335045,
raseedaa,first,West,779.0,0.9884467265725289,
caetano,first,West,779.0,0.011553273427471117,
aminaa,first,West,776.0,0.9871134020618557,
jitendra,first,West,774.0,0.0012919896640826874,
yogita,first,West,773.0,0.9974126778783958,
francisca,first,West,772.0,0.9896373056994818,
xavier,first,West,771.0,0.0038910505836575876,
avinash,first,West,770.0,0.005194805194805195,
namdev,first,West,766.0,0.007832898172323759,
mohamad,first,West,765.0,0.009150326797385621,
salamaabee,first,West,764.0,0.9869109947643979,
saajeeyaa,first,West,763.0,0.9855832241153342,
vishwanath,first,West,761.0,0.005256241787122208,
manjunath,first,West,761.0,0.006570302233902759,
inacio,first,West,761.0,0.017082785808147174,
namrata,first,West,759.0,0.9986824769433466,
mukesh,first,West,759.0,0.005270092226613966,
maadhuree,first,West,757.0,0.9815059445178336,
kousalyaa,first,West,755.0,0.9735099337748344,
shradha,first,West,755.0,1.0,
aarephaa,first,West,753.0,0.9907038512616202,
minaakshee,first,West,752.0,0.9867021276595744,
uttam,first,West,751.0,0.0039946737683089215,
jooharaa,first,West,750.0,0.9506666666666667,
khaathunabee,first,West,750.0,0.9973333333333333,
gauresh,first,West,750.0,0.0,
suhasini,first,West,747.0,0.998661311914324,
luiza,first,West,744.0,0.9986559139784946,
iraphaanaa,first,West,741.0,0.9919028340080972,
shrimati,first,West,739.0,0.9986468200270636,
pankaj,first,West,738.0,0.006775067750677507,
kamarunneesaa,first,West,738.0,0.994579945799458,
parshuram,first,West,737.0,0.0027137042062415195,
keshav,first,West,736.0,0.002717391304347826,
saalehaa,first,West,734.0,0.9713896457765667,
kanchan,first,West,729.0,0.9698216735253772,
haleemaa,first,West,726.0,0.9834710743801653,
samiksha,first,West,724.0,0.9972375690607734,
ratnakar,first,West,721.0,0.0,
arvind,first,West,720.0,0.002777777777777778,
viraj,first,West,718.0,0.012534818941504178,
jareenaabee,first,West,717.0,0.9902370990237099,
naajiyaa,first,West,716.0,0.9972067039106145,
sakhubaaee,first,West,716.0,0.9972067039106145,
babita,first,West,714.0,0.9985994397759104,
sonia,first,West,713.0,0.9985974754558204,
devendra,first,West,712.0,0.0014044943820224719,
chaya,first,West,712.0,0.9957865168539326,
sulathaanaabee,first,West,709.0,0.9915373765867419,
naajameen,first,West,707.0,0.9900990099009901,
swapnil,first,West,707.0,0.004243281471004243,
saaberaa,first,West,706.0,0.9844192634560907,
perpetua,first,West,706.0,0.9929178470254958,
sistar,first,West,706.0,0.9815864022662889,
nita,first,West,706.0,0.9985835694050992,
aarathee,first,West,705.0,0.9588652482269504,
shivanand,first,West,705.0,0.0014184397163120568,
rakesh,first,West,705.0,0.0014184397163120568,
alisha,first,West,701.0,0.9985734664764622,
ashish,first,West,700.0,0.002857142857142857,
phoujiyaa,first,West,699.0,0.9928469241773963,
aparna,first,West,698.0,0.997134670487106,
maruti,first,West,698.0,0.0057306590257879654,
